NY.GDP.DEFL.ZS.AD,AF,2019,103.267439582288
NY.GDP.DEFL.ZS.AD,AF,2018,96.9451792533579
NY.GDP.DEFL.ZS.AD,AF,2017,94.9778567679371
NY.GDP.DEFL.ZS.AD,AF,2016,92.7485016686198
NY.GDP.DEFL.ZS.AD,AF,2015,94.8324703031589
NY.GDP.DEFL.ZS.AD,AF,2014,92.5668386097134
NY.GDP.DEFL.ZS.AD,AF,2013,92.0449945365142
NY.GDP.DEFL.ZS.AD,AF,2012,87.8101017027032
NY.GDP.DEFL.ZS.AD,AF,2011,81.8347290794015
NY.GDP.DEFL.ZS.AD,AF,2010,70.1881637052383
NY.GDP.DEFL.ZS.AD,AF,2009,67.6091255076128
NY.GDP.DEFL.ZS.AD,AF,2008,69.1041272562328
NY.GDP.DEFL.ZS.AD,AF,2007,67.6852489958384
NY.GDP.DEFL.ZS.AD,AF,2006,55.240747969765
NY.GDP.DEFL.ZS.AD,AF,2005,51.5306680318869
NY.GDP.DEFL.ZS.AD,AF,2004,46.460535051461
NY.GDP.DEFL.ZS.AD,AF,2003,41.7542348404138
NY.GDP.DEFL.ZS.AD,AF,2002,37.3956793300657
NY.GDP.DEFL.ZS.AD,AF,2001,35.2372159047566
NY.GDP.DEFL.ZS.AD,AF,2000,39.9399610054396
NY.GDP.DEFL.ZS.AD,AF,1999,None
NY.GDP.DEFL.ZS.AD,AF,1998,None
NY.GDP.DEFL.ZS.AD,AF,1997,None
NY.GDP.DEFL.ZS.AD,AF,1996,None
NY.GDP.DEFL.ZS.AD,AF,1995,None
NY.GDP.DEFL.ZS.AD,AO,2019,1959.34269601225
NY.GDP.DEFL.ZS.AD,AO,2018,1643.92310662772
NY.GDP.DEFL.ZS.AD,AO,2017,1282.64054748492
NY.GDP.DEFL.ZS.AD,AO,2016,1046.07628909378
NY.GDP.DEFL.ZS.AD,AO,2015,859.02869588617
NY.GDP.DEFL.ZS.AD,AO,2014,890.354809013781
NY.GDP.DEFL.ZS.AD,AO,2013,859.74044251697
NY.GDP.DEFL.ZS.AD,AO,2012,836.000339188437
NY.GDP.DEFL.ZS.AD,AO,2011,779.445707940429
NY.GDP.DEFL.ZS.AD,AO,2010,591.513296595688
NY.GDP.DEFL.ZS.AD,AO,2009,447.199817555747
NY.GDP.DEFL.ZS.AD,AO,2008,537.255305596086
NY.GDP.DEFL.ZS.AD,AO,2007,450.091587891221
NY.GDP.DEFL.ZS.AD,AO,2006,431.500673863193
NY.GDP.DEFL.ZS.AD,AO,2005,368.439758532296
NY.GDP.DEFL.ZS.AD,AO,2004,258.782582133226
NY.GDP.DEFL.ZS.AD,AO,2003,193.926566906731
NY.GDP.DEFL.ZS.AD,AO,2002,100
NY.GDP.DEFL.ZS.AD,AO,2001,41.240820824305
NY.GDP.DEFL.ZS.AD,AO,2000,19.985653515362
NY.GDP.DEFL.ZS.AD,AO,1999,3.85809281937233
NY.GDP.DEFL.ZS.AD,AO,1998,0.586781184480991
NY.GDP.DEFL.ZS.AD,AO,1997,0.421056205796417
NY.GDP.DEFL.ZS.AD,AO,1996,0.215425784212516
NY.GDP.DEFL.ZS.AD,AO,1995,0.0043959676185206
NY.GDP.DEFL.ZS.AD,BI,2019,312.385705566925
NY.GDP.DEFL.ZS.AD,BI,2018,309.747071139955
NY.GDP.DEFL.ZS.AD,BI,2017,318.836655594085
NY.GDP.DEFL.ZS.AD,BI,2016,286.082542856796
NY.GDP.DEFL.ZS.AD,BI,2015,283.325287901007
NY.GDP.DEFL.ZS.AD,BI,2014,233.537927858139
NY.GDP.DEFL.ZS.AD,BI,2013,221.771495157498
NY.GDP.DEFL.ZS.AD,BI,2012,205.433180650958
NY.GDP.DEFL.ZS.AD,BI,2011,179.740889117828
NY.GDP.DEFL.ZS.AD,BI,2010,165.867330590054
NY.GDP.DEFL.ZS.AD,BI,2009,152.786435620874
NY.GDP.DEFL.ZS.AD,BI,2008,138.31984452747
NY.GDP.DEFL.ZS.AD,BI,2007,111.354474627567
NY.GDP.DEFL.ZS.AD,BI,2006,102.845666333767
NY.GDP.DEFL.ZS.AD,BI,2005,100
NY.GDP.DEFL.ZS.AD,BI,2004,84.1456264933397
NY.GDP.DEFL.ZS.AD,BI,2003,74.3689639936029
NY.GDP.DEFL.ZS.AD,BI,2002,66.4330400161365
NY.GDP.DEFL.ZS.AD,BI,2001,65.75714951698
NY.GDP.DEFL.ZS.AD,BI,2000,57.82556042001
NY.GDP.DEFL.ZS.AD,BI,1999,51.092202914069
NY.GDP.DEFL.ZS.AD,BI,1998,44.4457266159502
NY.GDP.DEFL.ZS.AD,BI,1997,39.8793224629887
NY.GDP.DEFL.ZS.AD,BI,1996,30.1208371338266
NY.GDP.DEFL.ZS.AD,BI,1995,26.3171850583998
NY.GDP.DEFL.ZS.AD,BJ,2019,100.584253198484
NY.GDP.DEFL.ZS.AD,BJ,2018,100.985725781806
NY.GDP.DEFL.ZS.AD,BJ,2017,100.313178470008
NY.GDP.DEFL.ZS.AD,BJ,2016,100.683591111275
NY.GDP.DEFL.ZS.AD,BJ,2015,100
NY.GDP.DEFL.ZS.AD,BJ,2014,99.1556851160345
NY.GDP.DEFL.ZS.AD,BJ,2013,99.4019859949445
NY.GDP.DEFL.ZS.AD,BJ,2012,98.0321838636733
NY.GDP.DEFL.ZS.AD,BJ,2011,91.0243062015658
NY.GDP.DEFL.ZS.AD,BJ,2010,87.7485788849948
NY.GDP.DEFL.ZS.AD,BJ,2009,86.9823637072546
NY.GDP.DEFL.ZS.AD,BJ,2008,84.8279938811868
NY.GDP.DEFL.ZS.AD,BJ,2007,79.6999761102808
NY.GDP.DEFL.ZS.AD,BJ,2006,79.3902325471868
NY.GDP.DEFL.ZS.AD,BJ,2005,77.7616568908371
NY.GDP.DEFL.ZS.AD,BJ,2004,74.560288523362
NY.GDP.DEFL.ZS.AD,BJ,2003,73.9907733987081
NY.GDP.DEFL.ZS.AD,BJ,2002,71.7926935395801
NY.GDP.DEFL.ZS.AD,BJ,2001,69.3286070003708
NY.GDP.DEFL.ZS.AD,BJ,2000,67.9890289655435
NY.GDP.DEFL.ZS.AD,BJ,1999,65.160380574224
NY.GDP.DEFL.ZS.AD,BJ,1998,60.0317148023981
NY.GDP.DEFL.ZS.AD,BJ,1997,57.0472292486725
NY.GDP.DEFL.ZS.AD,BJ,1996,55.0290343649075
NY.GDP.DEFL.ZS.AD,BJ,1995,51.4736015462237
NY.GDP.DEFL.ZS.AD,BF,2019,105.714467213248
NY.GDP.DEFL.ZS.AD,BF,2018,105.175023984024
NY.GDP.DEFL.ZS.AD,BF,2017,104.057481090869
NY.GDP.DEFL.ZS.AD,BF,2016,102.604299192266
NY.GDP.DEFL.ZS.AD,BF,2015,100
NY.GDP.DEFL.ZS.AD,BF,2014,102.27453888171
NY.GDP.DEFL.ZS.AD,BF,2013,102.91299766421
NY.GDP.DEFL.ZS.AD,BF,2012,105.151860776668
NY.GDP.DEFL.ZS.AD,BF,2011,99.3648522881927
NY.GDP.DEFL.ZS.AD,BF,2010,93.0922893561271
NY.GDP.DEFL.ZS.AD,BF,2009,89.701899560814
NY.GDP.DEFL.ZS.AD,BF,2008,87.5948023246529
NY.GDP.DEFL.ZS.AD,BF,2007,80.2445607023743
NY.GDP.DEFL.ZS.AD,BF,2006,78.2932202663939
NY.GDP.DEFL.ZS.AD,BF,2005,78.815631411687
NY.GDP.DEFL.ZS.AD,BF,2004,75.9746465721331
NY.GDP.DEFL.ZS.AD,BF,2003,75.9058389994757
NY.GDP.DEFL.ZS.AD,BF,2002,74.7953311654443
NY.GDP.DEFL.ZS.AD,BF,2001,72.5766723855375
NY.GDP.DEFL.ZS.AD,BF,2000,69.8110699090614
NY.GDP.DEFL.ZS.AD,BF,1999,70.3880926179316
NY.GDP.DEFL.ZS.AD,BF,1998,59.9604721355856
NY.GDP.DEFL.ZS.AD,BF,1997,55.5496540500468
NY.GDP.DEFL.ZS.AD,BF,1996,54.6984370547377
NY.GDP.DEFL.ZS.AD,BF,1995,54.5083635831275
NY.GDP.DEFL.ZS.AD,BD,2019,115.212056606306
NY.GDP.DEFL.ZS.AD,BD,2018,111.146176583513
NY.GDP.DEFL.ZS.AD,BD,2017,105.047597582037
NY.GDP.DEFL.ZS.AD,BD,2016,100
NY.GDP.DEFL.ZS.AD,BD,2015,93.6962542971082
NY.GDP.DEFL.ZS.AD,BD,2014,88.4989105941776
NY.GDP.DEFL.ZS.AD,BD,2013,83.751230452617
NY.GDP.DEFL.ZS.AD,BD,2012,78.144405731421
NY.GDP.DEFL.ZS.AD,BD,2011,72.2458408289202
NY.GDP.DEFL.ZS.AD,BD,2010,66.9814654698801
NY.GDP.DEFL.ZS.AD,BD,2009,62.5149807529919
NY.GDP.DEFL.ZS.AD,BD,2008,58.5541690762121
NY.GDP.DEFL.ZS.AD,BD,2007,54.2867092672003
NY.GDP.DEFL.ZS.AD,BD,2006,50.9871952427828
NY.GDP.DEFL.ZS.AD,BD,2005,48.1574919288105
NY.GDP.DEFL.ZS.AD,BD,2004,46.0456713509634
NY.GDP.DEFL.ZS.AD,BD,2003,44.0366589142355
NY.GDP.DEFL.ZS.AD,BD,2002,41.6163294952097
NY.GDP.DEFL.ZS.AD,BD,2001,40.0569649511615
NY.GDP.DEFL.ZS.AD,BD,2000,38.7918990062373
NY.GDP.DEFL.ZS.AD,BD,1999,37.4994216829263
NY.GDP.DEFL.ZS.AD,BD,1998,36.1332113271821
NY.GDP.DEFL.ZS.AD,BD,1997,34.4992533559942
NY.GDP.DEFL.ZS.AD,BD,1996,33.2362005599547
NY.GDP.DEFL.ZS.AD,BD,1995,31.8859872756928
NY.GDP.DEFL.ZS.AD,BO,2019,573.699308011111
NY.GDP.DEFL.ZS.AD,BO,2018,577.702807367188
NY.GDP.DEFL.ZS.AD,BO,2017,560.570289582642
NY.GDP.DEFL.ZS.AD,BO,2016,528.53374534233
NY.GDP.DEFL.ZS.AD,BO,2015,535.793047718718
NY.GDP.DEFL.ZS.AD,BO,2014,561.749246069465
NY.GDP.DEFL.ZS.AD,BO,2013,550.467428639308
NY.GDP.DEFL.ZS.AD,BO,2012,519.331488956214
NY.GDP.DEFL.ZS.AD,BO,2011,484.90210368379
NY.GDP.DEFL.ZS.AD,BO,2010,423.117052785868
NY.GDP.DEFL.ZS.AD,BO,2009,388.974761525541
NY.GDP.DEFL.ZS.AD,BO,2008,398.620967714581
NY.GDP.DEFL.ZS.AD,BO,2007,361.131273781464
NY.GDP.DEFL.ZS.AD,BO,2006,336.332302936693
NY.GDP.DEFL.ZS.AD,BO,2005,295.901297843595
NY.GDP.DEFL.ZS.AD,BO,2004,279.308164996475
NY.GDP.DEFL.ZS.AD,BO,2003,258.696017787212
NY.GDP.DEFL.ZS.AD,BO,2002,243.295435473664
NY.GDP.DEFL.ZS.AD,BO,2001,236.620933002331
NY.GDP.DEFL.ZS.AD,BO,2000,232.277133068375
NY.GDP.DEFL.ZS.AD,BO,1999,220.805397924996
NY.GDP.DEFL.ZS.AD,BO,1998,215.605919124582
NY.GDP.DEFL.ZS.AD,BO,1997,201.404623789907
NY.GDP.DEFL.ZS.AD,BO,1996,190.53454536447
NY.GDP.DEFL.ZS.AD,BO,1995,170.760165006231
NY.GDP.DEFL.ZS.AD,BT,2019,104.294633877253
NY.GDP.DEFL.ZS.AD,BT,2018,101.150862820959
NY.GDP.DEFL.ZS.AD,BT,2017,100.000004088809
NY.GDP.DEFL.ZS.AD,BT,2016,95.7321109890675
NY.GDP.DEFL.ZS.AD,BT,2015,91.9162943069537
NY.GDP.DEFL.ZS.AD,BT,2014,88.9659973238191
NY.GDP.DEFL.ZS.AD,BT,2013,83.9772951809552
NY.GDP.DEFL.ZS.AD,BT,2012,78.9327596541812
NY.GDP.DEFL.ZS.AD,BT,2011,72.4020360478202
NY.GDP.DEFL.ZS.AD,BT,2010,66.3274000103499
NY.GDP.DEFL.ZS.AD,BT,2009,62.5247147620963
NY.GDP.DEFL.ZS.AD,BT,2008,59.8757519680849
NY.GDP.DEFL.ZS.AD,BT,2007,56.6972041328717
NY.GDP.DEFL.ZS.AD,BT,2006,54.1581726415063
NY.GDP.DEFL.ZS.AD,BT,2005,50.8168986722289
NY.GDP.DEFL.ZS.AD,BT,2004,47.7247176214844
NY.GDP.DEFL.ZS.AD,BT,2003,45.7370400027207
NY.GDP.DEFL.ZS.AD,BT,2002,44.1373666700962
NY.GDP.DEFL.ZS.AD,BT,2001,41.9695579919179
NY.GDP.DEFL.ZS.AD,BT,2000,39.8430051119797
NY.GDP.DEFL.ZS.AD,BT,1999,37.1149811869951
NY.GDP.DEFL.ZS.AD,BT,1998,34.9579830905698
NY.GDP.DEFL.ZS.AD,BT,1997,31.580092056777
NY.GDP.DEFL.ZS.AD,BT,1996,27.9700346938352
NY.GDP.DEFL.ZS.AD,BT,1995,25.8711993284716
NY.GDP.DEFL.ZS.AD,CF,2019,170.437019697284
NY.GDP.DEFL.ZS.AD,CF,2018,166.559779438768
NY.GDP.DEFL.ZS.AD,CF,2017,168.623933947484
NY.GDP.DEFL.ZS.AD,CF,2016,158.416067824217
NY.GDP.DEFL.ZS.AD,CF,2015,153.831707444311
NY.GDP.DEFL.ZS.AD,CF,2014,149.775395659037
NY.GDP.DEFL.ZS.AD,CF,2013,133.854951069298
NY.GDP.DEFL.ZS.AD,CF,2012,130.606140591353
NY.GDP.DEFL.ZS.AD,CF,2011,123.003264324647
NY.GDP.DEFL.ZS.AD,CF,2010,118.262004495585
NY.GDP.DEFL.ZS.AD,CF,2009,113.482889023764
NY.GDP.DEFL.ZS.AD,CF,2008,112.681018902264
NY.GDP.DEFL.ZS.AD,CF,2007,105.233565076799
NY.GDP.DEFL.ZS.AD,CF,2006,103.334045938691
NY.GDP.DEFL.ZS.AD,CF,2005,100
NY.GDP.DEFL.ZS.AD,CF,2004,95.9799405779417
NY.GDP.DEFL.ZS.AD,CF,2003,100.439227266731
NY.GDP.DEFL.ZS.AD,CF,2002,99.1146407414101
NY.GDP.DEFL.ZS.AD,CF,2001,101.522637610077
NY.GDP.DEFL.ZS.AD,CF,2000,101.09204748249
NY.GDP.DEFL.ZS.AD,CF,1999,93.1667257824233
NY.GDP.DEFL.ZS.AD,CF,1998,89.5104774452601
NY.GDP.DEFL.ZS.AD,CF,1997,89.8827304541177
NY.GDP.DEFL.ZS.AD,CF,1996,89.148697020526
NY.GDP.DEFL.ZS.AD,CF,1995,92.4232966901621
NY.GDP.DEFL.ZS.AD,CI,2019,101.40775669633
NY.GDP.DEFL.ZS.AD,CI,2018,99.4355982794189
NY.GDP.DEFL.ZS.AD,CI,2017,97.79078036229
NY.GDP.DEFL.ZS.AD,CI,2016,98.820167564343
NY.GDP.DEFL.ZS.AD,CI,2015,100
NY.GDP.DEFL.ZS.AD,CI,2014,95.4419935384241
NY.GDP.DEFL.ZS.AD,CI,2013,91.4131137966907
NY.GDP.DEFL.ZS.AD,CI,2012,88.8569391891795
NY.GDP.DEFL.ZS.AD,CI,2011,89.2174655047789
NY.GDP.DEFL.ZS.AD,CI,2010,84.3988638681401
NY.GDP.DEFL.ZS.AD,CI,2009,83.1383059711316
NY.GDP.DEFL.ZS.AD,CI,2008,82.1461616374003
NY.GDP.DEFL.ZS.AD,CI,2007,77.9575541086092
NY.GDP.DEFL.ZS.AD,CI,2006,75.6219333066226
NY.GDP.DEFL.ZS.AD,CI,2005,74.6076142463678
NY.GDP.DEFL.ZS.AD,CI,2004,73.649213151921
NY.GDP.DEFL.ZS.AD,CI,2003,75.5402558268221
NY.GDP.DEFL.ZS.AD,CI,2002,73.1425546089055
NY.GDP.DEFL.ZS.AD,CI,2001,69.9379037957584
NY.GDP.DEFL.ZS.AD,CI,2000,65.4383811278654
NY.GDP.DEFL.ZS.AD,CI,1999,64.4072105526693
NY.GDP.DEFL.ZS.AD,CI,1998,64.910861671886
NY.GDP.DEFL.ZS.AD,CI,1997,61.5926433827962
NY.GDP.DEFL.ZS.AD,CI,1996,59.2684465421053
NY.GDP.DEFL.ZS.AD,CI,1995,56.4552344612454
NY.GDP.DEFL.ZS.AD,CM,2019,104.145761213872
NY.GDP.DEFL.ZS.AD,CM,2018,102.941579625263
NY.GDP.DEFL.ZS.AD,CM,2017,101.025141160663
NY.GDP.DEFL.ZS.AD,CM,2016,100
NY.GDP.DEFL.ZS.AD,CM,2015,99.3425421379959
NY.GDP.DEFL.ZS.AD,CM,2014,99.0357376646821
NY.GDP.DEFL.ZS.AD,CM,2013,97.0803333293012
NY.GDP.DEFL.ZS.AD,CM,2012,94.2038570193562
NY.GDP.DEFL.ZS.AD,CM,2011,92.409010336673
NY.GDP.DEFL.ZS.AD,CM,2010,90.0768800552929
NY.GDP.DEFL.ZS.AD,CM,2009,89.4612194986081
NY.GDP.DEFL.ZS.AD,CM,2008,86.3495986015222
NY.GDP.DEFL.ZS.AD,CM,2007,82.2843118827204
NY.GDP.DEFL.ZS.AD,CM,2006,81.8825078377419
NY.GDP.DEFL.ZS.AD,CM,2005,80.0418064431406
NY.GDP.DEFL.ZS.AD,CM,2004,78.9700704815515
NY.GDP.DEFL.ZS.AD,CM,2003,78.8600702769947
NY.GDP.DEFL.ZS.AD,CM,2002,77.3495007014633
NY.GDP.DEFL.ZS.AD,CM,2001,75.261379119333
NY.GDP.DEFL.ZS.AD,CM,2000,73.4476919895373
NY.GDP.DEFL.ZS.AD,CM,1999,72.3397629754093
NY.GDP.DEFL.ZS.AD,CM,1998,73.1589726002265
NY.GDP.DEFL.ZS.AD,CM,1997,72.3874169275451
NY.GDP.DEFL.ZS.AD,CM,1996,68.1846442855929
NY.GDP.DEFL.ZS.AD,CM,1995,67.9058506495496
NY.GDP.DEFL.ZS.AD,CD,2019,673.855504173913
NY.GDP.DEFL.ZS.AD,CD,2018,636.34064366762
NY.GDP.DEFL.ZS.AD,CD,2017,485.761362834347
NY.GDP.DEFL.ZS.AD,CD,2016,339.530239281663
NY.GDP.DEFL.ZS.AD,CD,2015,325.378771568505
NY.GDP.DEFL.ZS.AD,CD,2014,329.183735903018
NY.GDP.DEFL.ZS.AD,CD,2013,325.945045968797
NY.GDP.DEFL.ZS.AD,CD,2012,317.155736278543
NY.GDP.DEFL.ZS.AD,CD,2011,299.3730032036
NY.GDP.DEFL.ZS.AD,CD,2010,263.088703445174
NY.GDP.DEFL.ZS.AD,CD,2009,217.813318784984
NY.GDP.DEFL.ZS.AD,CD,2008,164.191707327232
NY.GDP.DEFL.ZS.AD,CD,2007,136.29790875655
NY.GDP.DEFL.ZS.AD,CD,2006,113.325225383839
NY.GDP.DEFL.ZS.AD,CD,2005,100
NY.GDP.DEFL.ZS.AD,CD,2004,77.0003458092166
NY.GDP.DEFL.ZS.AD,CD,2003,72.3922475086511
NY.GDP.DEFL.ZS.AD,CD,2002,63.8292624695697
NY.GDP.DEFL.ZS.AD,CD,2001,48.4584903962131
NY.GDP.DEFL.ZS.AD,CD,2000,28.0010234704378
NY.GDP.DEFL.ZS.AD,CD,1999,1.02563242790406
NY.GDP.DEFL.ZS.AD,CD,1998,0.189265124866777
NY.GDP.DEFL.ZS.AD,CD,1997,0.14910352834145
NY.GDP.DEFL.ZS.AD,CD,1996,0.050950684843525
NY.GDP.DEFL.ZS.AD,CD,1995,0.0069021208616472
NY.GDP.DEFL.ZS.AD,CG,2019,174.454134476649
NY.GDP.DEFL.ZS.AD,CG,2018,176.78302585854
NY.GDP.DEFL.ZS.AD,CG,2017,144.626198630877
NY.GDP.DEFL.ZS.AD,CG,2016,128.710298982432
NY.GDP.DEFL.ZS.AD,CG,2015,133.381986091124
NY.GDP.DEFL.ZS.AD,CG,2014,161.19445775538
NY.GDP.DEFL.ZS.AD,CG,2013,172.335174202108
NY.GDP.DEFL.ZS.AD,CG,2012,174.259984097475
NY.GDP.DEFL.ZS.AD,CG,2011,156.477715327107
NY.GDP.DEFL.ZS.AD,CG,2010,141.030216630093
NY.GDP.DEFL.ZS.AD,CG,2009,108.972910419036
NY.GDP.DEFL.ZS.AD,CG,2008,138.229508022891
NY.GDP.DEFL.ZS.AD,CG,2007,118.887464563135
NY.GDP.DEFL.ZS.AD,CG,2006,111.380301762571
NY.GDP.DEFL.ZS.AD,CG,2005,100
NY.GDP.DEFL.ZS.AD,CG,2004,82.4201863520413
NY.GDP.DEFL.ZS.AD,CG,2003,70.5608552581963
NY.GDP.DEFL.ZS.AD,CG,2002,73.6939821158959
NY.GDP.DEFL.ZS.AD,CG,2001,74.9981455383573
NY.GDP.DEFL.ZS.AD,CG,2000,87.1313702216318
NY.GDP.DEFL.ZS.AD,CG,1999,59.2568831564714
NY.GDP.DEFL.ZS.AD,CG,1998,45.8093823364215
NY.GDP.DEFL.ZS.AD,CG,1997,56.0168169457734
NY.GDP.DEFL.ZS.AD,CG,1996,53.3673837433965
NY.GDP.DEFL.ZS.AD,CG,1995,45.229691933247
NY.GDP.DEFL.ZS.AD,KM,2019,125.871099458733
NY.GDP.DEFL.ZS.AD,KM,2018,120.787044749501
NY.GDP.DEFL.ZS.AD,KM,2017,118.609763350194
NY.GDP.DEFL.ZS.AD,KM,2016,118.134279802429
NY.GDP.DEFL.ZS.AD,KM,2015,116.142452070674
NY.GDP.DEFL.ZS.AD,KM,2014,116.752906226233
NY.GDP.DEFL.ZS.AD,KM,2013,115.786040841334
NY.GDP.DEFL.ZS.AD,KM,2012,113.792222410481
NY.GDP.DEFL.ZS.AD,KM,2011,109.131769227966
NY.GDP.DEFL.ZS.AD,KM,2010,105.90619607405
NY.GDP.DEFL.ZS.AD,KM,2009,104.161334899665
NY.GDP.DEFL.ZS.AD,KM,2008,103.144289798654
NY.GDP.DEFL.ZS.AD,KM,2007,100
NY.GDP.DEFL.ZS.AD,KM,2006,96.5764398644833
NY.GDP.DEFL.ZS.AD,KM,2005,93.6628111268488
NY.GDP.DEFL.ZS.AD,KM,2004,93.3678791220254
NY.GDP.DEFL.ZS.AD,KM,2003,90.3079201154226
NY.GDP.DEFL.ZS.AD,KM,2002,85.9160389683392
NY.GDP.DEFL.ZS.AD,KM,2001,82.4762388334418
NY.GDP.DEFL.ZS.AD,KM,2000,75.9240090117518
NY.GDP.DEFL.ZS.AD,KM,1999,73.4086999400951
NY.GDP.DEFL.ZS.AD,KM,1998,69.3769550327548
NY.GDP.DEFL.ZS.AD,KM,1997,68.455101417066
NY.GDP.DEFL.ZS.AD,KM,1996,67.8281209557236
NY.GDP.DEFL.ZS.AD,KM,1995,65.725751131384
NY.GDP.DEFL.ZS.AD,CV,2019,105.48180320368
NY.GDP.DEFL.ZS.AD,CV,2018,104.753898525898
NY.GDP.DEFL.ZS.AD,CV,2017,102.998625643736
NY.GDP.DEFL.ZS.AD,CV,2016,101.679924792992
NY.GDP.DEFL.ZS.AD,CV,2015,100
NY.GDP.DEFL.ZS.AD,CV,2014,98.405430958469
NY.GDP.DEFL.ZS.AD,CV,2013,98.5042504021875
NY.GDP.DEFL.ZS.AD,CV,2012,97.1205159476917
NY.GDP.DEFL.ZS.AD,CV,2011,96.4668493831041
NY.GDP.DEFL.ZS.AD,CV,2010,93.8877154415753
NY.GDP.DEFL.ZS.AD,CV,2009,93.2772944562676
NY.GDP.DEFL.ZS.AD,CV,2008,91.4890869636204
NY.GDP.DEFL.ZS.AD,CV,2007,88.2139298377997
NY.GDP.DEFL.ZS.AD,CV,2006,87.0257031251212
NY.GDP.DEFL.ZS.AD,CV,2005,83.1669472907468
NY.GDP.DEFL.ZS.AD,CV,2004,84.6869796351465
NY.GDP.DEFL.ZS.AD,CV,2003,90.4123864991798
NY.GDP.DEFL.ZS.AD,CV,2002,86.1717869195816
NY.GDP.DEFL.ZS.AD,CV,2001,86.485911422107
NY.GDP.DEFL.ZS.AD,CV,2000,82.2458617299325
NY.GDP.DEFL.ZS.AD,CV,1999,83.245581468551
NY.GDP.DEFL.ZS.AD,CV,1998,77.3570985718458
NY.GDP.DEFL.ZS.AD,CV,1997,77.6178873693842
NY.GDP.DEFL.ZS.AD,CV,1996,78.2716840530004
NY.GDP.DEFL.ZS.AD,CV,1995,74.0039516216969
NY.GDP.DEFL.ZS.AD,DJ,2019,105.138690068451
NY.GDP.DEFL.ZS.AD,DJ,2018,104.667896558668
NY.GDP.DEFL.ZS.AD,DJ,2017,103.985733289557
NY.GDP.DEFL.ZS.AD,DJ,2016,103.404361366269
NY.GDP.DEFL.ZS.AD,DJ,2015,103.092216347879
NY.GDP.DEFL.ZS.AD,DJ,2014,101.26230441351
NY.GDP.DEFL.ZS.AD,DJ,2013,100
NY.GDP.DEFL.ZS.AD,DJ,2012,None
NY.GDP.DEFL.ZS.AD,DJ,2011,None
NY.GDP.DEFL.ZS.AD,DJ,2010,None
NY.GDP.DEFL.ZS.AD,DJ,2009,None
NY.GDP.DEFL.ZS.AD,DJ,2008,None
NY.GDP.DEFL.ZS.AD,DJ,2007,None
NY.GDP.DEFL.ZS.AD,DJ,2006,None
NY.GDP.DEFL.ZS.AD,DJ,2005,None
NY.GDP.DEFL.ZS.AD,DJ,2004,None
NY.GDP.DEFL.ZS.AD,DJ,2003,None
NY.GDP.DEFL.ZS.AD,DJ,2002,None
NY.GDP.DEFL.ZS.AD,DJ,2001,None
NY.GDP.DEFL.ZS.AD,DJ,2000,None
NY.GDP.DEFL.ZS.AD,DJ,1999,None
NY.GDP.DEFL.ZS.AD,DJ,1998,None
NY.GDP.DEFL.ZS.AD,DJ,1997,None
NY.GDP.DEFL.ZS.AD,DJ,1996,None
NY.GDP.DEFL.ZS.AD,DJ,1995,None
NY.GDP.DEFL.ZS.AD,EG,2019,81.3472078472623
NY.GDP.DEFL.ZS.AD,EG,2018,71.5970525596783
NY.GDP.DEFL.ZS.AD,EG,2017,59.0857507172041
NY.GDP.DEFL.ZS.AD,EG,2016,45.6195523545898
NY.GDP.DEFL.ZS.AD,EG,2015,42.9378018915965
NY.GDP.DEFL.ZS.AD,EG,2014,39.0589050965386
NY.GDP.DEFL.ZS.AD,EG,2013,35.1098778702134
NY.GDP.DEFL.ZS.AD,EG,2012,32.2960298856716
NY.GDP.DEFL.ZS.AD,EG,2011,27.0298393958552
NY.GDP.DEFL.ZS.AD,EG,2010,24.2066262954566
NY.GDP.DEFL.ZS.AD,EG,2009,21.984665876078
NY.GDP.DEFL.ZS.AD,EG,2008,19.7729537742763
NY.GDP.DEFL.ZS.AD,EG,2007,17.6223276464608
NY.GDP.DEFL.ZS.AD,EG,2006,15.6509719408717
NY.GDP.DEFL.ZS.AD,EG,2005,14.5780320298989
NY.GDP.DEFL.ZS.AD,EG,2004,13.7253153153878
NY.GDP.DEFL.ZS.AD,EG,2003,12.2909703421533
NY.GDP.DEFL.ZS.AD,EG,2002,11.5108249192571
NY.GDP.DEFL.ZS.AD,EG,2001,11.1576215860133
NY.GDP.DEFL.ZS.AD,EG,2000,10.9530514611368
NY.GDP.DEFL.ZS.AD,EG,1999,10.5374130055201
NY.GDP.DEFL.ZS.AD,EG,1998,10.441410974847
NY.GDP.DEFL.ZS.AD,EG,1997,10.198913301185
NY.GDP.DEFL.ZS.AD,EG,1996,9.282179502192
NY.GDP.DEFL.ZS.AD,EG,1995,8.66621384192667
NY.GDP.DEFL.ZS.AD,ER,2019,None
NY.GDP.DEFL.ZS.AD,ER,2018,None
NY.GDP.DEFL.ZS.AD,ER,2017,None
NY.GDP.DEFL.ZS.AD,ER,2016,None
NY.GDP.DEFL.ZS.AD,ER,2015,None
NY.GDP.DEFL.ZS.AD,ER,2014,None
NY.GDP.DEFL.ZS.AD,ER,2013,None
NY.GDP.DEFL.ZS.AD,ER,2012,None
NY.GDP.DEFL.ZS.AD,ER,2011,100
NY.GDP.DEFL.ZS.AD,ER,2010,83.6552469878995
NY.GDP.DEFL.ZS.AD,ER,2009,99.8608680813897
NY.GDP.DEFL.ZS.AD,ER,2008,77.1099556957934
NY.GDP.DEFL.ZS.AD,ER,2007,66.4304502955943
NY.GDP.DEFL.ZS.AD,ER,2006,61.9177553363434
NY.GDP.DEFL.ZS.AD,ER,2005,55.5844597903212
NY.GDP.DEFL.ZS.AD,ER,2004,51.6470491965951
NY.GDP.DEFL.ZS.AD,ER,2003,41.3840903943259
NY.GDP.DEFL.ZS.AD,ER,2002,33.9567780622853
NY.GDP.DEFL.ZS.AD,ER,2001,29.2356157273169
NY.GDP.DEFL.ZS.AD,ER,2000,25.4052045502586
NY.GDP.DEFL.ZS.AD,ER,1999,20.3278072365198
NY.GDP.DEFL.ZS.AD,ER,1998,19.867174577182
NY.GDP.DEFL.ZS.AD,ER,1997,18.208528249303
NY.GDP.DEFL.ZS.AD,ER,1996,17.5255316776271
NY.GDP.DEFL.ZS.AD,ER,1995,16.0674381909415
NY.GDP.DEFL.ZS.AD,ET,2019,135.303661045075
NY.GDP.DEFL.ZS.AD,ET,2018,119.885863295834
NY.GDP.DEFL.ZS.AD,ET,2017,106.676824401898
NY.GDP.DEFL.ZS.AD,ET,2016,99.9999712390324
NY.GDP.DEFL.ZS.AD,ET,2015,90.581386153143
NY.GDP.DEFL.ZS.AD,ET,2014,81.7251999043101
NY.GDP.DEFL.ZS.AD,ET,2013,73.6383880300425
NY.GDP.DEFL.ZS.AD,ET,2012,70.1973294708744
NY.GDP.DEFL.ZS.AD,ET,2011,52.5659659349955
NY.GDP.DEFL.ZS.AD,ET,2010,43.7823962845098
NY.GDP.DEFL.ZS.AD,ET,2009,43.1589342675924
NY.GDP.DEFL.ZS.AD,ET,2008,34.7645432745248
NY.GDP.DEFL.ZS.AD,ET,2007,26.677996262701
NY.GDP.DEFL.ZS.AD,ET,2006,22.7587991638672
NY.GDP.DEFL.ZS.AD,ET,2005,20.4019002770929
NY.GDP.DEFL.ZS.AD,ET,2004,18.5681958811552
NY.GDP.DEFL.ZS.AD,ET,2003,17.8692641904089
NY.GDP.DEFL.ZS.AD,ET,2002,15.8460446444254
NY.GDP.DEFL.ZS.AD,ET,2001,16.4414613509098
NY.GDP.DEFL.ZS.AD,ET,2000,17.4455088893258
NY.GDP.DEFL.ZS.AD,ET,1999,16.3347461510541
NY.GDP.DEFL.ZS.AD,ET,1998,15.979564676881
NY.GDP.DEFL.ZS.AD,ET,1997,16.003593582558
NY.GDP.DEFL.ZS.AD,ET,1996,15.9705894728982
NY.GDP.DEFL.ZS.AD,ET,1995,15.9324888315852
NY.GDP.DEFL.ZS.AD,FM,2019,154.509803921569
NY.GDP.DEFL.ZS.AD,FM,2018,160
NY.GDP.DEFL.ZS.AD,FM,2017,146.530612244898
NY.GDP.DEFL.ZS.AD,FM,2016,133.744855967078
NY.GDP.DEFL.ZS.AD,FM,2015,130.873264736738
NY.GDP.DEFL.ZS.AD,FM,2014,138.125340693761
NY.GDP.DEFL.ZS.AD,FM,2013,134.071170301118
NY.GDP.DEFL.ZS.AD,FM,2012,133.222615977414
NY.GDP.DEFL.ZS.AD,FM,2011,124.364736366491
NY.GDP.DEFL.ZS.AD,FM,2010,122.411498788434
NY.GDP.DEFL.ZS.AD,FM,2009,118.154413497407
NY.GDP.DEFL.ZS.AD,FM,2008,112.141796918781
NY.GDP.DEFL.ZS.AD,FM,2007,106.796647882052
NY.GDP.DEFL.ZS.AD,FM,2006,103.510740883783
NY.GDP.DEFL.ZS.AD,FM,2005,102.096994672052
NY.GDP.DEFL.ZS.AD,FM,2004,100
NY.GDP.DEFL.ZS.AD,FM,2003,99.0164634156181
NY.GDP.DEFL.ZS.AD,FM,2002,99.3783250961033
NY.GDP.DEFL.ZS.AD,FM,2001,99.2848157879449
NY.GDP.DEFL.ZS.AD,FM,2000,98.1959728469835
NY.GDP.DEFL.ZS.AD,FM,1999,97.1478387810255
NY.GDP.DEFL.ZS.AD,FM,1998,97.9160860246417
NY.GDP.DEFL.ZS.AD,FM,1997,95.0722406447893
NY.GDP.DEFL.ZS.AD,FM,1996,94.457132780022
NY.GDP.DEFL.ZS.AD,FM,1995,92.7235688492752
NY.GDP.DEFL.ZS.AD,GH,2019,215.685354366544
NY.GDP.DEFL.ZS.AD,GH,2018,198.823033157826
NY.GDP.DEFL.ZS.AD,GH,2017,179.818903787835
NY.GDP.DEFL.ZS.AD,GH,2016,162.471338214869
NY.GDP.DEFL.ZS.AD,GH,2015,140.365680197901
NY.GDP.DEFL.ZS.AD,GH,2014,123.9399587594
NY.GDP.DEFL.ZS.AD,GH,2013,100
NY.GDP.DEFL.ZS.AD,GH,2012,86.5193527925981
NY.GDP.DEFL.ZS.AD,GH,2011,75.1001635854842
NY.GDP.DEFL.ZS.AD,GH,2010,65.9265951093398
NY.GDP.DEFL.ZS.AD,GH,2009,56.5429311367008
NY.GDP.DEFL.ZS.AD,GH,2008,48.8844199410902
NY.GDP.DEFL.ZS.AD,GH,2007,40.9382036370455
NY.GDP.DEFL.ZS.AD,GH,2006,35.2598694328245
NY.GDP.DEFL.ZS.AD,GH,2005,31.2618919987398
NY.GDP.DEFL.ZS.AD,GH,2004,27.1928330369729
NY.GDP.DEFL.ZS.AD,GH,2003,23.7803210310038
NY.GDP.DEFL.ZS.AD,GH,2002,18.4766952020213
NY.GDP.DEFL.ZS.AD,GH,2001,15.0438919677207
NY.GDP.DEFL.ZS.AD,GH,2000,11.1586718458777
NY.GDP.DEFL.ZS.AD,GH,1999,8.77046440404655
NY.GDP.DEFL.ZS.AD,GH,1998,7.69533627243309
NY.GDP.DEFL.ZS.AD,GH,1997,6.57448712062718
NY.GDP.DEFL.ZS.AD,GH,1996,5.50358946007657
NY.GDP.DEFL.ZS.AD,GH,1995,3.93569672214656
NY.GDP.DEFL.ZS.AD,GN,2019,183.020595940787
NY.GDP.DEFL.ZS.AD,GN,2018,167.290431176601
NY.GDP.DEFL.ZS.AD,GN,2017,156.259912060693
NY.GDP.DEFL.ZS.AD,GN,2016,141.595564119224
NY.GDP.DEFL.ZS.AD,GN,2015,133.999217552315
NY.GDP.DEFL.ZS.AD,GN,2014,130.131337656413
NY.GDP.DEFL.ZS.AD,GN,2013,126.814014068884
NY.GDP.DEFL.ZS.AD,GN,2012,121.551617215783
NY.GDP.DEFL.ZS.AD,GN,2011,108.99929083813
NY.GDP.DEFL.ZS.AD,GN,2010,100
NY.GDP.DEFL.ZS.AD,GN,2009,86.1307023652018
NY.GDP.DEFL.ZS.AD,GN,2008,84.6318475953523
NY.GDP.DEFL.ZS.AD,GN,2007,72.5176790913911
NY.GDP.DEFL.ZS.AD,GN,2006,63.8253797969347
NY.GDP.DEFL.ZS.AD,GN,2005,46.3901037879291
NY.GDP.DEFL.ZS.AD,GN,2004,36.4155710344331
NY.GDP.DEFL.ZS.AD,GN,2003,31.2522109602503
NY.GDP.DEFL.ZS.AD,GN,2002,26.9623183091895
NY.GDP.DEFL.ZS.AD,GN,2001,26.8461356498963
NY.GDP.DEFL.ZS.AD,GN,2000,26.3837793566264
NY.GDP.DEFL.ZS.AD,GN,1999,24.820083339659
NY.GDP.DEFL.ZS.AD,GN,1998,23.81333294312
NY.GDP.DEFL.ZS.AD,GN,1997,23.0470997436688
NY.GDP.DEFL.ZS.AD,GN,1996,22.7212482633919
NY.GDP.DEFL.ZS.AD,GN,1995,22.3753327265051
NY.GDP.DEFL.ZS.AD,GM,2019,146.989202087314
NY.GDP.DEFL.ZS.AD,GM,2018,138.339905653105
NY.GDP.DEFL.ZS.AD,GM,2017,129.347941941404
NY.GDP.DEFL.ZS.AD,GM,2016,124.466707882667
NY.GDP.DEFL.ZS.AD,GM,2015,115.438683908243
NY.GDP.DEFL.ZS.AD,GM,2014,105.211723106828
NY.GDP.DEFL.ZS.AD,GM,2013,100
NY.GDP.DEFL.ZS.AD,GM,2012,94.3991730412781
NY.GDP.DEFL.ZS.AD,GM,2011,90.9037771688135
NY.GDP.DEFL.ZS.AD,GM,2010,86.9292638640972
NY.GDP.DEFL.ZS.AD,GM,2009,82.2848355000658
NY.GDP.DEFL.ZS.AD,GM,2008,78.7314449793226
NY.GDP.DEFL.ZS.AD,GM,2007,76.8292706563346
NY.GDP.DEFL.ZS.AD,GM,2006,73.5808068715274
NY.GDP.DEFL.ZS.AD,GM,2005,72.634234622266
NY.GDP.DEFL.ZS.AD,GM,2004,69.7642684609711
NY.GDP.DEFL.ZS.AD,GM,2003,35.925756968005
NY.GDP.DEFL.ZS.AD,GM,2002,28.2011425214989
NY.GDP.DEFL.ZS.AD,GM,2001,24.2895785272408
NY.GDP.DEFL.ZS.AD,GM,2000,21.0982603040894
NY.GDP.DEFL.ZS.AD,GM,1999,20.6406604507428
NY.GDP.DEFL.ZS.AD,GM,1998,19.7819740583103
NY.GDP.DEFL.ZS.AD,GM,1997,19.2961800781606
NY.GDP.DEFL.ZS.AD,GM,1996,18.581750486012
NY.GDP.DEFL.ZS.AD,GM,1995,18.0560113976754
NY.GDP.DEFL.ZS.AD,GW,2019,106.837931428776
NY.GDP.DEFL.ZS.AD,GW,2018,110.65803762699
NY.GDP.DEFL.ZS.AD,GW,2017,113.532174147434
NY.GDP.DEFL.ZS.AD,GW,2016,102.840727736993
NY.GDP.DEFL.ZS.AD,GW,2015,100
NY.GDP.DEFL.ZS.AD,GW,2014,87.3212489984502
NY.GDP.DEFL.ZS.AD,GW,2013,86.2027192621475
NY.GDP.DEFL.ZS.AD,GW,2012,87.0139285772173
NY.GDP.DEFL.ZS.AD,GW,2011,87.0376212262923
NY.GDP.DEFL.ZS.AD,GW,2010,80.2538277728004
NY.GDP.DEFL.ZS.AD,GW,2009,76.2760214055688
NY.GDP.DEFL.ZS.AD,GW,2008,79.30978549903
NY.GDP.DEFL.ZS.AD,GW,2007,70.3333305357672
NY.GDP.DEFL.ZS.AD,GW,2006,66.3582924452588
NY.GDP.DEFL.ZS.AD,GW,2005,69.2989128921982
NY.GDP.DEFL.ZS.AD,GW,2004,67.2058455426718
NY.GDP.DEFL.ZS.AD,GW,2003,71.1028476632549
NY.GDP.DEFL.ZS.AD,GW,2002,71.5106826567716
NY.GDP.DEFL.ZS.AD,GW,2001,69.1764056292191
NY.GDP.DEFL.ZS.AD,GW,2000,66.6683185053855
NY.GDP.DEFL.ZS.AD,GW,1999,86.5061955538893
NY.GDP.DEFL.ZS.AD,GW,1998,98.7764988303965
NY.GDP.DEFL.ZS.AD,GW,1997,89.5198430679463
NY.GDP.DEFL.ZS.AD,GW,1996,66.7370268279609
NY.GDP.DEFL.ZS.AD,GW,1995,47.9316576104844
NY.GDP.DEFL.ZS.AD,HN,2019,276.53204804679
NY.GDP.DEFL.ZS.AD,HN,2018,267.5458753463
NY.GDP.DEFL.ZS.AD,HN,2017,262.435683328713
NY.GDP.DEFL.ZS.AD,HN,2016,251.103764719226
NY.GDP.DEFL.ZS.AD,HN,2015,242.195643894361
NY.GDP.DEFL.ZS.AD,HN,2014,226.493378089383
NY.GDP.DEFL.ZS.AD,HN,2013,211.974489161159
NY.GDP.DEFL.ZS.AD,HN,2012,209.101372488429
NY.GDP.DEFL.ZS.AD,HN,2011,201.874687798079
NY.GDP.DEFL.ZS.AD,HN,2010,187.255283498866
NY.GDP.DEFL.ZS.AD,HN,2009,178.890295815975
NY.GDP.DEFL.ZS.AD,HN,2008,166.171940154092
NY.GDP.DEFL.ZS.AD,HN,2007,154.161933683899
NY.GDP.DEFL.ZS.AD,HN,2006,144.582602960646
NY.GDP.DEFL.ZS.AD,HN,2005,137.24199074285
NY.GDP.DEFL.ZS.AD,HN,2004,127.929772588656
NY.GDP.DEFL.ZS.AD,HN,2003,120.176034264413
NY.GDP.DEFL.ZS.AD,HN,2002,113.631173254932
NY.GDP.DEFL.ZS.AD,HN,2001,108.084349380149
NY.GDP.DEFL.ZS.AD,HN,2000,100
NY.GDP.DEFL.ZS.AD,HN,1999,91.1931547665094
NY.GDP.DEFL.ZS.AD,HN,1998,84.7711254851828
NY.GDP.DEFL.ZS.AD,HN,1997,76.8557551697882
NY.GDP.DEFL.ZS.AD,HN,1996,66.0435888297314
NY.GDP.DEFL.ZS.AD,HN,1995,55.8774766228399
NY.GDP.DEFL.ZS.AD,HT,2019,195.28564065202
NY.GDP.DEFL.ZS.AD,HT,2018,163.009188930186
NY.GDP.DEFL.ZS.AD,HT,2017,153.008896403196
NY.GDP.DEFL.ZS.AD,HT,2016,134.477993739192
NY.GDP.DEFL.ZS.AD,HT,2015,116.226670353091
NY.GDP.DEFL.ZS.AD,HT,2014,110.475363476906
NY.GDP.DEFL.ZS.AD,HT,2013,108.077146680343
NY.GDP.DEFL.ZS.AD,HT,2012,99.9999979999737
NY.GDP.DEFL.ZS.AD,HT,2011,92.4147831654365
NY.GDP.DEFL.ZS.AD,HT,2010,88.5871701838607
NY.GDP.DEFL.ZS.AD,HT,2009,82.4881425429905
NY.GDP.DEFL.ZS.AD,HT,2008,73.9131344636382
NY.GDP.DEFL.ZS.AD,HT,2007,65.59855723657
NY.GDP.DEFL.ZS.AD,HT,2006,63.0075262550182
NY.GDP.DEFL.ZS.AD,HT,2005,55.5042821389181
NY.GDP.DEFL.ZS.AD,HT,2004,50.425372052082
NY.GDP.DEFL.ZS.AD,HT,2003,42.2666688022239
NY.GDP.DEFL.ZS.AD,HT,2002,35.8236063992471
NY.GDP.DEFL.ZS.AD,HT,2001,32.5016250931548
NY.GDP.DEFL.ZS.AD,HT,2000,28.6994299433131
NY.GDP.DEFL.ZS.AD,HT,1999,25.8422581929807
NY.GDP.DEFL.ZS.AD,HT,1998,24.1445571864923
NY.GDP.DEFL.ZS.AD,HT,1997,21.1502306972832
NY.GDP.DEFL.ZS.AD,HT,1996,18.7623482323948
NY.GDP.DEFL.ZS.AD,HT,1995,17.0603109492641
NY.GDP.DEFL.ZS.AD,IN,2019,138.315030740189
NY.GDP.DEFL.ZS.AD,IN,2018,135.065995050433
NY.GDP.DEFL.ZS.AD,IN,2017,130.015866407521
NY.GDP.DEFL.ZS.AD,IN,2016,125.052221196656
NY.GDP.DEFL.ZS.AD,IN,2015,121.130060189743
NY.GDP.DEFL.ZS.AD,IN,2014,118.430336326022
NY.GDP.DEFL.ZS.AD,IN,2013,114.611751371953
NY.GDP.DEFL.ZS.AD,IN,2012,107.934386248432
NY.GDP.DEFL.ZS.AD,IN,2011,99.9999988608692
NY.GDP.DEFL.ZS.AD,IN,2010,91.9679089631846
NY.GDP.DEFL.ZS.AD,IN,2009,83.2092750021032
NY.GDP.DEFL.ZS.AD,IN,2008,77.7363517617385
NY.GDP.DEFL.ZS.AD,IN,2007,71.1910667115851
NY.GDP.DEFL.ZS.AD,IN,2006,66.5682864752233
NY.GDP.DEFL.ZS.AD,IN,2005,61.4093268655269
NY.GDP.DEFL.ZS.AD,IN,2004,58.1407122653851
NY.GDP.DEFL.ZS.AD,IN,2003,54.9921825701831
NY.GDP.DEFL.ZS.AD,IN,2002,52.9444000776795
NY.GDP.DEFL.ZS.AD,IN,2001,51.047631514634
NY.GDP.DEFL.ZS.AD,IN,2000,49.4572754437583
NY.GDP.DEFL.ZS.AD,IN,1999,47.7179696877321
NY.GDP.DEFL.ZS.AD,IN,1998,46.2973828646763
NY.GDP.DEFL.ZS.AD,IN,1997,42.8639117277058
NY.GDP.DEFL.ZS.AD,IN,1996,40.2567738527222
NY.GDP.DEFL.ZS.AD,IN,1995,37.4220469518209
NY.GDP.DEFL.ZS.AD,JO,2019,104.975641063137
NY.GDP.DEFL.ZS.AD,JO,2018,104.097136084916
NY.GDP.DEFL.ZS.AD,JO,2017,101.783550109713
NY.GDP.DEFL.ZS.AD,JO,2016,100
NY.GDP.DEFL.ZS.AD,JO,2015,98.656294713497
NY.GDP.DEFL.ZS.AD,JO,2014,96.5611569660712
NY.GDP.DEFL.ZS.AD,JO,2013,93.3451156998103
NY.GDP.DEFL.ZS.AD,JO,2012,87.9422731948887
NY.GDP.DEFL.ZS.AD,JO,2011,84.0693534211355
NY.GDP.DEFL.ZS.AD,JO,2010,79.3777243265877
NY.GDP.DEFL.ZS.AD,JO,2009,73.4452190059413
NY.GDP.DEFL.ZS.AD,JO,2008,71.194341219471
NY.GDP.DEFL.ZS.AD,JO,2007,57.5890984477029
NY.GDP.DEFL.ZS.AD,JO,2006,54.8212198083445
NY.GDP.DEFL.ZS.AD,JO,2005,49.5449539441918
NY.GDP.DEFL.ZS.AD,JO,2004,48.5704013226585
NY.GDP.DEFL.ZS.AD,JO,2003,47.1122400385152
NY.GDP.DEFL.ZS.AD,JO,2002,46.1218818860151
NY.GDP.DEFL.ZS.AD,JO,2001,45.6993866097731
NY.GDP.DEFL.ZS.AD,JO,2000,45.3484308397422
NY.GDP.DEFL.ZS.AD,JO,1999,45.5368941913701
NY.GDP.DEFL.ZS.AD,JO,1998,45.7074784443465
NY.GDP.DEFL.ZS.AD,JO,1997,43.1184717718457
NY.GDP.DEFL.ZS.AD,JO,1996,42.5880127334308
NY.GDP.DEFL.ZS.AD,JO,1995,41.7339006589764
NY.GDP.DEFL.ZS.AD,KE,2019,116.909787955755
NY.GDP.DEFL.ZS.AD,KE,2018,112.116543116457
NY.GDP.DEFL.ZS.AD,KE,2017,107.581934028202
NY.GDP.DEFL.ZS.AD,KE,2016,100
NY.GDP.DEFL.ZS.AD,KE,2015,94.473642463645
NY.GDP.DEFL.ZS.AD,KE,2014,86.4837110425477
NY.GDP.DEFL.ZS.AD,KE,2013,80.3490364751316
NY.GDP.DEFL.ZS.AD,KE,2012,74.85640143407
NY.GDP.DEFL.ZS.AD,KE,2011,68.3476716551131
NY.GDP.DEFL.ZS.AD,KE,2010,62.0975456346528
NY.GDP.DEFL.ZS.AD,KE,2009,61.0960592465264
NY.GDP.DEFL.ZS.AD,KE,2008,54.7272795218238
NY.GDP.DEFL.ZS.AD,KE,2007,47.5264620954224
NY.GDP.DEFL.ZS.AD,KE,2006,43.9532860379406
NY.GDP.DEFL.ZS.AD,KE,2005,40.7780083199213
NY.GDP.DEFL.ZS.AD,KE,2004,38.873350319603
NY.GDP.DEFL.ZS.AD,KE,2003,36.2872178021094
NY.GDP.DEFL.ZS.AD,KE,2002,34.1696194520859
NY.GDP.DEFL.ZS.AD,KE,2001,33.853694890492
NY.GDP.DEFL.ZS.AD,KE,2000,33.3293835923274
NY.GDP.DEFL.ZS.AD,KE,1999,31.4191470547854
NY.GDP.DEFL.ZS.AD,KE,1998,30.154486279658
NY.GDP.DEFL.ZS.AD,KE,1997,28.1998416994779
NY.GDP.DEFL.ZS.AD,KE,1996,25.306041149061
NY.GDP.DEFL.ZS.AD,KE,1995,23.191818362138
NY.GDP.DEFL.ZS.AD,KG,2019,100
NY.GDP.DEFL.ZS.AD,KG,2018,91.0652993999675
NY.GDP.DEFL.ZS.AD,KG,2017,88.0304963529517
NY.GDP.DEFL.ZS.AD,KG,2016,82.7921182674162
NY.GDP.DEFL.ZS.AD,KG,2015,78.0685315885704
NY.GDP.DEFL.ZS.AD,KG,2014,75.4815614654782
NY.GDP.DEFL.ZS.AD,KG,2013,69.6226578525059
NY.GDP.DEFL.ZS.AD,KG,2012,67.4800396396702
NY.GDP.DEFL.ZS.AD,KG,2011,62.1041110370103
NY.GDP.DEFL.ZS.AD,KG,2010,50.7047492907868
NY.GDP.DEFL.ZS.AD,KG,2009,46.0810238104913
NY.GDP.DEFL.ZS.AD,KG,2008,44.293640812359
NY.GDP.DEFL.ZS.AD,KG,2007,36.2421000624472
NY.GDP.DEFL.ZS.AD,KG,2006,31.5487358924164
NY.GDP.DEFL.ZS.AD,KG,2005,28.8401767232569
NY.GDP.DEFL.ZS.AD,KG,2004,26.9210749772269
NY.GDP.DEFL.ZS.AD,KG,2003,25.6126051544834
NY.GDP.DEFL.ZS.AD,KG,2002,24.6335301211164
NY.GDP.DEFL.ZS.AD,KG,2001,24.1445319791647
NY.GDP.DEFL.ZS.AD,KG,2000,22.4949808476032
NY.GDP.DEFL.ZS.AD,KG,1999,17.6900545659648
NY.GDP.DEFL.ZS.AD,KG,1998,12.8585328099724
NY.GDP.DEFL.ZS.AD,KG,1997,11.7884367254624
NY.GDP.DEFL.ZS.AD,KG,1996,9.88054760273066
NY.GDP.DEFL.ZS.AD,KG,1995,7.30038075547737
NY.GDP.DEFL.ZS.AD,KH,2019,194.446383509283
NY.GDP.DEFL.ZS.AD,KH,2018,188.352480532265
NY.GDP.DEFL.ZS.AD,KH,2017,182.66817328587
NY.GDP.DEFL.ZS.AD,KH,2016,176.762464816109
NY.GDP.DEFL.ZS.AD,KH,2015,170.825832245094
NY.GDP.DEFL.ZS.AD,KH,2014,167.828231298646
NY.GDP.DEFL.ZS.AD,KH,2013,163.523960352288
NY.GDP.DEFL.ZS.AD,KH,2012,162.25611129749
NY.GDP.DEFL.ZS.AD,KH,2011,159.951974116231
NY.GDP.DEFL.ZS.AD,KH,2010,154.746209121502
NY.GDP.DEFL.ZS.AD,KH,2009,150.063343133081
NY.GDP.DEFL.ZS.AD,KH,2008,146.396999141014
NY.GDP.DEFL.ZS.AD,KH,2007,130.416089799282
NY.GDP.DEFL.ZS.AD,KH,2006,122.435690469549
NY.GDP.DEFL.ZS.AD,KH,2005,117.016527085196
NY.GDP.DEFL.ZS.AD,KH,2004,110.313151187534
NY.GDP.DEFL.ZS.AD,KH,2003,105.236803542315
NY.GDP.DEFL.ZS.AD,KH,2002,103.378555812108
NY.GDP.DEFL.ZS.AD,KH,2001,102.646541003399
NY.GDP.DEFL.ZS.AD,KH,2000,100
NY.GDP.DEFL.ZS.AD,KH,1999,104.474896740837
NY.GDP.DEFL.ZS.AD,KH,1998,103.173311475089
NY.GDP.DEFL.ZS.AD,KH,1997,93.4898757111091
NY.GDP.DEFL.ZS.AD,KH,1996,88.193772776626
NY.GDP.DEFL.ZS.AD,KH,1995,85.5980113757925
NY.GDP.DEFL.ZS.AD,KI,2019,100
NY.GDP.DEFL.ZS.AD,KI,2018,103.64238410596
NY.GDP.DEFL.ZS.AD,KI,2017,99.6575342465753
NY.GDP.DEFL.ZS.AD,KI,2016,98.5815602836879
NY.GDP.DEFL.ZS.AD,KI,2015,96.958174904943
NY.GDP.DEFL.ZS.AD,KI,2014,94.0677966101695
NY.GDP.DEFL.ZS.AD,KI,2013,89.6995708154506
NY.GDP.DEFL.ZS.AD,KI,2012,92.1658986175115
NY.GDP.DEFL.ZS.AD,KI,2011,92.6829268292683
NY.GDP.DEFL.ZS.AD,KI,2010,90.9090909090909
NY.GDP.DEFL.ZS.AD,KI,2009,91.8367346938776
NY.GDP.DEFL.ZS.AD,KI,2008,89.7435897435898
NY.GDP.DEFL.ZS.AD,KI,2007,82.089552238806
NY.GDP.DEFL.ZS.AD,KI,2006,76.4102564102565
NY.GDP.DEFL.ZS.AD,KI,2005,80.9782608695653
NY.GDP.DEFL.ZS.AD,KI,2004,78.0219780219781
NY.GDP.DEFL.ZS.AD,KI,2003,80.8743169398908
NY.GDP.DEFL.ZS.AD,KI,2002,74.1935483870968
NY.GDP.DEFL.ZS.AD,KI,2001,68.8524590163935
NY.GDP.DEFL.ZS.AD,KI,2000,68.2539682539683
NY.GDP.DEFL.ZS.AD,KI,1999,67.7966101694915
NY.GDP.DEFL.ZS.AD,KI,1998,64.6739130434783
NY.GDP.DEFL.ZS.AD,KI,1997,61.0169491525424
NY.GDP.DEFL.ZS.AD,KI,1996,59.4285714285715
NY.GDP.DEFL.ZS.AD,KI,1995,53.1428571428572
NY.GDP.DEFL.ZS.AD,LA,2019,124.692020514079
NY.GDP.DEFL.ZS.AD,LA,2018,123.216595524512
NY.GDP.DEFL.ZS.AD,LA,2017,120.895535208122
NY.GDP.DEFL.ZS.AD,LA,2016,118.697149153009
NY.GDP.DEFL.ZS.AD,LA,2015,115.214998820847
NY.GDP.DEFL.ZS.AD,LA,2014,112.571267107947
NY.GDP.DEFL.ZS.AD,LA,2013,106.473972083433
NY.GDP.DEFL.ZS.AD,LA,2012,100
NY.GDP.DEFL.ZS.AD,LA,2011,92.9982896185993
NY.GDP.DEFL.ZS.AD,LA,2010,84.185180781994
NY.GDP.DEFL.ZS.AD,LA,2009,77.095077185272
NY.GDP.DEFL.ZS.AD,LA,2008,79.4238426536944
NY.GDP.DEFL.ZS.AD,LA,2007,72.957307699
NY.GDP.DEFL.ZS.AD,LA,2006,67.9062468437109
NY.GDP.DEFL.ZS.AD,LA,2005,61.2844048623455
NY.GDP.DEFL.ZS.AD,LA,2004,56.4103672217017
NY.GDP.DEFL.ZS.AD,LA,2003,50.9622809883972
NY.GDP.DEFL.ZS.AD,LA,2002,44.9204412793833
NY.GDP.DEFL.ZS.AD,LA,2001,42.2508370383427
NY.GDP.DEFL.ZS.AD,LA,2000,38.8092078441139
NY.GDP.DEFL.ZS.AD,LA,1999,31.0976756945998
NY.GDP.DEFL.ZS.AD,LA,1998,13.6408889953924
NY.GDP.DEFL.ZS.AD,LA,1997,7.39325709344034
NY.GDP.DEFL.ZS.AD,LA,1996,6.19445547758287
NY.GDP.DEFL.ZS.AD,LA,1995,5.44686209392062
NY.GDP.DEFL.ZS.AD,LB,2019,133.69751120119
NY.GDP.DEFL.ZS.AD,LB,2018,128.438194280971
NY.GDP.DEFL.ZS.AD,LB,2017,121.716420650649
NY.GDP.DEFL.ZS.AD,LB,2016,118.460491027314
NY.GDP.DEFL.ZS.AD,LB,2015,117.437265765136
NY.GDP.DEFL.ZS.AD,LB,2014,113.64627112602
NY.GDP.DEFL.ZS.AD,LB,2013,113.526751724773
NY.GDP.DEFL.ZS.AD,LB,2012,110.673099969758
NY.GDP.DEFL.ZS.AD,LB,2011,102.96508062084
NY.GDP.DEFL.ZS.AD,LB,2010,100
NY.GDP.DEFL.ZS.AD,LB,2009,99.4247218746476
NY.GDP.DEFL.ZS.AD,LB,2008,90.1529089854653
NY.GDP.DEFL.ZS.AD,LB,2007,83.8372136612719
NY.GDP.DEFL.ZS.AD,LB,2006,81.2904459944069
NY.GDP.DEFL.ZS.AD,LB,2005,80.5807411199835
NY.GDP.DEFL.ZS.AD,LB,2004,81.4458648434637
NY.GDP.DEFL.ZS.AD,LB,2003,82.464016414526
NY.GDP.DEFL.ZS.AD,LB,2002,81.1803501078928
NY.GDP.DEFL.ZS.AD,LB,2001,77.3726944169649
NY.GDP.DEFL.ZS.AD,LB,2000,78.5710215667211
NY.GDP.DEFL.ZS.AD,LB,1999,80.2465561351339
NY.GDP.DEFL.ZS.AD,LB,1998,79.599530977086
NY.GDP.DEFL.ZS.AD,LB,1997,76.5248260157172
NY.GDP.DEFL.ZS.AD,LB,1996,68.603356178359
NY.GDP.DEFL.ZS.AD,LB,1995,67.4313257404251
NY.GDP.DEFL.ZS.AD,LR,2019,96.6330777388255
NY.GDP.DEFL.ZS.AD,LR,2018,97.177687381259
NY.GDP.DEFL.ZS.AD,LR,2017,97.3820658470061
NY.GDP.DEFL.ZS.AD,LR,2016,100
NY.GDP.DEFL.ZS.AD,LR,2015,93.4815703249238
NY.GDP.DEFL.ZS.AD,LR,2014,93.422981572921
NY.GDP.DEFL.ZS.AD,LR,2013,92.6650543310891
NY.GDP.DEFL.ZS.AD,LR,2012,88.4923665731303
NY.GDP.DEFL.ZS.AD,LR,2011,82.0915587215161
NY.GDP.DEFL.ZS.AD,LR,2010,74.007400740074
NY.GDP.DEFL.ZS.AD,LR,2009,69.4826856850105
NY.GDP.DEFL.ZS.AD,LR,2008,71.4275457143535
NY.GDP.DEFL.ZS.AD,LR,2007,60.8793748570576
NY.GDP.DEFL.ZS.AD,LR,2006,54.348021416326
NY.GDP.DEFL.ZS.AD,LR,2005,49.7989465922303
NY.GDP.DEFL.ZS.AD,LR,2004,49.5561164180905
NY.GDP.DEFL.ZS.AD,LR,2003,42.407022602943
NY.GDP.DEFL.ZS.AD,LR,2002,36.7123842119322
NY.GDP.DEFL.ZS.AD,LR,2001,37.2309095942698
NY.GDP.DEFL.ZS.AD,LR,2000,36.9647538534381
NY.GDP.DEFL.ZS.AD,LR,1999,24.0323849112954
NY.GDP.DEFL.ZS.AD,LR,1998,23.8138330862106
NY.GDP.DEFL.ZS.AD,LR,1997,25.5148307930356
NY.GDP.DEFL.ZS.AD,LR,1996,28.3525918171655
NY.GDP.DEFL.ZS.AD,LR,1995,26.8832719188043
NY.GDP.DEFL.ZS.AD,LK,2019,120.480408108813
NY.GDP.DEFL.ZS.AD,LK,2018,115.990946497472
NY.GDP.DEFL.ZS.AD,LK,2017,111.213966113489
NY.GDP.DEFL.ZS.AD,LK,2016,105.443221715261
NY.GDP.DEFL.ZS.AD,LK,2015,100
NY.GDP.DEFL.ZS.AD,LK,2014,97.0738252513892
NY.GDP.DEFL.ZS.AD,LK,2013,95.2445313415261
NY.GDP.DEFL.ZS.AD,LK,2012,89.6394776567337
NY.GDP.DEFL.ZS.AD,LK,2011,81.1485427512276
NY.GDP.DEFL.ZS.AD,LK,2010,78.0425061490424
NY.GDP.DEFL.ZS.AD,LK,2009,72.7337106048189
NY.GDP.DEFL.ZS.AD,LK,2008,68.694551593865
NY.GDP.DEFL.ZS.AD,LK,2007,59.0529646004186
NY.GDP.DEFL.ZS.AD,LK,2006,51.7879251330276
NY.GDP.DEFL.ZS.AD,LK,2005,46.5396366080859
NY.GDP.DEFL.ZS.AD,LK,2004,42.1483184756881
NY.GDP.DEFL.ZS.AD,LK,2003,38.7387319072612
NY.GDP.DEFL.ZS.AD,LK,2002,35.6222599347436
NY.GDP.DEFL.ZS.AD,LK,2001,32.9495352347231
NY.GDP.DEFL.ZS.AD,LK,2000,31.3360011580984
NY.GDP.DEFL.ZS.AD,LK,1999,29.2102458988383
NY.GDP.DEFL.ZS.AD,LK,1998,28.0429036246793
NY.GDP.DEFL.ZS.AD,LK,1997,25.6769851018687
NY.GDP.DEFL.ZS.AD,LK,1996,23.5732020363524
NY.GDP.DEFL.ZS.AD,LK,1995,21.2721018243859
NY.GDP.DEFL.ZS.AD,LS,2019,163.131585395991
NY.GDP.DEFL.ZS.AD,LS,2018,157.500236162913
NY.GDP.DEFL.ZS.AD,LS,2017,140.973782834732
NY.GDP.DEFL.ZS.AD,LS,2016,138.183972459674
NY.GDP.DEFL.ZS.AD,LS,2015,138.589278414495
NY.GDP.DEFL.ZS.AD,LS,2014,125.758127397218
NY.GDP.DEFL.ZS.AD,LS,2013,110.280141711726
NY.GDP.DEFL.ZS.AD,LS,2012,100.000223130414
NY.GDP.DEFL.ZS.AD,LS,2011,97.8647669238913
NY.GDP.DEFL.ZS.AD,LS,2010,89.4343235824148
NY.GDP.DEFL.ZS.AD,LS,2009,84.9029591431925
NY.GDP.DEFL.ZS.AD,LS,2008,82.9575783242138
NY.GDP.DEFL.ZS.AD,LS,2007,71.0741140882262
NY.GDP.DEFL.ZS.AD,LS,2006,76.1637198671411
NY.GDP.DEFL.ZS.AD,LS,2005,69.6761788779488
NY.GDP.DEFL.ZS.AD,LS,2004,65.780125204671
NY.GDP.DEFL.ZS.AD,LS,2003,60.0181474428749
NY.GDP.DEFL.ZS.AD,LS,2002,58.5892649345644
NY.GDP.DEFL.ZS.AD,LS,2001,51.300970686571
NY.GDP.DEFL.ZS.AD,LS,2000,46.020960601759
NY.GDP.DEFL.ZS.AD,LS,1999,43.2933829850501
NY.GDP.DEFL.ZS.AD,LS,1998,40.037807711255
NY.GDP.DEFL.ZS.AD,LS,1997,36.4237573820674
NY.GDP.DEFL.ZS.AD,LS,1996,33.4104854411036
NY.GDP.DEFL.ZS.AD,LS,1995,31.5187180932966
NY.GDP.DEFL.ZS.AD,MA,2019,105.946308180961
NY.GDP.DEFL.ZS.AD,MA,2018,105.087944119287
NY.GDP.DEFL.ZS.AD,MA,2017,104.110160608051
NY.GDP.DEFL.ZS.AD,MA,2016,104.173592965433
NY.GDP.DEFL.ZS.AD,MA,2015,103.172935309671
NY.GDP.DEFL.ZS.AD,MA,2014,100
NY.GDP.DEFL.ZS.AD,MA,2013,99.7850253740952
NY.GDP.DEFL.ZS.AD,MA,2012,98.5431233612304
NY.GDP.DEFL.ZS.AD,MA,2011,98.0205050214151
NY.GDP.DEFL.ZS.AD,MA,2010,98.6110321654467
NY.GDP.DEFL.ZS.AD,MA,2009,97.9766324441022
NY.GDP.DEFL.ZS.AD,MA,2008,98.4220500737108
NY.GDP.DEFL.ZS.AD,MA,2007,93.8869477258973
NY.GDP.DEFL.ZS.AD,MA,2006,91.000816672457
NY.GDP.DEFL.ZS.AD,MA,2005,89.7042610784796
NY.GDP.DEFL.ZS.AD,MA,2004,88.9162661210402
NY.GDP.DEFL.ZS.AD,MA,2003,88.1113293197704
NY.GDP.DEFL.ZS.AD,MA,2002,87.3596794261719
NY.GDP.DEFL.ZS.AD,MA,2001,86.5293786915819
NY.GDP.DEFL.ZS.AD,MA,2000,86.0008835578071
NY.GDP.DEFL.ZS.AD,MA,1999,87.5483877072063
NY.GDP.DEFL.ZS.AD,MA,1998,87.6537090349911
NY.GDP.DEFL.ZS.AD,MA,1997,87.3120384490162
NY.GDP.DEFL.ZS.AD,MA,1996,86.6935737393711
NY.GDP.DEFL.ZS.AD,MA,1995,86.3176701543344
NY.GDP.DEFL.ZS.AD,MG,2019,233.240571633661
NY.GDP.DEFL.ZS.AD,MG,2018,218.959814091731
NY.GDP.DEFL.ZS.AD,MG,2017,202.182706620469
NY.GDP.DEFL.ZS.AD,MG,2016,192.625515108149
NY.GDP.DEFL.ZS.AD,MG,2015,176.785400504255
NY.GDP.DEFL.ZS.AD,MG,2014,165.989888424558
NY.GDP.DEFL.ZS.AD,MG,2013,155.520598192639
NY.GDP.DEFL.ZS.AD,MG,2012,147.479566185039
NY.GDP.DEFL.ZS.AD,MG,2011,139.83589181664
NY.GDP.DEFL.ZS.AD,MG,2010,126.678795096436
NY.GDP.DEFL.ZS.AD,MG,2009,114.934197017474
NY.GDP.DEFL.ZS.AD,MG,2008,107.48630027641
NY.GDP.DEFL.ZS.AD,MG,2007,100
NY.GDP.DEFL.ZS.AD,MG,2006,90.6717236162302
NY.GDP.DEFL.ZS.AD,MG,2005,81.8590728502709
NY.GDP.DEFL.ZS.AD,MG,2004,69.1588609049904
NY.GDP.DEFL.ZS.AD,MG,2003,60.6891968732856
NY.GDP.DEFL.ZS.AD,MG,2002,61.7412710955507
NY.GDP.DEFL.ZS.AD,MG,2001,52.997469978327
NY.GDP.DEFL.ZS.AD,MG,2000,49.1094981028458
NY.GDP.DEFL.ZS.AD,MG,1999,44.016619824979
NY.GDP.DEFL.ZS.AD,MG,1998,41.0644386313676
NY.GDP.DEFL.ZS.AD,MG,1997,38.6634501529925
NY.GDP.DEFL.ZS.AD,MG,1996,37.0013589427097
NY.GDP.DEFL.ZS.AD,MG,1995,30.8960476882499
NY.GDP.DEFL.ZS.AD,ML,2019,186.765502563912
NY.GDP.DEFL.ZS.AD,ML,2018,183.228204984489
NY.GDP.DEFL.ZS.AD,ML,2017,180.595192256104
NY.GDP.DEFL.ZS.AD,ML,2016,177.16827379732
NY.GDP.DEFL.ZS.AD,ML,2015,174.806425180911
NY.GDP.DEFL.ZS.AD,ML,2014,169.907136957833
NY.GDP.DEFL.ZS.AD,ML,2013,167.778624445032
NY.GDP.DEFL.ZS.AD,ML,2012,166.690747614362
NY.GDP.DEFL.ZS.AD,ML,2011,159.351941161349
NY.GDP.DEFL.ZS.AD,ML,2010,142.046564300852
NY.GDP.DEFL.ZS.AD,ML,2009,136.105557094295
NY.GDP.DEFL.ZS.AD,ML,2008,130.075352015316
NY.GDP.DEFL.ZS.AD,ML,2007,121.252569298078
NY.GDP.DEFL.ZS.AD,ML,2006,115.970078774709
NY.GDP.DEFL.ZS.AD,ML,2005,110.820395344993
NY.GDP.DEFL.ZS.AD,ML,2004,103.087099926235
NY.GDP.DEFL.ZS.AD,ML,2003,99.5062441982057
NY.GDP.DEFL.ZS.AD,ML,2002,107.684079293032
NY.GDP.DEFL.ZS.AD,ML,2001,104.029641046308
NY.GDP.DEFL.ZS.AD,ML,2000,99.380272079615
NY.GDP.DEFL.ZS.AD,ML,1999,100
NY.GDP.DEFL.ZS.AD,ML,1998,103.321709360122
NY.GDP.DEFL.ZS.AD,ML,1997,101.555082504424
NY.GDP.DEFL.ZS.AD,ML,1996,96.1876228608452
NY.GDP.DEFL.ZS.AD,ML,1995,97.8034524738716
NY.GDP.DEFL.ZS.AD,MM,2019,121.728385733394
NY.GDP.DEFL.ZS.AD,MM,2018,115.466703746503
NY.GDP.DEFL.ZS.AD,MM,2017,109.612211778514
NY.GDP.DEFL.ZS.AD,MM,2016,103.531389863771
NY.GDP.DEFL.ZS.AD,MM,2015,99.918653013631
NY.GDP.DEFL.ZS.AD,MM,2014,95.9495126525236
NY.GDP.DEFL.ZS.AD,MM,2013,92.3388554635238
NY.GDP.DEFL.ZS.AD,MM,2012,88.4657617425415
NY.GDP.DEFL.ZS.AD,MM,2011,85.7807413709392
NY.GDP.DEFL.ZS.AD,MM,2010,77.802431393908
NY.GDP.DEFL.ZS.AD,MM,2009,72.6831996326856
NY.GDP.DEFL.ZS.AD,MM,2008,69.3022219547503
NY.GDP.DEFL.ZS.AD,MM,2007,60.9954590265392
NY.GDP.DEFL.ZS.AD,MM,2006,49.3315521604343
NY.GDP.DEFL.ZS.AD,MM,2005,40.6688782369007
NY.GDP.DEFL.ZS.AD,MM,2004,34.1286283393121
NY.GDP.DEFL.ZS.AD,MM,2003,32.942332744919
NY.GDP.DEFL.ZS.AD,MM,2002,27.3388206057674
NY.GDP.DEFL.ZS.AD,MM,2001,19.3195023040181
NY.GDP.DEFL.ZS.AD,MM,2000,15.4748569256425
NY.GDP.DEFL.ZS.AD,MM,1999,15.1030538739732
NY.GDP.DEFL.ZS.AD,MM,1998,12.314900134775
NY.GDP.DEFL.ZS.AD,MM,1997,9.06672438532049
NY.GDP.DEFL.ZS.AD,MM,1996,6.77661866349055
NY.GDP.DEFL.ZS.AD,MM,1995,5.50776718006922
NY.GDP.DEFL.ZS.AD,MZ,2019,100.000006755844
NY.GDP.DEFL.ZS.AD,MZ,2018,95.5313872647696
NY.GDP.DEFL.ZS.AD,MZ,2017,92.0384200472298
NY.GDP.DEFL.ZS.AD,MZ,2016,85.2381128343692
NY.GDP.DEFL.ZS.AD,MZ,2015,75.9962869881336
NY.GDP.DEFL.ZS.AD,MZ,2014,70.9847956682354
NY.GDP.DEFL.ZS.AD,MZ,2013,70.222272449022
NY.GDP.DEFL.ZS.AD,MZ,2012,68.4419359868903
NY.GDP.DEFL.ZS.AD,MZ,2011,66.3356243087564
NY.GDP.DEFL.ZS.AD,MZ,2010,64.8135669435584
NY.GDP.DEFL.ZS.AD,MZ,2009,60.2103485267675
NY.GDP.DEFL.ZS.AD,MZ,2008,59.337275735025
NY.GDP.DEFL.ZS.AD,MZ,2007,56.429570525433
NY.GDP.DEFL.ZS.AD,MZ,2006,52.5237576761796
NY.GDP.DEFL.ZS.AD,MZ,2005,48.8768848939873
NY.GDP.DEFL.ZS.AD,MZ,2004,45.5384400065424
NY.GDP.DEFL.ZS.AD,MZ,2003,43.0443372108833
NY.GDP.DEFL.ZS.AD,MZ,2002,41.5324932711811
NY.GDP.DEFL.ZS.AD,MZ,2001,37.8146074173256
NY.GDP.DEFL.ZS.AD,MZ,2000,32.944698643044
NY.GDP.DEFL.ZS.AD,MZ,1999,29.5162258268841
NY.GDP.DEFL.ZS.AD,MZ,1998,27.0945702995846
NY.GDP.DEFL.ZS.AD,MZ,1997,25.5227605868904
NY.GDP.DEFL.ZS.AD,MZ,1996,23.0881083299449
NY.GDP.DEFL.ZS.AD,MZ,1995,15.5143291228367
NY.GDP.DEFL.ZS.AD,MR,2019,118.446083345626
NY.GDP.DEFL.ZS.AD,MR,2018,112.45445931706
NY.GDP.DEFL.ZS.AD,MR,2017,107.555872997944
NY.GDP.DEFL.ZS.AD,MR,2016,105.87881780851
NY.GDP.DEFL.ZS.AD,MR,2015,95.2060914217296
NY.GDP.DEFL.ZS.AD,MR,2014,100
NY.GDP.DEFL.ZS.AD,MR,2013,107.632796919055
NY.GDP.DEFL.ZS.AD,MR,2012,104.48499181619
NY.GDP.DEFL.ZS.AD,MR,2011,103.463032223653
NY.GDP.DEFL.ZS.AD,MR,2010,89.2663464455307
NY.GDP.DEFL.ZS.AD,MR,2009,72.9638993104416
NY.GDP.DEFL.ZS.AD,MR,2008,73.226730668728
NY.GDP.DEFL.ZS.AD,MR,2007,66.1390593344655
NY.GDP.DEFL.ZS.AD,MR,2006,60.7362171131732
NY.GDP.DEFL.ZS.AD,MR,2005,53.234859586628
NY.GDP.DEFL.ZS.AD,MR,2004,46.4587329738208
NY.GDP.DEFL.ZS.AD,MR,2003,41.8782792340203
NY.GDP.DEFL.ZS.AD,MR,2002,40.0804775812484
NY.GDP.DEFL.ZS.AD,MR,2001,37.5585026043456
NY.GDP.DEFL.ZS.AD,MR,2000,35.4906005495845
NY.GDP.DEFL.ZS.AD,MR,1999,33.3710117840911
NY.GDP.DEFL.ZS.AD,MR,1998,31.8503124677574
NY.GDP.DEFL.ZS.AD,MR,1997,26.8888803307916
NY.GDP.DEFL.ZS.AD,MR,1996,23.9914211870463
NY.GDP.DEFL.ZS.AD,MR,1995,23.5540082981761
NY.GDP.DEFL.ZS.AD,MW,2019,114.869667842685
NY.GDP.DEFL.ZS.AD,MW,2018,106.129094001148
NY.GDP.DEFL.ZS.AD,MW,2017,100
NY.GDP.DEFL.ZS.AD,MW,2016,90.4347826091665
NY.GDP.DEFL.ZS.AD,MW,2015,75.1789555335988
NY.GDP.DEFL.ZS.AD,MW,2014,62.7460360221842
NY.GDP.DEFL.ZS.AD,MW,2013,51.8693963823543
NY.GDP.DEFL.ZS.AD,MW,2012,40.8271630565948
NY.GDP.DEFL.ZS.AD,MW,2011,34.705240391357
NY.GDP.DEFL.ZS.AD,MW,2010,30.4458005163984
NY.GDP.DEFL.ZS.AD,MW,2009,27.1529071680269
NY.GDP.DEFL.ZS.AD,MW,2008,25.1649228195777
NY.GDP.DEFL.ZS.AD,MW,2007,22.4757714870201
NY.GDP.DEFL.ZS.AD,MW,2006,21.5906156481958
NY.GDP.DEFL.ZS.AD,MW,2005,17.9970899811097
NY.GDP.DEFL.ZS.AD,MW,2004,16.2514800255773
NY.GDP.DEFL.ZS.AD,MW,2003,14.1505942101193
NY.GDP.DEFL.ZS.AD,MW,2002,12.8238285148762
NY.GDP.DEFL.ZS.AD,MW,2001,7.90790600227522
NY.GDP.DEFL.ZS.AD,MW,2000,6.29497732686905
NY.GDP.DEFL.ZS.AD,MW,1999,4.82248269475985
NY.GDP.DEFL.ZS.AD,MW,1998,3.45225579629584
NY.GDP.DEFL.ZS.AD,MW,1997,2.88774545724204
NY.GDP.DEFL.ZS.AD,MW,1996,2.3898283195557
NY.GDP.DEFL.ZS.AD,MW,1995,1.56868889291179
NY.GDP.DEFL.ZS.AD,NE,2019,104.59787885306
NY.GDP.DEFL.ZS.AD,NE,2018,104.623388925752
NY.GDP.DEFL.ZS.AD,NE,2017,102.167600370519
NY.GDP.DEFL.ZS.AD,NE,2016,101.792721465576
NY.GDP.DEFL.ZS.AD,NE,2015,100
NY.GDP.DEFL.ZS.AD,NE,2014,97.8000596046225
NY.GDP.DEFL.ZS.AD,NE,2013,98.1984278891205
NY.GDP.DEFL.ZS.AD,NE,2012,98.5622943345657
NY.GDP.DEFL.ZS.AD,NE,2011,93.5940068208591
NY.GDP.DEFL.ZS.AD,NE,2010,90.0188149028952
NY.GDP.DEFL.ZS.AD,NE,2009,86.9956776827662
NY.GDP.DEFL.ZS.AD,NE,2008,83.4970991325624
NY.GDP.DEFL.ZS.AD,NE,2007,75.8174607924565
NY.GDP.DEFL.ZS.AD,NE,2006,70.8331706457356
NY.GDP.DEFL.ZS.AD,NE,2005,69.7889894733084
NY.GDP.DEFL.ZS.AD,NE,2004,64.2713668963209
NY.GDP.DEFL.ZS.AD,NE,2003,64.0236325539368
NY.GDP.DEFL.ZS.AD,NE,2002,64.1445330556273
NY.GDP.DEFL.ZS.AD,NE,2001,62.5359203719188
NY.GDP.DEFL.ZS.AD,NE,2000,59.5509181348517
NY.GDP.DEFL.ZS.AD,NE,1999,57.7164617502878
NY.GDP.DEFL.ZS.AD,NE,1998,57.498114593685
NY.GDP.DEFL.ZS.AD,NE,1997,54.2035355231731
NY.GDP.DEFL.ZS.AD,NE,1996,50.6614484908026
NY.GDP.DEFL.ZS.AD,NE,1995,47.3610311257626
NY.GDP.DEFL.ZS.AD,NG,2019,202.012580098559
NY.GDP.DEFL.ZS.AD,NG,2018,183.007640701348
NY.GDP.DEFL.ZS.AD,NG,2017,166.025724255929
NY.GDP.DEFL.ZS.AD,NG,2016,149.412653688506
NY.GDP.DEFL.ZS.AD,NG,2015,136.395515688896
NY.GDP.DEFL.ZS.AD,NG,2014,132.598343181544
NY.GDP.DEFL.ZS.AD,NG,2013,126.691209799203
NY.GDP.DEFL.ZS.AD,NG,2012,120.698820290057
NY.GDP.DEFL.ZS.AD,NG,2011,109.778458096759
NY.GDP.DEFL.ZS.AD,NG,2010,100
NY.GDP.DEFL.ZS.AD,NG,2009,78.8949894100645
NY.GDP.DEFL.ZS.AD,NG,2008,78.3573803056262
NY.GDP.DEFL.ZS.AD,NG,2007,72.6059795346195
NY.GDP.DEFL.ZS.AD,NG,2006,67.792868255732
NY.GDP.DEFL.ZS.AD,NG,2005,54.731527852606
NY.GDP.DEFL.ZS.AD,NG,2004,45.6634533557996
NY.GDP.DEFL.ZS.AD,NG,2003,37.8235174254815
NY.GDP.DEFL.ZS.AD,NG,2002,34.4462914797547
NY.GDP.DEFL.ZS.AD,NG,2001,28.442376089088
NY.GDP.DEFL.ZS.AD,NG,2000,25.8387412106387
NY.GDP.DEFL.ZS.AD,NG,1999,21.0629770952537
NY.GDP.DEFL.ZS.AD,NG,1998,18.5690478251454
NY.GDP.DEFL.ZS.AD,NG,1997,17.5164255067587
NY.GDP.DEFL.ZS.AD,NG,1996,16.673521324896
NY.GDP.DEFL.ZS.AD,NG,1995,13.181577725212
NY.GDP.DEFL.ZS.AD,NI,2019,240.814597252996
NY.GDP.DEFL.ZS.AD,NI,2018,228.487877558055
NY.GDP.DEFL.ZS.AD,NI,2017,222.570836064341
NY.GDP.DEFL.ZS.AD,NI,2016,213.756429354394
NY.GDP.DEFL.ZS.AD,NI,2015,204.374838360802
NY.GDP.DEFL.ZS.AD,NI,2014,189.960640833749
NY.GDP.DEFL.ZS.AD,NI,2013,175.25236226571
NY.GDP.DEFL.ZS.AD,NI,2012,167.946391082337
NY.GDP.DEFL.ZS.AD,NI,2011,158.077242075655
NY.GDP.DEFL.ZS.AD,NI,2010,143.427186848239
NY.GDP.DEFL.ZS.AD,NI,2009,135.132257341403
NY.GDP.DEFL.ZS.AD,NI,2008,127.441370713617
NY.GDP.DEFL.ZS.AD,NI,2007,109.674861856331
NY.GDP.DEFL.ZS.AD,NI,2006,100
NY.GDP.DEFL.ZS.AD,NI,2005,92.7059753931103
NY.GDP.DEFL.ZS.AD,NI,2004,84.3801104517434
NY.GDP.DEFL.ZS.AD,NI,2003,77.3768108203141
NY.GDP.DEFL.ZS.AD,NI,2002,73.4605710670009
NY.GDP.DEFL.ZS.AD,NI,2001,71.1493700535348
NY.GDP.DEFL.ZS.AD,NI,2000,66.3449913112145
NY.GDP.DEFL.ZS.AD,NI,1999,61.1101558132379
NY.GDP.DEFL.ZS.AD,NI,1998,55.948240954374
NY.GDP.DEFL.ZS.AD,NI,1997,49.0651433301943
NY.GDP.DEFL.ZS.AD,NI,1996,44.6948809174592
NY.GDP.DEFL.ZS.AD,NI,1995,40.777466053427
NY.GDP.DEFL.ZS.AD,NP,2019,164.929691439763
NY.GDP.DEFL.ZS.AD,NP,2018,157.539278241834
NY.GDP.DEFL.ZS.AD,NP,2017,150.963520931677
NY.GDP.DEFL.ZS.AD,NP,2016,139.443516740685
NY.GDP.DEFL.ZS.AD,NP,2015,130.138199770642
NY.GDP.DEFL.ZS.AD,NP,2014,124.642648757663
NY.GDP.DEFL.ZS.AD,NP,2013,115.372079668498
NY.GDP.DEFL.ZS.AD,NP,2012,107.74115002968
NY.GDP.DEFL.ZS.AD,NP,2011,100
NY.GDP.DEFL.ZS.AD,NP,2010,79.1156098484464
NY.GDP.DEFL.ZS.AD,NP,2009,68.7083955827331
NY.GDP.DEFL.ZS.AD,NP,2008,59.2782205197015
NY.GDP.DEFL.ZS.AD,NP,2007,56.1241262705318
NY.GDP.DEFL.ZS.AD,NP,2006,52.1583743611293
NY.GDP.DEFL.ZS.AD,NP,2005,48.5826707137945
NY.GDP.DEFL.ZS.AD,NP,2004,45.7811437919465
NY.GDP.DEFL.ZS.AD,NP,2003,43.9499990968228
NY.GDP.DEFL.ZS.AD,NP,2002,42.6407966006865
NY.GDP.DEFL.ZS.AD,NP,2001,41.0264635589963
NY.GDP.DEFL.ZS.AD,NP,2000,39.6726400389619
NY.GDP.DEFL.ZS.AD,NP,1999,37.974266155009
NY.GDP.DEFL.ZS.AD,NP,1998,34.8749158442455
NY.GDP.DEFL.ZS.AD,NP,1997,33.4988337744922
NY.GDP.DEFL.ZS.AD,NP,1996,31.2258734154993
NY.GDP.DEFL.ZS.AD,NP,1995,28.9602989314486
NY.GDP.DEFL.ZS.AD,PK,2019,117.787969289243
NY.GDP.DEFL.ZS.AD,PK,2018,108.026346868906
NY.GDP.DEFL.ZS.AD,PK,2017,104.029745993256
NY.GDP.DEFL.ZS.AD,PK,2016,100
NY.GDP.DEFL.ZS.AD,PK,2015,99.0862628228838
NY.GDP.DEFL.ZS.AD,PK,2014,94.8720643802864
NY.GDP.DEFL.ZS.AD,PK,2013,88.4919988319867
NY.GDP.DEFL.ZS.AD,PK,2012,82.4077467407085
NY.GDP.DEFL.ZS.AD,PK,2011,74.9718064842142
NY.GDP.DEFL.ZS.AD,PK,2010,64.4027064874612
NY.GDP.DEFL.ZS.AD,PK,2009,58.2362745442787
NY.GDP.DEFL.ZS.AD,PK,2008,51.8233310003367
NY.GDP.DEFL.ZS.AD,PK,2007,46.7211618151761
NY.GDP.DEFL.ZS.AD,PK,2006,42.3462348413628
NY.GDP.DEFL.ZS.AD,PK,2005,39.9501682959853
NY.GDP.DEFL.ZS.AD,PK,2004,37.8473391838858
NY.GDP.DEFL.ZS.AD,PK,2003,35.2884524620585
NY.GDP.DEFL.ZS.AD,PK,2002,34.0777852701855
NY.GDP.DEFL.ZS.AD,PK,2001,32.7918910804438
NY.GDP.DEFL.ZS.AD,PK,2000,30.9320133236896
NY.GDP.DEFL.ZS.AD,PK,1999,29.8223103783913
NY.GDP.DEFL.ZS.AD,PK,1998,28.1708542800704
NY.GDP.DEFL.ZS.AD,PK,1997,26.1991003234067
NY.GDP.DEFL.ZS.AD,PK,1996,23.1066221636343
NY.GDP.DEFL.ZS.AD,PK,1995,21.3212627730928
NY.GDP.DEFL.ZS.AD,PH,2019,100.697076301045
NY.GDP.DEFL.ZS.AD,PH,2018,100
NY.GDP.DEFL.ZS.AD,PH,2017,96.3942257034852
NY.GDP.DEFL.ZS.AD,PH,2016,94.2083471578382
NY.GDP.DEFL.ZS.AD,PH,2015,93.0174340313201
NY.GDP.DEFL.ZS.AD,PH,2014,93.6917171949971
NY.GDP.DEFL.ZS.AD,PH,2013,90.9160013887712
NY.GDP.DEFL.ZS.AD,PH,2012,89.0800060318934
NY.GDP.DEFL.ZS.AD,PH,2011,87.3383260076345
NY.GDP.DEFL.ZS.AD,PH,2010,84.0447745248384
NY.GDP.DEFL.ZS.AD,PH,2009,80.5251148731508
NY.GDP.DEFL.ZS.AD,PH,2008,78.3788979848131
NY.GDP.DEFL.ZS.AD,PH,2007,73.1288217772292
NY.GDP.DEFL.ZS.AD,PH,2006,70.8857899869574
NY.GDP.DEFL.ZS.AD,PH,2005,67.4386071387724
NY.GDP.DEFL.ZS.AD,PH,2004,63.6748543453429
NY.GDP.DEFL.ZS.AD,PH,2003,60.1325887422518
NY.GDP.DEFL.ZS.AD,PH,2002,58.2724554358197
NY.GDP.DEFL.ZS.AD,PH,2001,55.9069797906012
NY.GDP.DEFL.ZS.AD,PH,2000,52.9327608641775
NY.GDP.DEFL.ZS.AD,PH,1999,50.0229585980939
NY.GDP.DEFL.ZS.AD,PH,1998,47.0429567683642
NY.GDP.DEFL.ZS.AD,PH,1997,42.5891999658371
NY.GDP.DEFL.ZS.AD,PH,1996,40.0802501518688
NY.GDP.DEFL.ZS.AD,PH,1995,37.2185302122573
NY.GDP.DEFL.ZS.AD,PG,2019,127.590418259973
NY.GDP.DEFL.ZS.AD,PG,2018,126.246970169457
NY.GDP.DEFL.ZS.AD,PG,2017,114.981532984968
NY.GDP.DEFL.ZS.AD,PG,2016,106.761401471145
NY.GDP.DEFL.ZS.AD,PG,2015,104.139333494952
NY.GDP.DEFL.ZS.AD,PG,2014,105.437392654128
NY.GDP.DEFL.ZS.AD,PG,2013,100
NY.GDP.DEFL.ZS.AD,PG,2012,96.5372704815541
NY.GDP.DEFL.ZS.AD,PG,2011,97.0952960692026
NY.GDP.DEFL.ZS.AD,PG,2010,93.0168718059881
NY.GDP.DEFL.ZS.AD,PG,2009,84.6245216445726
NY.GDP.DEFL.ZS.AD,PG,2008,88.9654202640333
NY.GDP.DEFL.ZS.AD,PG,2007,82.5568803132987
NY.GDP.DEFL.ZS.AD,PG,2006,79.4983560213439
NY.GDP.DEFL.ZS.AD,PG,2005,72.6476332309485
NY.GDP.DEFL.ZS.AD,PG,2004,64.7585063815946
NY.GDP.DEFL.ZS.AD,PG,2003,66.0749654267699
NY.GDP.DEFL.ZS.AD,PG,2002,62.6069549283036
NY.GDP.DEFL.ZS.AD,PG,2001,55.7544878076529
NY.GDP.DEFL.ZS.AD,PG,2000,52.1489539748247
NY.GDP.DEFL.ZS.AD,PG,1999,46.1077268534665
NY.GDP.DEFL.ZS.AD,PG,1998,41.5127270170061
NY.GDP.DEFL.ZS.AD,PG,1997,36.2417760203254
NY.GDP.DEFL.ZS.AD,PG,1996,33.4252440933601
NY.GDP.DEFL.ZS.AD,PG,1995,32.8303973062335
NY.GDP.DEFL.ZS.AD,KP,2019,None
NY.GDP.DEFL.ZS.AD,KP,2018,None
NY.GDP.DEFL.ZS.AD,KP,2017,None
NY.GDP.DEFL.ZS.AD,KP,2016,None
NY.GDP.DEFL.ZS.AD,KP,2015,None
NY.GDP.DEFL.ZS.AD,KP,2014,None
NY.GDP.DEFL.ZS.AD,KP,2013,None
NY.GDP.DEFL.ZS.AD,KP,2012,None
NY.GDP.DEFL.ZS.AD,KP,2011,None
NY.GDP.DEFL.ZS.AD,KP,2010,None
NY.GDP.DEFL.ZS.AD,KP,2009,None
NY.GDP.DEFL.ZS.AD,KP,2008,None
NY.GDP.DEFL.ZS.AD,KP,2007,None
NY.GDP.DEFL.ZS.AD,KP,2006,None
NY.GDP.DEFL.ZS.AD,KP,2005,None
NY.GDP.DEFL.ZS.AD,KP,2004,None
NY.GDP.DEFL.ZS.AD,KP,2003,None
NY.GDP.DEFL.ZS.AD,KP,2002,None
NY.GDP.DEFL.ZS.AD,KP,2001,None
NY.GDP.DEFL.ZS.AD,KP,2000,None
NY.GDP.DEFL.ZS.AD,KP,1999,None
NY.GDP.DEFL.ZS.AD,KP,1998,None
NY.GDP.DEFL.ZS.AD,KP,1997,None
NY.GDP.DEFL.ZS.AD,KP,1996,None
NY.GDP.DEFL.ZS.AD,KP,1995,None
NY.GDP.DEFL.ZS.AD,PS,2019,108.241202855518
NY.GDP.DEFL.ZS.AD,PS,2018,104.228941739988
NY.GDP.DEFL.ZS.AD,PS,2017,104.544659004726
NY.GDP.DEFL.ZS.AD,PS,2016,101.278022483729
NY.GDP.DEFL.ZS.AD,PS,2015,100
NY.GDP.DEFL.ZS.AD,PS,2014,103.849722739791
NY.GDP.DEFL.ZS.AD,PS,2013,105.030262894728
NY.GDP.DEFL.ZS.AD,PS,2012,99.3303201727929
NY.GDP.DEFL.ZS.AD,PS,2011,96.5612017343256
NY.GDP.DEFL.ZS.AD,PS,2010,91.5968149016278
NY.GDP.DEFL.ZS.AD,PS,2009,80.9185474735831
NY.GDP.DEFL.ZS.AD,PS,2008,79.4466134776931
NY.GDP.DEFL.ZS.AD,PS,2007,67.8982395758987
NY.GDP.DEFL.ZS.AD,PS,2006,64.8068033254813
NY.GDP.DEFL.ZS.AD,PS,2005,61.4905426828746
NY.GDP.DEFL.ZS.AD,PS,2004,61.4559922917845
NY.GDP.DEFL.ZS.AD,PS,2003,64.5920556655224
NY.GDP.DEFL.ZS.AD,PS,2002,65.9948516260623
NY.GDP.DEFL.ZS.AD,PS,2001,65.0273347603059
NY.GDP.DEFL.ZS.AD,PS,2000,63.5375760459321
NY.GDP.DEFL.ZS.AD,PS,1999,57.5300861420567
NY.GDP.DEFL.ZS.AD,PS,1998,59.327312823579
NY.GDP.DEFL.ZS.AD,PS,1997,62.6954465373354
NY.GDP.DEFL.ZS.AD,PS,1996,65.1949552950992
NY.GDP.DEFL.ZS.AD,PS,1995,63.5331678852648
NY.GDP.DEFL.ZS.AD,RW,2019,101.852922232331
NY.GDP.DEFL.ZS.AD,RW,2018,99.3966712541609
NY.GDP.DEFL.ZS.AD,RW,2017,100
NY.GDP.DEFL.ZS.AD,RW,2016,92.4533719568327
NY.GDP.DEFL.ZS.AD,RW,2015,88.025570509614
NY.GDP.DEFL.ZS.AD,RW,2014,87.5999126895951
NY.GDP.DEFL.ZS.AD,RW,2013,83.6416687411662
NY.GDP.DEFL.ZS.AD,RW,2012,81.450892242382
NY.GDP.DEFL.ZS.AD,RW,2011,77.7775686843638
NY.GDP.DEFL.ZS.AD,RW,2010,72.5594787877089
NY.GDP.DEFL.ZS.AD,RW,2009,70.3183045273951
NY.GDP.DEFL.ZS.AD,RW,2008,65.6274747032905
NY.GDP.DEFL.ZS.AD,RW,2007,57.3396184819012
NY.GDP.DEFL.ZS.AD,RW,2006,50.7717388351511
NY.GDP.DEFL.ZS.AD,RW,2005,49.5519720858353
NY.GDP.DEFL.ZS.AD,RW,2004,45.4476659928306
NY.GDP.DEFL.ZS.AD,RW,2003,40.9088790209773
NY.GDP.DEFL.ZS.AD,RW,2002,33.9884175276178
NY.GDP.DEFL.ZS.AD,RW,2001,35.8630319581395
NY.GDP.DEFL.ZS.AD,RW,2000,36.0043961717044
NY.GDP.DEFL.ZS.AD,RW,1999,34.8625074228424
NY.GDP.DEFL.ZS.AD,RW,1998,36.1329791010131
NY.GDP.DEFL.ZS.AD,RW,1997,35.3454123925639
NY.GDP.DEFL.ZS.AD,RW,1996,30.5699300258657
NY.GDP.DEFL.ZS.AD,RW,1995,27.5599890418734
NY.GDP.DEFL.ZS.AD,SD,2019,9394.98741404506
NY.GDP.DEFL.ZS.AD,SD,2018,6181.77117043643
NY.GDP.DEFL.ZS.AD,SD,2017,3963.30070339588
NY.GDP.DEFL.ZS.AD,SD,2016,2944.01345174616
NY.GDP.DEFL.ZS.AD,SD,2015,2439.40764353514
NY.GDP.DEFL.ZS.AD,SD,2014,2139.40793674555
NY.GDP.DEFL.ZS.AD,SD,2013,1595.77537188958
NY.GDP.DEFL.ZS.AD,SD,2012,1169.67778845959
NY.GDP.DEFL.ZS.AD,SD,2011,898.86300945802
NY.GDP.DEFL.ZS.AD,SD,2010,711.529130006618
NY.GDP.DEFL.ZS.AD,SD,2009,580.037905599872
NY.GDP.DEFL.ZS.AD,SD,2008,569.434288111142
NY.GDP.DEFL.ZS.AD,SD,2007,522.93963801837
NY.GDP.DEFL.ZS.AD,SD,2006,453.520909128241
NY.GDP.DEFL.ZS.AD,SD,2005,421.283243955309
NY.GDP.DEFL.ZS.AD,SD,2004,356.8551733091
NY.GDP.DEFL.ZS.AD,SD,2003,304.291812032169
NY.GDP.DEFL.ZS.AD,SD,2002,277.132989403558
NY.GDP.DEFL.ZS.AD,SD,2001,250.117238154997
NY.GDP.DEFL.ZS.AD,SD,2000,206.479812970592
NY.GDP.DEFL.ZS.AD,SD,1999,187.959869657773
NY.GDP.DEFL.ZS.AD,SD,1998,162.281180462539
NY.GDP.DEFL.ZS.AD,SD,1997,137.921169977767
NY.GDP.DEFL.ZS.AD,SD,1996,100
NY.GDP.DEFL.ZS.AD,SD,1995,75.436254383629
NY.GDP.DEFL.ZS.AD,SN,2019,103.907929657529
NY.GDP.DEFL.ZS.AD,SN,2018,101.784898362616
NY.GDP.DEFL.ZS.AD,SN,2017,102.646766253698
NY.GDP.DEFL.ZS.AD,SN,2016,102.035657531319
NY.GDP.DEFL.ZS.AD,SN,2015,101.069784619646
NY.GDP.DEFL.ZS.AD,SN,2014,100
NY.GDP.DEFL.ZS.AD,SN,2013,101.539191722068
NY.GDP.DEFL.ZS.AD,SN,2012,100.348922575133
NY.GDP.DEFL.ZS.AD,SN,2011,97.1675486175666
NY.GDP.DEFL.ZS.AD,SN,2010,93.5585550646654
NY.GDP.DEFL.ZS.AD,SN,2009,92.0811899138836
NY.GDP.DEFL.ZS.AD,SN,2008,93.6631975518463
NY.GDP.DEFL.ZS.AD,SN,2007,86.5516446823608
NY.GDP.DEFL.ZS.AD,SN,2006,81.2015106401352
NY.GDP.DEFL.ZS.AD,SN,2005,78.9241603068593
NY.GDP.DEFL.ZS.AD,SN,2004,75.3662127798861
NY.GDP.DEFL.ZS.AD,SN,2003,75.4680456710467
NY.GDP.DEFL.ZS.AD,SN,2002,76.1710126622088
NY.GDP.DEFL.ZS.AD,SN,2001,74.7473409396659
NY.GDP.DEFL.ZS.AD,SN,2000,69.8606348075027
NY.GDP.DEFL.ZS.AD,SN,1999,68.9582064472799
NY.GDP.DEFL.ZS.AD,SN,1998,69.3224597332747
NY.GDP.DEFL.ZS.AD,SN,1997,67.4480573730609
NY.GDP.DEFL.ZS.AD,SN,1996,66.1399226866361
NY.GDP.DEFL.ZS.AD,SN,1995,63.4974646827467
NY.GDP.DEFL.ZS.AD,SB,2019,123.267511177347
NY.GDP.DEFL.ZS.AD,SB,2018,121.756148414917
NY.GDP.DEFL.ZS.AD,SB,2017,112.885729587614
NY.GDP.DEFL.ZS.AD,SB,2016,110.05008481296
NY.GDP.DEFL.ZS.AD,SB,2015,109.671780311056
NY.GDP.DEFL.ZS.AD,SB,2014,106.108884867287
NY.GDP.DEFL.ZS.AD,SB,2013,102.352274337537
NY.GDP.DEFL.ZS.AD,SB,2012,100
NY.GDP.DEFL.ZS.AD,SB,2011,95.5546152309085
NY.GDP.DEFL.ZS.AD,SB,2010,91.4601037970528
NY.GDP.DEFL.ZS.AD,SB,2009,89.8912516450786
NY.GDP.DEFL.ZS.AD,SB,2008,85.7142857142857
NY.GDP.DEFL.ZS.AD,SB,2007,80.5364657443008
NY.GDP.DEFL.ZS.AD,SB,2006,73.6876784537668
NY.GDP.DEFL.ZS.AD,SB,2005,68.0128739237694
NY.GDP.DEFL.ZS.AD,SB,2004,61.4392956116042
NY.GDP.DEFL.ZS.AD,SB,2003,59.211271861897
NY.GDP.DEFL.ZS.AD,SB,2002,55.7262461172386
NY.GDP.DEFL.ZS.AD,SB,2001,50.0779071153686
NY.GDP.DEFL.ZS.AD,SB,2000,45.5638913737857
NY.GDP.DEFL.ZS.AD,SB,1999,43.1643572194982
NY.GDP.DEFL.ZS.AD,SB,1998,40.0877881591105
NY.GDP.DEFL.ZS.AD,SB,1997,36.0655158338807
NY.GDP.DEFL.ZS.AD,SB,1996,33.2483123686068
NY.GDP.DEFL.ZS.AD,SB,1995,29.6637740342668
NY.GDP.DEFL.ZS.AD,SL,2019,359.799588664732
NY.GDP.DEFL.ZS.AD,SL,2018,334.067116906083
NY.GDP.DEFL.ZS.AD,SL,2017,293.014178117266
NY.GDP.DEFL.ZS.AD,SL,2016,268.928903806579
NY.GDP.DEFL.ZS.AD,SL,2015,254.06193854925
NY.GDP.DEFL.ZS.AD,SL,2014,212.354749094055
NY.GDP.DEFL.ZS.AD,SL,2013,208.60945022899
NY.GDP.DEFL.ZS.AD,SL,2012,195.036563757957
NY.GDP.DEFL.ZS.AD,SL,2011,174.075730762065
NY.GDP.DEFL.ZS.AD,SL,2010,148.408337143816
NY.GDP.DEFL.ZS.AD,SL,2009,126.376035589242
NY.GDP.DEFL.ZS.AD,SL,2008,116.424027888131
NY.GDP.DEFL.ZS.AD,SL,2007,106.60201902152
NY.GDP.DEFL.ZS.AD,SL,2006,100
NY.GDP.DEFL.ZS.AD,SL,2005,88.8944277532714
NY.GDP.DEFL.ZS.AD,SL,2004,76.2284807124519
NY.GDP.DEFL.ZS.AD,SL,2003,67.5625963788851
NY.GDP.DEFL.ZS.AD,SL,2002,59.6854921180968
NY.GDP.DEFL.ZS.AD,SL,2001,62.1297814470049
NY.GDP.DEFL.ZS.AD,SL,2000,36.2585770603377
NY.GDP.DEFL.ZS.AD,SL,1999,35.1066773481462
NY.GDP.DEFL.ZS.AD,SL,1998,29.956074290752
NY.GDP.DEFL.ZS.AD,SL,1997,24.2020153917566
NY.GDP.DEFL.ZS.AD,SL,1996,23.6688118849449
NY.GDP.DEFL.ZS.AD,SL,1995,18.265722307479
NY.GDP.DEFL.ZS.AD,SO,2019,87.0801282997025
NY.GDP.DEFL.ZS.AD,SO,2018,75.7892022921514
NY.GDP.DEFL.ZS.AD,SO,2017,75.0320918695213
NY.GDP.DEFL.ZS.AD,SO,2016,73.4695673515744
NY.GDP.DEFL.ZS.AD,SO,2015,71.3044884954253
NY.GDP.DEFL.ZS.AD,SO,2014,66.7025029434326
NY.GDP.DEFL.ZS.AD,SO,2013,61.030633683048
NY.GDP.DEFL.ZS.AD,SO,2012,48.0140663977187
NY.GDP.DEFL.ZS.AD,SO,2011,49.0219800820433
NY.GDP.DEFL.ZS.AD,SO,2010,50.4797328252233
NY.GDP.DEFL.ZS.AD,SO,2009,59.6312883990667
NY.GDP.DEFL.ZS.AD,SO,2008,58.2472568505467
NY.GDP.DEFL.ZS.AD,SO,2007,57.0716438317046
NY.GDP.DEFL.ZS.AD,SO,2006,55.1325386025954
NY.GDP.DEFL.ZS.AD,SO,2005,59.1981274731968
NY.GDP.DEFL.ZS.AD,SO,2004,51.0048149566596
NY.GDP.DEFL.ZS.AD,SO,2003,47.7592771100308
NY.GDP.DEFL.ZS.AD,SO,2002,44.9374423792767
NY.GDP.DEFL.ZS.AD,SO,2001,41.7167171212117
NY.GDP.DEFL.ZS.AD,SO,2000,38.5397375278621
NY.GDP.DEFL.ZS.AD,SO,1999,33.6269133127358
NY.GDP.DEFL.ZS.AD,SO,1998,29.3973192387749
NY.GDP.DEFL.ZS.AD,SO,1997,24.1049269962819
NY.GDP.DEFL.ZS.AD,SO,1996,18.0411102116483
NY.GDP.DEFL.ZS.AD,SO,1995,13.8849998170971
NY.GDP.DEFL.ZS.AD,SS,2019,None
NY.GDP.DEFL.ZS.AD,SS,2018,None
NY.GDP.DEFL.ZS.AD,SS,2017,None
NY.GDP.DEFL.ZS.AD,SS,2016,None
NY.GDP.DEFL.ZS.AD,SS,2015,270.492125013458
NY.GDP.DEFL.ZS.AD,SS,2014,229.835720958347
NY.GDP.DEFL.ZS.AD,SS,2013,313.556089063221
NY.GDP.DEFL.ZS.AD,SS,2012,229.690961237275
NY.GDP.DEFL.ZS.AD,SS,2011,156.778249885648
NY.GDP.DEFL.ZS.AD,SS,2010,112.925502281573
NY.GDP.DEFL.ZS.AD,SS,2009,99.9992028882911
NY.GDP.DEFL.ZS.AD,SS,2008,113.415495612731
NY.GDP.DEFL.ZS.AD,SS,2007,None
NY.GDP.DEFL.ZS.AD,SS,2006,None
NY.GDP.DEFL.ZS.AD,SS,2005,None
NY.GDP.DEFL.ZS.AD,SS,2004,None
NY.GDP.DEFL.ZS.AD,SS,2003,None
NY.GDP.DEFL.ZS.AD,SS,2002,None
NY.GDP.DEFL.ZS.AD,SS,2001,None
NY.GDP.DEFL.ZS.AD,SS,2000,None
NY.GDP.DEFL.ZS.AD,SS,1999,None
NY.GDP.DEFL.ZS.AD,SS,1998,None
NY.GDP.DEFL.ZS.AD,SS,1997,None
NY.GDP.DEFL.ZS.AD,SS,1996,None
NY.GDP.DEFL.ZS.AD,SS,1995,None
NY.GDP.DEFL.ZS.AD,ST,2019,229.383795232896
NY.GDP.DEFL.ZS.AD,ST,2018,206.161069479138
NY.GDP.DEFL.ZS.AD,ST,2017,189.278123895192
NY.GDP.DEFL.ZS.AD,ST,2016,181.856933762704
NY.GDP.DEFL.ZS.AD,ST,2015,169.874853943396
NY.GDP.DEFL.ZS.AD,ST,2014,162.553898471701
NY.GDP.DEFL.ZS.AD,ST,2013,155.371540440891
NY.GDP.DEFL.ZS.AD,ST,2012,144.932713066519
NY.GDP.DEFL.ZS.AD,ST,2011,136.128231893558
NY.GDP.DEFL.ZS.AD,ST,2010,121.890577314454
NY.GDP.DEFL.ZS.AD,ST,2009,113.953332831159
NY.GDP.DEFL.ZS.AD,ST,2008,100
NY.GDP.DEFL.ZS.AD,ST,2007,77.6227044199643
NY.GDP.DEFL.ZS.AD,ST,2006,70.8219670326675
NY.GDP.DEFL.ZS.AD,ST,2005,62.4945666970151
NY.GDP.DEFL.ZS.AD,ST,2004,52.4756200357986
NY.GDP.DEFL.ZS.AD,ST,2003,45.6948108934686
NY.GDP.DEFL.ZS.AD,ST,2002,40.1395748970534
NY.GDP.DEFL.ZS.AD,ST,2001,35.9948369939822
NY.GDP.DEFL.ZS.AD,ST,2000,33.5821379963074
NY.GDP.DEFL.ZS.AD,ST,1999,30.5358745395164
NY.GDP.DEFL.ZS.AD,ST,1998,28.2989039070879
NY.GDP.DEFL.ZS.AD,ST,1997,24.395601845309
NY.GDP.DEFL.ZS.AD,ST,1996,17.5364133049362
NY.GDP.DEFL.ZS.AD,ST,1995,8.80183149036251
NY.GDP.DEFL.ZS.AD,SZ,2019,151.595748713683
NY.GDP.DEFL.ZS.AD,SZ,2018,148.060384971849
NY.GDP.DEFL.ZS.AD,SZ,2017,143.985579061978
NY.GDP.DEFL.ZS.AD,SZ,2016,140.503714512074
NY.GDP.DEFL.ZS.AD,SZ,2015,131.015837011779
NY.GDP.DEFL.ZS.AD,SZ,2014,124.132603777617
NY.GDP.DEFL.ZS.AD,SZ,2013,115.852902840591
NY.GDP.DEFL.ZS.AD,SZ,2012,108.748373501946
NY.GDP.DEFL.ZS.AD,SZ,2011,100
NY.GDP.DEFL.ZS.AD,SZ,2010,94.929848855608
NY.GDP.DEFL.ZS.AD,SZ,2009,91.988805346113
NY.GDP.DEFL.ZS.AD,SZ,2008,83.8014655950725
NY.GDP.DEFL.ZS.AD,SZ,2007,75.8895434947408
NY.GDP.DEFL.ZS.AD,SZ,2006,72.2659152314496
NY.GDP.DEFL.ZS.AD,SZ,2005,69.4589659311493
NY.GDP.DEFL.ZS.AD,SZ,2004,65.1849068882999
NY.GDP.DEFL.ZS.AD,SZ,2003,62.755462303762
NY.GDP.DEFL.ZS.AD,SZ,2002,59.2001970301206
NY.GDP.DEFL.ZS.AD,SZ,2001,54.3545297028203
NY.GDP.DEFL.ZS.AD,SZ,2000,49.8928059778355
NY.GDP.DEFL.ZS.AD,SZ,1999,39.8050383165796
NY.GDP.DEFL.ZS.AD,SZ,1998,37.7764221418281
NY.GDP.DEFL.ZS.AD,SZ,1997,35.1718489517679
NY.GDP.DEFL.ZS.AD,SZ,1996,31.5882160131825
NY.GDP.DEFL.ZS.AD,SZ,1995,29.3346231522134
NY.GDP.DEFL.ZS.AD,SY,2019,1699.14785728803
NY.GDP.DEFL.ZS.AD,SY,2018,1417.94930994931
NY.GDP.DEFL.ZS.AD,SY,2017,1252.73885751758
NY.GDP.DEFL.ZS.AD,SY,2016,912.935645054123
NY.GDP.DEFL.ZS.AD,SY,2015,667.004236000145
NY.GDP.DEFL.ZS.AD,SY,2014,482.586129220329
NY.GDP.DEFL.ZS.AD,SY,2013,352.009623588671
NY.GDP.DEFL.ZS.AD,SY,2012,267.139034363381
NY.GDP.DEFL.ZS.AD,SY,2011,211.60155114101
NY.GDP.DEFL.ZS.AD,SY,2010,189.651176405648
NY.GDP.DEFL.ZS.AD,SY,2009,177.411113386781
NY.GDP.DEFL.ZS.AD,SY,2008,182.484592058537
NY.GDP.DEFL.ZS.AD,SY,2007,157.381969636318
NY.GDP.DEFL.ZS.AD,SY,2006,142.081158241865
NY.GDP.DEFL.ZS.AD,SY,2005,130.234379660296
NY.GDP.DEFL.ZS.AD,SY,2004,116.332163789945
NY.GDP.DEFL.ZS.AD,SY,2003,105.44366000856
NY.GDP.DEFL.ZS.AD,SY,2002,106.974074136436
NY.GDP.DEFL.ZS.AD,SY,2001,106.554118436008
NY.GDP.DEFL.ZS.AD,SY,2000,100
NY.GDP.DEFL.ZS.AD,SY,1999,91.1568835192621
NY.GDP.DEFL.ZS.AD,SY,1998,84.8427212560832
NY.GDP.DEFL.ZS.AD,SY,1997,85.4560500837289
NY.GDP.DEFL.ZS.AD,SY,1996,83.1631406301724
NY.GDP.DEFL.ZS.AD,SY,1995,75.4854548627453
NY.GDP.DEFL.ZS.AD,TD,2019,122.643911032552
NY.GDP.DEFL.ZS.AD,TD,2018,119.238421043545
NY.GDP.DEFL.ZS.AD,TD,2017,113.544550414599
NY.GDP.DEFL.ZS.AD,TD,2016,113.512480966647
NY.GDP.DEFL.ZS.AD,TD,2015,115.12519998869
NY.GDP.DEFL.ZS.AD,TD,2014,125.792418813764
NY.GDP.DEFL.ZS.AD,TD,2013,124.985282193608
NY.GDP.DEFL.ZS.AD,TD,2012,130.385004259966
NY.GDP.DEFL.ZS.AD,TD,2011,128.969887697139
NY.GDP.DEFL.ZS.AD,TD,2010,118.778240764109
NY.GDP.DEFL.ZS.AD,TD,2009,111.642923746489
NY.GDP.DEFL.ZS.AD,TD,2008,123.442488105488
NY.GDP.DEFL.ZS.AD,TD,2007,113.616041429408
NY.GDP.DEFL.ZS.AD,TD,2006,109.984427920414
NY.GDP.DEFL.ZS.AD,TD,2005,100
NY.GDP.DEFL.ZS.AD,TD,2004,81.3
NY.GDP.DEFL.ZS.AD,TD,2003,74.0880766025116
NY.GDP.DEFL.ZS.AD,TD,2002,74.0295897530708
NY.GDP.DEFL.ZS.AD,TD,2001,72.6436795132946
NY.GDP.DEFL.ZS.AD,TD,2000,63.8358329514548
NY.GDP.DEFL.ZS.AD,TD,1999,60.6286933824164
NY.GDP.DEFL.ZS.AD,TD,1998,65.5962063793361
NY.GDP.DEFL.ZS.AD,TD,1997,61.4487771865892
NY.GDP.DEFL.ZS.AD,TD,1996,59.2090267295015
NY.GDP.DEFL.ZS.AD,TD,1995,53.1220594755425
NY.GDP.DEFL.ZS.AD,TG,2019,99.5771823126909
NY.GDP.DEFL.ZS.AD,TG,2018,99.5652906884292
NY.GDP.DEFL.ZS.AD,TG,2017,99.1150484664224
NY.GDP.DEFL.ZS.AD,TG,2016,100
NY.GDP.DEFL.ZS.AD,TG,2015,98.5631806922436
NY.GDP.DEFL.ZS.AD,TG,2014,96.4389099512497
NY.GDP.DEFL.ZS.AD,TG,2013,95.9783331801761
NY.GDP.DEFL.ZS.AD,TG,2012,94.3894975186665
NY.GDP.DEFL.ZS.AD,TG,2011,92.7657330543027
NY.GDP.DEFL.ZS.AD,TG,2010,90.2218424414397
NY.GDP.DEFL.ZS.AD,TG,2009,90.3061305636161
NY.GDP.DEFL.ZS.AD,TG,2008,87.5761796567722
NY.GDP.DEFL.ZS.AD,TG,2007,80.2904633083785
NY.GDP.DEFL.ZS.AD,TG,2006,76.4934856599053
NY.GDP.DEFL.ZS.AD,TG,2005,76.8846464706751
NY.GDP.DEFL.ZS.AD,TG,2004,72.617526075791
NY.GDP.DEFL.ZS.AD,TG,2003,74.0299350390732
NY.GDP.DEFL.ZS.AD,TG,2002,76.2355099045665
NY.GDP.DEFL.ZS.AD,TG,2001,72.5859911107232
NY.GDP.DEFL.ZS.AD,TG,2000,71.418966997926
NY.GDP.DEFL.ZS.AD,TG,1999,64.8971554377512
NY.GDP.DEFL.ZS.AD,TG,1998,64.1814506230396
NY.GDP.DEFL.ZS.AD,TG,1997,58.5828983385637
NY.GDP.DEFL.ZS.AD,TG,1996,57.4139308743692
NY.GDP.DEFL.ZS.AD,TG,1995,54.4786600029025
NY.GDP.DEFL.ZS.AD,TJ,2019,1092.19981804079
NY.GDP.DEFL.ZS.AD,TJ,2018,1053.65009126127
NY.GDP.DEFL.ZS.AD,TJ,2017,1028.02926268784
NY.GDP.DEFL.ZS.AD,TJ,2016,936.227757557127
NY.GDP.DEFL.ZS.AD,TJ,2015,931.186409717782
NY.GDP.DEFL.ZS.AD,TJ,2014,871.356860974967
NY.GDP.DEFL.ZS.AD,TJ,2013,831.711967984394
NY.GDP.DEFL.ZS.AD,TJ,2012,802.555066570075
NY.GDP.DEFL.ZS.AD,TJ,2011,717.409239182052
NY.GDP.DEFL.ZS.AD,TJ,2010,633.058300290311
NY.GDP.DEFL.ZS.AD,TJ,2009,562.910290270803
NY.GDP.DEFL.ZS.AD,TJ,2008,502.032783390021
NY.GDP.DEFL.ZS.AD,TJ,2007,391.712798197884
NY.GDP.DEFL.ZS.AD,TJ,2006,307.858335302683
NY.GDP.DEFL.ZS.AD,TJ,2005,254.297152924137
NY.GDP.DEFL.ZS.AD,TJ,2004,232.204466136055
NY.GDP.DEFL.ZS.AD,TJ,2003,197.73596596453
NY.GDP.DEFL.ZS.AD,TJ,2002,155.591675225369
NY.GDP.DEFL.ZS.AD,TJ,2001,130.947706315931
NY.GDP.DEFL.ZS.AD,TJ,2000,100
NY.GDP.DEFL.ZS.AD,TJ,1999,81.5448684420571
NY.GDP.DEFL.ZS.AD,TJ,1998,64.4617637626305
NY.GDP.DEFL.ZS.AD,TJ,1997,34.3107391620406
NY.GDP.DEFL.ZS.AD,TJ,1996,20.7627775910654
NY.GDP.DEFL.ZS.AD,TJ,1995,3.91445689125835
NY.GDP.DEFL.ZS.AD,TL,2019,103.560817944055
NY.GDP.DEFL.ZS.AD,TL,2018,98.7477569611442
NY.GDP.DEFL.ZS.AD,TL,2017,100.070491031585
NY.GDP.DEFL.ZS.AD,TL,2016,100.222519451197
NY.GDP.DEFL.ZS.AD,TL,2015,99.999993731214
NY.GDP.DEFL.ZS.AD,TL,2014,93.2812036726704
NY.GDP.DEFL.ZS.AD,TL,2013,93.9653192172911
NY.GDP.DEFL.ZS.AD,TL,2012,80.5582040668546
NY.GDP.DEFL.ZS.AD,TL,2011,75.8834303238175
NY.GDP.DEFL.ZS.AD,TL,2010,68.0168264095315
NY.GDP.DEFL.ZS.AD,TL,2009,61.2964111295475
NY.GDP.DEFL.ZS.AD,TL,2008,60.2332189949991
NY.GDP.DEFL.ZS.AD,TL,2007,56.1579678671896
NY.GDP.DEFL.ZS.AD,TL,2006,51.7692240384345
NY.GDP.DEFL.ZS.AD,TL,2005,50.5654633995229
NY.GDP.DEFL.ZS.AD,TL,2004,49.6530990267127
NY.GDP.DEFL.ZS.AD,TL,2003,55.4691075049012
NY.GDP.DEFL.ZS.AD,TL,2002,51.9371517488548
NY.GDP.DEFL.ZS.AD,TL,2001,49.2799578382004
NY.GDP.DEFL.ZS.AD,TL,2000,44.065262227991
NY.GDP.DEFL.ZS.AD,TL,1999,42.782269789547
NY.GDP.DEFL.ZS.AD,TL,1998,39.9143408190929
NY.GDP.DEFL.ZS.AD,TL,1997,38.4246986692445
NY.GDP.DEFL.ZS.AD,TL,1996,38.3361313087748
NY.GDP.DEFL.ZS.AD,TL,1995,35.4438779040674
NY.GDP.DEFL.ZS.AD,TN,2019,127.050521113981
NY.GDP.DEFL.ZS.AD,TN,2018,118.589447233351
NY.GDP.DEFL.ZS.AD,TN,2017,109.881498149862
NY.GDP.DEFL.ZS.AD,TN,2016,104.93498299841
NY.GDP.DEFL.ZS.AD,TN,2015,100.000018485074
NY.GDP.DEFL.ZS.AD,TN,2014,95.9565624025983
NY.GDP.DEFL.ZS.AD,TN,2013,91.6800016047235
NY.GDP.DEFL.ZS.AD,TN,2012,87.731832117005
NY.GDP.DEFL.ZS.AD,TN,2011,83.8241106878555
NY.GDP.DEFL.ZS.AD,TN,2010,80.1599097810575
NY.GDP.DEFL.ZS.AD,TN,2009,77.2142945176553
NY.GDP.DEFL.ZS.AD,TN,2008,74.9485656725653
NY.GDP.DEFL.ZS.AD,TN,2007,70.4799107954068
NY.GDP.DEFL.ZS.AD,TN,2006,69.0123787361475
NY.GDP.DEFL.ZS.AD,TN,2005,66.4642546054338
NY.GDP.DEFL.ZS.AD,TN,2004,63.8000683349377
NY.GDP.DEFL.ZS.AD,TN,2003,61.7310835004977
NY.GDP.DEFL.ZS.AD,TN,2002,60.1170862593715
NY.GDP.DEFL.ZS.AD,TN,2001,58.7742114121755
NY.GDP.DEFL.ZS.AD,TN,2000,56.5606658377615
NY.GDP.DEFL.ZS.AD,TN,1999,54.7624958004196
NY.GDP.DEFL.ZS.AD,TN,1998,52.9815634814235
NY.GDP.DEFL.ZS.AD,TN,1997,51.3030925279943
NY.GDP.DEFL.ZS.AD,TN,1996,49.3526377179102
NY.GDP.DEFL.ZS.AD,TN,1995,47.2923034716823
NY.GDP.DEFL.ZS.AD,TZ,2019,116.254084418822
NY.GDP.DEFL.ZS.AD,TZ,2018,113.66212321107
NY.GDP.DEFL.ZS.AD,TZ,2017,110.307279272753
NY.GDP.DEFL.ZS.AD,TZ,2016,107.472033826728
NY.GDP.DEFL.ZS.AD,TZ,2015,100.000000148067
NY.GDP.DEFL.ZS.AD,TZ,2014,92.9442628187056
NY.GDP.DEFL.ZS.AD,TZ,2013,87.6412272238505
NY.GDP.DEFL.ZS.AD,TZ,2012,79.916364702843
NY.GDP.DEFL.ZS.AD,TZ,2011,72.333044945647
NY.GDP.DEFL.ZS.AD,TZ,2010,64.4688606933797
NY.GDP.DEFL.ZS.AD,TZ,2009,58.9140244909297
NY.GDP.DEFL.ZS.AD,TZ,2008,54.0289125871964
NY.GDP.DEFL.ZS.AD,TZ,2007,46.4242672761767
NY.GDP.DEFL.ZS.AD,TZ,2006,42.5522704363416
NY.GDP.DEFL.ZS.AD,TZ,2005,40.3300464475876
NY.GDP.DEFL.ZS.AD,TZ,2004,37.8948468436067
NY.GDP.DEFL.ZS.AD,TZ,2003,35.4536426263388
NY.GDP.DEFL.ZS.AD,TZ,2002,32.7006764534692
NY.GDP.DEFL.ZS.AD,TZ,2001,30.4949661930712
NY.GDP.DEFL.ZS.AD,TZ,2000,29.0938169263499
NY.GDP.DEFL.ZS.AD,TZ,1999,26.888650655448
NY.GDP.DEFL.ZS.AD,TZ,1998,24.1067335982141
NY.GDP.DEFL.ZS.AD,TZ,1997,21.1051370290604
NY.GDP.DEFL.ZS.AD,TZ,1996,17.5019665459174
NY.GDP.DEFL.ZS.AD,TZ,1995,14.6688712391201
NY.GDP.DEFL.ZS.AD,UG,2019,107.576699171176
NY.GDP.DEFL.ZS.AD,UG,2018,104.443385271664
NY.GDP.DEFL.ZS.AD,UG,2017,100
NY.GDP.DEFL.ZS.AD,UG,2016,95.5574840065791
NY.GDP.DEFL.ZS.AD,UG,2015,91.1973389654348
NY.GDP.DEFL.ZS.AD,UG,2014,86.6994908755232
NY.GDP.DEFL.ZS.AD,UG,2013,82.4874292352235
NY.GDP.DEFL.ZS.AD,UG,2012,79.6311354001411
NY.GDP.DEFL.ZS.AD,UG,2011,76.688257561025
NY.GDP.DEFL.ZS.AD,UG,2010,70.1043029434793
NY.GDP.DEFL.ZS.AD,UG,2009,66.3630139458511
NY.GDP.DEFL.ZS.AD,UG,2008,57.925286231161
NY.GDP.DEFL.ZS.AD,UG,2007,54.4593430343444
NY.GDP.DEFL.ZS.AD,UG,2006,50.7442322890065
NY.GDP.DEFL.ZS.AD,UG,2005,49.5521946766804
NY.GDP.DEFL.ZS.AD,UG,2004,50.4302792821582
NY.GDP.DEFL.ZS.AD,UG,2003,43.6295079265726
NY.GDP.DEFL.ZS.AD,UG,2002,40.4701112131566
NY.GDP.DEFL.ZS.AD,UG,2001,41.7948216308729
NY.GDP.DEFL.ZS.AD,UG,2000,39.9818541264576
NY.GDP.DEFL.ZS.AD,UG,1999,35.9816626302486
NY.GDP.DEFL.ZS.AD,UG,1998,36.0224149866561
NY.GDP.DEFL.ZS.AD,UG,1997,33.1131874114868
NY.GDP.DEFL.ZS.AD,UG,1996,32.1190175719108
NY.GDP.DEFL.ZS.AD,UG,1995,30.7145983130711
NY.GDP.DEFL.ZS.AD,UZ,2019,384.083056427309
NY.GDP.DEFL.ZS.AD,UZ,2018,326.005637512918
NY.GDP.DEFL.ZS.AD,UZ,2017,256.854305759763
NY.GDP.DEFL.ZS.AD,UZ,2016,215.731892191148
NY.GDP.DEFL.ZS.AD,UZ,2015,198.04568292603
NY.GDP.DEFL.ZS.AD,UZ,2014,179.225727788606
NY.GDP.DEFL.ZS.AD,UZ,2013,157.181194706488
NY.GDP.DEFL.ZS.AD,UZ,2012,140.355526503506
NY.GDP.DEFL.ZS.AD,UZ,2011,121.626509936149
NY.GDP.DEFL.ZS.AD,UZ,2010,100
NY.GDP.DEFL.ZS.AD,UZ,2009,71.7521511400144
NY.GDP.DEFL.ZS.AD,UZ,2008,61.1898289587662
NY.GDP.DEFL.ZS.AD,UZ,2007,48.2601656624603
NY.GDP.DEFL.ZS.AD,UZ,2006,39.5909055185122
NY.GDP.DEFL.ZS.AD,UZ,2005,32.0662911197061
NY.GDP.DEFL.ZS.AD,UZ,2004,26.407034740774
NY.GDP.DEFL.ZS.AD,UZ,2003,22.7807348811722
NY.GDP.DEFL.ZS.AD,UZ,2002,17.9708136776259
NY.GDP.DEFL.ZS.AD,UZ,2001,12.3525071156005
NY.GDP.DEFL.ZS.AD,UZ,2000,8.50492402758071
NY.GDP.DEFL.ZS.AD,UZ,1999,5.77416866098091
NY.GDP.DEFL.ZS.AD,UZ,1998,4.00662950113019
NY.GDP.DEFL.ZS.AD,UZ,1997,2.88250966286313
NY.GDP.DEFL.ZS.AD,UZ,1996,1.73554130423621
NY.GDP.DEFL.ZS.AD,UZ,1995,0.955930087091835
NY.GDP.DEFL.ZS.AD,VN,2019,158.37855419817
NY.GDP.DEFL.ZS.AD,VN,2018,154.631482454076
NY.GDP.DEFL.ZS.AD,VN,2017,149.219806374716
NY.GDP.DEFL.ZS.AD,VN,2016,142.981631947039
NY.GDP.DEFL.ZS.AD,VN,2015,140.426520946263
NY.GDP.DEFL.ZS.AD,VN,2014,142.879056681767
NY.GDP.DEFL.ZS.AD,VN,2013,137.783628020144
NY.GDP.DEFL.ZS.AD,VN,2012,132.43520111857
NY.GDP.DEFL.ZS.AD,VN,2011,121.413679281818
NY.GDP.DEFL.ZS.AD,VN,2010,100
NY.GDP.DEFL.ZS.AD,VN,2009,89.2265254679075
NY.GDP.DEFL.ZS.AD,VN,2008,84.0050859004866
NY.GDP.DEFL.ZS.AD,VN,2007,68.4786948947525
NY.GDP.DEFL.ZS.AD,VN,2006,62.4633348261177
NY.GDP.DEFL.ZS.AD,VN,2005,57.5333334167556
NY.GDP.DEFL.ZS.AD,VN,2004,48.4244439167575
NY.GDP.DEFL.ZS.AD,VN,2003,44.6582724114966
NY.GDP.DEFL.ZS.AD,VN,2002,41.6939951083834
NY.GDP.DEFL.ZS.AD,VN,2001,39.8227525728465
NY.GDP.DEFL.ZS.AD,VN,2000,38.8051780542219
NY.GDP.DEFL.ZS.AD,VN,1999,37.5259819982007
NY.GDP.DEFL.ZS.AD,VN,1998,35.4906960477737
NY.GDP.DEFL.ZS.AD,VN,1997,32.6087766716821
NY.GDP.DEFL.ZS.AD,VN,1996,30.5905915237267
NY.GDP.DEFL.ZS.AD,VN,1995,28.1430555249879
NY.GDP.DEFL.ZS.AD,VU,2019,152.225653812371
NY.GDP.DEFL.ZS.AD,VU,2018,147.392131051631
NY.GDP.DEFL.ZS.AD,VU,2017,142.812636395106
NY.GDP.DEFL.ZS.AD,VU,2016,135.542043363469
NY.GDP.DEFL.ZS.AD,VU,2015,133.437751273117
NY.GDP.DEFL.ZS.AD,VU,2014,126.046605467568
NY.GDP.DEFL.ZS.AD,VU,2013,124.316357141619
NY.GDP.DEFL.ZS.AD,VU,2012,120.687072104245
NY.GDP.DEFL.ZS.AD,VU,2011,121.249714054444
NY.GDP.DEFL.ZS.AD,VU,2010,117.962213470299
NY.GDP.DEFL.ZS.AD,VU,2009,116.251332377697
NY.GDP.DEFL.ZS.AD,VU,2008,113.355425108881
NY.GDP.DEFL.ZS.AD,VU,2007,105.776960147173
NY.GDP.DEFL.ZS.AD,VU,2006,100
NY.GDP.DEFL.ZS.AD,VU,2005,96.2716704968875
NY.GDP.DEFL.ZS.AD,VU,2004,95.8694579544654
NY.GDP.DEFL.ZS.AD,VU,2003,93.8820884947104
NY.GDP.DEFL.ZS.AD,VU,2002,93.1381542067981
NY.GDP.DEFL.ZS.AD,VU,2001,90.5357746751051
NY.GDP.DEFL.ZS.AD,VU,2000,87.3687403742941
NY.GDP.DEFL.ZS.AD,VU,1999,85.505598536718
NY.GDP.DEFL.ZS.AD,VU,1998,82.951811711019
NY.GDP.DEFL.ZS.AD,VU,1997,76.6956692727699
NY.GDP.DEFL.ZS.AD,VU,1996,74.3340592672215
NY.GDP.DEFL.ZS.AD,VU,1995,72.8157099116253
NY.GDP.DEFL.ZS.AD,WS,2019,109.101094247884
NY.GDP.DEFL.ZS.AD,WS,2018,107.489306929598
NY.GDP.DEFL.ZS.AD,WS,2017,106.322330670906
NY.GDP.DEFL.ZS.AD,WS,2016,105.999133564847
NY.GDP.DEFL.ZS.AD,WS,2015,103.67195069319
NY.GDP.DEFL.ZS.AD,WS,2014,99.7184469367915
NY.GDP.DEFL.ZS.AD,WS,2013,98.8749318201729
NY.GDP.DEFL.ZS.AD,WS,2012,96.6082226573881
NY.GDP.DEFL.ZS.AD,WS,2011,92.8688801701262
NY.GDP.DEFL.ZS.AD,WS,2010,93.7216155644129
NY.GDP.DEFL.ZS.AD,WS,2009,98.806122784083
NY.GDP.DEFL.ZS.AD,WS,2008,97.1757813440114
NY.GDP.DEFL.ZS.AD,WS,2007,89.0541947297491
NY.GDP.DEFL.ZS.AD,WS,2006,82.8498283390758
NY.GDP.DEFL.ZS.AD,WS,2005,78.6991481844353
NY.GDP.DEFL.ZS.AD,WS,2004,75.6757990671862
NY.GDP.DEFL.ZS.AD,WS,2003,70.6769860985454
NY.GDP.DEFL.ZS.AD,WS,2002,68.9212192776723
NY.GDP.DEFL.ZS.AD,WS,2001,67.9151570212336
NY.GDP.DEFL.ZS.AD,WS,2000,65.7030352666859
NY.GDP.DEFL.ZS.AD,WS,1999,64.3674754070824
NY.GDP.DEFL.ZS.AD,WS,1998,63.6506205857429
NY.GDP.DEFL.ZS.AD,WS,1997,61.5495403931629
NY.GDP.DEFL.ZS.AD,WS,1996,55.0353340436893
NY.GDP.DEFL.ZS.AD,WS,1995,52.6200470756707
NY.GDP.DEFL.ZS.AD,YE,2019,None
NY.GDP.DEFL.ZS.AD,YE,2018,5087.67998216372
NY.GDP.DEFL.ZS.AD,YE,2017,4429.70626363653
NY.GDP.DEFL.ZS.AD,YE,2016,3736.45973455039
NY.GDP.DEFL.ZS.AD,YE,2015,3731.44426880556
NY.GDP.DEFL.ZS.AD,YE,2014,2547.47389940982
NY.GDP.DEFL.ZS.AD,YE,2013,2377.1882012351
NY.GDP.DEFL.ZS.AD,YE,2012,2176.73372722095
NY.GDP.DEFL.ZS.AD,YE,2011,2055.59428896985
NY.GDP.DEFL.ZS.AD,YE,2010,1740.35261704197
NY.GDP.DEFL.ZS.AD,YE,2009,1407.86670480708
NY.GDP.DEFL.ZS.AD,YE,2008,1542.11169157308
NY.GDP.DEFL.ZS.AD,YE,2007,1281.06044497028
NY.GDP.DEFL.ZS.AD,YE,2006,1155.27124854056
NY.GDP.DEFL.ZS.AD,YE,2005,1017.06576867612
NY.GDP.DEFL.ZS.AD,YE,2004,858.041840714071
NY.GDP.DEFL.ZS.AD,YE,2003,751.920845700501
NY.GDP.DEFL.ZS.AD,YE,2002,678.063810765236
NY.GDP.DEFL.ZS.AD,YE,2001,623.725583394202
NY.GDP.DEFL.ZS.AD,YE,2000,607.042829597024
NY.GDP.DEFL.ZS.AD,YE,1999,492.146136928543
NY.GDP.DEFL.ZS.AD,YE,1998,368.756779820552
NY.GDP.DEFL.ZS.AD,YE,1997,402.322338392264
NY.GDP.DEFL.ZS.AD,YE,1996,355.124537666365
NY.GDP.DEFL.ZS.AD,YE,1995,259.650734400768
NY.GDP.DEFL.ZS.AD,ZM,2019,212.029336888599
NY.GDP.DEFL.ZS.AD,ZM,2018,196.992009958915
NY.GDP.DEFL.ZS.AD,ZM,2017,183.399244810868
NY.GDP.DEFL.ZS.AD,ZM,2016,166.616260346189
NY.GDP.DEFL.ZS.AD,ZM,2015,146.700105596621
NY.GDP.DEFL.ZS.AD,ZM,2014,137.540858081461
NY.GDP.DEFL.ZS.AD,ZM,2013,130.444019180098
NY.GDP.DEFL.ZS.AD,ZM,2012,118.876296108297
NY.GDP.DEFL.ZS.AD,ZM,2011,111.10741330686
NY.GDP.DEFL.ZS.AD,ZM,2010,100
NY.GDP.DEFL.ZS.AD,ZM,2009,87.7570852198721
NY.GDP.DEFL.ZS.AD,ZM,2008,83.1350384107039
NY.GDP.DEFL.ZS.AD,ZM,2007,75.1399624505151
NY.GDP.DEFL.ZS.AD,ZM,2006,66.5130762902781
NY.GDP.DEFL.ZS.AD,ZM,2005,58.0685945460204
NY.GDP.DEFL.ZS.AD,ZM,2004,49.78010754164
NY.GDP.DEFL.ZS.AD,ZM,2003,41.5815473621037
NY.GDP.DEFL.ZS.AD,ZM,2002,35.3561365355832
NY.GDP.DEFL.ZS.AD,ZM,2001,29.6137558602608
NY.GDP.DEFL.ZS.AD,ZM,2000,23.6283878607846
NY.GDP.DEFL.ZS.AD,ZM,1999,17.8174332515955
NY.GDP.DEFL.ZS.AD,ZM,1998,15.1092673504459
NY.GDP.DEFL.ZS.AD,ZM,1997,12.9241908424904
NY.GDP.DEFL.ZS.AD,ZM,1996,10.3061634259713
NY.GDP.DEFL.ZS.AD,ZM,1995,8.28807784017216
