RL.PER.RNK.UPPER,AF,2023,None
RL.PER.RNK.UPPER,AF,2022,7.07547187805176
RL.PER.RNK.UPPER,AF,2021,4.7619047164917
RL.PER.RNK.UPPER,AF,2020,4.7619047164917
RL.PER.RNK.UPPER,AF,2019,5.2380952835083
RL.PER.RNK.UPPER,AF,2018,6.1904764175415
RL.PER.RNK.UPPER,AF,2017,8.5714282989502
RL.PER.RNK.UPPER,AF,2016,9.5238094329834
RL.PER.RNK.UPPER,AF,2015,8.09523773193359
RL.PER.RNK.UPPER,AF,2014,9.61538505554199
RL.PER.RNK.UPPER,AF,2013,6.57277011871338
RL.PER.RNK.UPPER,AF,2012,5.63380289077759
RL.PER.RNK.UPPER,AF,2011,1.4084507226944
RL.PER.RNK.UPPER,AF,2010,2.36966824531555
RL.PER.RNK.UPPER,AF,2009,2.36966824531555
RL.PER.RNK.UPPER,AF,2008,3.8461537361145
RL.PER.RNK.UPPER,AF,2007,5.26315784454346
RL.PER.RNK.UPPER,AF,2006,2.87081336975098
RL.PER.RNK.UPPER,AF,2005,7.65550231933594
RL.PER.RNK.UPPER,AF,2004,6.73076915740967
RL.PER.RNK.UPPER,AF,2003,16.4179096221924
RL.PER.RNK.UPPER,AF,2002,11.4427862167358
RL.PER.RNK.UPPER,AF,2001,None
RL.PER.RNK.UPPER,AF,2000,9.45273590087891
RL.PER.RNK.UPPER,AF,1999,None
RL.PER.RNK.UPPER,AF,1998,11.5
RL.PER.RNK.UPPER,AF,1997,None
RL.PER.RNK.UPPER,AF,1996,12.5628137588501
RL.PER.RNK.UPPER,AF,1995,None
RL.PER.RNK.UPPER,AO,2023,None
RL.PER.RNK.UPPER,AO,2022,23.5849056243896
RL.PER.RNK.UPPER,AO,2021,24.2857151031494
RL.PER.RNK.UPPER,AO,2020,26.1904754638672
RL.PER.RNK.UPPER,AO,2019,24.2857151031494
RL.PER.RNK.UPPER,AO,2018,24.2857151031494
RL.PER.RNK.UPPER,AO,2017,23.3333339691162
RL.PER.RNK.UPPER,AO,2016,27.1428565979004
RL.PER.RNK.UPPER,AO,2015,27.1428565979004
RL.PER.RNK.UPPER,AO,2014,23.0769233703613
RL.PER.RNK.UPPER,AO,2013,14.0845069885254
RL.PER.RNK.UPPER,AO,2012,14.5539903640747
RL.PER.RNK.UPPER,AO,2011,14.0845069885254
RL.PER.RNK.UPPER,AO,2010,14.2180099487305
RL.PER.RNK.UPPER,AO,2009,17.0616111755371
RL.PER.RNK.UPPER,AO,2008,11.5384616851807
RL.PER.RNK.UPPER,AO,2007,12.4401912689209
RL.PER.RNK.UPPER,AO,2006,14.3540668487549
RL.PER.RNK.UPPER,AO,2005,11.0047845840454
RL.PER.RNK.UPPER,AO,2004,10.5769233703613
RL.PER.RNK.UPPER,AO,2003,14.4278602600098
RL.PER.RNK.UPPER,AO,2002,8.95522403717041
RL.PER.RNK.UPPER,AO,2001,None
RL.PER.RNK.UPPER,AO,2000,9.95024871826172
RL.PER.RNK.UPPER,AO,1999,None
RL.PER.RNK.UPPER,AO,1998,13.5
RL.PER.RNK.UPPER,AO,1997,None
RL.PER.RNK.UPPER,AO,1996,10.0502510070801
RL.PER.RNK.UPPER,AO,1995,None
RL.PER.RNK.UPPER,BI,2023,None
RL.PER.RNK.UPPER,BI,2022,17.4528293609619
RL.PER.RNK.UPPER,BI,2021,15.2380952835083
RL.PER.RNK.UPPER,BI,2020,13.3333330154419
RL.PER.RNK.UPPER,BI,2019,9.0476188659668
RL.PER.RNK.UPPER,BI,2018,8.09523773193359
RL.PER.RNK.UPPER,BI,2017,10.4761905670166
RL.PER.RNK.UPPER,BI,2016,9.5238094329834
RL.PER.RNK.UPPER,BI,2015,16.1904754638672
RL.PER.RNK.UPPER,BI,2014,26.4423084259033
RL.PER.RNK.UPPER,BI,2013,22.0657272338867
RL.PER.RNK.UPPER,BI,2012,23.0046939849854
RL.PER.RNK.UPPER,BI,2011,18.7793426513672
RL.PER.RNK.UPPER,BI,2010,17.0616111755371
RL.PER.RNK.UPPER,BI,2009,18.0094795227051
RL.PER.RNK.UPPER,BI,2008,24.0384616851807
RL.PER.RNK.UPPER,BI,2007,23.4449768066406
RL.PER.RNK.UPPER,BI,2006,27.2727279663086
RL.PER.RNK.UPPER,BI,2005,25.3588523864746
RL.PER.RNK.UPPER,BI,2004,16.3461532592773
RL.PER.RNK.UPPER,BI,2003,16.9154224395752
RL.PER.RNK.UPPER,BI,2002,20.8955230712891
RL.PER.RNK.UPPER,BI,2001,None
RL.PER.RNK.UPPER,BI,2000,15.9203977584839
RL.PER.RNK.UPPER,BI,1999,None
RL.PER.RNK.UPPER,BI,1998,21.5
RL.PER.RNK.UPPER,BI,1997,None
RL.PER.RNK.UPPER,BI,1996,21.1055278778076
RL.PER.RNK.UPPER,BI,1995,None
RL.PER.RNK.UPPER,BJ,2023,None
RL.PER.RNK.UPPER,BJ,2022,39.6226425170898
RL.PER.RNK.UPPER,BJ,2021,39.0476188659668
RL.PER.RNK.UPPER,BJ,2020,31.9047622680664
RL.PER.RNK.UPPER,BJ,2019,36.6666679382324
RL.PER.RNK.UPPER,BJ,2018,35.238094329834
RL.PER.RNK.UPPER,BJ,2017,39.0476188659668
RL.PER.RNK.UPPER,BJ,2016,39.523811340332
RL.PER.RNK.UPPER,BJ,2015,44.761905670166
RL.PER.RNK.UPPER,BJ,2014,47.1153831481934
RL.PER.RNK.UPPER,BJ,2013,44.6009407043457
RL.PER.RNK.UPPER,BJ,2012,44.6009407043457
RL.PER.RNK.UPPER,BJ,2011,41.3145523071289
RL.PER.RNK.UPPER,BJ,2010,39.8104248046875
RL.PER.RNK.UPPER,BJ,2009,41.7061614990234
RL.PER.RNK.UPPER,BJ,2008,45.6730766296387
RL.PER.RNK.UPPER,BJ,2007,46.8899536132813
RL.PER.RNK.UPPER,BJ,2006,45.9330139160156
RL.PER.RNK.UPPER,BJ,2005,44.9760780334473
RL.PER.RNK.UPPER,BJ,2004,50
RL.PER.RNK.UPPER,BJ,2003,51.243782043457
RL.PER.RNK.UPPER,BJ,2002,57.7114410400391
RL.PER.RNK.UPPER,BJ,2001,None
RL.PER.RNK.UPPER,BJ,2000,58.7064666748047
RL.PER.RNK.UPPER,BJ,1999,None
RL.PER.RNK.UPPER,BJ,1998,65
RL.PER.RNK.UPPER,BJ,1997,None
RL.PER.RNK.UPPER,BJ,1996,66.331657409668
RL.PER.RNK.UPPER,BJ,1995,None
RL.PER.RNK.UPPER,BF,2023,None
RL.PER.RNK.UPPER,BF,2022,39.6226425170898
RL.PER.RNK.UPPER,BF,2021,45.7142868041992
RL.PER.RNK.UPPER,BF,2020,45.7142868041992
RL.PER.RNK.UPPER,BF,2019,45.7142868041992
RL.PER.RNK.UPPER,BF,2018,45.238094329834
RL.PER.RNK.UPPER,BF,2017,48.0952377319336
RL.PER.RNK.UPPER,BF,2016,46.6666679382324
RL.PER.RNK.UPPER,BF,2015,44.761905670166
RL.PER.RNK.UPPER,BF,2014,43.269229888916
RL.PER.RNK.UPPER,BF,2013,45.5399055480957
RL.PER.RNK.UPPER,BF,2012,49.2957763671875
RL.PER.RNK.UPPER,BF,2011,51.1737098693848
RL.PER.RNK.UPPER,BF,2010,54.028434753418
RL.PER.RNK.UPPER,BF,2009,54.9763031005859
RL.PER.RNK.UPPER,BF,2008,52.4038467407227
RL.PER.RNK.UPPER,BF,2007,50.2392349243164
RL.PER.RNK.UPPER,BF,2006,49.7607650756836
RL.PER.RNK.UPPER,BF,2005,45.9330139160156
RL.PER.RNK.UPPER,BF,2004,47.5961532592773
RL.PER.RNK.UPPER,BF,2003,44.7761192321777
RL.PER.RNK.UPPER,BF,2002,38.8059692382813
RL.PER.RNK.UPPER,BF,2001,None
RL.PER.RNK.UPPER,BF,2000,40.7960205078125
RL.PER.RNK.UPPER,BF,1999,None
RL.PER.RNK.UPPER,BF,1998,37
RL.PER.RNK.UPPER,BF,1997,None
RL.PER.RNK.UPPER,BF,1996,38.1909561157227
RL.PER.RNK.UPPER,BF,1995,None
RL.PER.RNK.UPPER,BD,2023,None
RL.PER.RNK.UPPER,BD,2022,40.0943412780762
RL.PER.RNK.UPPER,BD,2021,39.0476188659668
RL.PER.RNK.UPPER,BD,2020,40.9523811340332
RL.PER.RNK.UPPER,BD,2019,39.523811340332
RL.PER.RNK.UPPER,BD,2018,37.6190490722656
RL.PER.RNK.UPPER,BD,2017,37.6190490722656
RL.PER.RNK.UPPER,BD,2016,36.1904754638672
RL.PER.RNK.UPPER,BD,2015,35.7142868041992
RL.PER.RNK.UPPER,BD,2014,33.6538467407227
RL.PER.RNK.UPPER,BD,2013,33.3333320617676
RL.PER.RNK.UPPER,BD,2012,29.1079807281494
RL.PER.RNK.UPPER,BD,2011,36.6197166442871
RL.PER.RNK.UPPER,BD,2010,34.1232223510742
RL.PER.RNK.UPPER,BD,2009,35.5450248718262
RL.PER.RNK.UPPER,BD,2008,36.538459777832
RL.PER.RNK.UPPER,BD,2007,35.4067001342773
RL.PER.RNK.UPPER,BD,2006,30.6220092773438
RL.PER.RNK.UPPER,BD,2005,29.6650714874268
RL.PER.RNK.UPPER,BD,2004,21.634614944458
RL.PER.RNK.UPPER,BD,2003,23.3830852508545
RL.PER.RNK.UPPER,BD,2002,31.343282699585
RL.PER.RNK.UPPER,BD,2001,None
RL.PER.RNK.UPPER,BD,2000,30.348258972168
RL.PER.RNK.UPPER,BD,1999,None
RL.PER.RNK.UPPER,BD,1998,33.5
RL.PER.RNK.UPPER,BD,1997,None
RL.PER.RNK.UPPER,BD,1996,32.1608047485352
RL.PER.RNK.UPPER,BD,1995,None
RL.PER.RNK.UPPER,BO,2023,None
RL.PER.RNK.UPPER,BO,2022,15.5660381317139
RL.PER.RNK.UPPER,BO,2021,19.5238094329834
RL.PER.RNK.UPPER,BO,2020,16.6666660308838
RL.PER.RNK.UPPER,BO,2019,18.5714282989502
RL.PER.RNK.UPPER,BO,2018,16.6666660308838
RL.PER.RNK.UPPER,BO,2017,16.1904754638672
RL.PER.RNK.UPPER,BO,2016,17.619047164917
RL.PER.RNK.UPPER,BO,2015,17.619047164917
RL.PER.RNK.UPPER,BO,2014,21.634614944458
RL.PER.RNK.UPPER,BO,2013,22.5352115631104
RL.PER.RNK.UPPER,BO,2012,25.8215961456299
RL.PER.RNK.UPPER,BO,2011,25.8215961456299
RL.PER.RNK.UPPER,BO,2010,25.5924167633057
RL.PER.RNK.UPPER,BO,2009,19.9052124023438
RL.PER.RNK.UPPER,BO,2008,25.480770111084
RL.PER.RNK.UPPER,BO,2007,34.9282302856445
RL.PER.RNK.UPPER,BO,2006,31.5789470672607
RL.PER.RNK.UPPER,BO,2005,37.3205757141113
RL.PER.RNK.UPPER,BO,2004,42.788459777832
RL.PER.RNK.UPPER,BO,2003,48.2587051391602
RL.PER.RNK.UPPER,BO,2002,49.7512435913086
RL.PER.RNK.UPPER,BO,2001,None
RL.PER.RNK.UPPER,BO,2000,48.756217956543
RL.PER.RNK.UPPER,BO,1999,None
RL.PER.RNK.UPPER,BO,1998,55
RL.PER.RNK.UPPER,BO,1997,None
RL.PER.RNK.UPPER,BO,1996,54.2713584899902
RL.PER.RNK.UPPER,BO,1995,None
RL.PER.RNK.UPPER,BT,2023,None
RL.PER.RNK.UPPER,BT,2022,82.5471725463867
RL.PER.RNK.UPPER,BT,2021,80.476188659668
RL.PER.RNK.UPPER,BT,2020,76.1904754638672
RL.PER.RNK.UPPER,BT,2019,78.0952377319336
RL.PER.RNK.UPPER,BT,2018,77.1428604125977
RL.PER.RNK.UPPER,BT,2017,78.5714263916016
RL.PER.RNK.UPPER,BT,2016,78.0952377319336
RL.PER.RNK.UPPER,BT,2015,76.1904754638672
RL.PER.RNK.UPPER,BT,2014,75.4807662963867
RL.PER.RNK.UPPER,BT,2013,66.6666641235352
RL.PER.RNK.UPPER,BT,2012,65.7276992797852
RL.PER.RNK.UPPER,BT,2011,63.8497657775879
RL.PER.RNK.UPPER,BT,2010,63.0331764221191
RL.PER.RNK.UPPER,BT,2009,63.9810409545898
RL.PER.RNK.UPPER,BT,2008,71.6346130371094
RL.PER.RNK.UPPER,BT,2007,71.291862487793
RL.PER.RNK.UPPER,BT,2006,66.5071792602539
RL.PER.RNK.UPPER,BT,2005,69.8564605712891
RL.PER.RNK.UPPER,BT,2004,69.2307662963867
RL.PER.RNK.UPPER,BT,2003,68.6567153930664
RL.PER.RNK.UPPER,BT,2002,67.164176940918
RL.PER.RNK.UPPER,BT,2001,None
RL.PER.RNK.UPPER,BT,2000,68.6567153930664
RL.PER.RNK.UPPER,BT,1999,None
RL.PER.RNK.UPPER,BT,1998,65.5
RL.PER.RNK.UPPER,BT,1997,None
RL.PER.RNK.UPPER,BT,1996,64.8241195678711
RL.PER.RNK.UPPER,BT,1995,None
RL.PER.RNK.UPPER,CF,2023,None
RL.PER.RNK.UPPER,CF,2022,6.60377359390259
RL.PER.RNK.UPPER,CF,2021,6.66666650772095
RL.PER.RNK.UPPER,CF,2020,4.7619047164917
RL.PER.RNK.UPPER,CF,2019,5.2380952835083
RL.PER.RNK.UPPER,CF,2018,6.1904764175415
RL.PER.RNK.UPPER,CF,2017,5.2380952835083
RL.PER.RNK.UPPER,CF,2016,4.7619047164917
RL.PER.RNK.UPPER,CF,2015,4.2857141494751
RL.PER.RNK.UPPER,CF,2014,2.88461542129517
RL.PER.RNK.UPPER,CF,2013,2.81690144538879
RL.PER.RNK.UPPER,CF,2012,9.38967132568359
RL.PER.RNK.UPPER,CF,2011,14.0845069885254
RL.PER.RNK.UPPER,CF,2010,13.2701425552368
RL.PER.RNK.UPPER,CF,2009,14.2180099487305
RL.PER.RNK.UPPER,CF,2008,11.5384616851807
RL.PER.RNK.UPPER,CF,2007,9.09090900421143
RL.PER.RNK.UPPER,CF,2006,10.0478467941284
RL.PER.RNK.UPPER,CF,2005,12.9186601638794
RL.PER.RNK.UPPER,CF,2004,12.9807691574097
RL.PER.RNK.UPPER,CF,2003,16.9154224395752
RL.PER.RNK.UPPER,CF,2002,36.3184089660645
RL.PER.RNK.UPPER,CF,2001,None
RL.PER.RNK.UPPER,CF,2000,23.8805961608887
RL.PER.RNK.UPPER,CF,1999,None
RL.PER.RNK.UPPER,CF,1998,32.5
RL.PER.RNK.UPPER,CF,1997,None
RL.PER.RNK.UPPER,CF,1996,32.6633148193359
RL.PER.RNK.UPPER,CF,1995,None
RL.PER.RNK.UPPER,CI,2023,None
RL.PER.RNK.UPPER,CI,2022,43.8679237365723
RL.PER.RNK.UPPER,CI,2021,36.6666679382324
RL.PER.RNK.UPPER,CI,2020,36.6666679382324
RL.PER.RNK.UPPER,CI,2019,40
RL.PER.RNK.UPPER,CI,2018,39.523811340332
RL.PER.RNK.UPPER,CI,2017,38.5714302062988
RL.PER.RNK.UPPER,CI,2016,36.1904754638672
RL.PER.RNK.UPPER,CI,2015,39.523811340332
RL.PER.RNK.UPPER,CI,2014,42.3076934814453
RL.PER.RNK.UPPER,CI,2013,30.046947479248
RL.PER.RNK.UPPER,CI,2012,21.1267604827881
RL.PER.RNK.UPPER,CI,2011,14.0845069885254
RL.PER.RNK.UPPER,CI,2010,15.1658763885498
RL.PER.RNK.UPPER,CI,2009,15.6398105621338
RL.PER.RNK.UPPER,CI,2008,9.13461494445801
RL.PER.RNK.UPPER,CI,2007,10.0478467941284
RL.PER.RNK.UPPER,CI,2006,10.0478467941284
RL.PER.RNK.UPPER,CI,2005,8.13397121429443
RL.PER.RNK.UPPER,CI,2004,14.4230766296387
RL.PER.RNK.UPPER,CI,2003,16.9154224395752
RL.PER.RNK.UPPER,CI,2002,16.9154224395752
RL.PER.RNK.UPPER,CI,2001,None
RL.PER.RNK.UPPER,CI,2000,21.8905467987061
RL.PER.RNK.UPPER,CI,1999,None
RL.PER.RNK.UPPER,CI,1998,33.5
RL.PER.RNK.UPPER,CI,1997,None
RL.PER.RNK.UPPER,CI,1996,38.1909561157227
RL.PER.RNK.UPPER,CI,1995,None
RL.PER.RNK.UPPER,CM,2023,None
RL.PER.RNK.UPPER,CM,2022,23.1132068634033
RL.PER.RNK.UPPER,CM,2021,20.4761905670166
RL.PER.RNK.UPPER,CM,2020,18.5714282989502
RL.PER.RNK.UPPER,CM,2019,19.0476188659668
RL.PER.RNK.UPPER,CM,2018,19.0476188659668
RL.PER.RNK.UPPER,CM,2017,21.4285717010498
RL.PER.RNK.UPPER,CM,2016,21.9047622680664
RL.PER.RNK.UPPER,CM,2015,25.238094329834
RL.PER.RNK.UPPER,CM,2014,29.3269233703613
RL.PER.RNK.UPPER,CM,2013,22.5352115631104
RL.PER.RNK.UPPER,CM,2012,23.9436626434326
RL.PER.RNK.UPPER,CM,2011,22.0657272338867
RL.PER.RNK.UPPER,CM,2010,22.748815536499
RL.PER.RNK.UPPER,CM,2009,18.9573459625244
RL.PER.RNK.UPPER,CM,2008,21.1538467407227
RL.PER.RNK.UPPER,CM,2007,19.1387557983398
RL.PER.RNK.UPPER,CM,2006,20.0956935882568
RL.PER.RNK.UPPER,CM,2005,20.5741634368896
RL.PER.RNK.UPPER,CM,2004,20.1923084259033
RL.PER.RNK.UPPER,CM,2003,23.3830852508545
RL.PER.RNK.UPPER,CM,2002,19.9004974365234
RL.PER.RNK.UPPER,CM,2001,None
RL.PER.RNK.UPPER,CM,2000,23.8805961608887
RL.PER.RNK.UPPER,CM,1999,None
RL.PER.RNK.UPPER,CM,1998,26
RL.PER.RNK.UPPER,CM,1997,None
RL.PER.RNK.UPPER,CM,1996,16.582914352417
RL.PER.RNK.UPPER,CM,1995,None
RL.PER.RNK.UPPER,CD,2023,None
RL.PER.RNK.UPPER,CD,2022,6.60377359390259
RL.PER.RNK.UPPER,CD,2021,5.2380952835083
RL.PER.RNK.UPPER,CD,2020,4.7619047164917
RL.PER.RNK.UPPER,CD,2019,5.2380952835083
RL.PER.RNK.UPPER,CD,2018,5.2380952835083
RL.PER.RNK.UPPER,CD,2017,6.1904764175415
RL.PER.RNK.UPPER,CD,2016,8.09523773193359
RL.PER.RNK.UPPER,CD,2015,5.2380952835083
RL.PER.RNK.UPPER,CD,2014,7.21153831481934
RL.PER.RNK.UPPER,CD,2013,6.57277011871338
RL.PER.RNK.UPPER,CD,2012,3.75586843490601
RL.PER.RNK.UPPER,CD,2011,5.16431903839111
RL.PER.RNK.UPPER,CD,2010,4.7393364906311
RL.PER.RNK.UPPER,CD,2009,4.26540279388428
RL.PER.RNK.UPPER,CD,2008,8.65384578704834
RL.PER.RNK.UPPER,CD,2007,8.61244010925293
RL.PER.RNK.UPPER,CD,2006,8.61244010925293
RL.PER.RNK.UPPER,CD,2005,8.13397121429443
RL.PER.RNK.UPPER,CD,2004,6.73076915740967
RL.PER.RNK.UPPER,CD,2003,6.46766185760498
RL.PER.RNK.UPPER,CD,2002,8.4577112197876
RL.PER.RNK.UPPER,CD,2001,None
RL.PER.RNK.UPPER,CD,2000,8.4577112197876
RL.PER.RNK.UPPER,CD,1999,None
RL.PER.RNK.UPPER,CD,1998,6
RL.PER.RNK.UPPER,CD,1997,None
RL.PER.RNK.UPPER,CD,1996,9.04522609710693
RL.PER.RNK.UPPER,CD,1995,None
RL.PER.RNK.UPPER,CG,2023,None
RL.PER.RNK.UPPER,CG,2022,23.1132068634033
RL.PER.RNK.UPPER,CG,2021,21.9047622680664
RL.PER.RNK.UPPER,CG,2020,20.4761905670166
RL.PER.RNK.UPPER,CG,2019,21.9047622680664
RL.PER.RNK.UPPER,CG,2018,19.0476188659668
RL.PER.RNK.UPPER,CG,2017,19.0476188659668
RL.PER.RNK.UPPER,CG,2016,18.5714282989502
RL.PER.RNK.UPPER,CG,2015,20
RL.PER.RNK.UPPER,CG,2014,19.230770111084
RL.PER.RNK.UPPER,CG,2013,19.2488269805908
RL.PER.RNK.UPPER,CG,2012,20.1877937316895
RL.PER.RNK.UPPER,CG,2011,16.9014091491699
RL.PER.RNK.UPPER,CG,2010,16.1137447357178
RL.PER.RNK.UPPER,CG,2009,17.5355453491211
RL.PER.RNK.UPPER,CG,2008,19.230770111084
RL.PER.RNK.UPPER,CG,2007,19.1387557983398
RL.PER.RNK.UPPER,CG,2006,16.7464122772217
RL.PER.RNK.UPPER,CG,2005,10.5263156890869
RL.PER.RNK.UPPER,CG,2004,21.634614944458
RL.PER.RNK.UPPER,CG,2003,23.3830852508545
RL.PER.RNK.UPPER,CG,2002,23.3830852508545
RL.PER.RNK.UPPER,CG,2001,None
RL.PER.RNK.UPPER,CG,2000,22.3880596160889
RL.PER.RNK.UPPER,CG,1999,None
RL.PER.RNK.UPPER,CG,1998,14
RL.PER.RNK.UPPER,CG,1997,None
RL.PER.RNK.UPPER,CG,1996,32.6633148193359
RL.PER.RNK.UPPER,CG,1995,None
RL.PER.RNK.UPPER,KM,2023,None
RL.PER.RNK.UPPER,KM,2022,18.3962268829346
RL.PER.RNK.UPPER,KM,2021,21.4285717010498
RL.PER.RNK.UPPER,KM,2020,20.4761905670166
RL.PER.RNK.UPPER,KM,2019,22.380952835083
RL.PER.RNK.UPPER,KM,2018,22.380952835083
RL.PER.RNK.UPPER,KM,2017,22.8571434020996
RL.PER.RNK.UPPER,KM,2016,26.1904754638672
RL.PER.RNK.UPPER,KM,2015,34.2857131958008
RL.PER.RNK.UPPER,KM,2014,33.1730766296387
RL.PER.RNK.UPPER,KM,2013,31.9248828887939
RL.PER.RNK.UPPER,KM,2012,26.2910804748535
RL.PER.RNK.UPPER,KM,2011,26.7605628967285
RL.PER.RNK.UPPER,KM,2010,26.5402851104736
RL.PER.RNK.UPPER,KM,2009,21.8009471893311
RL.PER.RNK.UPPER,KM,2008,25.480770111084
RL.PER.RNK.UPPER,KM,2007,30.6220092773438
RL.PER.RNK.UPPER,KM,2006,33.4928245544434
RL.PER.RNK.UPPER,KM,2005,31.1004791259766
RL.PER.RNK.UPPER,KM,2004,35.5769233703613
RL.PER.RNK.UPPER,KM,2003,44.7761192321777
RL.PER.RNK.UPPER,KM,2002,46.766170501709
RL.PER.RNK.UPPER,KM,2001,None
RL.PER.RNK.UPPER,KM,2000,30.8457717895508
RL.PER.RNK.UPPER,KM,1999,None
RL.PER.RNK.UPPER,KM,1998,41.5
RL.PER.RNK.UPPER,KM,1997,None
RL.PER.RNK.UPPER,KM,1996,40.7035179138184
RL.PER.RNK.UPPER,KM,1995,None
RL.PER.RNK.UPPER,CV,2023,None
RL.PER.RNK.UPPER,CV,2022,70.7547149658203
RL.PER.RNK.UPPER,CV,2021,70.9523773193359
RL.PER.RNK.UPPER,CV,2020,74.7619018554688
RL.PER.RNK.UPPER,CV,2019,75.2380981445313
RL.PER.RNK.UPPER,CV,2018,73.3333358764648
RL.PER.RNK.UPPER,CV,2017,73.8095245361328
RL.PER.RNK.UPPER,CV,2016,71.9047622680664
RL.PER.RNK.UPPER,CV,2015,77.6190490722656
RL.PER.RNK.UPPER,CV,2014,78.3653869628906
RL.PER.RNK.UPPER,CV,2013,72.7699508666992
RL.PER.RNK.UPPER,CV,2012,71.3615036010742
RL.PER.RNK.UPPER,CV,2011,70.8920211791992
RL.PER.RNK.UPPER,CV,2010,68.2464447021484
RL.PER.RNK.UPPER,CV,2009,72.0379180908203
RL.PER.RNK.UPPER,CV,2008,73.5576934814453
RL.PER.RNK.UPPER,CV,2007,78.9473648071289
RL.PER.RNK.UPPER,CV,2006,77.511962890625
RL.PER.RNK.UPPER,CV,2005,69.8564605712891
RL.PER.RNK.UPPER,CV,2004,69.711540222168
RL.PER.RNK.UPPER,CV,2003,69.1542282104492
RL.PER.RNK.UPPER,CV,2002,69.651741027832
RL.PER.RNK.UPPER,CV,2001,None
RL.PER.RNK.UPPER,CV,2000,88.5572128295898
RL.PER.RNK.UPPER,CV,1999,None
RL.PER.RNK.UPPER,CV,1998,90
RL.PER.RNK.UPPER,CV,1997,None
RL.PER.RNK.UPPER,CV,1996,96.4824142456055
RL.PER.RNK.UPPER,CV,1995,None
RL.PER.RNK.UPPER,DJ,2023,None
RL.PER.RNK.UPPER,DJ,2022,22.1698112487793
RL.PER.RNK.UPPER,DJ,2021,23.3333339691162
RL.PER.RNK.UPPER,DJ,2020,22.380952835083
RL.PER.RNK.UPPER,DJ,2019,25.7142848968506
RL.PER.RNK.UPPER,DJ,2018,26.6666660308838
RL.PER.RNK.UPPER,DJ,2017,29.0476188659668
RL.PER.RNK.UPPER,DJ,2016,25.238094329834
RL.PER.RNK.UPPER,DJ,2015,29.0476188659668
RL.PER.RNK.UPPER,DJ,2014,32.6923065185547
RL.PER.RNK.UPPER,DJ,2013,37.5586853027344
RL.PER.RNK.UPPER,DJ,2012,35.2112693786621
RL.PER.RNK.UPPER,DJ,2011,32.8638496398926
RL.PER.RNK.UPPER,DJ,2010,36.0189590454102
RL.PER.RNK.UPPER,DJ,2009,41.2322273254395
RL.PER.RNK.UPPER,DJ,2008,44.230770111084
RL.PER.RNK.UPPER,DJ,2007,41.1483268737793
RL.PER.RNK.UPPER,DJ,2006,35.4067001342773
RL.PER.RNK.UPPER,DJ,2005,33.0143547058105
RL.PER.RNK.UPPER,DJ,2004,42.3076934814453
RL.PER.RNK.UPPER,DJ,2003,39.8009948730469
RL.PER.RNK.UPPER,DJ,2002,38.3084564208984
RL.PER.RNK.UPPER,DJ,2001,None
RL.PER.RNK.UPPER,DJ,2000,37.3134346008301
RL.PER.RNK.UPPER,DJ,1999,None
RL.PER.RNK.UPPER,DJ,1998,38
RL.PER.RNK.UPPER,DJ,1997,None
RL.PER.RNK.UPPER,DJ,1996,38.1909561157227
RL.PER.RNK.UPPER,DJ,1995,None
RL.PER.RNK.UPPER,EG,2023,None
RL.PER.RNK.UPPER,EG,2022,53.7735862731934
RL.PER.RNK.UPPER,EG,2021,52.3809509277344
RL.PER.RNK.UPPER,EG,2020,51.9047622680664
RL.PER.RNK.UPPER,EG,2019,50.9523811340332
RL.PER.RNK.UPPER,EG,2018,51.9047622680664
RL.PER.RNK.UPPER,EG,2017,47.1428565979004
RL.PER.RNK.UPPER,EG,2016,47.6190490722656
RL.PER.RNK.UPPER,EG,2015,43.3333320617676
RL.PER.RNK.UPPER,EG,2014,37.980770111084
RL.PER.RNK.UPPER,EG,2013,39.9061050415039
RL.PER.RNK.UPPER,EG,2012,46.0093879699707
RL.PER.RNK.UPPER,EG,2011,48.3568077087402
RL.PER.RNK.UPPER,EG,2010,56.3981056213379
RL.PER.RNK.UPPER,EG,2009,59.2417068481445
RL.PER.RNK.UPPER,EG,2008,57.6923065185547
RL.PER.RNK.UPPER,EG,2007,54.0669860839844
RL.PER.RNK.UPPER,EG,2006,52.6315803527832
RL.PER.RNK.UPPER,EG,2005,57.8947372436523
RL.PER.RNK.UPPER,EG,2004,59.6153831481934
RL.PER.RNK.UPPER,EG,2003,61.1940307617188
RL.PER.RNK.UPPER,EG,2002,60.1990051269531
RL.PER.RNK.UPPER,EG,2001,None
RL.PER.RNK.UPPER,EG,2000,58.7064666748047
RL.PER.RNK.UPPER,EG,1999,None
RL.PER.RNK.UPPER,EG,1998,58.5
RL.PER.RNK.UPPER,EG,1997,None
RL.PER.RNK.UPPER,EG,1996,62.3115577697754
RL.PER.RNK.UPPER,EG,1995,None
RL.PER.RNK.UPPER,ER,2023,None
RL.PER.RNK.UPPER,ER,2022,5.66037750244141
RL.PER.RNK.UPPER,ER,2021,7.61904764175415
RL.PER.RNK.UPPER,ER,2020,9.0476188659668
RL.PER.RNK.UPPER,ER,2019,6.1904764175415
RL.PER.RNK.UPPER,ER,2018,6.66666650772095
RL.PER.RNK.UPPER,ER,2017,8.09523773193359
RL.PER.RNK.UPPER,ER,2016,8.09523773193359
RL.PER.RNK.UPPER,ER,2015,7.14285707473755
RL.PER.RNK.UPPER,ER,2014,7.21153831481934
RL.PER.RNK.UPPER,ER,2013,10.3286380767822
RL.PER.RNK.UPPER,ER,2012,9.38967132568359
RL.PER.RNK.UPPER,ER,2011,12.6760559082031
RL.PER.RNK.UPPER,ER,2010,12.3222751617432
RL.PER.RNK.UPPER,ER,2009,14.2180099487305
RL.PER.RNK.UPPER,ER,2008,14.4230766296387
RL.PER.RNK.UPPER,ER,2007,16.7464122772217
RL.PER.RNK.UPPER,ER,2006,21.5311012268066
RL.PER.RNK.UPPER,ER,2005,32.0574150085449
RL.PER.RNK.UPPER,ER,2004,36.538459777832
RL.PER.RNK.UPPER,ER,2003,43.2835807800293
RL.PER.RNK.UPPER,ER,2002,45.7711448669434
RL.PER.RNK.UPPER,ER,2001,None
RL.PER.RNK.UPPER,ER,2000,40.7960205078125
RL.PER.RNK.UPPER,ER,1999,None
RL.PER.RNK.UPPER,ER,1998,49
RL.PER.RNK.UPPER,ER,1997,None
RL.PER.RNK.UPPER,ER,1996,48.2412071228027
RL.PER.RNK.UPPER,ER,1995,None
RL.PER.RNK.UPPER,ET,2023,None
RL.PER.RNK.UPPER,ET,2022,39.1509437561035
RL.PER.RNK.UPPER,ET,2021,39.0476188659668
RL.PER.RNK.UPPER,ET,2020,47.1428565979004
RL.PER.RNK.UPPER,ET,2019,45.238094329834
RL.PER.RNK.UPPER,ET,2018,47.1428565979004
RL.PER.RNK.UPPER,ET,2017,45.7142868041992
RL.PER.RNK.UPPER,ET,2016,45.238094329834
RL.PER.RNK.UPPER,ET,2015,44.761905670166
RL.PER.RNK.UPPER,ET,2014,46.6346168518066
RL.PER.RNK.UPPER,ET,2013,41.7840385437012
RL.PER.RNK.UPPER,ET,2012,40.3755874633789
RL.PER.RNK.UPPER,ET,2011,35.6807518005371
RL.PER.RNK.UPPER,ET,2010,33.1753540039063
RL.PER.RNK.UPPER,ET,2009,32.7014236450195
RL.PER.RNK.UPPER,ET,2008,37.980770111084
RL.PER.RNK.UPPER,ET,2007,41.1483268737793
RL.PER.RNK.UPPER,ET,2006,42.1052627563477
RL.PER.RNK.UPPER,ET,2005,30.6220092773438
RL.PER.RNK.UPPER,ET,2004,34.1346168518066
RL.PER.RNK.UPPER,ET,2003,36.8159217834473
RL.PER.RNK.UPPER,ET,2002,33.8308448791504
RL.PER.RNK.UPPER,ET,2001,None
RL.PER.RNK.UPPER,ET,2000,30.8457717895508
RL.PER.RNK.UPPER,ET,1999,None
RL.PER.RNK.UPPER,ET,1998,33.5
RL.PER.RNK.UPPER,ET,1997,None
RL.PER.RNK.UPPER,ET,1996,31.6582908630371
RL.PER.RNK.UPPER,ET,1995,None
RL.PER.RNK.UPPER,FM,2023,None
RL.PER.RNK.UPPER,FM,2022,86.3207550048828
RL.PER.RNK.UPPER,FM,2021,84.2857131958008
RL.PER.RNK.UPPER,FM,2020,75.2380981445313
RL.PER.RNK.UPPER,FM,2019,73.3333358764648
RL.PER.RNK.UPPER,FM,2018,70.9523773193359
RL.PER.RNK.UPPER,FM,2017,70.476188659668
RL.PER.RNK.UPPER,FM,2016,69.0476226806641
RL.PER.RNK.UPPER,FM,2015,59.0476188659668
RL.PER.RNK.UPPER,FM,2014,62.019229888916
RL.PER.RNK.UPPER,FM,2013,64.7887344360352
RL.PER.RNK.UPPER,FM,2012,63.3802833557129
RL.PER.RNK.UPPER,FM,2011,61.5023460388184
RL.PER.RNK.UPPER,FM,2010,66.3507080078125
RL.PER.RNK.UPPER,FM,2009,71.0900497436523
RL.PER.RNK.UPPER,FM,2008,81.25
RL.PER.RNK.UPPER,FM,2007,93.7799072265625
RL.PER.RNK.UPPER,FM,2006,93.7799072265625
RL.PER.RNK.UPPER,FM,2005,94.2583694458008
RL.PER.RNK.UPPER,FM,2004,92.3076934814453
RL.PER.RNK.UPPER,FM,2003,100
RL.PER.RNK.UPPER,FM,2002,100
RL.PER.RNK.UPPER,FM,2001,None
RL.PER.RNK.UPPER,FM,2000,100
RL.PER.RNK.UPPER,FM,1999,None
RL.PER.RNK.UPPER,FM,1998,100
RL.PER.RNK.UPPER,FM,1997,None
RL.PER.RNK.UPPER,FM,1996,100
RL.PER.RNK.UPPER,FM,1995,None
RL.PER.RNK.UPPER,GH,2023,None
RL.PER.RNK.UPPER,GH,2022,56.1320762634277
RL.PER.RNK.UPPER,GH,2021,55.238094329834
RL.PER.RNK.UPPER,GH,2020,55.7142868041992
RL.PER.RNK.UPPER,GH,2019,59.0476188659668
RL.PER.RNK.UPPER,GH,2018,60.9523811340332
RL.PER.RNK.UPPER,GH,2017,62.3809509277344
RL.PER.RNK.UPPER,GH,2016,59.523811340332
RL.PER.RNK.UPPER,GH,2015,64.2857131958008
RL.PER.RNK.UPPER,GH,2014,65.8653869628906
RL.PER.RNK.UPPER,GH,2013,62.4413146972656
RL.PER.RNK.UPPER,GH,2012,60.0938949584961
RL.PER.RNK.UPPER,GH,2011,61.0328636169434
RL.PER.RNK.UPPER,GH,2010,60.6635055541992
RL.PER.RNK.UPPER,GH,2009,59.2417068481445
RL.PER.RNK.UPPER,GH,2008,58.1730766296387
RL.PER.RNK.UPPER,GH,2007,58.3732070922852
RL.PER.RNK.UPPER,GH,2006,59.8086128234863
RL.PER.RNK.UPPER,GH,2005,55.9808616638184
RL.PER.RNK.UPPER,GH,2004,57.211540222168
RL.PER.RNK.UPPER,GH,2003,61.1940307617188
RL.PER.RNK.UPPER,GH,2002,61.1940307617188
RL.PER.RNK.UPPER,GH,2001,None
RL.PER.RNK.UPPER,GH,2000,62.6865653991699
RL.PER.RNK.UPPER,GH,1999,None
RL.PER.RNK.UPPER,GH,1998,49
RL.PER.RNK.UPPER,GH,1997,None
RL.PER.RNK.UPPER,GH,1996,56.2814064025879
RL.PER.RNK.UPPER,GH,1995,None
RL.PER.RNK.UPPER,GN,2023,None
RL.PER.RNK.UPPER,GN,2022,21.2264156341553
RL.PER.RNK.UPPER,GN,2021,18.5714282989502
RL.PER.RNK.UPPER,GN,2020,14.2857141494751
RL.PER.RNK.UPPER,GN,2019,16.1904754638672
RL.PER.RNK.UPPER,GN,2018,16.6666660308838
RL.PER.RNK.UPPER,GN,2017,15.2380952835083
RL.PER.RNK.UPPER,GN,2016,17.1428565979004
RL.PER.RNK.UPPER,GN,2015,15.7142858505249
RL.PER.RNK.UPPER,GN,2014,10.0961542129517
RL.PER.RNK.UPPER,GN,2013,11.7370891571045
RL.PER.RNK.UPPER,GN,2012,9.38967132568359
RL.PER.RNK.UPPER,GN,2011,9.85915470123291
RL.PER.RNK.UPPER,GN,2010,8.53080558776855
RL.PER.RNK.UPPER,GN,2009,7.5829381942749
RL.PER.RNK.UPPER,GN,2008,8.65384578704834
RL.PER.RNK.UPPER,GN,2007,11.0047845840454
RL.PER.RNK.UPPER,GN,2006,11.4832534790039
RL.PER.RNK.UPPER,GN,2005,13.8755979537964
RL.PER.RNK.UPPER,GN,2004,17.7884616851807
RL.PER.RNK.UPPER,GN,2003,26.8656711578369
RL.PER.RNK.UPPER,GN,2002,32.3383102416992
RL.PER.RNK.UPPER,GN,2001,None
RL.PER.RNK.UPPER,GN,2000,21.8905467987061
RL.PER.RNK.UPPER,GN,1999,None
RL.PER.RNK.UPPER,GN,1998,19.5
RL.PER.RNK.UPPER,GN,1997,None
RL.PER.RNK.UPPER,GN,1996,19.0954780578613
RL.PER.RNK.UPPER,GN,1995,None
RL.PER.RNK.UPPER,GM,2023,None
RL.PER.RNK.UPPER,GM,2022,44.3396224975586
RL.PER.RNK.UPPER,GM,2021,47.1428565979004
RL.PER.RNK.UPPER,GM,2020,48.0952377319336
RL.PER.RNK.UPPER,GM,2019,49.0476188659668
RL.PER.RNK.UPPER,GM,2018,47.1428565979004
RL.PER.RNK.UPPER,GM,2017,47.1428565979004
RL.PER.RNK.UPPER,GM,2016,32.3809509277344
RL.PER.RNK.UPPER,GM,2015,37.6190490722656
RL.PER.RNK.UPPER,GM,2014,37.980770111084
RL.PER.RNK.UPPER,GM,2013,41.7840385437012
RL.PER.RNK.UPPER,GM,2012,43.1924896240234
RL.PER.RNK.UPPER,GM,2011,46.0093879699707
RL.PER.RNK.UPPER,GM,2010,44.5497627258301
RL.PER.RNK.UPPER,GM,2009,45.971565246582
RL.PER.RNK.UPPER,GM,2008,50
RL.PER.RNK.UPPER,GM,2007,52.1531105041504
RL.PER.RNK.UPPER,GM,2006,50.7177047729492
RL.PER.RNK.UPPER,GM,2005,46.4114837646484
RL.PER.RNK.UPPER,GM,2004,50.961540222168
RL.PER.RNK.UPPER,GM,2003,65.6716384887695
RL.PER.RNK.UPPER,GM,2002,58.2089538574219
RL.PER.RNK.UPPER,GM,2001,None
RL.PER.RNK.UPPER,GM,2000,59.2039794921875
RL.PER.RNK.UPPER,GM,1999,None
RL.PER.RNK.UPPER,GM,1998,64
RL.PER.RNK.UPPER,GM,1997,None
RL.PER.RNK.UPPER,GM,1996,63.3165817260742
RL.PER.RNK.UPPER,GM,1995,None
RL.PER.RNK.UPPER,GW,2023,None
RL.PER.RNK.UPPER,GW,2022,13.2075471878052
RL.PER.RNK.UPPER,GW,2021,14.2857141494751
RL.PER.RNK.UPPER,GW,2020,16.1904754638672
RL.PER.RNK.UPPER,GW,2019,18.0952377319336
RL.PER.RNK.UPPER,GW,2018,18.5714282989502
RL.PER.RNK.UPPER,GW,2017,11.9047622680664
RL.PER.RNK.UPPER,GW,2016,10.4761905670166
RL.PER.RNK.UPPER,GW,2015,13.3333330154419
RL.PER.RNK.UPPER,GW,2014,12.9807691574097
RL.PER.RNK.UPPER,GW,2013,6.57277011871338
RL.PER.RNK.UPPER,GW,2012,8.45070457458496
RL.PER.RNK.UPPER,GW,2011,15.4929580688477
RL.PER.RNK.UPPER,GW,2010,14.2180099487305
RL.PER.RNK.UPPER,GW,2009,15.1658763885498
RL.PER.RNK.UPPER,GW,2008,12.9807691574097
RL.PER.RNK.UPPER,GW,2007,15.7894735336304
RL.PER.RNK.UPPER,GW,2006,20.0956935882568
RL.PER.RNK.UPPER,GW,2005,21.0526313781738
RL.PER.RNK.UPPER,GW,2004,21.634614944458
RL.PER.RNK.UPPER,GW,2003,25.3731346130371
RL.PER.RNK.UPPER,GW,2002,32.3383102416992
RL.PER.RNK.UPPER,GW,2001,None
RL.PER.RNK.UPPER,GW,2000,23.8805961608887
RL.PER.RNK.UPPER,GW,1999,None
RL.PER.RNK.UPPER,GW,1998,8
RL.PER.RNK.UPPER,GW,1997,None
RL.PER.RNK.UPPER,GW,1996,15.5778894424438
RL.PER.RNK.UPPER,GW,1995,None
RL.PER.RNK.UPPER,HN,2023,None
RL.PER.RNK.UPPER,HN,2022,23.5849056243896
RL.PER.RNK.UPPER,HN,2021,22.380952835083
RL.PER.RNK.UPPER,HN,2020,23.8095245361328
RL.PER.RNK.UPPER,HN,2019,22.8571434020996
RL.PER.RNK.UPPER,HN,2018,20.9523811340332
RL.PER.RNK.UPPER,HN,2017,21.4285717010498
RL.PER.RNK.UPPER,HN,2016,18.5714282989502
RL.PER.RNK.UPPER,HN,2015,28.5714282989502
RL.PER.RNK.UPPER,HN,2014,28.8461532592773
RL.PER.RNK.UPPER,HN,2013,17.8403759002686
RL.PER.RNK.UPPER,HN,2012,20.1877937316895
RL.PER.RNK.UPPER,HN,2011,29.577465057373
RL.PER.RNK.UPPER,HN,2010,31.2796211242676
RL.PER.RNK.UPPER,HN,2009,30.8056869506836
RL.PER.RNK.UPPER,HN,2008,26.4423084259033
RL.PER.RNK.UPPER,HN,2007,29.6650714874268
RL.PER.RNK.UPPER,HN,2006,27.2727279663086
RL.PER.RNK.UPPER,HN,2005,36.8421058654785
RL.PER.RNK.UPPER,HN,2004,35.5769233703613
RL.PER.RNK.UPPER,HN,2003,30.348258972168
RL.PER.RNK.UPPER,HN,2002,34.3283576965332
RL.PER.RNK.UPPER,HN,2001,None
RL.PER.RNK.UPPER,HN,2000,29.3532333374023
RL.PER.RNK.UPPER,HN,1999,None
RL.PER.RNK.UPPER,HN,1998,34.5
RL.PER.RNK.UPPER,HN,1997,None
RL.PER.RNK.UPPER,HN,1996,32.1608047485352
RL.PER.RNK.UPPER,HN,1995,None
RL.PER.RNK.UPPER,HT,2023,None
RL.PER.RNK.UPPER,HT,2022,13.2075471878052
RL.PER.RNK.UPPER,HT,2021,16.6666660308838
RL.PER.RNK.UPPER,HT,2020,23.3333339691162
RL.PER.RNK.UPPER,HT,2019,24.761905670166
RL.PER.RNK.UPPER,HT,2018,21.9047622680664
RL.PER.RNK.UPPER,HT,2017,20.9523811340332
RL.PER.RNK.UPPER,HT,2016,25.238094329834
RL.PER.RNK.UPPER,HT,2015,17.619047164917
RL.PER.RNK.UPPER,HT,2014,17.3076915740967
RL.PER.RNK.UPPER,HT,2013,14.0845069885254
RL.PER.RNK.UPPER,HT,2012,12.2065725326538
RL.PER.RNK.UPPER,HT,2011,10.7981224060059
RL.PER.RNK.UPPER,HT,2010,11.3744077682495
RL.PER.RNK.UPPER,HT,2009,14.2180099487305
RL.PER.RNK.UPPER,HT,2008,15.384614944458
RL.PER.RNK.UPPER,HT,2007,12.9186601638794
RL.PER.RNK.UPPER,HT,2006,11.4832534790039
RL.PER.RNK.UPPER,HT,2005,8.13397121429443
RL.PER.RNK.UPPER,HT,2004,6.73076915740967
RL.PER.RNK.UPPER,HT,2003,6.96517419815063
RL.PER.RNK.UPPER,HT,2002,6.96517419815063
RL.PER.RNK.UPPER,HT,2001,None
RL.PER.RNK.UPPER,HT,2000,18.4079608917236
RL.PER.RNK.UPPER,HT,1999,None
RL.PER.RNK.UPPER,HT,1998,18.5
RL.PER.RNK.UPPER,HT,1997,None
RL.PER.RNK.UPPER,HT,1996,21.1055278778076
RL.PER.RNK.UPPER,HT,1995,None
RL.PER.RNK.UPPER,IN,2023,None
RL.PER.RNK.UPPER,IN,2022,61.3207550048828
RL.PER.RNK.UPPER,IN,2021,55.7142868041992
RL.PER.RNK.UPPER,IN,2020,55.7142868041992
RL.PER.RNK.UPPER,IN,2019,58.0952377319336
RL.PER.RNK.UPPER,IN,2018,60
RL.PER.RNK.UPPER,IN,2017,59.0476188659668
RL.PER.RNK.UPPER,IN,2016,58.0952377319336
RL.PER.RNK.UPPER,IN,2015,60.9523811340332
RL.PER.RNK.UPPER,IN,2014,62.5
RL.PER.RNK.UPPER,IN,2013,58.2159614562988
RL.PER.RNK.UPPER,IN,2012,59.1549301147461
RL.PER.RNK.UPPER,IN,2011,58.6854476928711
RL.PER.RNK.UPPER,IN,2010,60.6635055541992
RL.PER.RNK.UPPER,IN,2009,60.1895751953125
RL.PER.RNK.UPPER,IN,2008,58.6538467407227
RL.PER.RNK.UPPER,IN,2007,59.3301429748535
RL.PER.RNK.UPPER,IN,2006,62.6794242858887
RL.PER.RNK.UPPER,IN,2005,60.2870826721191
RL.PER.RNK.UPPER,IN,2004,59.6153831481934
RL.PER.RNK.UPPER,IN,2003,62.6865653991699
RL.PER.RNK.UPPER,IN,2002,58.7064666748047
RL.PER.RNK.UPPER,IN,2001,None
RL.PER.RNK.UPPER,IN,2000,68.6567153930664
RL.PER.RNK.UPPER,IN,1999,None
RL.PER.RNK.UPPER,IN,1998,69
RL.PER.RNK.UPPER,IN,1997,None
RL.PER.RNK.UPPER,IN,1996,68.3417053222656
RL.PER.RNK.UPPER,IN,1995,None
RL.PER.RNK.UPPER,JO,2023,None
RL.PER.RNK.UPPER,JO,2022,66.0377349853516
RL.PER.RNK.UPPER,JO,2021,64.7619018554688
RL.PER.RNK.UPPER,JO,2020,64.7619018554688
RL.PER.RNK.UPPER,JO,2019,62.8571434020996
RL.PER.RNK.UPPER,JO,2018,68.5714263916016
RL.PER.RNK.UPPER,JO,2017,67.6190490722656
RL.PER.RNK.UPPER,JO,2016,69.0476226806641
RL.PER.RNK.UPPER,JO,2015,71.9047622680664
RL.PER.RNK.UPPER,JO,2014,75.4807662963867
RL.PER.RNK.UPPER,JO,2013,68.5446014404297
RL.PER.RNK.UPPER,JO,2012,67.1361465454102
RL.PER.RNK.UPPER,JO,2011,62.9107971191406
RL.PER.RNK.UPPER,JO,2010,62.0853080749512
RL.PER.RNK.UPPER,JO,2009,63.5071105957031
RL.PER.RNK.UPPER,JO,2008,69.711540222168
RL.PER.RNK.UPPER,JO,2007,69.3779907226563
RL.PER.RNK.UPPER,JO,2006,66.0287094116211
RL.PER.RNK.UPPER,JO,2005,66.5071792602539
RL.PER.RNK.UPPER,JO,2004,67.788459777832
RL.PER.RNK.UPPER,JO,2003,68.1592025756836
RL.PER.RNK.UPPER,JO,2002,61.6915435791016
RL.PER.RNK.UPPER,JO,2001,None
RL.PER.RNK.UPPER,JO,2000,69.1542282104492
RL.PER.RNK.UPPER,JO,1999,None
RL.PER.RNK.UPPER,JO,1998,69
RL.PER.RNK.UPPER,JO,1997,None
RL.PER.RNK.UPPER,JO,1996,67.8391952514648
RL.PER.RNK.UPPER,JO,1995,None
RL.PER.RNK.UPPER,KE,2023,None
RL.PER.RNK.UPPER,KE,2022,50.9433975219727
RL.PER.RNK.UPPER,KE,2021,46.1904754638672
RL.PER.RNK.UPPER,KE,2020,40.476188659668
RL.PER.RNK.UPPER,KE,2019,45.7142868041992
RL.PER.RNK.UPPER,KE,2018,47.6190490722656
RL.PER.RNK.UPPER,KE,2017,46.6666679382324
RL.PER.RNK.UPPER,KE,2016,46.1904754638672
RL.PER.RNK.UPPER,KE,2015,45.238094329834
RL.PER.RNK.UPPER,KE,2014,49.038459777832
RL.PER.RNK.UPPER,KE,2013,39.9061050415039
RL.PER.RNK.UPPER,KE,2012,32.3943672180176
RL.PER.RNK.UPPER,KE,2011,29.1079807281494
RL.PER.RNK.UPPER,KE,2010,28.4360198974609
RL.PER.RNK.UPPER,KE,2009,24.6445503234863
RL.PER.RNK.UPPER,KE,2008,24.0384616851807
RL.PER.RNK.UPPER,KE,2007,26.7942581176758
RL.PER.RNK.UPPER,KE,2006,30.6220092773438
RL.PER.RNK.UPPER,KE,2005,32.0574150085449
RL.PER.RNK.UPPER,KE,2004,35.0961532592773
RL.PER.RNK.UPPER,KE,2003,30.8457717895508
RL.PER.RNK.UPPER,KE,2002,32.8358192443848
RL.PER.RNK.UPPER,KE,2001,None
RL.PER.RNK.UPPER,KE,2000,32.3383102416992
RL.PER.RNK.UPPER,KE,1999,None
RL.PER.RNK.UPPER,KE,1998,30.5
RL.PER.RNK.UPPER,KE,1997,None
RL.PER.RNK.UPPER,KE,1996,28.6432151794434
RL.PER.RNK.UPPER,KE,1995,None
RL.PER.RNK.UPPER,KG,2023,None
RL.PER.RNK.UPPER,KG,2022,19.8113212585449
RL.PER.RNK.UPPER,KG,2021,21.4285717010498
RL.PER.RNK.UPPER,KG,2020,23.8095245361328
RL.PER.RNK.UPPER,KG,2019,26.1904754638672
RL.PER.RNK.UPPER,KG,2018,26.1904754638672
RL.PER.RNK.UPPER,KG,2017,26.6666660308838
RL.PER.RNK.UPPER,KG,2016,23.8095245361328
RL.PER.RNK.UPPER,KG,2015,23.8095245361328
RL.PER.RNK.UPPER,KG,2014,27.4038467407227
RL.PER.RNK.UPPER,KG,2013,19.2488269805908
RL.PER.RNK.UPPER,KG,2012,19.7183094024658
RL.PER.RNK.UPPER,KG,2011,16.9014091491699
RL.PER.RNK.UPPER,KG,2010,14.2180099487305
RL.PER.RNK.UPPER,KG,2009,13.7440757751465
RL.PER.RNK.UPPER,KG,2008,11.057692527771
RL.PER.RNK.UPPER,KG,2007,12.9186601638794
RL.PER.RNK.UPPER,KG,2006,14.3540668487549
RL.PER.RNK.UPPER,KG,2005,23.4449768066406
RL.PER.RNK.UPPER,KG,2004,39.9038467407227
RL.PER.RNK.UPPER,KG,2003,41.2935333251953
RL.PER.RNK.UPPER,KG,2002,37.8109436035156
RL.PER.RNK.UPPER,KG,2001,None
RL.PER.RNK.UPPER,KG,2000,33.3333320617676
RL.PER.RNK.UPPER,KG,1999,None
RL.PER.RNK.UPPER,KG,1998,39.5
RL.PER.RNK.UPPER,KG,1997,None
RL.PER.RNK.UPPER,KG,1996,42.2110557556152
RL.PER.RNK.UPPER,KG,1995,None
RL.PER.RNK.UPPER,KH,2023,None
RL.PER.RNK.UPPER,KH,2022,29.7169818878174
RL.PER.RNK.UPPER,KH,2021,27.619047164917
RL.PER.RNK.UPPER,KH,2020,24.2857151031494
RL.PER.RNK.UPPER,KH,2019,24.761905670166
RL.PER.RNK.UPPER,KH,2018,19.0476188659668
RL.PER.RNK.UPPER,KH,2017,21.4285717010498
RL.PER.RNK.UPPER,KH,2016,21.9047622680664
RL.PER.RNK.UPPER,KH,2015,27.1428565979004
RL.PER.RNK.UPPER,KH,2014,27.4038467407227
RL.PER.RNK.UPPER,KH,2013,24.8826293945313
RL.PER.RNK.UPPER,KH,2012,26.7605628967285
RL.PER.RNK.UPPER,KH,2011,23.474178314209
RL.PER.RNK.UPPER,KH,2010,21.3270149230957
RL.PER.RNK.UPPER,KH,2009,19.9052124023438
RL.PER.RNK.UPPER,KH,2008,20.1923084259033
RL.PER.RNK.UPPER,KH,2007,21.0526313781738
RL.PER.RNK.UPPER,KH,2006,18.1818180084229
RL.PER.RNK.UPPER,KH,2005,18.1818180084229
RL.PER.RNK.UPPER,KH,2004,19.7115383148193
RL.PER.RNK.UPPER,KH,2003,24.8756217956543
RL.PER.RNK.UPPER,KH,2002,24.3781089782715
RL.PER.RNK.UPPER,KH,2001,None
RL.PER.RNK.UPPER,KH,2000,27.8606967926025
RL.PER.RNK.UPPER,KH,1999,None
RL.PER.RNK.UPPER,KH,1998,24.5
RL.PER.RNK.UPPER,KH,1997,None
RL.PER.RNK.UPPER,KH,1996,22.1105518341064
RL.PER.RNK.UPPER,KH,1995,None
RL.PER.RNK.UPPER,KI,2023,None
RL.PER.RNK.UPPER,KI,2022,85.3773574829102
RL.PER.RNK.UPPER,KI,2021,90.476188659668
RL.PER.RNK.UPPER,KI,2020,91.4285736083984
RL.PER.RNK.UPPER,KI,2019,88.0952377319336
RL.PER.RNK.UPPER,KI,2018,84.2857131958008
RL.PER.RNK.UPPER,KI,2017,84.7619018554688
RL.PER.RNK.UPPER,KI,2016,78.0952377319336
RL.PER.RNK.UPPER,KI,2015,61.4285697937012
RL.PER.RNK.UPPER,KI,2014,65.3846130371094
RL.PER.RNK.UPPER,KI,2013,66.6666641235352
RL.PER.RNK.UPPER,KI,2012,66.1971817016602
RL.PER.RNK.UPPER,KI,2011,63.8497657775879
RL.PER.RNK.UPPER,KI,2010,62.5592422485352
RL.PER.RNK.UPPER,KI,2009,63.9810409545898
RL.PER.RNK.UPPER,KI,2008,72.1153869628906
RL.PER.RNK.UPPER,KI,2007,88.0382766723633
RL.PER.RNK.UPPER,KI,2006,89.9521560668945
RL.PER.RNK.UPPER,KI,2005,86.6028671264648
RL.PER.RNK.UPPER,KI,2004,86.0576934814453
RL.PER.RNK.UPPER,KI,2003,100
RL.PER.RNK.UPPER,KI,2002,100
RL.PER.RNK.UPPER,KI,2001,None
RL.PER.RNK.UPPER,KI,2000,100
RL.PER.RNK.UPPER,KI,1999,None
RL.PER.RNK.UPPER,KI,1998,100
RL.PER.RNK.UPPER,KI,1997,None
RL.PER.RNK.UPPER,KI,1996,100
RL.PER.RNK.UPPER,KI,1995,None
RL.PER.RNK.UPPER,LA,2023,None
RL.PER.RNK.UPPER,LA,2022,33.4905662536621
RL.PER.RNK.UPPER,LA,2021,39.0476188659668
RL.PER.RNK.UPPER,LA,2020,29.0476188659668
RL.PER.RNK.UPPER,LA,2019,24.761905670166
RL.PER.RNK.UPPER,LA,2018,30.4761905670166
RL.PER.RNK.UPPER,LA,2017,30
RL.PER.RNK.UPPER,LA,2016,31.9047622680664
RL.PER.RNK.UPPER,LA,2015,32.8571434020996
RL.PER.RNK.UPPER,LA,2014,35.5769233703613
RL.PER.RNK.UPPER,LA,2013,34.7417831420898
RL.PER.RNK.UPPER,LA,2012,32.3943672180176
RL.PER.RNK.UPPER,LA,2011,25.8215961456299
RL.PER.RNK.UPPER,LA,2010,28.4360198974609
RL.PER.RNK.UPPER,LA,2009,24.6445503234863
RL.PER.RNK.UPPER,LA,2008,34.1346168518066
RL.PER.RNK.UPPER,LA,2007,29.6650714874268
RL.PER.RNK.UPPER,LA,2006,27.2727279663086
RL.PER.RNK.UPPER,LA,2005,23.4449768066406
RL.PER.RNK.UPPER,LA,2004,20.6730766296387
RL.PER.RNK.UPPER,LA,2003,16.9154224395752
RL.PER.RNK.UPPER,LA,2002,24.3781089782715
RL.PER.RNK.UPPER,LA,2001,None
RL.PER.RNK.UPPER,LA,2000,32.3383102416992
RL.PER.RNK.UPPER,LA,1999,None
RL.PER.RNK.UPPER,LA,1998,35.5
RL.PER.RNK.UPPER,LA,1997,None
RL.PER.RNK.UPPER,LA,1996,34.6733665466309
RL.PER.RNK.UPPER,LA,1995,None
RL.PER.RNK.UPPER,LB,2023,None
RL.PER.RNK.UPPER,LB,2022,23.1132068634033
RL.PER.RNK.UPPER,LB,2021,22.380952835083
RL.PER.RNK.UPPER,LB,2020,28.0952377319336
RL.PER.RNK.UPPER,LB,2019,29.0476188659668
RL.PER.RNK.UPPER,LB,2018,32.3809509277344
RL.PER.RNK.UPPER,LB,2017,31.4285717010498
RL.PER.RNK.UPPER,LB,2016,31.9047622680664
RL.PER.RNK.UPPER,LB,2015,34.2857131958008
RL.PER.RNK.UPPER,LB,2014,37.980770111084
RL.PER.RNK.UPPER,LB,2013,40.3755874633789
RL.PER.RNK.UPPER,LB,2012,40.3755874633789
RL.PER.RNK.UPPER,LB,2011,43.1924896240234
RL.PER.RNK.UPPER,LB,2010,42.1800956726074
RL.PER.RNK.UPPER,LB,2009,44.5497627258301
RL.PER.RNK.UPPER,LB,2008,44.711540222168
RL.PER.RNK.UPPER,LB,2007,43.5406684875488
RL.PER.RNK.UPPER,LB,2006,44.9760780334473
RL.PER.RNK.UPPER,LB,2005,54.5454559326172
RL.PER.RNK.UPPER,LB,2004,57.211540222168
RL.PER.RNK.UPPER,LB,2003,51.243782043457
RL.PER.RNK.UPPER,LB,2002,54.7263679504395
RL.PER.RNK.UPPER,LB,2001,None
RL.PER.RNK.UPPER,LB,2000,55.2238807678223
RL.PER.RNK.UPPER,LB,1999,None
RL.PER.RNK.UPPER,LB,1998,50
RL.PER.RNK.UPPER,LB,1997,None
RL.PER.RNK.UPPER,LB,1996,53.2663307189941
RL.PER.RNK.UPPER,LB,1995,None
RL.PER.RNK.UPPER,LR,2023,None
RL.PER.RNK.UPPER,LR,2022,25
RL.PER.RNK.UPPER,LR,2021,24.761905670166
RL.PER.RNK.UPPER,LR,2020,21.4285717010498
RL.PER.RNK.UPPER,LR,2019,23.8095245361328
RL.PER.RNK.UPPER,LR,2018,22.8571434020996
RL.PER.RNK.UPPER,LR,2017,24.761905670166
RL.PER.RNK.UPPER,LR,2016,25.238094329834
RL.PER.RNK.UPPER,LR,2015,29.5238094329834
RL.PER.RNK.UPPER,LR,2014,33.1730766296387
RL.PER.RNK.UPPER,LR,2013,31.4553985595703
RL.PER.RNK.UPPER,LR,2012,30.5164318084717
RL.PER.RNK.UPPER,LR,2011,28.6384983062744
RL.PER.RNK.UPPER,LR,2010,27.962085723877
RL.PER.RNK.UPPER,LR,2009,25.5924167633057
RL.PER.RNK.UPPER,LR,2008,24.0384616851807
RL.PER.RNK.UPPER,LR,2007,35.8851661682129
RL.PER.RNK.UPPER,LR,2006,38.2775115966797
RL.PER.RNK.UPPER,LR,2005,20.0956935882568
RL.PER.RNK.UPPER,LR,2004,13.4615383148193
RL.PER.RNK.UPPER,LR,2003,15.9203977584839
RL.PER.RNK.UPPER,LR,2002,11.9402980804443
RL.PER.RNK.UPPER,LR,2001,None
RL.PER.RNK.UPPER,LR,2000,4.47761201858521
RL.PER.RNK.UPPER,LR,1999,None
RL.PER.RNK.UPPER,LR,1998,9.5
RL.PER.RNK.UPPER,LR,1997,None
RL.PER.RNK.UPPER,LR,1996,7.53768825531006
RL.PER.RNK.UPPER,LR,1995,None
RL.PER.RNK.UPPER,LK,2023,None
RL.PER.RNK.UPPER,LK,2022,56.6037750244141
RL.PER.RNK.UPPER,LK,2021,58.5714302062988
RL.PER.RNK.UPPER,LK,2020,59.523811340332
RL.PER.RNK.UPPER,LK,2019,60.9523811340332
RL.PER.RNK.UPPER,LK,2018,60.476188659668
RL.PER.RNK.UPPER,LK,2017,60.9523811340332
RL.PER.RNK.UPPER,LK,2016,64.2857131958008
RL.PER.RNK.UPPER,LK,2015,62.8571434020996
RL.PER.RNK.UPPER,LK,2014,61.538459777832
RL.PER.RNK.UPPER,LK,2013,53.521125793457
RL.PER.RNK.UPPER,LK,2012,58.2159614562988
RL.PER.RNK.UPPER,LK,2011,57.7464790344238
RL.PER.RNK.UPPER,LK,2010,58.2938385009766
RL.PER.RNK.UPPER,LK,2009,58.2938385009766
RL.PER.RNK.UPPER,LK,2008,58.1730766296387
RL.PER.RNK.UPPER,LK,2007,61.2440185546875
RL.PER.RNK.UPPER,LK,2006,62.6794242858887
RL.PER.RNK.UPPER,LK,2005,61.2440185546875
RL.PER.RNK.UPPER,LK,2004,63.9423065185547
RL.PER.RNK.UPPER,LK,2003,66.6666641235352
RL.PER.RNK.UPPER,LK,2002,67.164176940918
RL.PER.RNK.UPPER,LK,2001,None
RL.PER.RNK.UPPER,LK,2000,63.1840782165527
RL.PER.RNK.UPPER,LK,1999,None
RL.PER.RNK.UPPER,LK,1998,64
RL.PER.RNK.UPPER,LK,1997,None
RL.PER.RNK.UPPER,LK,1996,63.3165817260742
RL.PER.RNK.UPPER,LK,1995,None
RL.PER.RNK.UPPER,LS,2023,None
RL.PER.RNK.UPPER,LS,2022,43.8679237365723
RL.PER.RNK.UPPER,LS,2021,46.6666679382324
RL.PER.RNK.UPPER,LS,2020,44.761905670166
RL.PER.RNK.UPPER,LS,2019,49.0476188659668
RL.PER.RNK.UPPER,LS,2018,50.476188659668
RL.PER.RNK.UPPER,LS,2017,52.3809509277344
RL.PER.RNK.UPPER,LS,2016,56.6666679382324
RL.PER.RNK.UPPER,LS,2015,58.5714302062988
RL.PER.RNK.UPPER,LS,2014,60.5769233703613
RL.PER.RNK.UPPER,LS,2013,55.3990592956543
RL.PER.RNK.UPPER,LS,2012,54.4600944519043
RL.PER.RNK.UPPER,LS,2011,53.9906120300293
RL.PER.RNK.UPPER,LS,2010,53.0805702209473
RL.PER.RNK.UPPER,LS,2009,54.9763031005859
RL.PER.RNK.UPPER,LS,2008,54.3269233703613
RL.PER.RNK.UPPER,LS,2007,52.6315803527832
RL.PER.RNK.UPPER,LS,2006,53.5885162353516
RL.PER.RNK.UPPER,LS,2005,56.4593315124512
RL.PER.RNK.UPPER,LS,2004,58.6538467407227
RL.PER.RNK.UPPER,LS,2003,64.6766204833984
RL.PER.RNK.UPPER,LS,2002,64.6766204833984
RL.PER.RNK.UPPER,LS,2001,None
RL.PER.RNK.UPPER,LS,2000,64.1791076660156
RL.PER.RNK.UPPER,LS,1999,None
RL.PER.RNK.UPPER,LS,1998,69.5
RL.PER.RNK.UPPER,LS,1997,None
RL.PER.RNK.UPPER,LS,1996,68.3417053222656
RL.PER.RNK.UPPER,LS,1995,None
RL.PER.RNK.UPPER,MA,2023,None
RL.PER.RNK.UPPER,MA,2022,54.7169799804688
RL.PER.RNK.UPPER,MA,2021,52.8571434020996
RL.PER.RNK.UPPER,MA,2020,54.2857131958008
RL.PER.RNK.UPPER,MA,2019,53.3333320617676
RL.PER.RNK.UPPER,MA,2018,53.8095245361328
RL.PER.RNK.UPPER,MA,2017,52.8571434020996
RL.PER.RNK.UPPER,MA,2016,53.8095245361328
RL.PER.RNK.UPPER,MA,2015,58.5714302062988
RL.PER.RNK.UPPER,MA,2014,61.538459777832
RL.PER.RNK.UPPER,MA,2013,52.1126747131348
RL.PER.RNK.UPPER,MA,2012,53.9906120300293
RL.PER.RNK.UPPER,MA,2011,53.9906120300293
RL.PER.RNK.UPPER,MA,2010,54.502368927002
RL.PER.RNK.UPPER,MA,2009,54.502368927002
RL.PER.RNK.UPPER,MA,2008,51.4423065185547
RL.PER.RNK.UPPER,MA,2007,52.1531105041504
RL.PER.RNK.UPPER,MA,2006,51.6746406555176
RL.PER.RNK.UPPER,MA,2005,54.5454559326172
RL.PER.RNK.UPPER,MA,2004,58.6538467407227
RL.PER.RNK.UPPER,MA,2003,58.2089538574219
RL.PER.RNK.UPPER,MA,2002,58.2089538574219
RL.PER.RNK.UPPER,MA,2001,None
RL.PER.RNK.UPPER,MA,2000,62.6865653991699
RL.PER.RNK.UPPER,MA,1999,None
RL.PER.RNK.UPPER,MA,1998,64
RL.PER.RNK.UPPER,MA,1997,None
RL.PER.RNK.UPPER,MA,1996,65.8291473388672
RL.PER.RNK.UPPER,MA,1995,None
RL.PER.RNK.UPPER,MG,2023,None
RL.PER.RNK.UPPER,MG,2022,24.5283012390137
RL.PER.RNK.UPPER,MG,2021,27.619047164917
RL.PER.RNK.UPPER,MG,2020,28.0952377319336
RL.PER.RNK.UPPER,MG,2019,22.8571434020996
RL.PER.RNK.UPPER,MG,2018,30.4761905670166
RL.PER.RNK.UPPER,MG,2017,29.5238094329834
RL.PER.RNK.UPPER,MG,2016,30.4761905670166
RL.PER.RNK.UPPER,MG,2015,38.0952377319336
RL.PER.RNK.UPPER,MG,2014,35.0961532592773
RL.PER.RNK.UPPER,MG,2013,30.046947479248
RL.PER.RNK.UPPER,MG,2012,29.1079807281494
RL.PER.RNK.UPPER,MG,2011,29.577465057373
RL.PER.RNK.UPPER,MG,2010,30.3317527770996
RL.PER.RNK.UPPER,MG,2009,36.4928894042969
RL.PER.RNK.UPPER,MG,2008,49.038459777832
RL.PER.RNK.UPPER,MG,2007,50.2392349243164
RL.PER.RNK.UPPER,MG,2006,49.7607650756836
RL.PER.RNK.UPPER,MG,2005,50.2392349243164
RL.PER.RNK.UPPER,MG,2004,55.769229888916
RL.PER.RNK.UPPER,MG,2003,55.7213935852051
RL.PER.RNK.UPPER,MG,2002,57.7114410400391
RL.PER.RNK.UPPER,MG,2001,None
RL.PER.RNK.UPPER,MG,2000,58.7064666748047
RL.PER.RNK.UPPER,MG,1999,None
RL.PER.RNK.UPPER,MG,1998,55
RL.PER.RNK.UPPER,MG,1997,None
RL.PER.RNK.UPPER,MG,1996,54.773868560791
RL.PER.RNK.UPPER,MG,1995,None
RL.PER.RNK.UPPER,ML,2023,None
RL.PER.RNK.UPPER,ML,2022,23.5849056243896
RL.PER.RNK.UPPER,ML,2021,25.238094329834
RL.PER.RNK.UPPER,ML,2020,24.2857151031494
RL.PER.RNK.UPPER,ML,2019,27.1428565979004
RL.PER.RNK.UPPER,ML,2018,30.4761905670166
RL.PER.RNK.UPPER,ML,2017,31.4285717010498
RL.PER.RNK.UPPER,ML,2016,31.9047622680664
RL.PER.RNK.UPPER,ML,2015,36.1904754638672
RL.PER.RNK.UPPER,ML,2014,40.3846168518066
RL.PER.RNK.UPPER,ML,2013,36.6197166442871
RL.PER.RNK.UPPER,ML,2012,40.8450698852539
RL.PER.RNK.UPPER,ML,2011,46.478874206543
RL.PER.RNK.UPPER,ML,2010,47.3933639526367
RL.PER.RNK.UPPER,ML,2009,49.7630348205566
RL.PER.RNK.UPPER,ML,2008,53.3653831481934
RL.PER.RNK.UPPER,ML,2007,55.9808616638184
RL.PER.RNK.UPPER,ML,2006,52.6315803527832
RL.PER.RNK.UPPER,ML,2005,56.9377975463867
RL.PER.RNK.UPPER,ML,2004,57.211540222168
RL.PER.RNK.UPPER,ML,2003,62.6865653991699
RL.PER.RNK.UPPER,ML,2002,57.2139320373535
RL.PER.RNK.UPPER,ML,2001,None
RL.PER.RNK.UPPER,ML,2000,56.7164192199707
RL.PER.RNK.UPPER,ML,1999,None
RL.PER.RNK.UPPER,ML,1998,59
RL.PER.RNK.UPPER,ML,1997,None
RL.PER.RNK.UPPER,ML,1996,57.7889442443848
RL.PER.RNK.UPPER,ML,1995,None
RL.PER.RNK.UPPER,MM,2023,None
RL.PER.RNK.UPPER,MM,2022,10.8490562438965
RL.PER.RNK.UPPER,MM,2021,10.9523811340332
RL.PER.RNK.UPPER,MM,2020,18.5714282989502
RL.PER.RNK.UPPER,MM,2019,21.9047622680664
RL.PER.RNK.UPPER,MM,2018,22.380952835083
RL.PER.RNK.UPPER,MM,2017,27.1428565979004
RL.PER.RNK.UPPER,MM,2016,30
RL.PER.RNK.UPPER,MM,2015,13.3333330154419
RL.PER.RNK.UPPER,MM,2014,15.865385055542
RL.PER.RNK.UPPER,MM,2013,15.023473739624
RL.PER.RNK.UPPER,MM,2012,12.6760559082031
RL.PER.RNK.UPPER,MM,2011,11.7370891571045
RL.PER.RNK.UPPER,MM,2010,8.53080558776855
RL.PER.RNK.UPPER,MM,2009,9.00473976135254
RL.PER.RNK.UPPER,MM,2008,8.65384578704834
RL.PER.RNK.UPPER,MM,2007,9.09090900421143
RL.PER.RNK.UPPER,MM,2006,10.0478467941284
RL.PER.RNK.UPPER,MM,2005,6.69856452941895
RL.PER.RNK.UPPER,MM,2004,6.25
RL.PER.RNK.UPPER,MM,2003,6.96517419815063
RL.PER.RNK.UPPER,MM,2002,6.46766185760498
RL.PER.RNK.UPPER,MM,2001,None
RL.PER.RNK.UPPER,MM,2000,14.9253730773926
RL.PER.RNK.UPPER,MM,1999,None
RL.PER.RNK.UPPER,MM,1998,13
RL.PER.RNK.UPPER,MM,1997,None
RL.PER.RNK.UPPER,MM,1996,12.0603017807007
RL.PER.RNK.UPPER,MM,1995,None
RL.PER.RNK.UPPER,MZ,2023,None
RL.PER.RNK.UPPER,MZ,2022,23.5849056243896
RL.PER.RNK.UPPER,MZ,2021,22.8571434020996
RL.PER.RNK.UPPER,MZ,2020,21.4285717010498
RL.PER.RNK.UPPER,MZ,2019,21.9047622680664
RL.PER.RNK.UPPER,MZ,2018,20.9523811340332
RL.PER.RNK.UPPER,MZ,2017,22.8571434020996
RL.PER.RNK.UPPER,MZ,2016,21.9047622680664
RL.PER.RNK.UPPER,MZ,2015,30
RL.PER.RNK.UPPER,MZ,2014,33.1730766296387
RL.PER.RNK.UPPER,MZ,2013,33.8028182983398
RL.PER.RNK.UPPER,MZ,2012,42.7230033874512
RL.PER.RNK.UPPER,MZ,2011,43.6619720458984
RL.PER.RNK.UPPER,MZ,2010,46.9194297790527
RL.PER.RNK.UPPER,MZ,2009,42.6540298461914
RL.PER.RNK.UPPER,MZ,2008,41.3461532592773
RL.PER.RNK.UPPER,MZ,2007,43.5406684875488
RL.PER.RNK.UPPER,MZ,2006,44.0191383361816
RL.PER.RNK.UPPER,MZ,2005,40.1913871765137
RL.PER.RNK.UPPER,MZ,2004,40.8653831481934
RL.PER.RNK.UPPER,MZ,2003,41.2935333251953
RL.PER.RNK.UPPER,MZ,2002,38.8059692382813
RL.PER.RNK.UPPER,MZ,2001,None
RL.PER.RNK.UPPER,MZ,2000,35.8208961486816
RL.PER.RNK.UPPER,MZ,1999,None
RL.PER.RNK.UPPER,MZ,1998,36
RL.PER.RNK.UPPER,MZ,1997,None
RL.PER.RNK.UPPER,MZ,1996,37.6884422302246
RL.PER.RNK.UPPER,MZ,1995,None
RL.PER.RNK.UPPER,MR,2023,None
RL.PER.RNK.UPPER,MR,2022,38.6792449951172
RL.PER.RNK.UPPER,MR,2021,35.238094329834
RL.PER.RNK.UPPER,MR,2020,40.476188659668
RL.PER.RNK.UPPER,MR,2019,40
RL.PER.RNK.UPPER,MR,2018,34.2857131958008
RL.PER.RNK.UPPER,MR,2017,39.523811340332
RL.PER.RNK.UPPER,MR,2016,34.2857131958008
RL.PER.RNK.UPPER,MR,2015,29.5238094329834
RL.PER.RNK.UPPER,MR,2014,31.25
RL.PER.RNK.UPPER,MR,2013,24.4131450653076
RL.PER.RNK.UPPER,MR,2012,29.1079807281494
RL.PER.RNK.UPPER,MR,2011,28.6384983062744
RL.PER.RNK.UPPER,MR,2010,30.3317527770996
RL.PER.RNK.UPPER,MR,2009,33.6492881774902
RL.PER.RNK.UPPER,MR,2008,20.6730766296387
RL.PER.RNK.UPPER,MR,2007,41.1483268737793
RL.PER.RNK.UPPER,MR,2006,37.3205757141113
RL.PER.RNK.UPPER,MR,2005,39.2344512939453
RL.PER.RNK.UPPER,MR,2004,42.3076934814453
RL.PER.RNK.UPPER,MR,2003,46.2686576843262
RL.PER.RNK.UPPER,MR,2002,52.2388076782227
RL.PER.RNK.UPPER,MR,2001,None
RL.PER.RNK.UPPER,MR,2000,51.7412948608398
RL.PER.RNK.UPPER,MR,1999,None
RL.PER.RNK.UPPER,MR,1998,52.5
RL.PER.RNK.UPPER,MR,1997,None
RL.PER.RNK.UPPER,MR,1996,52.7638206481934
RL.PER.RNK.UPPER,MR,1995,None
RL.PER.RNK.UPPER,MW,2023,None
RL.PER.RNK.UPPER,MW,2022,53.7735862731934
RL.PER.RNK.UPPER,MW,2021,52.3809509277344
RL.PER.RNK.UPPER,MW,2020,52.3809509277344
RL.PER.RNK.UPPER,MW,2019,50.476188659668
RL.PER.RNK.UPPER,MW,2018,48.5714302062988
RL.PER.RNK.UPPER,MW,2017,49.0476188659668
RL.PER.RNK.UPPER,MW,2016,50
RL.PER.RNK.UPPER,MW,2015,53.3333320617676
RL.PER.RNK.UPPER,MW,2014,57.6923065185547
RL.PER.RNK.UPPER,MW,2013,55.3990592956543
RL.PER.RNK.UPPER,MW,2012,54.9295768737793
RL.PER.RNK.UPPER,MW,2011,57.2769966125488
RL.PER.RNK.UPPER,MW,2010,56.8720397949219
RL.PER.RNK.UPPER,MW,2009,57.3459701538086
RL.PER.RNK.UPPER,MW,2008,57.6923065185547
RL.PER.RNK.UPPER,MW,2007,55.9808616638184
RL.PER.RNK.UPPER,MW,2006,53.5885162353516
RL.PER.RNK.UPPER,MW,2005,55.9808616638184
RL.PER.RNK.UPPER,MW,2004,57.211540222168
RL.PER.RNK.UPPER,MW,2003,56.2189064025879
RL.PER.RNK.UPPER,MW,2002,49.7512435913086
RL.PER.RNK.UPPER,MW,2001,None
RL.PER.RNK.UPPER,MW,2000,42.7860679626465
RL.PER.RNK.UPPER,MW,1999,None
RL.PER.RNK.UPPER,MW,1998,49.5
RL.PER.RNK.UPPER,MW,1997,None
RL.PER.RNK.UPPER,MW,1996,49.7487449645996
RL.PER.RNK.UPPER,MW,1995,None
RL.PER.RNK.UPPER,NE,2023,None
RL.PER.RNK.UPPER,NE,2022,43.8679237365723
RL.PER.RNK.UPPER,NE,2021,46.1904754638672
RL.PER.RNK.UPPER,NE,2020,40.9523811340332
RL.PER.RNK.UPPER,NE,2019,43.3333320617676
RL.PER.RNK.UPPER,NE,2018,40.9523811340332
RL.PER.RNK.UPPER,NE,2017,35.238094329834
RL.PER.RNK.UPPER,NE,2016,36.1904754638672
RL.PER.RNK.UPPER,NE,2015,43.3333320617676
RL.PER.RNK.UPPER,NE,2014,39.4230766296387
RL.PER.RNK.UPPER,NE,2013,41.7840385437012
RL.PER.RNK.UPPER,NE,2012,41.3145523071289
RL.PER.RNK.UPPER,NE,2011,49.7652587890625
RL.PER.RNK.UPPER,NE,2010,46.9194297790527
RL.PER.RNK.UPPER,NE,2009,47.3933639526367
RL.PER.RNK.UPPER,NE,2008,41.3461532592773
RL.PER.RNK.UPPER,NE,2007,46.4114837646484
RL.PER.RNK.UPPER,NE,2006,45.9330139160156
RL.PER.RNK.UPPER,NE,2005,39.7129173278809
RL.PER.RNK.UPPER,NE,2004,43.269229888916
RL.PER.RNK.UPPER,NE,2003,48.756217956543
RL.PER.RNK.UPPER,NE,2002,45.7711448669434
RL.PER.RNK.UPPER,NE,2001,None
RL.PER.RNK.UPPER,NE,2000,39.8009948730469
RL.PER.RNK.UPPER,NE,1999,None
RL.PER.RNK.UPPER,NE,1998,44.5
RL.PER.RNK.UPPER,NE,1997,None
RL.PER.RNK.UPPER,NE,1996,46.7336692810059
RL.PER.RNK.UPPER,NE,1995,None
RL.PER.RNK.UPPER,NG,2023,None
RL.PER.RNK.UPPER,NG,2022,25.4716987609863
RL.PER.RNK.UPPER,NG,2021,29.0476188659668
RL.PER.RNK.UPPER,NG,2020,29.5238094329834
RL.PER.RNK.UPPER,NG,2019,24.761905670166
RL.PER.RNK.UPPER,NG,2018,26.6666660308838
RL.PER.RNK.UPPER,NG,2017,28.5714282989502
RL.PER.RNK.UPPER,NG,2016,23.3333339691162
RL.PER.RNK.UPPER,NG,2015,25.7142848968506
RL.PER.RNK.UPPER,NG,2014,20.6730766296387
RL.PER.RNK.UPPER,NG,2013,19.2488269805908
RL.PER.RNK.UPPER,NG,2012,19.2488269805908
RL.PER.RNK.UPPER,NG,2011,16.9014091491699
RL.PER.RNK.UPPER,NG,2010,18.9573459625244
RL.PER.RNK.UPPER,NG,2009,18.0094795227051
RL.PER.RNK.UPPER,NG,2008,23.5576915740967
RL.PER.RNK.UPPER,NG,2007,22.9665069580078
RL.PER.RNK.UPPER,NG,2006,23.9234447479248
RL.PER.RNK.UPPER,NG,2005,13.8755979537964
RL.PER.RNK.UPPER,NG,2004,13.4615383148193
RL.PER.RNK.UPPER,NG,2003,11.4427862167358
RL.PER.RNK.UPPER,NG,2002,11.4427862167358
RL.PER.RNK.UPPER,NG,2001,None
RL.PER.RNK.UPPER,NG,2000,24.8756217956543
RL.PER.RNK.UPPER,NG,1999,None
RL.PER.RNK.UPPER,NG,1998,24.5
RL.PER.RNK.UPPER,NG,1997,None
RL.PER.RNK.UPPER,NG,1996,19.0954780578613
RL.PER.RNK.UPPER,NG,1995,None
RL.PER.RNK.UPPER,NI,2023,None
RL.PER.RNK.UPPER,NI,2022,15.5660381317139
RL.PER.RNK.UPPER,NI,2021,13.3333330154419
RL.PER.RNK.UPPER,NI,2020,17.619047164917
RL.PER.RNK.UPPER,NI,2019,17.1428565979004
RL.PER.RNK.UPPER,NI,2018,20
RL.PER.RNK.UPPER,NI,2017,38.5714302062988
RL.PER.RNK.UPPER,NI,2016,38.0952377319336
RL.PER.RNK.UPPER,NI,2015,36.1904754638672
RL.PER.RNK.UPPER,NI,2014,37.5
RL.PER.RNK.UPPER,NI,2013,41.7840385437012
RL.PER.RNK.UPPER,NI,2012,40.3755874633789
RL.PER.RNK.UPPER,NI,2011,38.0281677246094
RL.PER.RNK.UPPER,NI,2010,31.7535552978516
RL.PER.RNK.UPPER,NI,2009,35.0710906982422
RL.PER.RNK.UPPER,NI,2008,35.0961532592773
RL.PER.RNK.UPPER,NI,2007,35.8851661682129
RL.PER.RNK.UPPER,NI,2006,39.2344512939453
RL.PER.RNK.UPPER,NI,2005,41.1483268737793
RL.PER.RNK.UPPER,NI,2004,36.538459777832
RL.PER.RNK.UPPER,NI,2003,44.2786064147949
RL.PER.RNK.UPPER,NI,2002,40.2985076904297
RL.PER.RNK.UPPER,NI,2001,None
RL.PER.RNK.UPPER,NI,2000,33.3333320617676
RL.PER.RNK.UPPER,NI,1999,None
RL.PER.RNK.UPPER,NI,1998,42.5
RL.PER.RNK.UPPER,NI,1997,None
RL.PER.RNK.UPPER,NI,1996,45.226131439209
RL.PER.RNK.UPPER,NI,1995,None
RL.PER.RNK.UPPER,NP,2023,None
RL.PER.RNK.UPPER,NP,2022,45.7547187805176
RL.PER.RNK.UPPER,NP,2021,45.7142868041992
RL.PER.RNK.UPPER,NP,2020,44.761905670166
RL.PER.RNK.UPPER,NP,2019,44.2857131958008
RL.PER.RNK.UPPER,NP,2018,44.761905670166
RL.PER.RNK.UPPER,NP,2017,36.6666679382324
RL.PER.RNK.UPPER,NP,2016,31.9047622680664
RL.PER.RNK.UPPER,NP,2015,39.0476188659668
RL.PER.RNK.UPPER,NP,2014,40.3846168518066
RL.PER.RNK.UPPER,NP,2013,40.3755874633789
RL.PER.RNK.UPPER,NP,2012,40.3755874633789
RL.PER.RNK.UPPER,NP,2011,30.046947479248
RL.PER.RNK.UPPER,NP,2010,28.4360198974609
RL.PER.RNK.UPPER,NP,2009,31.2796211242676
RL.PER.RNK.UPPER,NP,2008,42.3076934814453
RL.PER.RNK.UPPER,NP,2007,46.8899536132813
RL.PER.RNK.UPPER,NP,2006,45.9330139160156
RL.PER.RNK.UPPER,NP,2005,34.4497604370117
RL.PER.RNK.UPPER,NP,2004,39.9038467407227
RL.PER.RNK.UPPER,NP,2003,45.7711448669434
RL.PER.RNK.UPPER,NP,2002,48.756217956543
RL.PER.RNK.UPPER,NP,2001,None
RL.PER.RNK.UPPER,NP,2000,58.2089538574219
RL.PER.RNK.UPPER,NP,1999,None
RL.PER.RNK.UPPER,NP,1998,64
RL.PER.RNK.UPPER,NP,1997,None
RL.PER.RNK.UPPER,NP,1996,63.3165817260742
RL.PER.RNK.UPPER,NP,1995,None
RL.PER.RNK.UPPER,PK,2023,None
RL.PER.RNK.UPPER,PK,2022,38.6792449951172
RL.PER.RNK.UPPER,PK,2021,39.0476188659668
RL.PER.RNK.UPPER,PK,2020,35.238094329834
RL.PER.RNK.UPPER,PK,2019,36.6666679382324
RL.PER.RNK.UPPER,PK,2018,35.7142868041992
RL.PER.RNK.UPPER,PK,2017,32.8571434020996
RL.PER.RNK.UPPER,PK,2016,31.4285717010498
RL.PER.RNK.UPPER,PK,2015,34.761905670166
RL.PER.RNK.UPPER,PK,2014,35.0961532592773
RL.PER.RNK.UPPER,PK,2013,33.8028182983398
RL.PER.RNK.UPPER,PK,2012,31.9248828887939
RL.PER.RNK.UPPER,PK,2011,29.577465057373
RL.PER.RNK.UPPER,PK,2010,35.5450248718262
RL.PER.RNK.UPPER,PK,2009,32.7014236450195
RL.PER.RNK.UPPER,PK,2008,25.480770111084
RL.PER.RNK.UPPER,PK,2007,31.1004791259766
RL.PER.RNK.UPPER,PK,2006,31.5789470672607
RL.PER.RNK.UPPER,PK,2005,33.0143547058105
RL.PER.RNK.UPPER,PK,2004,28.8461532592773
RL.PER.RNK.UPPER,PK,2003,32.3383102416992
RL.PER.RNK.UPPER,PK,2002,34.3283576965332
RL.PER.RNK.UPPER,PK,2001,None
RL.PER.RNK.UPPER,PK,2000,30.348258972168
RL.PER.RNK.UPPER,PK,1999,None
RL.PER.RNK.UPPER,PK,1998,37.5
RL.PER.RNK.UPPER,PK,1997,None
RL.PER.RNK.UPPER,PK,1996,42.2110557556152
RL.PER.RNK.UPPER,PK,1995,None
RL.PER.RNK.UPPER,PH,2023,None
RL.PER.RNK.UPPER,PH,2022,43.3962249755859
RL.PER.RNK.UPPER,PH,2021,38.0952377319336
RL.PER.RNK.UPPER,PH,2020,38.5714302062988
RL.PER.RNK.UPPER,PH,2019,43.3333320617676
RL.PER.RNK.UPPER,PH,2018,41.4285697937012
RL.PER.RNK.UPPER,PH,2017,45.238094329834
RL.PER.RNK.UPPER,PH,2016,49.0476188659668
RL.PER.RNK.UPPER,PH,2015,50.9523811340332
RL.PER.RNK.UPPER,PH,2014,52.4038467407227
RL.PER.RNK.UPPER,PH,2013,47.8873252868652
RL.PER.RNK.UPPER,PH,2012,46.478874206543
RL.PER.RNK.UPPER,PH,2011,46.478874206543
RL.PER.RNK.UPPER,PH,2010,45.0236968994141
RL.PER.RNK.UPPER,PH,2009,44.5497627258301
RL.PER.RNK.UPPER,PH,2008,45.6730766296387
RL.PER.RNK.UPPER,PH,2007,48.3253593444824
RL.PER.RNK.UPPER,PH,2006,49.7607650756836
RL.PER.RNK.UPPER,PH,2005,50.2392349243164
RL.PER.RNK.UPPER,PH,2004,42.788459777832
RL.PER.RNK.UPPER,PH,2003,44.2786064147949
RL.PER.RNK.UPPER,PH,2002,48.756217956543
RL.PER.RNK.UPPER,PH,2001,None
RL.PER.RNK.UPPER,PH,2000,48.2587051391602
RL.PER.RNK.UPPER,PH,1999,None
RL.PER.RNK.UPPER,PH,1998,62.5
RL.PER.RNK.UPPER,PH,1997,None
RL.PER.RNK.UPPER,PH,1996,62.3115577697754
RL.PER.RNK.UPPER,PH,1995,None
RL.PER.RNK.UPPER,PG,2023,None
RL.PER.RNK.UPPER,PG,2022,40.5660362243652
RL.PER.RNK.UPPER,PG,2021,34.761905670166
RL.PER.RNK.UPPER,PG,2020,36.1904754638672
RL.PER.RNK.UPPER,PG,2019,32.3809509277344
RL.PER.RNK.UPPER,PG,2018,33.8095245361328
RL.PER.RNK.UPPER,PG,2017,31.9047622680664
RL.PER.RNK.UPPER,PG,2016,34.761905670166
RL.PER.RNK.UPPER,PG,2015,32.3809509277344
RL.PER.RNK.UPPER,PG,2014,35.5769233703613
RL.PER.RNK.UPPER,PG,2013,30.9859161376953
RL.PER.RNK.UPPER,PG,2012,34.7417831420898
RL.PER.RNK.UPPER,PG,2011,33.8028182983398
RL.PER.RNK.UPPER,PG,2010,30.3317527770996
RL.PER.RNK.UPPER,PG,2009,31.2796211242676
RL.PER.RNK.UPPER,PG,2008,31.25
RL.PER.RNK.UPPER,PG,2007,35.4067001342773
RL.PER.RNK.UPPER,PG,2006,38.2775115966797
RL.PER.RNK.UPPER,PG,2005,29.6650714874268
RL.PER.RNK.UPPER,PG,2004,39.9038467407227
RL.PER.RNK.UPPER,PG,2003,33.8308448791504
RL.PER.RNK.UPPER,PG,2002,38.8059692382813
RL.PER.RNK.UPPER,PG,2001,None
RL.PER.RNK.UPPER,PG,2000,37.3134346008301
RL.PER.RNK.UPPER,PG,1999,None
RL.PER.RNK.UPPER,PG,1998,46.5
RL.PER.RNK.UPPER,PG,1997,None
RL.PER.RNK.UPPER,PG,1996,42.2110557556152
RL.PER.RNK.UPPER,PG,1995,None
RL.PER.RNK.UPPER,KP,2023,None
RL.PER.RNK.UPPER,KP,2022,8.01886749267578
RL.PER.RNK.UPPER,KP,2021,7.61904764175415
RL.PER.RNK.UPPER,KP,2020,7.61904764175415
RL.PER.RNK.UPPER,KP,2019,6.1904764175415
RL.PER.RNK.UPPER,KP,2018,7.14285707473755
RL.PER.RNK.UPPER,KP,2017,7.14285707473755
RL.PER.RNK.UPPER,KP,2016,8.09523773193359
RL.PER.RNK.UPPER,KP,2015,5.2380952835083
RL.PER.RNK.UPPER,KP,2014,7.21153831481934
RL.PER.RNK.UPPER,KP,2013,13.6150236129761
RL.PER.RNK.UPPER,KP,2012,14.0845069885254
RL.PER.RNK.UPPER,KP,2011,13.1455402374268
RL.PER.RNK.UPPER,KP,2010,12.7962083816528
RL.PER.RNK.UPPER,KP,2009,15.1658763885498
RL.PER.RNK.UPPER,KP,2008,21.634614944458
RL.PER.RNK.UPPER,KP,2007,21.5311012268066
RL.PER.RNK.UPPER,KP,2006,13.8755979537964
RL.PER.RNK.UPPER,KP,2005,23.4449768066406
RL.PER.RNK.UPPER,KP,2004,17.7884616851807
RL.PER.RNK.UPPER,KP,2003,26.3681583404541
RL.PER.RNK.UPPER,KP,2002,21.3930339813232
RL.PER.RNK.UPPER,KP,2001,None
RL.PER.RNK.UPPER,KP,2000,31.8407955169678
RL.PER.RNK.UPPER,KP,1999,None
RL.PER.RNK.UPPER,KP,1998,29
RL.PER.RNK.UPPER,KP,1997,None
RL.PER.RNK.UPPER,KP,1996,29.1457290649414
RL.PER.RNK.UPPER,KP,1995,None
RL.PER.RNK.UPPER,PS,2023,None
RL.PER.RNK.UPPER,PS,2022,44.3396224975586
RL.PER.RNK.UPPER,PS,2021,46.1904754638672
RL.PER.RNK.UPPER,PS,2020,47.1428565979004
RL.PER.RNK.UPPER,PS,2019,48.5714302062988
RL.PER.RNK.UPPER,PS,2018,49.523811340332
RL.PER.RNK.UPPER,PS,2017,51.9047622680664
RL.PER.RNK.UPPER,PS,2016,55.238094329834
RL.PER.RNK.UPPER,PS,2015,53.3333320617676
RL.PER.RNK.UPPER,PS,2014,60.5769233703613
RL.PER.RNK.UPPER,PS,2013,53.9906120300293
RL.PER.RNK.UPPER,PS,2012,52.1126747131348
RL.PER.RNK.UPPER,PS,2011,52.1126747131348
RL.PER.RNK.UPPER,PS,2010,60.1895751953125
RL.PER.RNK.UPPER,PS,2009,54.9763031005859
RL.PER.RNK.UPPER,PS,2008,48.0769233703613
RL.PER.RNK.UPPER,PS,2007,52.1531105041504
RL.PER.RNK.UPPER,PS,2006,57.8947372436523
RL.PER.RNK.UPPER,PS,2005,57.4162673950195
RL.PER.RNK.UPPER,PS,2004,58.6538467407227
RL.PER.RNK.UPPER,PS,2003,63.1840782165527
RL.PER.RNK.UPPER,PS,2002,57.7114410400391
RL.PER.RNK.UPPER,PS,2001,None
RL.PER.RNK.UPPER,PS,2000,62.6865653991699
RL.PER.RNK.UPPER,PS,1999,None
RL.PER.RNK.UPPER,PS,1998,64.5
RL.PER.RNK.UPPER,PS,1997,None
RL.PER.RNK.UPPER,PS,1996,66.331657409668
RL.PER.RNK.UPPER,PS,1995,None
RL.PER.RNK.UPPER,RW,2023,None
RL.PER.RNK.UPPER,RW,2022,61.7924537658691
RL.PER.RNK.UPPER,RW,2021,63.3333320617676
RL.PER.RNK.UPPER,RW,2020,61.4285697937012
RL.PER.RNK.UPPER,RW,2019,60.9523811340332
RL.PER.RNK.UPPER,RW,2018,62.3809509277344
RL.PER.RNK.UPPER,RW,2017,63.3333320617676
RL.PER.RNK.UPPER,RW,2016,62.8571434020996
RL.PER.RNK.UPPER,RW,2015,62.8571434020996
RL.PER.RNK.UPPER,RW,2014,65.8653869628906
RL.PER.RNK.UPPER,RW,2013,55.3990592956543
RL.PER.RNK.UPPER,RW,2012,54.4600944519043
RL.PER.RNK.UPPER,RW,2011,52.582160949707
RL.PER.RNK.UPPER,RW,2010,51.6587677001953
RL.PER.RNK.UPPER,RW,2009,47.3933639526367
RL.PER.RNK.UPPER,RW,2008,49.038459777832
RL.PER.RNK.UPPER,RW,2007,46.8899536132813
RL.PER.RNK.UPPER,RW,2006,43.0622024536133
RL.PER.RNK.UPPER,RW,2005,34.4497604370117
RL.PER.RNK.UPPER,RW,2004,38.461540222168
RL.PER.RNK.UPPER,RW,2003,35.8208961486816
RL.PER.RNK.UPPER,RW,2002,32.8358192443848
RL.PER.RNK.UPPER,RW,2001,None
RL.PER.RNK.UPPER,RW,2000,21.8905467987061
RL.PER.RNK.UPPER,RW,1999,None
RL.PER.RNK.UPPER,RW,1998,18.5
RL.PER.RNK.UPPER,RW,1997,None
RL.PER.RNK.UPPER,RW,1996,18.0904521942139
RL.PER.RNK.UPPER,RW,1995,None
RL.PER.RNK.UPPER,SD,2023,None
RL.PER.RNK.UPPER,SD,2022,16.5094337463379
RL.PER.RNK.UPPER,SD,2021,17.1428565979004
RL.PER.RNK.UPPER,SD,2020,20.4761905670166
RL.PER.RNK.UPPER,SD,2019,18.5714282989502
RL.PER.RNK.UPPER,SD,2018,19.0476188659668
RL.PER.RNK.UPPER,SD,2017,20.4761905670166
RL.PER.RNK.UPPER,SD,2016,15.7142858505249
RL.PER.RNK.UPPER,SD,2015,14.7619047164917
RL.PER.RNK.UPPER,SD,2014,18.269229888916
RL.PER.RNK.UPPER,SD,2013,15.023473739624
RL.PER.RNK.UPPER,SD,2012,15.962441444397
RL.PER.RNK.UPPER,SD,2011,14.0845069885254
RL.PER.RNK.UPPER,SD,2010,12.7962083816528
RL.PER.RNK.UPPER,SD,2009,16.5876770019531
RL.PER.RNK.UPPER,SD,2008,10.0961542129517
RL.PER.RNK.UPPER,SD,2007,11.9617223739624
RL.PER.RNK.UPPER,SD,2006,13.3971290588379
RL.PER.RNK.UPPER,SD,2005,7.17703342437744
RL.PER.RNK.UPPER,SD,2004,10.5769233703613
RL.PER.RNK.UPPER,SD,2003,11.4427862167358
RL.PER.RNK.UPPER,SD,2002,17.9104480743408
RL.PER.RNK.UPPER,SD,2001,None
RL.PER.RNK.UPPER,SD,2000,9.45273590087891
RL.PER.RNK.UPPER,SD,1999,None
RL.PER.RNK.UPPER,SD,1998,9.5
RL.PER.RNK.UPPER,SD,1997,None
RL.PER.RNK.UPPER,SD,1996,9.04522609710693
RL.PER.RNK.UPPER,SD,1995,None
RL.PER.RNK.UPPER,SN,2023,None
RL.PER.RNK.UPPER,SN,2022,53.301887512207
RL.PER.RNK.UPPER,SN,2021,47.1428565979004
RL.PER.RNK.UPPER,SN,2020,51.4285697937012
RL.PER.RNK.UPPER,SN,2019,52.8571434020996
RL.PER.RNK.UPPER,SN,2018,53.8095245361328
RL.PER.RNK.UPPER,SN,2017,55.7142868041992
RL.PER.RNK.UPPER,SN,2016,58.0952377319336
RL.PER.RNK.UPPER,SN,2015,58.5714302062988
RL.PER.RNK.UPPER,SN,2014,62.019229888916
RL.PER.RNK.UPPER,SN,2013,53.9906120300293
RL.PER.RNK.UPPER,SN,2012,52.582160949707
RL.PER.RNK.UPPER,SN,2011,48.3568077087402
RL.PER.RNK.UPPER,SN,2010,49.7630348205566
RL.PER.RNK.UPPER,SN,2009,49.7630348205566
RL.PER.RNK.UPPER,SN,2008,53.3653831481934
RL.PER.RNK.UPPER,SN,2007,53.5885162353516
RL.PER.RNK.UPPER,SN,2006,53.5885162353516
RL.PER.RNK.UPPER,SN,2005,57.8947372436523
RL.PER.RNK.UPPER,SN,2004,59.6153831481934
RL.PER.RNK.UPPER,SN,2003,59.7014923095703
RL.PER.RNK.UPPER,SN,2002,63.1840782165527
RL.PER.RNK.UPPER,SN,2001,None
RL.PER.RNK.UPPER,SN,2000,62.6865653991699
RL.PER.RNK.UPPER,SN,1999,None
RL.PER.RNK.UPPER,SN,1998,64
RL.PER.RNK.UPPER,SN,1997,None
RL.PER.RNK.UPPER,SN,1996,57.7889442443848
RL.PER.RNK.UPPER,SN,1995,None
RL.PER.RNK.UPPER,SB,2023,None
RL.PER.RNK.UPPER,SB,2022,57.0754699707031
RL.PER.RNK.UPPER,SB,2021,56.1904754638672
RL.PER.RNK.UPPER,SB,2020,67.1428604125977
RL.PER.RNK.UPPER,SB,2019,63.3333320617676
RL.PER.RNK.UPPER,SB,2018,61.9047622680664
RL.PER.RNK.UPPER,SB,2017,61.9047622680664
RL.PER.RNK.UPPER,SB,2016,58.0952377319336
RL.PER.RNK.UPPER,SB,2015,53.3333320617676
RL.PER.RNK.UPPER,SB,2014,52.4038467407227
RL.PER.RNK.UPPER,SB,2013,49.7652587890625
RL.PER.RNK.UPPER,SB,2012,49.7652587890625
RL.PER.RNK.UPPER,SB,2011,49.7652587890625
RL.PER.RNK.UPPER,SB,2010,45.0236968994141
RL.PER.RNK.UPPER,SB,2009,44.5497627258301
RL.PER.RNK.UPPER,SB,2008,47.1153831481934
RL.PER.RNK.UPPER,SB,2007,45.4545440673828
RL.PER.RNK.UPPER,SB,2006,50.2392349243164
RL.PER.RNK.UPPER,SB,2005,40.6698570251465
RL.PER.RNK.UPPER,SB,2004,43.269229888916
RL.PER.RNK.UPPER,SB,2003,89.5522384643555
RL.PER.RNK.UPPER,SB,2002,88.059700012207
RL.PER.RNK.UPPER,SB,2001,None
RL.PER.RNK.UPPER,SB,2000,91.0447769165039
RL.PER.RNK.UPPER,SB,1999,None
RL.PER.RNK.UPPER,SB,1998,92
RL.PER.RNK.UPPER,SB,1997,None
RL.PER.RNK.UPPER,SB,1996,93.9698486328125
RL.PER.RNK.UPPER,SB,1995,None
RL.PER.RNK.UPPER,SL,2023,None
RL.PER.RNK.UPPER,SL,2022,30.1886787414551
RL.PER.RNK.UPPER,SL,2021,30
RL.PER.RNK.UPPER,SL,2020,31.4285717010498
RL.PER.RNK.UPPER,SL,2019,30.4761905670166
RL.PER.RNK.UPPER,SL,2018,31.9047622680664
RL.PER.RNK.UPPER,SL,2017,31.4285717010498
RL.PER.RNK.UPPER,SL,2016,31.4285717010498
RL.PER.RNK.UPPER,SL,2015,29.5238094329834
RL.PER.RNK.UPPER,SL,2014,27.4038467407227
RL.PER.RNK.UPPER,SL,2013,32.3943672180176
RL.PER.RNK.UPPER,SL,2012,31.9248828887939
RL.PER.RNK.UPPER,SL,2011,31.4553985595703
RL.PER.RNK.UPPER,SL,2010,28.9099521636963
RL.PER.RNK.UPPER,SL,2009,30.8056869506836
RL.PER.RNK.UPPER,SL,2008,31.25
RL.PER.RNK.UPPER,SL,2007,29.6650714874268
RL.PER.RNK.UPPER,SL,2006,29.6650714874268
RL.PER.RNK.UPPER,SL,2005,23.4449768066406
RL.PER.RNK.UPPER,SL,2004,23.0769233703613
RL.PER.RNK.UPPER,SL,2003,25.3731346130371
RL.PER.RNK.UPPER,SL,2002,20.3980102539063
RL.PER.RNK.UPPER,SL,2001,None
RL.PER.RNK.UPPER,SL,2000,26.3681583404541
RL.PER.RNK.UPPER,SL,1999,None
RL.PER.RNK.UPPER,SL,1998,24.5
RL.PER.RNK.UPPER,SL,1997,None
RL.PER.RNK.UPPER,SL,1996,21.1055278778076
RL.PER.RNK.UPPER,SL,1995,None
RL.PER.RNK.UPPER,SO,2023,None
RL.PER.RNK.UPPER,SO,2022,1.41509437561035
RL.PER.RNK.UPPER,SO,2021,1.42857146263123
RL.PER.RNK.UPPER,SO,2020,0.952380955219269
RL.PER.RNK.UPPER,SO,2019,0.476190477609634
RL.PER.RNK.UPPER,SO,2018,0.952380955219269
RL.PER.RNK.UPPER,SO,2017,0.952380955219269
RL.PER.RNK.UPPER,SO,2016,0.476190477609634
RL.PER.RNK.UPPER,SO,2015,0.476190477609634
RL.PER.RNK.UPPER,SO,2014,0
RL.PER.RNK.UPPER,SO,2013,0
RL.PER.RNK.UPPER,SO,2012,0
RL.PER.RNK.UPPER,SO,2011,0
RL.PER.RNK.UPPER,SO,2010,0
RL.PER.RNK.UPPER,SO,2009,0
RL.PER.RNK.UPPER,SO,2008,0
RL.PER.RNK.UPPER,SO,2007,0
RL.PER.RNK.UPPER,SO,2006,0
RL.PER.RNK.UPPER,SO,2005,0
RL.PER.RNK.UPPER,SO,2004,0
RL.PER.RNK.UPPER,SO,2003,2.48756217956543
RL.PER.RNK.UPPER,SO,2002,4.97512435913086
RL.PER.RNK.UPPER,SO,2001,None
RL.PER.RNK.UPPER,SO,2000,1.49253726005554
RL.PER.RNK.UPPER,SO,1999,None
RL.PER.RNK.UPPER,SO,1998,3
RL.PER.RNK.UPPER,SO,1997,None
RL.PER.RNK.UPPER,SO,1996,4.02010059356689
RL.PER.RNK.UPPER,SO,1995,None
RL.PER.RNK.UPPER,SS,2023,None
RL.PER.RNK.UPPER,SS,2022,3.77358484268188
RL.PER.RNK.UPPER,SS,2021,3.80952382087708
RL.PER.RNK.UPPER,SS,2020,4.7619047164917
RL.PER.RNK.UPPER,SS,2019,4.2857141494751
RL.PER.RNK.UPPER,SS,2018,4.2857141494751
RL.PER.RNK.UPPER,SS,2017,4.2857141494751
RL.PER.RNK.UPPER,SS,2016,4.7619047164917
RL.PER.RNK.UPPER,SS,2015,2.38095235824585
RL.PER.RNK.UPPER,SS,2014,2.4038462638855
RL.PER.RNK.UPPER,SS,2013,10.3286380767822
RL.PER.RNK.UPPER,SS,2012,13.6150236129761
RL.PER.RNK.UPPER,SS,2011,26.7605628967285
RL.PER.RNK.UPPER,SS,2010,None
RL.PER.RNK.UPPER,SS,2009,None
RL.PER.RNK.UPPER,SS,2008,None
RL.PER.RNK.UPPER,SS,2007,None
RL.PER.RNK.UPPER,SS,2006,None
RL.PER.RNK.UPPER,SS,2005,None
RL.PER.RNK.UPPER,SS,2004,None
RL.PER.RNK.UPPER,SS,2003,None
RL.PER.RNK.UPPER,SS,2002,None
RL.PER.RNK.UPPER,SS,2001,None
RL.PER.RNK.UPPER,SS,2000,None
RL.PER.RNK.UPPER,SS,1999,None
RL.PER.RNK.UPPER,SS,1998,None
RL.PER.RNK.UPPER,SS,1997,None
RL.PER.RNK.UPPER,SS,1996,None
RL.PER.RNK.UPPER,SS,1995,None
RL.PER.RNK.UPPER,ST,2023,None
RL.PER.RNK.UPPER,ST,2022,40.0943412780762
RL.PER.RNK.UPPER,ST,2021,35.238094329834
RL.PER.RNK.UPPER,ST,2020,36.1904754638672
RL.PER.RNK.UPPER,ST,2019,38.0952377319336
RL.PER.RNK.UPPER,ST,2018,35.7142868041992
RL.PER.RNK.UPPER,ST,2017,35.238094329834
RL.PER.RNK.UPPER,ST,2016,38.5714302062988
RL.PER.RNK.UPPER,ST,2015,36.6666679382324
RL.PER.RNK.UPPER,ST,2014,34.6153831481934
RL.PER.RNK.UPPER,ST,2013,38.9671363830566
RL.PER.RNK.UPPER,ST,2012,40.3755874633789
RL.PER.RNK.UPPER,ST,2011,42.2535209655762
RL.PER.RNK.UPPER,ST,2010,41.2322273254395
RL.PER.RNK.UPPER,ST,2009,41.2322273254395
RL.PER.RNK.UPPER,ST,2008,49.038459777832
RL.PER.RNK.UPPER,ST,2007,50.2392349243164
RL.PER.RNK.UPPER,ST,2006,49.7607650756836
RL.PER.RNK.UPPER,ST,2005,46.4114837646484
RL.PER.RNK.UPPER,ST,2004,58.1730766296387
RL.PER.RNK.UPPER,ST,2003,61.1940307617188
RL.PER.RNK.UPPER,ST,2002,61.1940307617188
RL.PER.RNK.UPPER,ST,2001,None
RL.PER.RNK.UPPER,ST,2000,70.1492538452148
RL.PER.RNK.UPPER,ST,1999,None
RL.PER.RNK.UPPER,ST,1998,72.5
RL.PER.RNK.UPPER,ST,1997,None
RL.PER.RNK.UPPER,ST,1996,77.8894500732422
RL.PER.RNK.UPPER,ST,1995,None
RL.PER.RNK.UPPER,SZ,2023,None
RL.PER.RNK.UPPER,SZ,2022,41.5094337463379
RL.PER.RNK.UPPER,SZ,2021,42.3809509277344
RL.PER.RNK.UPPER,SZ,2020,46.1904754638672
RL.PER.RNK.UPPER,SZ,2019,48.0952377319336
RL.PER.RNK.UPPER,SZ,2018,54.2857131958008
RL.PER.RNK.UPPER,SZ,2017,54.761905670166
RL.PER.RNK.UPPER,SZ,2016,52.8571434020996
RL.PER.RNK.UPPER,SZ,2015,56.6666679382324
RL.PER.RNK.UPPER,SZ,2014,57.6923065185547
RL.PER.RNK.UPPER,SZ,2013,48.3568077087402
RL.PER.RNK.UPPER,SZ,2012,47.417839050293
RL.PER.RNK.UPPER,SZ,2011,47.8873252868652
RL.PER.RNK.UPPER,SZ,2010,49.7630348205566
RL.PER.RNK.UPPER,SZ,2009,49.2891006469727
RL.PER.RNK.UPPER,SZ,2008,49.038459777832
RL.PER.RNK.UPPER,SZ,2007,43.5406684875488
RL.PER.RNK.UPPER,SZ,2006,46.8899536132813
RL.PER.RNK.UPPER,SZ,2005,39.2344512939453
RL.PER.RNK.UPPER,SZ,2004,42.3076934814453
RL.PER.RNK.UPPER,SZ,2003,47.7611923217773
RL.PER.RNK.UPPER,SZ,2002,42.7860679626465
RL.PER.RNK.UPPER,SZ,2001,None
RL.PER.RNK.UPPER,SZ,2000,40.7960205078125
RL.PER.RNK.UPPER,SZ,1999,None
RL.PER.RNK.UPPER,SZ,1998,45.5
RL.PER.RNK.UPPER,SZ,1997,None
RL.PER.RNK.UPPER,SZ,1996,52.7638206481934
RL.PER.RNK.UPPER,SZ,1995,None
RL.PER.RNK.UPPER,SY,2023,None
RL.PER.RNK.UPPER,SY,2022,2.8301887512207
RL.PER.RNK.UPPER,SY,2021,2.85714292526245
RL.PER.RNK.UPPER,SY,2020,2.85714292526245
RL.PER.RNK.UPPER,SY,2019,2.38095235824585
RL.PER.RNK.UPPER,SY,2018,2.85714292526245
RL.PER.RNK.UPPER,SY,2017,1.90476191043854
RL.PER.RNK.UPPER,SY,2016,4.7619047164917
RL.PER.RNK.UPPER,SY,2015,10.4761905670166
RL.PER.RNK.UPPER,SY,2014,11.5384616851807
RL.PER.RNK.UPPER,SY,2013,11.7370891571045
RL.PER.RNK.UPPER,SY,2012,22.0657272338867
RL.PER.RNK.UPPER,SY,2011,35.2112693786621
RL.PER.RNK.UPPER,SY,2010,44.0758285522461
RL.PER.RNK.UPPER,SY,2009,45.0236968994141
RL.PER.RNK.UPPER,SY,2008,38.9423065185547
RL.PER.RNK.UPPER,SY,2007,35.4067001342773
RL.PER.RNK.UPPER,SY,2006,30.6220092773438
RL.PER.RNK.UPPER,SY,2005,44.0191383361816
RL.PER.RNK.UPPER,SY,2004,47.5961532592773
RL.PER.RNK.UPPER,SY,2003,48.2587051391602
RL.PER.RNK.UPPER,SY,2002,45.7711448669434
RL.PER.RNK.UPPER,SY,2001,None
RL.PER.RNK.UPPER,SY,2000,43.7810935974121
RL.PER.RNK.UPPER,SY,1999,None
RL.PER.RNK.UPPER,SY,1998,45.5
RL.PER.RNK.UPPER,SY,1997,None
RL.PER.RNK.UPPER,SY,1996,45.226131439209
RL.PER.RNK.UPPER,SY,1995,None
RL.PER.RNK.UPPER,TD,2023,None
RL.PER.RNK.UPPER,TD,2022,13.2075471878052
RL.PER.RNK.UPPER,TD,2021,14.7619047164917
RL.PER.RNK.UPPER,TD,2020,13.3333330154419
RL.PER.RNK.UPPER,TD,2019,13.8095235824585
RL.PER.RNK.UPPER,TD,2018,12.8571424484253
RL.PER.RNK.UPPER,TD,2017,13.3333330154419
RL.PER.RNK.UPPER,TD,2016,11.4285717010498
RL.PER.RNK.UPPER,TD,2015,14.7619047164917
RL.PER.RNK.UPPER,TD,2014,17.3076915740967
RL.PER.RNK.UPPER,TD,2013,11.2676057815552
RL.PER.RNK.UPPER,TD,2012,8.92018795013428
RL.PER.RNK.UPPER,TD,2011,9.38967132568359
RL.PER.RNK.UPPER,TD,2010,7.5829381942749
RL.PER.RNK.UPPER,TD,2009,7.5829381942749
RL.PER.RNK.UPPER,TD,2008,6.25
RL.PER.RNK.UPPER,TD,2007,8.13397121429443
RL.PER.RNK.UPPER,TD,2006,8.13397121429443
RL.PER.RNK.UPPER,TD,2005,10.5263156890869
RL.PER.RNK.UPPER,TD,2004,17.3076915740967
RL.PER.RNK.UPPER,TD,2003,14.4278602600098
RL.PER.RNK.UPPER,TD,2002,31.343282699585
RL.PER.RNK.UPPER,TD,2001,None
RL.PER.RNK.UPPER,TD,2000,30.348258972168
RL.PER.RNK.UPPER,TD,1999,None
RL.PER.RNK.UPPER,TD,1998,28.5
RL.PER.RNK.UPPER,TD,1997,None
RL.PER.RNK.UPPER,TD,1996,26.6331653594971
RL.PER.RNK.UPPER,TD,1995,None
RL.PER.RNK.UPPER,TG,2023,None
RL.PER.RNK.UPPER,TG,2022,40.5660362243652
RL.PER.RNK.UPPER,TG,2021,40.9523811340332
RL.PER.RNK.UPPER,TG,2020,36.6666679382324
RL.PER.RNK.UPPER,TG,2019,41.4285697937012
RL.PER.RNK.UPPER,TG,2018,39.523811340332
RL.PER.RNK.UPPER,TG,2017,32.8571434020996
RL.PER.RNK.UPPER,TG,2016,38.5714302062988
RL.PER.RNK.UPPER,TG,2015,32.3809509277344
RL.PER.RNK.UPPER,TG,2014,31.730770111084
RL.PER.RNK.UPPER,TG,2013,26.2910804748535
RL.PER.RNK.UPPER,TG,2012,28.6384983062744
RL.PER.RNK.UPPER,TG,2011,29.577465057373
RL.PER.RNK.UPPER,TG,2010,28.9099521636963
RL.PER.RNK.UPPER,TG,2009,30.8056869506836
RL.PER.RNK.UPPER,TG,2008,35.0961532592773
RL.PER.RNK.UPPER,TG,2007,30.1435413360596
RL.PER.RNK.UPPER,TG,2006,30.1435413360596
RL.PER.RNK.UPPER,TG,2005,28.7081336975098
RL.PER.RNK.UPPER,TG,2004,27.884614944458
RL.PER.RNK.UPPER,TG,2003,34.825870513916
RL.PER.RNK.UPPER,TG,2002,38.8059692382813
RL.PER.RNK.UPPER,TG,2001,None
RL.PER.RNK.UPPER,TG,2000,42.7860679626465
RL.PER.RNK.UPPER,TG,1999,None
RL.PER.RNK.UPPER,TG,1998,42.5
RL.PER.RNK.UPPER,TG,1997,None
RL.PER.RNK.UPPER,TG,1996,45.226131439209
RL.PER.RNK.UPPER,TG,1995,None
RL.PER.RNK.UPPER,TJ,2023,None
RL.PER.RNK.UPPER,TJ,2022,17.9245281219482
RL.PER.RNK.UPPER,TJ,2021,17.619047164917
RL.PER.RNK.UPPER,TJ,2020,16.6666660308838
RL.PER.RNK.UPPER,TJ,2019,15.7142858505249
RL.PER.RNK.UPPER,TJ,2018,15.2380952835083
RL.PER.RNK.UPPER,TJ,2017,11.4285717010498
RL.PER.RNK.UPPER,TJ,2016,18.5714282989502
RL.PER.RNK.UPPER,TJ,2015,21.4285717010498
RL.PER.RNK.UPPER,TJ,2014,24.519229888916
RL.PER.RNK.UPPER,TJ,2013,15.023473739624
RL.PER.RNK.UPPER,TJ,2012,15.962441444397
RL.PER.RNK.UPPER,TJ,2011,15.4929580688477
RL.PER.RNK.UPPER,TJ,2010,16.1137447357178
RL.PER.RNK.UPPER,TJ,2009,15.1658763885498
RL.PER.RNK.UPPER,TJ,2008,13.942307472229
RL.PER.RNK.UPPER,TJ,2007,13.3971290588379
RL.PER.RNK.UPPER,TJ,2006,19.6172256469727
RL.PER.RNK.UPPER,TJ,2005,25.3588523864746
RL.PER.RNK.UPPER,TJ,2004,21.634614944458
RL.PER.RNK.UPPER,TJ,2003,28.3582096099854
RL.PER.RNK.UPPER,TJ,2002,29.8507461547852
RL.PER.RNK.UPPER,TJ,2001,None
RL.PER.RNK.UPPER,TJ,2000,18.9054718017578
RL.PER.RNK.UPPER,TJ,1999,None
RL.PER.RNK.UPPER,TJ,1998,14.5
RL.PER.RNK.UPPER,TJ,1997,None
RL.PER.RNK.UPPER,TJ,1996,13.0653266906738
RL.PER.RNK.UPPER,TJ,1995,None
RL.PER.RNK.UPPER,TL,2023,None
RL.PER.RNK.UPPER,TL,2022,30.1886787414551
RL.PER.RNK.UPPER,TL,2021,23.8095245361328
RL.PER.RNK.UPPER,TL,2020,18.5714282989502
RL.PER.RNK.UPPER,TL,2019,21.9047622680664
RL.PER.RNK.UPPER,TL,2018,20
RL.PER.RNK.UPPER,TL,2017,20.4761905670166
RL.PER.RNK.UPPER,TL,2016,19.5238094329834
RL.PER.RNK.UPPER,TL,2015,21.4285717010498
RL.PER.RNK.UPPER,TL,2014,20.6730766296387
RL.PER.RNK.UPPER,TL,2013,17.3708915710449
RL.PER.RNK.UPPER,TL,2012,20.6572761535645
RL.PER.RNK.UPPER,TL,2011,18.3098583221436
RL.PER.RNK.UPPER,TL,2010,19.9052124023438
RL.PER.RNK.UPPER,TL,2009,17.5355453491211
RL.PER.RNK.UPPER,TL,2008,25.480770111084
RL.PER.RNK.UPPER,TL,2007,22.9665069580078
RL.PER.RNK.UPPER,TL,2006,27.2727279663086
RL.PER.RNK.UPPER,TL,2005,50.2392349243164
RL.PER.RNK.UPPER,TL,2004,49.519229888916
RL.PER.RNK.UPPER,TL,2003,54.7263679504395
RL.PER.RNK.UPPER,TL,2002,42.7860679626465
RL.PER.RNK.UPPER,TL,2001,None
RL.PER.RNK.UPPER,TL,2000,84.5771179199219
RL.PER.RNK.UPPER,TL,1999,None
RL.PER.RNK.UPPER,TL,1998,33.5
RL.PER.RNK.UPPER,TL,1997,None
RL.PER.RNK.UPPER,TL,1996,34.1708526611328
RL.PER.RNK.UPPER,TL,1995,None
RL.PER.RNK.UPPER,TN,2023,None
RL.PER.RNK.UPPER,TN,2022,56.6037750244141
RL.PER.RNK.UPPER,TN,2021,60.476188659668
RL.PER.RNK.UPPER,TN,2020,63.8095245361328
RL.PER.RNK.UPPER,TN,2019,61.4285697937012
RL.PER.RNK.UPPER,TN,2018,61.9047622680664
RL.PER.RNK.UPPER,TN,2017,62.8571434020996
RL.PER.RNK.UPPER,TN,2016,60.9523811340332
RL.PER.RNK.UPPER,TN,2015,61.4285697937012
RL.PER.RNK.UPPER,TN,2014,62.5
RL.PER.RNK.UPPER,TN,2013,55.3990592956543
RL.PER.RNK.UPPER,TN,2012,57.2769966125488
RL.PER.RNK.UPPER,TN,2011,57.2769966125488
RL.PER.RNK.UPPER,TN,2010,61.6113739013672
RL.PER.RNK.UPPER,TN,2009,62.0853080749512
RL.PER.RNK.UPPER,TN,2008,58.6538467407227
RL.PER.RNK.UPPER,TN,2007,59.3301429748535
RL.PER.RNK.UPPER,TN,2006,61.7224884033203
RL.PER.RNK.UPPER,TN,2005,57.8947372436523
RL.PER.RNK.UPPER,TN,2004,59.6153831481934
RL.PER.RNK.UPPER,TN,2003,56.2189064025879
RL.PER.RNK.UPPER,TN,2002,57.7114410400391
RL.PER.RNK.UPPER,TN,2001,None
RL.PER.RNK.UPPER,TN,2000,51.7412948608398
RL.PER.RNK.UPPER,TN,1999,None
RL.PER.RNK.UPPER,TN,1998,53
RL.PER.RNK.UPPER,TN,1997,None
RL.PER.RNK.UPPER,TN,1996,52.7638206481934
RL.PER.RNK.UPPER,TN,1995,None
RL.PER.RNK.UPPER,TZ,2023,None
RL.PER.RNK.UPPER,TZ,2022,44.3396224975586
RL.PER.RNK.UPPER,TZ,2021,40.9523811340332
RL.PER.RNK.UPPER,TZ,2020,39.0476188659668
RL.PER.RNK.UPPER,TZ,2019,41.9047622680664
RL.PER.RNK.UPPER,TZ,2018,40.9523811340332
RL.PER.RNK.UPPER,TZ,2017,45.7142868041992
RL.PER.RNK.UPPER,TZ,2016,49.0476188659668
RL.PER.RNK.UPPER,TZ,2015,50.9523811340332
RL.PER.RNK.UPPER,TZ,2014,49.519229888916
RL.PER.RNK.UPPER,TZ,2013,46.478874206543
RL.PER.RNK.UPPER,TZ,2012,45.5399055480957
RL.PER.RNK.UPPER,TZ,2011,46.478874206543
RL.PER.RNK.UPPER,TZ,2010,46.9194297790527
RL.PER.RNK.UPPER,TZ,2009,47.3933639526367
RL.PER.RNK.UPPER,TZ,2008,52.4038467407227
RL.PER.RNK.UPPER,TZ,2007,51.1961708068848
RL.PER.RNK.UPPER,TZ,2006,49.7607650756836
RL.PER.RNK.UPPER,TZ,2005,51.1961708068848
RL.PER.RNK.UPPER,TZ,2004,49.519229888916
RL.PER.RNK.UPPER,TZ,2003,51.243782043457
RL.PER.RNK.UPPER,TZ,2002,52.2388076782227
RL.PER.RNK.UPPER,TZ,2001,None
RL.PER.RNK.UPPER,TZ,2000,50.2487564086914
RL.PER.RNK.UPPER,TZ,1999,None
RL.PER.RNK.UPPER,TZ,1998,58
RL.PER.RNK.UPPER,TZ,1997,None
RL.PER.RNK.UPPER,TZ,1996,57.7889442443848
RL.PER.RNK.UPPER,TZ,1995,None
RL.PER.RNK.UPPER,UG,2023,None
RL.PER.RNK.UPPER,UG,2022,47.6415100097656
RL.PER.RNK.UPPER,UG,2021,47.6190490722656
RL.PER.RNK.UPPER,UG,2020,49.523811340332
RL.PER.RNK.UPPER,UG,2019,50
RL.PER.RNK.UPPER,UG,2018,50.9523811340332
RL.PER.RNK.UPPER,UG,2017,51.4285697937012
RL.PER.RNK.UPPER,UG,2016,52.8571434020996
RL.PER.RNK.UPPER,UG,2015,50.476188659668
RL.PER.RNK.UPPER,UG,2014,49.519229888916
RL.PER.RNK.UPPER,UG,2013,52.1126747131348
RL.PER.RNK.UPPER,UG,2012,51.1737098693848
RL.PER.RNK.UPPER,UG,2011,50.7042236328125
RL.PER.RNK.UPPER,UG,2010,49.7630348205566
RL.PER.RNK.UPPER,UG,2009,49.2891006469727
RL.PER.RNK.UPPER,UG,2008,51.9230766296387
RL.PER.RNK.UPPER,UG,2007,51.6746406555176
RL.PER.RNK.UPPER,UG,2006,51.1961708068848
RL.PER.RNK.UPPER,UG,2005,43.5406684875488
RL.PER.RNK.UPPER,UG,2004,39.9038467407227
RL.PER.RNK.UPPER,UG,2003,44.7761192321777
RL.PER.RNK.UPPER,UG,2002,39.8009948730469
RL.PER.RNK.UPPER,UG,2001,None
RL.PER.RNK.UPPER,UG,2000,33.3333320617676
RL.PER.RNK.UPPER,UG,1999,None
RL.PER.RNK.UPPER,UG,1998,42.5
RL.PER.RNK.UPPER,UG,1997,None
RL.PER.RNK.UPPER,UG,1996,43.7185935974121
RL.PER.RNK.UPPER,UG,1995,None
RL.PER.RNK.UPPER,UZ,2023,None
RL.PER.RNK.UPPER,UZ,2022,28.301887512207
RL.PER.RNK.UPPER,UZ,2021,25.238094329834
RL.PER.RNK.UPPER,UZ,2020,20.4761905670166
RL.PER.RNK.UPPER,UZ,2019,21.9047622680664
RL.PER.RNK.UPPER,UZ,2018,19.5238094329834
RL.PER.RNK.UPPER,UZ,2017,19.0476188659668
RL.PER.RNK.UPPER,UZ,2016,18.5714282989502
RL.PER.RNK.UPPER,UZ,2015,17.619047164917
RL.PER.RNK.UPPER,UZ,2014,17.3076915740967
RL.PER.RNK.UPPER,UZ,2013,15.023473739624
RL.PER.RNK.UPPER,UZ,2012,12.6760559082031
RL.PER.RNK.UPPER,UZ,2011,9.38967132568359
RL.PER.RNK.UPPER,UZ,2010,10.4265403747559
RL.PER.RNK.UPPER,UZ,2009,13.7440757751465
RL.PER.RNK.UPPER,UZ,2008,19.230770111084
RL.PER.RNK.UPPER,UZ,2007,16.7464122772217
RL.PER.RNK.UPPER,UZ,2006,10.0478467941284
RL.PER.RNK.UPPER,UZ,2005,10.5263156890869
RL.PER.RNK.UPPER,UZ,2004,16.3461532592773
RL.PER.RNK.UPPER,UZ,2003,18.9054718017578
RL.PER.RNK.UPPER,UZ,2002,12.93532371521
RL.PER.RNK.UPPER,UZ,2001,None
RL.PER.RNK.UPPER,UZ,2000,24.8756217956543
RL.PER.RNK.UPPER,UZ,1999,None
RL.PER.RNK.UPPER,UZ,1998,23
RL.PER.RNK.UPPER,UZ,1997,None
RL.PER.RNK.UPPER,UZ,1996,21.608039855957
RL.PER.RNK.UPPER,UZ,1995,None
RL.PER.RNK.UPPER,VN,2023,None
RL.PER.RNK.UPPER,VN,2022,55.1886787414551
RL.PER.RNK.UPPER,VN,2021,55.238094329834
RL.PER.RNK.UPPER,VN,2020,54.2857131958008
RL.PER.RNK.UPPER,VN,2019,59.0476188659668
RL.PER.RNK.UPPER,VN,2018,59.0476188659668
RL.PER.RNK.UPPER,VN,2017,61.9047622680664
RL.PER.RNK.UPPER,VN,2016,62.3809509277344
RL.PER.RNK.UPPER,VN,2015,53.3333320617676
RL.PER.RNK.UPPER,VN,2014,52.4038467407227
RL.PER.RNK.UPPER,VN,2013,46.0093879699707
RL.PER.RNK.UPPER,VN,2012,45.0704231262207
RL.PER.RNK.UPPER,VN,2011,46.0093879699707
RL.PER.RNK.UPPER,VN,2010,44.0758285522461
RL.PER.RNK.UPPER,VN,2009,45.497631072998
RL.PER.RNK.UPPER,VN,2008,49.038459777832
RL.PER.RNK.UPPER,VN,2007,48.3253593444824
RL.PER.RNK.UPPER,VN,2006,46.8899536132813
RL.PER.RNK.UPPER,VN,2005,50.7177047729492
RL.PER.RNK.UPPER,VN,2004,42.788459777832
RL.PER.RNK.UPPER,VN,2003,43.2835807800293
RL.PER.RNK.UPPER,VN,2002,40.2985076904297
RL.PER.RNK.UPPER,VN,2001,None
RL.PER.RNK.UPPER,VN,2000,49.2537307739258
RL.PER.RNK.UPPER,VN,1999,None
RL.PER.RNK.UPPER,VN,1998,49
RL.PER.RNK.UPPER,VN,1997,None
RL.PER.RNK.UPPER,VN,1996,46.7336692810059
RL.PER.RNK.UPPER,VN,1995,None
RL.PER.RNK.UPPER,VU,2023,None
RL.PER.RNK.UPPER,VU,2022,78.301887512207
RL.PER.RNK.UPPER,VU,2021,81.9047622680664
RL.PER.RNK.UPPER,VU,2020,76.1904754638672
RL.PER.RNK.UPPER,VU,2019,74.2857131958008
RL.PER.RNK.UPPER,VU,2018,77.1428604125977
RL.PER.RNK.UPPER,VU,2017,81.9047622680664
RL.PER.RNK.UPPER,VU,2016,78.5714263916016
RL.PER.RNK.UPPER,VU,2015,69.0476226806641
RL.PER.RNK.UPPER,VU,2014,73.5576934814453
RL.PER.RNK.UPPER,VU,2013,70.8920211791992
RL.PER.RNK.UPPER,VU,2012,69.4835662841797
RL.PER.RNK.UPPER,VU,2011,68.0751190185547
RL.PER.RNK.UPPER,VU,2010,67.7725143432617
RL.PER.RNK.UPPER,VU,2009,70.1421813964844
RL.PER.RNK.UPPER,VU,2008,77.8846130371094
RL.PER.RNK.UPPER,VU,2007,82.7751159667969
RL.PER.RNK.UPPER,VU,2006,82.2966537475586
RL.PER.RNK.UPPER,VU,2005,80.8612442016602
RL.PER.RNK.UPPER,VU,2004,81.25
RL.PER.RNK.UPPER,VU,2003,97.0149230957031
RL.PER.RNK.UPPER,VU,2002,96.0198974609375
RL.PER.RNK.UPPER,VU,2001,None
RL.PER.RNK.UPPER,VU,2000,95.5223846435547
RL.PER.RNK.UPPER,VU,1999,None
RL.PER.RNK.UPPER,VU,1998,84.5
RL.PER.RNK.UPPER,VU,1997,None
RL.PER.RNK.UPPER,VU,1996,86.4321594238281
RL.PER.RNK.UPPER,VU,1995,None
RL.PER.RNK.UPPER,WS,2023,None
RL.PER.RNK.UPPER,WS,2022,91.0377349853516
RL.PER.RNK.UPPER,WS,2021,90.476188659668
RL.PER.RNK.UPPER,WS,2020,91.4285736083984
RL.PER.RNK.UPPER,WS,2019,93.3333358764648
RL.PER.RNK.UPPER,WS,2018,88.5714263916016
RL.PER.RNK.UPPER,WS,2017,88.5714263916016
RL.PER.RNK.UPPER,WS,2016,88.5714263916016
RL.PER.RNK.UPPER,WS,2015,84.2857131958008
RL.PER.RNK.UPPER,WS,2014,86.0576934814453
RL.PER.RNK.UPPER,WS,2013,85.4460067749023
RL.PER.RNK.UPPER,WS,2012,83.5680770874023
RL.PER.RNK.UPPER,WS,2011,83.0985946655273
RL.PER.RNK.UPPER,WS,2010,82.4644546508789
RL.PER.RNK.UPPER,WS,2009,82.9383850097656
RL.PER.RNK.UPPER,WS,2008,87.9807662963867
RL.PER.RNK.UPPER,WS,2007,89.9521560668945
RL.PER.RNK.UPPER,WS,2006,90.4306182861328
RL.PER.RNK.UPPER,WS,2005,91.3875579833984
RL.PER.RNK.UPPER,WS,2004,92.3076934814453
RL.PER.RNK.UPPER,WS,2003,95.0248718261719
RL.PER.RNK.UPPER,WS,2002,96.0198974609375
RL.PER.RNK.UPPER,WS,2001,None
RL.PER.RNK.UPPER,WS,2000,90.5472640991211
RL.PER.RNK.UPPER,WS,1999,None
RL.PER.RNK.UPPER,WS,1998,92
RL.PER.RNK.UPPER,WS,1997,None
RL.PER.RNK.UPPER,WS,1996,92.9648208618164
RL.PER.RNK.UPPER,WS,1995,None
RL.PER.RNK.UPPER,YE,2023,None
RL.PER.RNK.UPPER,YE,2022,5.18867921829224
RL.PER.RNK.UPPER,YE,2021,5.2380952835083
RL.PER.RNK.UPPER,YE,2020,4.7619047164917
RL.PER.RNK.UPPER,YE,2019,5.2380952835083
RL.PER.RNK.UPPER,YE,2018,5.2380952835083
RL.PER.RNK.UPPER,YE,2017,5.7142858505249
RL.PER.RNK.UPPER,YE,2016,8.09523773193359
RL.PER.RNK.UPPER,YE,2015,13.3333330154419
RL.PER.RNK.UPPER,YE,2014,17.3076915740967
RL.PER.RNK.UPPER,YE,2013,17.8403759002686
RL.PER.RNK.UPPER,YE,2012,15.4929580688477
RL.PER.RNK.UPPER,YE,2011,14.0845069885254
RL.PER.RNK.UPPER,YE,2010,23.222749710083
RL.PER.RNK.UPPER,YE,2009,21.8009471893311
RL.PER.RNK.UPPER,YE,2008,25.480770111084
RL.PER.RNK.UPPER,YE,2007,27.2727279663086
RL.PER.RNK.UPPER,YE,2006,25.8373203277588
RL.PER.RNK.UPPER,YE,2005,16.7464122772217
RL.PER.RNK.UPPER,YE,2004,18.269229888916
RL.PER.RNK.UPPER,YE,2003,19.4029846191406
RL.PER.RNK.UPPER,YE,2002,12.93532371521
RL.PER.RNK.UPPER,YE,2001,None
RL.PER.RNK.UPPER,YE,2000,13.4328355789185
RL.PER.RNK.UPPER,YE,1999,None
RL.PER.RNK.UPPER,YE,1998,17
RL.PER.RNK.UPPER,YE,1997,None
RL.PER.RNK.UPPER,YE,1996,17.5879402160645
RL.PER.RNK.UPPER,YE,1995,None
RL.PER.RNK.UPPER,ZM,2023,None
RL.PER.RNK.UPPER,ZM,2022,41.9811325073242
RL.PER.RNK.UPPER,ZM,2021,39.0476188659668
RL.PER.RNK.UPPER,ZM,2020,37.1428565979004
RL.PER.RNK.UPPER,ZM,2019,45.7142868041992
RL.PER.RNK.UPPER,ZM,2018,50.476188659668
RL.PER.RNK.UPPER,ZM,2017,51.4285697937012
RL.PER.RNK.UPPER,ZM,2016,52.3809509277344
RL.PER.RNK.UPPER,ZM,2015,56.6666679382324
RL.PER.RNK.UPPER,ZM,2014,57.6923065185547
RL.PER.RNK.UPPER,ZM,2013,52.582160949707
RL.PER.RNK.UPPER,ZM,2012,51.1737098693848
RL.PER.RNK.UPPER,ZM,2011,48.3568077087402
RL.PER.RNK.UPPER,ZM,2010,46.445499420166
RL.PER.RNK.UPPER,ZM,2009,47.3933639526367
RL.PER.RNK.UPPER,ZM,2008,50
RL.PER.RNK.UPPER,ZM,2007,46.8899536132813
RL.PER.RNK.UPPER,ZM,2006,45.9330139160156
RL.PER.RNK.UPPER,ZM,2005,44.9760780334473
RL.PER.RNK.UPPER,ZM,2004,45.1923065185547
RL.PER.RNK.UPPER,ZM,2003,49.7512435913086
RL.PER.RNK.UPPER,ZM,2002,52.2388076782227
RL.PER.RNK.UPPER,ZM,2001,None
RL.PER.RNK.UPPER,ZM,2000,42.7860679626465
RL.PER.RNK.UPPER,ZM,1999,None
