NY.ADJ.NNTY.PC.KD,AF,2019,None
NY.ADJ.NNTY.PC.KD,AF,2018,None
NY.ADJ.NNTY.PC.KD,AF,2017,None
NY.ADJ.NNTY.PC.KD,AF,2016,None
NY.ADJ.NNTY.PC.KD,AF,2015,550.241360031403
NY.ADJ.NNTY.PC.KD,AF,2014,None
NY.ADJ.NNTY.PC.KD,AF,2013,None
NY.ADJ.NNTY.PC.KD,AF,2012,None
NY.ADJ.NNTY.PC.KD,AF,2011,None
NY.ADJ.NNTY.PC.KD,AF,2010,None
NY.ADJ.NNTY.PC.KD,AF,2009,None
NY.ADJ.NNTY.PC.KD,AF,2008,None
NY.ADJ.NNTY.PC.KD,AF,2007,None
NY.ADJ.NNTY.PC.KD,AF,2006,None
NY.ADJ.NNTY.PC.KD,AF,2005,None
NY.ADJ.NNTY.PC.KD,AF,2004,None
NY.ADJ.NNTY.PC.KD,AF,2003,None
NY.ADJ.NNTY.PC.KD,AF,2002,None
NY.ADJ.NNTY.PC.KD,AF,2001,None
NY.ADJ.NNTY.PC.KD,AF,2000,None
NY.ADJ.NNTY.PC.KD,AF,1999,None
NY.ADJ.NNTY.PC.KD,AF,1998,None
NY.ADJ.NNTY.PC.KD,AF,1997,None
NY.ADJ.NNTY.PC.KD,AF,1996,None
NY.ADJ.NNTY.PC.KD,AF,1995,None
NY.ADJ.NNTY.PC.KD,AO,2019,2178.46394673138
NY.ADJ.NNTY.PC.KD,AO,2018,1946.90749477871
NY.ADJ.NNTY.PC.KD,AO,2017,1954.16821682115
NY.ADJ.NNTY.PC.KD,AO,2016,2075.91260943805
NY.ADJ.NNTY.PC.KD,AO,2015,2374.53199639527
NY.ADJ.NNTY.PC.KD,AO,2014,2696.20779007585
NY.ADJ.NNTY.PC.KD,AO,2013,2586.70974540032
NY.ADJ.NNTY.PC.KD,AO,2012,2366.01415797718
NY.ADJ.NNTY.PC.KD,AO,2011,2213.8846129966
NY.ADJ.NNTY.PC.KD,AO,2010,1916.25516860559
NY.ADJ.NNTY.PC.KD,AO,2009,1784.03607869327
NY.ADJ.NNTY.PC.KD,AO,2008,1525.09474813392
NY.ADJ.NNTY.PC.KD,AO,2007,1832.65804454921
NY.ADJ.NNTY.PC.KD,AO,2006,2082.89701816237
NY.ADJ.NNTY.PC.KD,AO,2005,1838.43963334541
NY.ADJ.NNTY.PC.KD,AO,2004,1772.00719911595
NY.ADJ.NNTY.PC.KD,AO,2003,1670.04842708698
NY.ADJ.NNTY.PC.KD,AO,2002,1561.67391165007
NY.ADJ.NNTY.PC.KD,AO,2001,None
NY.ADJ.NNTY.PC.KD,AO,2000,None
NY.ADJ.NNTY.PC.KD,AO,1999,None
NY.ADJ.NNTY.PC.KD,AO,1998,None
NY.ADJ.NNTY.PC.KD,AO,1997,None
NY.ADJ.NNTY.PC.KD,AO,1996,None
NY.ADJ.NNTY.PC.KD,AO,1995,None
NY.ADJ.NNTY.PC.KD,BI,2019,194.419991525563
NY.ADJ.NNTY.PC.KD,BI,2018,193.199775224699
NY.ADJ.NNTY.PC.KD,BI,2017,184.192364761812
NY.ADJ.NNTY.PC.KD,BI,2016,185.897053129155
NY.ADJ.NNTY.PC.KD,BI,2015,208.080391888021
NY.ADJ.NNTY.PC.KD,BI,2014,186.894120107945
NY.ADJ.NNTY.PC.KD,BI,2013,184.940505868046
NY.ADJ.NNTY.PC.KD,BI,2012,177.813942264447
NY.ADJ.NNTY.PC.KD,BI,2011,155.402878782994
NY.ADJ.NNTY.PC.KD,BI,2010,161.152144419529
NY.ADJ.NNTY.PC.KD,BI,2009,139.622947755549
NY.ADJ.NNTY.PC.KD,BI,2008,136.474679984031
NY.ADJ.NNTY.PC.KD,BI,2007,134.907804049898
NY.ADJ.NNTY.PC.KD,BI,2006,161.91742122666
NY.ADJ.NNTY.PC.KD,BI,2005,146.059578486191
NY.ADJ.NNTY.PC.KD,BI,2004,130.952371486592
NY.ADJ.NNTY.PC.KD,BI,2003,105.934210748585
NY.ADJ.NNTY.PC.KD,BI,2002,152.647270272058
NY.ADJ.NNTY.PC.KD,BI,2001,163.260693232157
NY.ADJ.NNTY.PC.KD,BI,2000,181.17099917135
NY.ADJ.NNTY.PC.KD,BI,1999,182.637902185281
NY.ADJ.NNTY.PC.KD,BI,1998,155.908365057843
NY.ADJ.NNTY.PC.KD,BI,1997,162.406270286302
NY.ADJ.NNTY.PC.KD,BI,1996,None
NY.ADJ.NNTY.PC.KD,BI,1995,None
NY.ADJ.NNTY.PC.KD,BJ,2019,1032.99778732843
NY.ADJ.NNTY.PC.KD,BJ,2018,984.69996335732
NY.ADJ.NNTY.PC.KD,BJ,2017,954.123941461597
NY.ADJ.NNTY.PC.KD,BJ,2016,947.464120021883
NY.ADJ.NNTY.PC.KD,BJ,2015,933.975039449297
NY.ADJ.NNTY.PC.KD,BJ,2014,932.557318931747
NY.ADJ.NNTY.PC.KD,BJ,2013,904.17436214049
NY.ADJ.NNTY.PC.KD,BJ,2012,847.318178892382
NY.ADJ.NNTY.PC.KD,BJ,2011,821.719816443499
NY.ADJ.NNTY.PC.KD,BJ,2010,807.830828759974
NY.ADJ.NNTY.PC.KD,BJ,2009,816.055001157988
NY.ADJ.NNTY.PC.KD,BJ,2008,821.188875867475
NY.ADJ.NNTY.PC.KD,BJ,2007,803.502266757485
NY.ADJ.NNTY.PC.KD,BJ,2006,783.563774684721
NY.ADJ.NNTY.PC.KD,BJ,2005,778.042015446243
NY.ADJ.NNTY.PC.KD,BJ,2004,798.532916473617
NY.ADJ.NNTY.PC.KD,BJ,2003,772.34640193893
NY.ADJ.NNTY.PC.KD,BJ,2002,757.648661210303
NY.ADJ.NNTY.PC.KD,BJ,2001,721.34328677066
NY.ADJ.NNTY.PC.KD,BJ,2000,691.984690330853
NY.ADJ.NNTY.PC.KD,BJ,1999,655.774263530183
NY.ADJ.NNTY.PC.KD,BJ,1998,611.275997490694
NY.ADJ.NNTY.PC.KD,BJ,1997,604.539174271217
NY.ADJ.NNTY.PC.KD,BJ,1996,579.342986798532
NY.ADJ.NNTY.PC.KD,BJ,1995,558.780624692702
NY.ADJ.NNTY.PC.KD,BF,2019,648.769899123446
NY.ADJ.NNTY.PC.KD,BF,2018,622.116581359302
NY.ADJ.NNTY.PC.KD,BF,2017,593.478049532135
NY.ADJ.NNTY.PC.KD,BF,2016,573.862409133962
NY.ADJ.NNTY.PC.KD,BF,2015,544.871665569481
NY.ADJ.NNTY.PC.KD,BF,2014,531.721195293614
NY.ADJ.NNTY.PC.KD,BF,2013,530.706011321203
NY.ADJ.NNTY.PC.KD,BF,2012,529.230605919683
NY.ADJ.NNTY.PC.KD,BF,2011,485.423974164979
NY.ADJ.NNTY.PC.KD,BF,2010,471.427073602082
NY.ADJ.NNTY.PC.KD,BF,2009,448.823190874689
NY.ADJ.NNTY.PC.KD,BF,2008,451.844738987106
NY.ADJ.NNTY.PC.KD,BF,2007,443.413076830184
NY.ADJ.NNTY.PC.KD,BF,2006,440.208264331267
NY.ADJ.NNTY.PC.KD,BF,2005,429.866342018093
NY.ADJ.NNTY.PC.KD,BF,2004,413.591467942283
NY.ADJ.NNTY.PC.KD,BF,2003,407.71666529359
NY.ADJ.NNTY.PC.KD,BF,2002,391.096874335883
NY.ADJ.NNTY.PC.KD,BF,2001,387.170469195665
NY.ADJ.NNTY.PC.KD,BF,2000,374.641368945473
NY.ADJ.NNTY.PC.KD,BF,1999,371.837895433271
NY.ADJ.NNTY.PC.KD,BF,1998,370.908182482691
NY.ADJ.NNTY.PC.KD,BF,1997,350.129466845447
NY.ADJ.NNTY.PC.KD,BF,1996,342.393438387506
NY.ADJ.NNTY.PC.KD,BF,1995,317.219261854282
NY.ADJ.NNTY.PC.KD,BD,2019,1604.14585781913
NY.ADJ.NNTY.PC.KD,BD,2018,1418.41648115171
NY.ADJ.NNTY.PC.KD,BD,2017,1314.85082855056
NY.ADJ.NNTY.PC.KD,BD,2016,1273.4717875308
NY.ADJ.NNTY.PC.KD,BD,2015,1205.93183684343
NY.ADJ.NNTY.PC.KD,BD,2014,1151.84707835003
NY.ADJ.NNTY.PC.KD,BD,2013,1119.95490003792
NY.ADJ.NNTY.PC.KD,BD,2012,1073.34658907448
NY.ADJ.NNTY.PC.KD,BD,2011,1024.14870296137
NY.ADJ.NNTY.PC.KD,BD,2010,981.363187536275
NY.ADJ.NNTY.PC.KD,BD,2009,935.09018479577
NY.ADJ.NNTY.PC.KD,BD,2008,898.053813326762
NY.ADJ.NNTY.PC.KD,BD,2007,860.947721048831
NY.ADJ.NNTY.PC.KD,BD,2006,809.553218002823
NY.ADJ.NNTY.PC.KD,BD,2005,757.945495475774
NY.ADJ.NNTY.PC.KD,BD,2004,722.331596098877
NY.ADJ.NNTY.PC.KD,BD,2003,681.778056883378
NY.ADJ.NNTY.PC.KD,BD,2002,666.077768238623
NY.ADJ.NNTY.PC.KD,BD,2001,654.225580935871
NY.ADJ.NNTY.PC.KD,BD,2000,636.207564963686
NY.ADJ.NNTY.PC.KD,BD,1999,613.634276910718
NY.ADJ.NNTY.PC.KD,BD,1998,598.868245383148
NY.ADJ.NNTY.PC.KD,BD,1997,585.878593029794
NY.ADJ.NNTY.PC.KD,BD,1996,583.857722804175
NY.ADJ.NNTY.PC.KD,BD,1995,577.655325470529
NY.ADJ.NNTY.PC.KD,BO,2019,2793.62346314042
NY.ADJ.NNTY.PC.KD,BO,2018,2757.19554135464
NY.ADJ.NNTY.PC.KD,BO,2017,2682.06337439026
NY.ADJ.NNTY.PC.KD,BO,2016,2610.03820659745
NY.ADJ.NNTY.PC.KD,BO,2015,2515.20152672481
NY.ADJ.NNTY.PC.KD,BO,2014,2436.90450190481
NY.ADJ.NNTY.PC.KD,BO,2013,2401.00776247418
NY.ADJ.NNTY.PC.KD,BO,2012,2311.92062538978
NY.ADJ.NNTY.PC.KD,BO,2011,2297.29863227252
NY.ADJ.NNTY.PC.KD,BO,2010,2231.37322928436
NY.ADJ.NNTY.PC.KD,BO,2009,2132.73080745544
NY.ADJ.NNTY.PC.KD,BO,2008,2123.36350200321
NY.ADJ.NNTY.PC.KD,BO,2007,1941.03739106278
NY.ADJ.NNTY.PC.KD,BO,2006,1892.07593767134
NY.ADJ.NNTY.PC.KD,BO,2005,1802.2427856258
NY.ADJ.NNTY.PC.KD,BO,2004,1796.87520818995
NY.ADJ.NNTY.PC.KD,BO,2003,1765.07967858287
NY.ADJ.NNTY.PC.KD,BO,2002,1747.7810553869
NY.ADJ.NNTY.PC.KD,BO,2001,1721.73493600059
NY.ADJ.NNTY.PC.KD,BO,2000,1698.05502039518
NY.ADJ.NNTY.PC.KD,BO,1999,1748.77074149397
NY.ADJ.NNTY.PC.KD,BO,1998,1818.7668148634
NY.ADJ.NNTY.PC.KD,BO,1997,1745.80995666232
NY.ADJ.NNTY.PC.KD,BO,1996,1680.78792212995
NY.ADJ.NNTY.PC.KD,BO,1995,1613.27974463829
NY.ADJ.NNTY.PC.KD,BT,2019,2703.66581298037
NY.ADJ.NNTY.PC.KD,BT,2018,2463.68748898608
NY.ADJ.NNTY.PC.KD,BT,2017,2396.40216069939
NY.ADJ.NNTY.PC.KD,BT,2016,2278.21783121811
NY.ADJ.NNTY.PC.KD,BT,2015,2186.7590043179
NY.ADJ.NNTY.PC.KD,BT,2014,2064.12756756456
NY.ADJ.NNTY.PC.KD,BT,2013,1929.65004816121
NY.ADJ.NNTY.PC.KD,BT,2012,1892.53882819774
NY.ADJ.NNTY.PC.KD,BT,2011,1841.23775562269
NY.ADJ.NNTY.PC.KD,BT,2010,1740.15733998446
NY.ADJ.NNTY.PC.KD,BT,2009,1622.00938168494
NY.ADJ.NNTY.PC.KD,BT,2008,1544.30878831896
NY.ADJ.NNTY.PC.KD,BT,2007,1504.92195648866
NY.ADJ.NNTY.PC.KD,BT,2006,1345.30883851918
NY.ADJ.NNTY.PC.KD,BT,2005,1308.34770254146
NY.ADJ.NNTY.PC.KD,BT,2004,1236.27396187282
NY.ADJ.NNTY.PC.KD,BT,2003,1198.54209485405
NY.ADJ.NNTY.PC.KD,BT,2002,1159.44125554333
NY.ADJ.NNTY.PC.KD,BT,2001,1080.31040272574
NY.ADJ.NNTY.PC.KD,BT,2000,1011.76913082785
NY.ADJ.NNTY.PC.KD,BT,1999,800.451309527167
NY.ADJ.NNTY.PC.KD,BT,1998,788.530333416522
NY.ADJ.NNTY.PC.KD,BT,1997,822.349201158831
NY.ADJ.NNTY.PC.KD,BT,1996,740.51111940267
NY.ADJ.NNTY.PC.KD,BT,1995,711.442345958586
NY.ADJ.NNTY.PC.KD,CF,2019,372.393359638815
NY.ADJ.NNTY.PC.KD,CF,2018,377.461791311165
NY.ADJ.NNTY.PC.KD,CF,2017,311.302847454427
NY.ADJ.NNTY.PC.KD,CF,2016,330.004746467392
NY.ADJ.NNTY.PC.KD,CF,2015,293.402626903364
NY.ADJ.NNTY.PC.KD,CF,2014,277.185989967576
NY.ADJ.NNTY.PC.KD,CF,2013,286.889807177345
NY.ADJ.NNTY.PC.KD,CF,2012,501.544306614696
NY.ADJ.NNTY.PC.KD,CF,2011,511.18450561983
NY.ADJ.NNTY.PC.KD,CF,2010,538.200960575037
NY.ADJ.NNTY.PC.KD,CF,2009,541.615391720849
NY.ADJ.NNTY.PC.KD,CF,2008,None
NY.ADJ.NNTY.PC.KD,CF,2007,None
NY.ADJ.NNTY.PC.KD,CF,2006,None
NY.ADJ.NNTY.PC.KD,CF,2005,None
NY.ADJ.NNTY.PC.KD,CF,2004,None
NY.ADJ.NNTY.PC.KD,CF,2003,None
NY.ADJ.NNTY.PC.KD,CF,2002,None
NY.ADJ.NNTY.PC.KD,CF,2001,None
NY.ADJ.NNTY.PC.KD,CF,2000,None
NY.ADJ.NNTY.PC.KD,CF,1999,None
NY.ADJ.NNTY.PC.KD,CF,1998,None
NY.ADJ.NNTY.PC.KD,CF,1997,None
NY.ADJ.NNTY.PC.KD,CF,1996,None
NY.ADJ.NNTY.PC.KD,CF,1995,None
NY.ADJ.NNTY.PC.KD,CI,2019,1975.48905891767
NY.ADJ.NNTY.PC.KD,CI,2018,1928.15222647241
NY.ADJ.NNTY.PC.KD,CI,2017,1888.60772514581
NY.ADJ.NNTY.PC.KD,CI,2016,1886.2448784678
NY.ADJ.NNTY.PC.KD,CI,2015,1835.53782140925
NY.ADJ.NNTY.PC.KD,CI,2014,1741.32114773122
NY.ADJ.NNTY.PC.KD,CI,2013,1079.92114409697
NY.ADJ.NNTY.PC.KD,CI,2012,1029.33942513945
NY.ADJ.NNTY.PC.KD,CI,2011,791.263378794476
NY.ADJ.NNTY.PC.KD,CI,2010,967.358425882701
NY.ADJ.NNTY.PC.KD,CI,2009,929.264604076122
NY.ADJ.NNTY.PC.KD,CI,2008,908.224918032001
NY.ADJ.NNTY.PC.KD,CI,2007,None
NY.ADJ.NNTY.PC.KD,CI,2006,None
NY.ADJ.NNTY.PC.KD,CI,2005,None
NY.ADJ.NNTY.PC.KD,CI,2004,None
NY.ADJ.NNTY.PC.KD,CI,2003,None
NY.ADJ.NNTY.PC.KD,CI,2002,None
NY.ADJ.NNTY.PC.KD,CI,2001,None
NY.ADJ.NNTY.PC.KD,CI,2000,None
NY.ADJ.NNTY.PC.KD,CI,1999,None
NY.ADJ.NNTY.PC.KD,CI,1998,None
NY.ADJ.NNTY.PC.KD,CI,1997,None
NY.ADJ.NNTY.PC.KD,CI,1996,None
NY.ADJ.NNTY.PC.KD,CI,1995,None
NY.ADJ.NNTY.PC.KD,CM,2019,1213.49167843604
NY.ADJ.NNTY.PC.KD,CM,2018,1188.4317198244
NY.ADJ.NNTY.PC.KD,CM,2017,1165.38525111873
NY.ADJ.NNTY.PC.KD,CM,2016,1162.1817471099
NY.ADJ.NNTY.PC.KD,CM,2015,1135.30371160005
NY.ADJ.NNTY.PC.KD,CM,2014,1111.62045656315
NY.ADJ.NNTY.PC.KD,CM,2013,1062.46343200134
NY.ADJ.NNTY.PC.KD,CM,2012,1004.91236904054
NY.ADJ.NNTY.PC.KD,CM,2011,984.892753655814
NY.ADJ.NNTY.PC.KD,CM,2010,994.785437074846
NY.ADJ.NNTY.PC.KD,CM,2009,1011.96614606214
NY.ADJ.NNTY.PC.KD,CM,2008,959.737856551894
NY.ADJ.NNTY.PC.KD,CM,2007,978.393664377852
NY.ADJ.NNTY.PC.KD,CM,2006,987.69640909077
NY.ADJ.NNTY.PC.KD,CM,2005,970.560545818076
NY.ADJ.NNTY.PC.KD,CM,2004,983.48190155594
NY.ADJ.NNTY.PC.KD,CM,2003,922.908255792255
NY.ADJ.NNTY.PC.KD,CM,2002,872.67227972468
NY.ADJ.NNTY.PC.KD,CM,2001,863.935466231479
NY.ADJ.NNTY.PC.KD,CM,2000,850.621036267366
NY.ADJ.NNTY.PC.KD,CM,1999,865.113071231482
NY.ADJ.NNTY.PC.KD,CM,1998,834.142341644121
NY.ADJ.NNTY.PC.KD,CM,1997,798.700500975779
NY.ADJ.NNTY.PC.KD,CM,1996,748.836285381174
NY.ADJ.NNTY.PC.KD,CM,1995,755.840839398443
NY.ADJ.NNTY.PC.KD,CD,2019,419.650381027781
NY.ADJ.NNTY.PC.KD,CD,2018,422.170937447839
NY.ADJ.NNTY.PC.KD,CD,2017,377.655698059716
NY.ADJ.NNTY.PC.KD,CD,2016,326.905780037298
NY.ADJ.NNTY.PC.KD,CD,2015,324.093338173132
NY.ADJ.NNTY.PC.KD,CD,2014,308.75110703331
NY.ADJ.NNTY.PC.KD,CD,2013,314.310445247768
NY.ADJ.NNTY.PC.KD,CD,2012,290.114071158911
NY.ADJ.NNTY.PC.KD,CD,2011,264.80946973483
NY.ADJ.NNTY.PC.KD,CD,2010,250.593792633457
NY.ADJ.NNTY.PC.KD,CD,2009,213.537668419928
NY.ADJ.NNTY.PC.KD,CD,2008,202.772372887548
NY.ADJ.NNTY.PC.KD,CD,2007,226.767690898639
NY.ADJ.NNTY.PC.KD,CD,2006,223.841378816599
NY.ADJ.NNTY.PC.KD,CD,2005,206.287855634048
NY.ADJ.NNTY.PC.KD,CD,2004,196.119229900823
NY.ADJ.NNTY.PC.KD,CD,2003,168.766669852187
NY.ADJ.NNTY.PC.KD,CD,2002,181.287753276187
NY.ADJ.NNTY.PC.KD,CD,2001,179.547938171982
NY.ADJ.NNTY.PC.KD,CD,2000,222.321406008845
NY.ADJ.NNTY.PC.KD,CD,1999,166.366723317041
NY.ADJ.NNTY.PC.KD,CD,1998,154.841264852398
NY.ADJ.NNTY.PC.KD,CD,1997,168.456803246531
NY.ADJ.NNTY.PC.KD,CD,1996,156.155471436439
NY.ADJ.NNTY.PC.KD,CD,1995,153.85268476167
NY.ADJ.NNTY.PC.KD,CG,2019,740.554921142299
NY.ADJ.NNTY.PC.KD,CG,2018,862.434385275389
NY.ADJ.NNTY.PC.KD,CG,2017,780.53800437953
NY.ADJ.NNTY.PC.KD,CG,2016,1149.51358427772
NY.ADJ.NNTY.PC.KD,CG,2015,1473.5280938142
NY.ADJ.NNTY.PC.KD,CG,2014,1792.83044805867
NY.ADJ.NNTY.PC.KD,CG,2013,1625.93649576403
NY.ADJ.NNTY.PC.KD,CG,2012,1315.46402155609
NY.ADJ.NNTY.PC.KD,CG,2011,813.756903284977
NY.ADJ.NNTY.PC.KD,CG,2010,1139.10102112748
NY.ADJ.NNTY.PC.KD,CG,2009,859.026764613603
NY.ADJ.NNTY.PC.KD,CG,2008,710.194098391606
NY.ADJ.NNTY.PC.KD,CG,2007,601.477544917777
NY.ADJ.NNTY.PC.KD,CG,2006,569.932372176375
NY.ADJ.NNTY.PC.KD,CG,2005,458.295408428118
NY.ADJ.NNTY.PC.KD,CG,2004,335.665974902642
NY.ADJ.NNTY.PC.KD,CG,2003,484.462451715051
NY.ADJ.NNTY.PC.KD,CG,2002,253.342870782984
NY.ADJ.NNTY.PC.KD,CG,2001,184.388300921477
NY.ADJ.NNTY.PC.KD,CG,2000,12.0287809117709
NY.ADJ.NNTY.PC.KD,CG,1999,272.610435001325
NY.ADJ.NNTY.PC.KD,CG,1998,347.096058440384
NY.ADJ.NNTY.PC.KD,CG,1997,213.595259430849
NY.ADJ.NNTY.PC.KD,CG,1996,63.862709130407
NY.ADJ.NNTY.PC.KD,CG,1995,48.81135480431
NY.ADJ.NNTY.PC.KD,KM,2019,1304.49549783998
NY.ADJ.NNTY.PC.KD,KM,2018,1304.68246376981
NY.ADJ.NNTY.PC.KD,KM,2017,1261.3457036608
NY.ADJ.NNTY.PC.KD,KM,2016,1220.48782966756
NY.ADJ.NNTY.PC.KD,KM,2015,1200.91979684405
NY.ADJ.NNTY.PC.KD,KM,2014,1153.09204828494
NY.ADJ.NNTY.PC.KD,KM,2013,1136.83279781918
NY.ADJ.NNTY.PC.KD,KM,2012,1105.82323252405
NY.ADJ.NNTY.PC.KD,KM,2011,1087.47892632445
NY.ADJ.NNTY.PC.KD,KM,2010,1068.87211122321
NY.ADJ.NNTY.PC.KD,KM,2009,1096.41742959901
NY.ADJ.NNTY.PC.KD,KM,2008,1059.58412138981
NY.ADJ.NNTY.PC.KD,KM,2007,1061.76210493757
NY.ADJ.NNTY.PC.KD,KM,2006,1074.54228962815
NY.ADJ.NNTY.PC.KD,KM,2005,1066.02281402879
NY.ADJ.NNTY.PC.KD,KM,2004,1053.23685096003
NY.ADJ.NNTY.PC.KD,KM,2003,1049.47706894431
NY.ADJ.NNTY.PC.KD,KM,2002,1052.09032820874
NY.ADJ.NNTY.PC.KD,KM,2001,1053.87268872352
NY.ADJ.NNTY.PC.KD,KM,2000,1048.34273651016
NY.ADJ.NNTY.PC.KD,KM,1999,959.922489386132
NY.ADJ.NNTY.PC.KD,KM,1998,953.484139424353
NY.ADJ.NNTY.PC.KD,KM,1997,964.182710951314
NY.ADJ.NNTY.PC.KD,KM,1996,947.749778276969
NY.ADJ.NNTY.PC.KD,KM,1995,982.956807399835
NY.ADJ.NNTY.PC.KD,CV,2019,2909.28690257657
NY.ADJ.NNTY.PC.KD,CV,2018,2759.90133886254
NY.ADJ.NNTY.PC.KD,CV,2017,2580.45142893594
NY.ADJ.NNTY.PC.KD,CV,2016,2559.12707195727
NY.ADJ.NNTY.PC.KD,CV,2015,2459.58656707843
NY.ADJ.NNTY.PC.KD,CV,2014,2412.93268173655
NY.ADJ.NNTY.PC.KD,CV,2013,2449.98635062091
NY.ADJ.NNTY.PC.KD,CV,2012,2415.05549976056
NY.ADJ.NNTY.PC.KD,CV,2011,2414.84603030445
NY.ADJ.NNTY.PC.KD,CV,2010,2358.45712708415
NY.ADJ.NNTY.PC.KD,CV,2009,2440.41743367923
NY.ADJ.NNTY.PC.KD,CV,2008,2411.23939021784
NY.ADJ.NNTY.PC.KD,CV,2007,2344.82641410541
NY.ADJ.NNTY.PC.KD,CV,2006,None
NY.ADJ.NNTY.PC.KD,CV,2005,None
NY.ADJ.NNTY.PC.KD,CV,2004,None
NY.ADJ.NNTY.PC.KD,CV,2003,None
NY.ADJ.NNTY.PC.KD,CV,2002,None
NY.ADJ.NNTY.PC.KD,CV,2001,None
NY.ADJ.NNTY.PC.KD,CV,2000,None
NY.ADJ.NNTY.PC.KD,CV,1999,None
NY.ADJ.NNTY.PC.KD,CV,1998,None
NY.ADJ.NNTY.PC.KD,CV,1997,None
NY.ADJ.NNTY.PC.KD,CV,1996,None
NY.ADJ.NNTY.PC.KD,CV,1995,None
NY.ADJ.NNTY.PC.KD,DJ,2019,2428.52709261581
NY.ADJ.NNTY.PC.KD,DJ,2018,2293.91002782359
NY.ADJ.NNTY.PC.KD,DJ,2017,2121.481266323
NY.ADJ.NNTY.PC.KD,DJ,2016,2108.53197485049
NY.ADJ.NNTY.PC.KD,DJ,2015,2072.14918334724
NY.ADJ.NNTY.PC.KD,DJ,2014,1916.06770847321
NY.ADJ.NNTY.PC.KD,DJ,2013,1689.70774880987
NY.ADJ.NNTY.PC.KD,DJ,2012,None
NY.ADJ.NNTY.PC.KD,DJ,2011,None
NY.ADJ.NNTY.PC.KD,DJ,2010,None
NY.ADJ.NNTY.PC.KD,DJ,2009,None
NY.ADJ.NNTY.PC.KD,DJ,2008,None
NY.ADJ.NNTY.PC.KD,DJ,2007,None
NY.ADJ.NNTY.PC.KD,DJ,2006,None
NY.ADJ.NNTY.PC.KD,DJ,2005,None
NY.ADJ.NNTY.PC.KD,DJ,2004,None
NY.ADJ.NNTY.PC.KD,DJ,2003,None
NY.ADJ.NNTY.PC.KD,DJ,2002,None
NY.ADJ.NNTY.PC.KD,DJ,2001,None
NY.ADJ.NNTY.PC.KD,DJ,2000,None
NY.ADJ.NNTY.PC.KD,DJ,1999,None
NY.ADJ.NNTY.PC.KD,DJ,1998,None
NY.ADJ.NNTY.PC.KD,DJ,1997,None
NY.ADJ.NNTY.PC.KD,DJ,1996,None
NY.ADJ.NNTY.PC.KD,DJ,1995,None
NY.ADJ.NNTY.PC.KD,EG,2019,3032.02119776963
NY.ADJ.NNTY.PC.KD,EG,2018,2932.37985474622
NY.ADJ.NNTY.PC.KD,EG,2017,2886.73655889876
NY.ADJ.NNTY.PC.KD,EG,2016,3120.48921663622
NY.ADJ.NNTY.PC.KD,EG,2015,3040.47338220385
NY.ADJ.NNTY.PC.KD,EG,2014,2856.16781751234
NY.ADJ.NNTY.PC.KD,EG,2013,2829.91818282942
NY.ADJ.NNTY.PC.KD,EG,2012,2808.48202464004
NY.ADJ.NNTY.PC.KD,EG,2011,2731.60716831342
NY.ADJ.NNTY.PC.KD,EG,2010,2725.19935519056
NY.ADJ.NNTY.PC.KD,EG,2009,2681.39463383002
NY.ADJ.NNTY.PC.KD,EG,2008,2571.13334486983
NY.ADJ.NNTY.PC.KD,EG,2007,2526.545361227
NY.ADJ.NNTY.PC.KD,EG,2006,2399.36248659176
NY.ADJ.NNTY.PC.KD,EG,2005,2252.99226711861
NY.ADJ.NNTY.PC.KD,EG,2004,2256.20038299868
NY.ADJ.NNTY.PC.KD,EG,2003,2269.52547961253
NY.ADJ.NNTY.PC.KD,EG,2002,2296.24783267447
NY.ADJ.NNTY.PC.KD,EG,2001,2315.77729343651
NY.ADJ.NNTY.PC.KD,EG,2000,2185.79376988909
NY.ADJ.NNTY.PC.KD,EG,1999,2090.2054978497
NY.ADJ.NNTY.PC.KD,EG,1998,2052.85202631703
NY.ADJ.NNTY.PC.KD,EG,1997,2115.15706867023
NY.ADJ.NNTY.PC.KD,EG,1996,1978.58707256888
NY.ADJ.NNTY.PC.KD,EG,1995,1904.31512167201
NY.ADJ.NNTY.PC.KD,ER,2019,None
NY.ADJ.NNTY.PC.KD,ER,2018,None
NY.ADJ.NNTY.PC.KD,ER,2017,None
NY.ADJ.NNTY.PC.KD,ER,2016,None
NY.ADJ.NNTY.PC.KD,ER,2015,None
NY.ADJ.NNTY.PC.KD,ER,2014,None
NY.ADJ.NNTY.PC.KD,ER,2013,None
NY.ADJ.NNTY.PC.KD,ER,2012,None
NY.ADJ.NNTY.PC.KD,ER,2011,None
NY.ADJ.NNTY.PC.KD,ER,2010,None
NY.ADJ.NNTY.PC.KD,ER,2009,None
NY.ADJ.NNTY.PC.KD,ER,2008,None
NY.ADJ.NNTY.PC.KD,ER,2007,None
NY.ADJ.NNTY.PC.KD,ER,2006,None
NY.ADJ.NNTY.PC.KD,ER,2005,None
NY.ADJ.NNTY.PC.KD,ER,2004,None
NY.ADJ.NNTY.PC.KD,ER,2003,None
NY.ADJ.NNTY.PC.KD,ER,2002,None
NY.ADJ.NNTY.PC.KD,ER,2001,None
NY.ADJ.NNTY.PC.KD,ER,2000,None
NY.ADJ.NNTY.PC.KD,ER,1999,None
NY.ADJ.NNTY.PC.KD,ER,1998,None
NY.ADJ.NNTY.PC.KD,ER,1997,None
NY.ADJ.NNTY.PC.KD,ER,1996,None
NY.ADJ.NNTY.PC.KD,ER,1995,None
NY.ADJ.NNTY.PC.KD,ET,2019,676.998987220333
NY.ADJ.NNTY.PC.KD,ET,2018,625.30399238002
NY.ADJ.NNTY.PC.KD,ET,2017,582.165541850952
NY.ADJ.NNTY.PC.KD,ET,2016,541.59919183597
NY.ADJ.NNTY.PC.KD,ET,2015,484.613026623828
NY.ADJ.NNTY.PC.KD,ET,2014,448.15028713048
NY.ADJ.NNTY.PC.KD,ET,2013,401.974748171406
NY.ADJ.NNTY.PC.KD,ET,2012,368.850331746741
NY.ADJ.NNTY.PC.KD,ET,2011,344.164757599623
NY.ADJ.NNTY.PC.KD,ET,2010,None
NY.ADJ.NNTY.PC.KD,ET,2009,None
NY.ADJ.NNTY.PC.KD,ET,2008,None
NY.ADJ.NNTY.PC.KD,ET,2007,None
NY.ADJ.NNTY.PC.KD,ET,2006,None
NY.ADJ.NNTY.PC.KD,ET,2005,None
NY.ADJ.NNTY.PC.KD,ET,2004,None
NY.ADJ.NNTY.PC.KD,ET,2003,None
NY.ADJ.NNTY.PC.KD,ET,2002,None
NY.ADJ.NNTY.PC.KD,ET,2001,None
NY.ADJ.NNTY.PC.KD,ET,2000,None
NY.ADJ.NNTY.PC.KD,ET,1999,None
NY.ADJ.NNTY.PC.KD,ET,1998,None
NY.ADJ.NNTY.PC.KD,ET,1997,None
NY.ADJ.NNTY.PC.KD,ET,1996,None
NY.ADJ.NNTY.PC.KD,ET,1995,None
NY.ADJ.NNTY.PC.KD,FM,2019,None
NY.ADJ.NNTY.PC.KD,FM,2018,None
NY.ADJ.NNTY.PC.KD,FM,2017,None
NY.ADJ.NNTY.PC.KD,FM,2016,None
NY.ADJ.NNTY.PC.KD,FM,2015,3252.61016581259
NY.ADJ.NNTY.PC.KD,FM,2014,None
NY.ADJ.NNTY.PC.KD,FM,2013,None
NY.ADJ.NNTY.PC.KD,FM,2012,None
NY.ADJ.NNTY.PC.KD,FM,2011,None
NY.ADJ.NNTY.PC.KD,FM,2010,None
NY.ADJ.NNTY.PC.KD,FM,2009,None
NY.ADJ.NNTY.PC.KD,FM,2008,None
NY.ADJ.NNTY.PC.KD,FM,2007,None
NY.ADJ.NNTY.PC.KD,FM,2006,None
NY.ADJ.NNTY.PC.KD,FM,2005,None
NY.ADJ.NNTY.PC.KD,FM,2004,None
NY.ADJ.NNTY.PC.KD,FM,2003,None
NY.ADJ.NNTY.PC.KD,FM,2002,None
NY.ADJ.NNTY.PC.KD,FM,2001,None
NY.ADJ.NNTY.PC.KD,FM,2000,None
NY.ADJ.NNTY.PC.KD,FM,1999,None
NY.ADJ.NNTY.PC.KD,FM,1998,None
NY.ADJ.NNTY.PC.KD,FM,1997,None
NY.ADJ.NNTY.PC.KD,FM,1996,None
NY.ADJ.NNTY.PC.KD,FM,1995,None
NY.ADJ.NNTY.PC.KD,GH,2019,1602.17381815624
NY.ADJ.NNTY.PC.KD,GH,2018,1529.71575994582
NY.ADJ.NNTY.PC.KD,GH,2017,1427.40174453477
NY.ADJ.NNTY.PC.KD,GH,2016,1407.20048140838
NY.ADJ.NNTY.PC.KD,GH,2015,1350.69529293893
NY.ADJ.NNTY.PC.KD,GH,2014,1359.8177434616
NY.ADJ.NNTY.PC.KD,GH,2013,1457.99773345152
NY.ADJ.NNTY.PC.KD,GH,2012,1308.90262061676
NY.ADJ.NNTY.PC.KD,GH,2011,1209.11706289523
NY.ADJ.NNTY.PC.KD,GH,2010,1134.11372999104
NY.ADJ.NNTY.PC.KD,GH,2009,1119.80932905348
NY.ADJ.NNTY.PC.KD,GH,2008,1181.2944062826
NY.ADJ.NNTY.PC.KD,GH,2007,1103.81858489175
NY.ADJ.NNTY.PC.KD,GH,2006,1057.16864819227
NY.ADJ.NNTY.PC.KD,GH,2005,None
NY.ADJ.NNTY.PC.KD,GH,2004,None
NY.ADJ.NNTY.PC.KD,GH,2003,None
NY.ADJ.NNTY.PC.KD,GH,2002,None
NY.ADJ.NNTY.PC.KD,GH,2001,None
NY.ADJ.NNTY.PC.KD,GH,2000,None
NY.ADJ.NNTY.PC.KD,GH,1999,None
NY.ADJ.NNTY.PC.KD,GH,1998,None
NY.ADJ.NNTY.PC.KD,GH,1997,None
NY.ADJ.NNTY.PC.KD,GH,1996,None
NY.ADJ.NNTY.PC.KD,GH,1995,None
NY.ADJ.NNTY.PC.KD,GN,2019,727.374476960478
NY.ADJ.NNTY.PC.KD,GN,2018,721.484317577233
NY.ADJ.NNTY.PC.KD,GN,2017,703.165681472611
NY.ADJ.NNTY.PC.KD,GN,2016,638.77962013185
NY.ADJ.NNTY.PC.KD,GN,2015,608.835309996758
NY.ADJ.NNTY.PC.KD,GN,2014,583.599856377982
NY.ADJ.NNTY.PC.KD,GN,2013,578.017048952924
NY.ADJ.NNTY.PC.KD,GN,2012,584.343141341698
NY.ADJ.NNTY.PC.KD,GN,2011,545.62294709996
NY.ADJ.NNTY.PC.KD,GN,2010,537.934398446334
NY.ADJ.NNTY.PC.KD,GN,2009,474.84564463889
NY.ADJ.NNTY.PC.KD,GN,2008,521.229063452161
NY.ADJ.NNTY.PC.KD,GN,2007,514.081298720291
NY.ADJ.NNTY.PC.KD,GN,2006,499.189875888973
NY.ADJ.NNTY.PC.KD,GN,2005,None
NY.ADJ.NNTY.PC.KD,GN,2004,None
NY.ADJ.NNTY.PC.KD,GN,2003,None
NY.ADJ.NNTY.PC.KD,GN,2002,None
NY.ADJ.NNTY.PC.KD,GN,2001,None
NY.ADJ.NNTY.PC.KD,GN,2000,None
NY.ADJ.NNTY.PC.KD,GN,1999,None
NY.ADJ.NNTY.PC.KD,GN,1998,None
NY.ADJ.NNTY.PC.KD,GN,1997,None
NY.ADJ.NNTY.PC.KD,GN,1996,None
NY.ADJ.NNTY.PC.KD,GN,1995,None
NY.ADJ.NNTY.PC.KD,GM,2019,517.405822766523
NY.ADJ.NNTY.PC.KD,GM,2018,514.491574916788
NY.ADJ.NNTY.PC.KD,GM,2017,454.729278710709
NY.ADJ.NNTY.PC.KD,GM,2016,453.862334785944
NY.ADJ.NNTY.PC.KD,GM,2015,451.95140489162
NY.ADJ.NNTY.PC.KD,GM,2014,434.537812616437
NY.ADJ.NNTY.PC.KD,GM,2013,456.028899522218
NY.ADJ.NNTY.PC.KD,GM,2012,456.966515274297
NY.ADJ.NNTY.PC.KD,GM,2011,458.988022711583
NY.ADJ.NNTY.PC.KD,GM,2010,523.313446542272
NY.ADJ.NNTY.PC.KD,GM,2009,523.9223217673
NY.ADJ.NNTY.PC.KD,GM,2008,510.22370494144
NY.ADJ.NNTY.PC.KD,GM,2007,522.260500539794
NY.ADJ.NNTY.PC.KD,GM,2006,511.451389293898
NY.ADJ.NNTY.PC.KD,GM,2005,511.450812590828
NY.ADJ.NNTY.PC.KD,GM,2004,535.140469722352
NY.ADJ.NNTY.PC.KD,GM,2003,None
NY.ADJ.NNTY.PC.KD,GM,2002,None
NY.ADJ.NNTY.PC.KD,GM,2001,None
NY.ADJ.NNTY.PC.KD,GM,2000,None
NY.ADJ.NNTY.PC.KD,GM,1999,None
NY.ADJ.NNTY.PC.KD,GM,1998,None
NY.ADJ.NNTY.PC.KD,GM,1997,None
NY.ADJ.NNTY.PC.KD,GM,1996,None
NY.ADJ.NNTY.PC.KD,GM,1995,None
NY.ADJ.NNTY.PC.KD,GW,2019,593.473393368725
NY.ADJ.NNTY.PC.KD,GW,2018,550.831801713488
NY.ADJ.NNTY.PC.KD,GW,2017,514.212254485877
NY.ADJ.NNTY.PC.KD,GW,2016,495.323080355958
NY.ADJ.NNTY.PC.KD,GW,2015,454.019105341861
NY.ADJ.NNTY.PC.KD,GW,2014,412.619915559856
NY.ADJ.NNTY.PC.KD,GW,2013,396.136940830935
NY.ADJ.NNTY.PC.KD,GW,2012,411.817468861585
NY.ADJ.NNTY.PC.KD,GW,2011,472.7118317335
NY.ADJ.NNTY.PC.KD,GW,2010,408.268252609999
NY.ADJ.NNTY.PC.KD,GW,2009,373.37038433745
NY.ADJ.NNTY.PC.KD,GW,2008,396.513068588061
NY.ADJ.NNTY.PC.KD,GW,2007,379.999496842922
NY.ADJ.NNTY.PC.KD,GW,2006,388.877296936691
NY.ADJ.NNTY.PC.KD,GW,2005,384.287395609969
NY.ADJ.NNTY.PC.KD,GW,2004,389.84282244946
NY.ADJ.NNTY.PC.KD,GW,2003,336.16018805986
NY.ADJ.NNTY.PC.KD,GW,2002,390.678835414372
NY.ADJ.NNTY.PC.KD,GW,2001,389.164931776986
NY.ADJ.NNTY.PC.KD,GW,2000,381.15349227103
NY.ADJ.NNTY.PC.KD,GW,1999,129.027873682508
NY.ADJ.NNTY.PC.KD,GW,1998,80.8126308295309
NY.ADJ.NNTY.PC.KD,GW,1997,129.926390789483
NY.ADJ.NNTY.PC.KD,GW,1996,None
NY.ADJ.NNTY.PC.KD,GW,1995,None
NY.ADJ.NNTY.PC.KD,HN,2019,2102.21280036721
NY.ADJ.NNTY.PC.KD,HN,2018,2063.57886390515
NY.ADJ.NNTY.PC.KD,HN,2017,2114.6334245313
NY.ADJ.NNTY.PC.KD,HN,2016,2017.84647608292
NY.ADJ.NNTY.PC.KD,HN,2015,1984.10464937445
NY.ADJ.NNTY.PC.KD,HN,2014,1838.57887251193
NY.ADJ.NNTY.PC.KD,HN,2013,1799.40318856315
NY.ADJ.NNTY.PC.KD,HN,2012,1839.61808072181
NY.ADJ.NNTY.PC.KD,HN,2011,1855.64976701202
NY.ADJ.NNTY.PC.KD,HN,2010,1767.21401586674
NY.ADJ.NNTY.PC.KD,HN,2009,1804.33444684412
NY.ADJ.NNTY.PC.KD,HN,2008,1821.75533856324
NY.ADJ.NNTY.PC.KD,HN,2007,1837.36511873761
NY.ADJ.NNTY.PC.KD,HN,2006,1752.19427909159
NY.ADJ.NNTY.PC.KD,HN,2005,1713.47453500396
NY.ADJ.NNTY.PC.KD,HN,2004,1670.50496839452
NY.ADJ.NNTY.PC.KD,HN,2003,1653.59186463548
NY.ADJ.NNTY.PC.KD,HN,2002,1653.30161426166
NY.ADJ.NNTY.PC.KD,HN,2001,1661.72814959099
NY.ADJ.NNTY.PC.KD,HN,2000,1678.86644977067
NY.ADJ.NNTY.PC.KD,HN,1999,1620.35194472871
NY.ADJ.NNTY.PC.KD,HN,1998,1637.12669105851
NY.ADJ.NNTY.PC.KD,HN,1997,1584.83922829925
NY.ADJ.NNTY.PC.KD,HN,1996,1551.08739579995
NY.ADJ.NNTY.PC.KD,HN,1995,1597.48513873799
NY.ADJ.NNTY.PC.KD,HT,2019,1377.07534927862
NY.ADJ.NNTY.PC.KD,HT,2018,1410.3383031131
NY.ADJ.NNTY.PC.KD,HT,2017,1412.28253390915
NY.ADJ.NNTY.PC.KD,HT,2016,1380.51277267409
NY.ADJ.NNTY.PC.KD,HT,2015,1350.20889602662
NY.ADJ.NNTY.PC.KD,HT,2014,1303.6688259003
NY.ADJ.NNTY.PC.KD,HT,2013,1309.02336603116
NY.ADJ.NNTY.PC.KD,HT,2012,1242.20902697284
NY.ADJ.NNTY.PC.KD,HT,2011,1251.72260955441
NY.ADJ.NNTY.PC.KD,HT,2010,1246.61008452538
NY.ADJ.NNTY.PC.KD,HT,2009,1380.5829841104
NY.ADJ.NNTY.PC.KD,HT,2008,1293.8897427974
NY.ADJ.NNTY.PC.KD,HT,2007,1314.96418314402
NY.ADJ.NNTY.PC.KD,HT,2006,1242.4311555652
NY.ADJ.NNTY.PC.KD,HT,2005,1252.12890821055
NY.ADJ.NNTY.PC.KD,HT,2004,1234.53388254179
NY.ADJ.NNTY.PC.KD,HT,2003,1202.79166855822
NY.ADJ.NNTY.PC.KD,HT,2002,1290.15962525113
NY.ADJ.NNTY.PC.KD,HT,2001,1334.37199793001
NY.ADJ.NNTY.PC.KD,HT,2000,1391.25739484978
NY.ADJ.NNTY.PC.KD,HT,1999,891.909521502059
NY.ADJ.NNTY.PC.KD,HT,1998,1077.06467498634
NY.ADJ.NNTY.PC.KD,HT,1997,1080.4179650731
NY.ADJ.NNTY.PC.KD,HT,1996,1047.73859819394
NY.ADJ.NNTY.PC.KD,HT,1995,924.422242662143
NY.ADJ.NNTY.PC.KD,IN,2019,1692.28815009909
NY.ADJ.NNTY.PC.KD,IN,2018,1663.47134073624
NY.ADJ.NNTY.PC.KD,IN,2017,1587.76931478847
NY.ADJ.NNTY.PC.KD,IN,2016,1476.90178963113
NY.ADJ.NNTY.PC.KD,IN,2015,1390.31254204671
NY.ADJ.NNTY.PC.KD,IN,2014,1289.84037257077
NY.ADJ.NNTY.PC.KD,IN,2013,1226.5386914979
NY.ADJ.NNTY.PC.KD,IN,2012,1169.88689178412
NY.ADJ.NNTY.PC.KD,IN,2011,1117.57001325399
NY.ADJ.NNTY.PC.KD,IN,2010,1081.57346937108
NY.ADJ.NNTY.PC.KD,IN,2009,998.706280636363
NY.ADJ.NNTY.PC.KD,IN,2008,921.788634021221
NY.ADJ.NNTY.PC.KD,IN,2007,909.920245205568
NY.ADJ.NNTY.PC.KD,IN,2006,853.292086955713
NY.ADJ.NNTY.PC.KD,IN,2005,799.883062045832
NY.ADJ.NNTY.PC.KD,IN,2004,749.049045531214
NY.ADJ.NNTY.PC.KD,IN,2003,698.881097487826
NY.ADJ.NNTY.PC.KD,IN,2002,648.638975905473
NY.ADJ.NNTY.PC.KD,IN,2001,628.976136220975
NY.ADJ.NNTY.PC.KD,IN,2000,633.631570794307
NY.ADJ.NNTY.PC.KD,IN,1999,611.599535855588
NY.ADJ.NNTY.PC.KD,IN,1998,606.819589065351
NY.ADJ.NNTY.PC.KD,IN,1997,578.080408534718
NY.ADJ.NNTY.PC.KD,IN,1996,570.261007288002
NY.ADJ.NNTY.PC.KD,IN,1995,516.77220978846
NY.ADJ.NNTY.PC.KD,JO,2019,None
NY.ADJ.NNTY.PC.KD,JO,2018,None
NY.ADJ.NNTY.PC.KD,JO,2017,None
NY.ADJ.NNTY.PC.KD,JO,2016,None
NY.ADJ.NNTY.PC.KD,JO,2015,3736.50228110779
NY.ADJ.NNTY.PC.KD,JO,2014,None
NY.ADJ.NNTY.PC.KD,JO,2013,None
NY.ADJ.NNTY.PC.KD,JO,2012,None
NY.ADJ.NNTY.PC.KD,JO,2011,None
NY.ADJ.NNTY.PC.KD,JO,2010,None
NY.ADJ.NNTY.PC.KD,JO,2009,None
NY.ADJ.NNTY.PC.KD,JO,2008,None
NY.ADJ.NNTY.PC.KD,JO,2007,None
NY.ADJ.NNTY.PC.KD,JO,2006,None
NY.ADJ.NNTY.PC.KD,JO,2005,None
NY.ADJ.NNTY.PC.KD,JO,2004,None
NY.ADJ.NNTY.PC.KD,JO,2003,None
NY.ADJ.NNTY.PC.KD,JO,2002,None
NY.ADJ.NNTY.PC.KD,JO,2001,None
NY.ADJ.NNTY.PC.KD,JO,2000,None
NY.ADJ.NNTY.PC.KD,JO,1999,None
NY.ADJ.NNTY.PC.KD,JO,1998,None
NY.ADJ.NNTY.PC.KD,JO,1997,None
NY.ADJ.NNTY.PC.KD,JO,1996,None
NY.ADJ.NNTY.PC.KD,JO,1995,None
NY.ADJ.NNTY.PC.KD,KE,2019,1422.38361768136
NY.ADJ.NNTY.PC.KD,KE,2018,1361.74462986179
NY.ADJ.NNTY.PC.KD,KE,2017,1300.25480255236
NY.ADJ.NNTY.PC.KD,KE,2016,1289.10902215503
NY.ADJ.NNTY.PC.KD,KE,2015,1126.00992612641
NY.ADJ.NNTY.PC.KD,KE,2014,1059.07447175596
NY.ADJ.NNTY.PC.KD,KE,2013,1040.1112378216
NY.ADJ.NNTY.PC.KD,KE,2012,1034.93773898049
NY.ADJ.NNTY.PC.KD,KE,2011,988.274464826432
NY.ADJ.NNTY.PC.KD,KE,2010,984.070465820552
NY.ADJ.NNTY.PC.KD,KE,2009,953.873145482545
NY.ADJ.NNTY.PC.KD,KE,2008,1003.37687542839
NY.ADJ.NNTY.PC.KD,KE,2007,1011.6292141536
NY.ADJ.NNTY.PC.KD,KE,2006,993.861287010618
NY.ADJ.NNTY.PC.KD,KE,2005,895.429727216787
NY.ADJ.NNTY.PC.KD,KE,2004,852.169492586861
NY.ADJ.NNTY.PC.KD,KE,2003,829.735745615105
NY.ADJ.NNTY.PC.KD,KE,2002,850.526788213889
NY.ADJ.NNTY.PC.KD,KE,2001,870.903090464421
NY.ADJ.NNTY.PC.KD,KE,2000,880.473271916052
NY.ADJ.NNTY.PC.KD,KE,1999,905.907615944112
NY.ADJ.NNTY.PC.KD,KE,1998,906.317726773908
NY.ADJ.NNTY.PC.KD,KE,1997,894.252826269915
NY.ADJ.NNTY.PC.KD,KE,1996,884.824991818105
NY.ADJ.NNTY.PC.KD,KE,1995,851.554377423897
NY.ADJ.NNTY.PC.KD,KG,2019,938.788563842281
NY.ADJ.NNTY.PC.KD,KG,2018,1048.17470306386
NY.ADJ.NNTY.PC.KD,KG,2017,966.845168079284
NY.ADJ.NNTY.PC.KD,KG,2016,940.08624196835
NY.ADJ.NNTY.PC.KD,KG,2015,849.254501842678
NY.ADJ.NNTY.PC.KD,KG,2014,843.055737286009
NY.ADJ.NNTY.PC.KD,KG,2013,819.070391663987
NY.ADJ.NNTY.PC.KD,KG,2012,858.757530564416
NY.ADJ.NNTY.PC.KD,KG,2011,785.680647675829
NY.ADJ.NNTY.PC.KD,KG,2010,753.429107101088
NY.ADJ.NNTY.PC.KD,KG,2009,None
NY.ADJ.NNTY.PC.KD,KG,2008,None
NY.ADJ.NNTY.PC.KD,KG,2007,None
NY.ADJ.NNTY.PC.KD,KG,2006,None
NY.ADJ.NNTY.PC.KD,KG,2005,None
NY.ADJ.NNTY.PC.KD,KG,2004,None
NY.ADJ.NNTY.PC.KD,KG,2003,None
NY.ADJ.NNTY.PC.KD,KG,2002,None
NY.ADJ.NNTY.PC.KD,KG,2001,None
NY.ADJ.NNTY.PC.KD,KG,2000,None
NY.ADJ.NNTY.PC.KD,KG,1999,None
NY.ADJ.NNTY.PC.KD,KG,1998,None
NY.ADJ.NNTY.PC.KD,KG,1997,None
NY.ADJ.NNTY.PC.KD,KG,1996,None
NY.ADJ.NNTY.PC.KD,KG,1995,None
NY.ADJ.NNTY.PC.KD,KH,2019,1328.33129898492
NY.ADJ.NNTY.PC.KD,KH,2018,1244.65458622373
NY.ADJ.NNTY.PC.KD,KH,2017,1137.61533460545
NY.ADJ.NNTY.PC.KD,KH,2016,1072.99255773729
NY.ADJ.NNTY.PC.KD,KH,2015,1006.89966588241
NY.ADJ.NNTY.PC.KD,KH,2014,951.890125023231
NY.ADJ.NNTY.PC.KD,KH,2013,933.234119748503
NY.ADJ.NNTY.PC.KD,KH,2012,886.717817820691
NY.ADJ.NNTY.PC.KD,KH,2011,833.867072429306
NY.ADJ.NNTY.PC.KD,KH,2010,779.721617508155
NY.ADJ.NNTY.PC.KD,KH,2009,757.569405336671
NY.ADJ.NNTY.PC.KD,KH,2008,765.935770998055
NY.ADJ.NNTY.PC.KD,KH,2007,682.867901322044
NY.ADJ.NNTY.PC.KD,KH,2006,626.622054339686
NY.ADJ.NNTY.PC.KD,KH,2005,572.827692546457
NY.ADJ.NNTY.PC.KD,KH,2004,512.75408323728
NY.ADJ.NNTY.PC.KD,KH,2003,474.681428440761
NY.ADJ.NNTY.PC.KD,KH,2002,442.779719742963
NY.ADJ.NNTY.PC.KD,KH,2001,427.208183252896
NY.ADJ.NNTY.PC.KD,KH,2000,405.566927301841
NY.ADJ.NNTY.PC.KD,KH,1999,390.636885473136
NY.ADJ.NNTY.PC.KD,KH,1998,358.269676010362
NY.ADJ.NNTY.PC.KD,KH,1997,358.69782616256
NY.ADJ.NNTY.PC.KD,KH,1996,339.056490756239
NY.ADJ.NNTY.PC.KD,KH,1995,330.797751076293
NY.ADJ.NNTY.PC.KD,KI,2019,None
NY.ADJ.NNTY.PC.KD,KI,2018,None
NY.ADJ.NNTY.PC.KD,KI,2017,None
NY.ADJ.NNTY.PC.KD,KI,2016,None
NY.ADJ.NNTY.PC.KD,KI,2015,2894.98392651716
NY.ADJ.NNTY.PC.KD,KI,2014,None
NY.ADJ.NNTY.PC.KD,KI,2013,None
NY.ADJ.NNTY.PC.KD,KI,2012,None
NY.ADJ.NNTY.PC.KD,KI,2011,None
NY.ADJ.NNTY.PC.KD,KI,2010,None
NY.ADJ.NNTY.PC.KD,KI,2009,None
NY.ADJ.NNTY.PC.KD,KI,2008,None
NY.ADJ.NNTY.PC.KD,KI,2007,None
NY.ADJ.NNTY.PC.KD,KI,2006,None
NY.ADJ.NNTY.PC.KD,KI,2005,None
NY.ADJ.NNTY.PC.KD,KI,2004,None
NY.ADJ.NNTY.PC.KD,KI,2003,None
NY.ADJ.NNTY.PC.KD,KI,2002,None
NY.ADJ.NNTY.PC.KD,KI,2001,None
NY.ADJ.NNTY.PC.KD,KI,2000,None
NY.ADJ.NNTY.PC.KD,KI,1999,None
NY.ADJ.NNTY.PC.KD,KI,1998,None
NY.ADJ.NNTY.PC.KD,KI,1997,None
NY.ADJ.NNTY.PC.KD,KI,1996,None
NY.ADJ.NNTY.PC.KD,KI,1995,None
NY.ADJ.NNTY.PC.KD,LA,2019,None
NY.ADJ.NNTY.PC.KD,LA,2018,None
NY.ADJ.NNTY.PC.KD,LA,2017,None
NY.ADJ.NNTY.PC.KD,LA,2016,1842.93084424491
NY.ADJ.NNTY.PC.KD,LA,2015,1646.66589811959
NY.ADJ.NNTY.PC.KD,LA,2014,1570.80434013904
NY.ADJ.NNTY.PC.KD,LA,2013,1428.1246576133
NY.ADJ.NNTY.PC.KD,LA,2012,1320.34978445878
NY.ADJ.NNTY.PC.KD,LA,2011,1227.32797294968
NY.ADJ.NNTY.PC.KD,LA,2010,1072.53022392636
NY.ADJ.NNTY.PC.KD,LA,2009,1083.74620340775
NY.ADJ.NNTY.PC.KD,LA,2008,979.036250377054
NY.ADJ.NNTY.PC.KD,LA,2007,962.24819328435
NY.ADJ.NNTY.PC.KD,LA,2006,916.533988140321
NY.ADJ.NNTY.PC.KD,LA,2005,848.03410956787
NY.ADJ.NNTY.PC.KD,LA,2004,760.859341223612
NY.ADJ.NNTY.PC.KD,LA,2003,677.1188407461
NY.ADJ.NNTY.PC.KD,LA,2002,681.875550022442
NY.ADJ.NNTY.PC.KD,LA,2001,630.754107845494
NY.ADJ.NNTY.PC.KD,LA,2000,546.677410184744
NY.ADJ.NNTY.PC.KD,LA,1999,None
NY.ADJ.NNTY.PC.KD,LA,1998,None
NY.ADJ.NNTY.PC.KD,LA,1997,None
NY.ADJ.NNTY.PC.KD,LA,1996,None
NY.ADJ.NNTY.PC.KD,LA,1995,None
NY.ADJ.NNTY.PC.KD,LB,2019,6681.85730040843
NY.ADJ.NNTY.PC.KD,LB,2018,6994.62305311103
NY.ADJ.NNTY.PC.KD,LB,2017,7149.94949649114
NY.ADJ.NNTY.PC.KD,LB,2016,6844.10560706758
NY.ADJ.NNTY.PC.KD,LB,2015,6331.99565441539
NY.ADJ.NNTY.PC.KD,LB,2014,5978.1926193613
NY.ADJ.NNTY.PC.KD,LB,2013,6385.68285382055
NY.ADJ.NNTY.PC.KD,LB,2012,6680.18554625214
NY.ADJ.NNTY.PC.KD,LB,2011,6495.71222648119
NY.ADJ.NNTY.PC.KD,LB,2010,7015.90897060369
NY.ADJ.NNTY.PC.KD,LB,2009,6839.9652650482
NY.ADJ.NNTY.PC.KD,LB,2008,5905.25572657902
NY.ADJ.NNTY.PC.KD,LB,2007,5696.42035664587
NY.ADJ.NNTY.PC.KD,LB,2006,5243.88750629583
NY.ADJ.NNTY.PC.KD,LB,2005,5345.54263762991
NY.ADJ.NNTY.PC.KD,LB,2004,5310.66515728263
NY.ADJ.NNTY.PC.KD,LB,2003,4361.88123244352
NY.ADJ.NNTY.PC.KD,LB,2002,5114.51733712394
NY.ADJ.NNTY.PC.KD,LB,2001,4996.5281100776
NY.ADJ.NNTY.PC.KD,LB,2000,5075.38187560066
NY.ADJ.NNTY.PC.KD,LB,1999,5059.28087952229
NY.ADJ.NNTY.PC.KD,LB,1998,4978.67709875027
NY.ADJ.NNTY.PC.KD,LB,1997,4634.75684912174
NY.ADJ.NNTY.PC.KD,LB,1996,4822.44068487901
NY.ADJ.NNTY.PC.KD,LB,1995,4435.08857860788
NY.ADJ.NNTY.PC.KD,LR,2019,None
NY.ADJ.NNTY.PC.KD,LR,2018,None
NY.ADJ.NNTY.PC.KD,LR,2017,None
NY.ADJ.NNTY.PC.KD,LR,2016,None
NY.ADJ.NNTY.PC.KD,LR,2015,382.99487230533
NY.ADJ.NNTY.PC.KD,LR,2014,None
NY.ADJ.NNTY.PC.KD,LR,2013,None
NY.ADJ.NNTY.PC.KD,LR,2012,None
NY.ADJ.NNTY.PC.KD,LR,2011,None
NY.ADJ.NNTY.PC.KD,LR,2010,None
NY.ADJ.NNTY.PC.KD,LR,2009,None
NY.ADJ.NNTY.PC.KD,LR,2008,None
NY.ADJ.NNTY.PC.KD,LR,2007,None
NY.ADJ.NNTY.PC.KD,LR,2006,None
NY.ADJ.NNTY.PC.KD,LR,2005,None
NY.ADJ.NNTY.PC.KD,LR,2004,None
NY.ADJ.NNTY.PC.KD,LR,2003,None
NY.ADJ.NNTY.PC.KD,LR,2002,None
NY.ADJ.NNTY.PC.KD,LR,2001,None
NY.ADJ.NNTY.PC.KD,LR,2000,None
NY.ADJ.NNTY.PC.KD,LR,1999,None
NY.ADJ.NNTY.PC.KD,LR,1998,None
NY.ADJ.NNTY.PC.KD,LR,1997,None
NY.ADJ.NNTY.PC.KD,LR,1996,None
NY.ADJ.NNTY.PC.KD,LR,1995,None
NY.ADJ.NNTY.PC.KD,LK,2019,4012.43572193358
NY.ADJ.NNTY.PC.KD,LK,2018,4067.40690354156
NY.ADJ.NNTY.PC.KD,LK,2017,4023.95631481576
NY.ADJ.NNTY.PC.KD,LK,2016,3808.65694849065
NY.ADJ.NNTY.PC.KD,LK,2015,3614.45717820034
NY.ADJ.NNTY.PC.KD,LK,2014,None
NY.ADJ.NNTY.PC.KD,LK,2013,None
NY.ADJ.NNTY.PC.KD,LK,2012,None
NY.ADJ.NNTY.PC.KD,LK,2011,None
NY.ADJ.NNTY.PC.KD,LK,2010,None
NY.ADJ.NNTY.PC.KD,LK,2009,None
NY.ADJ.NNTY.PC.KD,LK,2008,None
NY.ADJ.NNTY.PC.KD,LK,2007,None
NY.ADJ.NNTY.PC.KD,LK,2006,None
NY.ADJ.NNTY.PC.KD,LK,2005,None
NY.ADJ.NNTY.PC.KD,LK,2004,None
NY.ADJ.NNTY.PC.KD,LK,2003,None
NY.ADJ.NNTY.PC.KD,LK,2002,None
NY.ADJ.NNTY.PC.KD,LK,2001,None
NY.ADJ.NNTY.PC.KD,LK,2000,None
NY.ADJ.NNTY.PC.KD,LK,1999,None
NY.ADJ.NNTY.PC.KD,LK,1998,None
NY.ADJ.NNTY.PC.KD,LK,1997,None
NY.ADJ.NNTY.PC.KD,LK,1996,None
NY.ADJ.NNTY.PC.KD,LK,1995,None
NY.ADJ.NNTY.PC.KD,LS,2019,992.905957311619
NY.ADJ.NNTY.PC.KD,LS,2018,968.988284858244
NY.ADJ.NNTY.PC.KD,LS,2017,948.996557892087
NY.ADJ.NNTY.PC.KD,LS,2016,1026.49152994256
NY.ADJ.NNTY.PC.KD,LS,2015,1048.71167603936
NY.ADJ.NNTY.PC.KD,LS,2014,981.378581547434
NY.ADJ.NNTY.PC.KD,LS,2013,938.944089692332
NY.ADJ.NNTY.PC.KD,LS,2012,916.264899500639
NY.ADJ.NNTY.PC.KD,LS,2011,941.288434786292
NY.ADJ.NNTY.PC.KD,LS,2010,964.418078480314
NY.ADJ.NNTY.PC.KD,LS,2009,949.023635647614
NY.ADJ.NNTY.PC.KD,LS,2008,1072.44398000448
NY.ADJ.NNTY.PC.KD,LS,2007,1036.12429025672
NY.ADJ.NNTY.PC.KD,LS,2006,None
NY.ADJ.NNTY.PC.KD,LS,2005,None
NY.ADJ.NNTY.PC.KD,LS,2004,None
NY.ADJ.NNTY.PC.KD,LS,2003,None
NY.ADJ.NNTY.PC.KD,LS,2002,None
NY.ADJ.NNTY.PC.KD,LS,2001,None
NY.ADJ.NNTY.PC.KD,LS,2000,None
NY.ADJ.NNTY.PC.KD,LS,1999,None
NY.ADJ.NNTY.PC.KD,LS,1998,None
NY.ADJ.NNTY.PC.KD,LS,1997,None
NY.ADJ.NNTY.PC.KD,LS,1996,None
NY.ADJ.NNTY.PC.KD,LS,1995,None
NY.ADJ.NNTY.PC.KD,MA,2019,3002.11254882813
NY.ADJ.NNTY.PC.KD,MA,2018,2928.49243164063
NY.ADJ.NNTY.PC.KD,MA,2017,2875.98413085938
NY.ADJ.NNTY.PC.KD,MA,2016,2801.76147460938
NY.ADJ.NNTY.PC.KD,MA,2015,2790.25073242188
NY.ADJ.NNTY.PC.KD,MA,2014,2622.43701171875
NY.ADJ.NNTY.PC.KD,MA,2013,2580.49926757813
NY.ADJ.NNTY.PC.KD,MA,2012,2478.69921875
NY.ADJ.NNTY.PC.KD,MA,2011,2437.73291015625
NY.ADJ.NNTY.PC.KD,MA,2010,2396.07592773438
NY.ADJ.NNTY.PC.KD,MA,2009,2395.00439453125
NY.ADJ.NNTY.PC.KD,MA,2008,2325.22412109375
NY.ADJ.NNTY.PC.KD,MA,2007,2207.88916015625
NY.ADJ.NNTY.PC.KD,MA,2006,2158.42700195313
NY.ADJ.NNTY.PC.KD,MA,2005,2055.8408203125
NY.ADJ.NNTY.PC.KD,MA,2004,2029.18078613281
NY.ADJ.NNTY.PC.KD,MA,2003,1979.45129394531
NY.ADJ.NNTY.PC.KD,MA,2002,1860.90576171875
NY.ADJ.NNTY.PC.KD,MA,2001,1813.13684082031
NY.ADJ.NNTY.PC.KD,MA,2000,1725.24621582031
NY.ADJ.NNTY.PC.KD,MA,1999,1747.64819335938
NY.ADJ.NNTY.PC.KD,MA,1998,1737.47290039063
NY.ADJ.NNTY.PC.KD,MA,1997,1647.61572265625
NY.ADJ.NNTY.PC.KD,MA,1996,1694.45068359375
NY.ADJ.NNTY.PC.KD,MA,1995,1536.51000976563
NY.ADJ.NNTY.PC.KD,MG,2019,402.238630845639
NY.ADJ.NNTY.PC.KD,MG,2018,406.135287437003
NY.ADJ.NNTY.PC.KD,MG,2017,381.879984001283
NY.ADJ.NNTY.PC.KD,MG,2016,381.493558776614
NY.ADJ.NNTY.PC.KD,MG,2015,363.275581347618
NY.ADJ.NNTY.PC.KD,MG,2014,356.001371954155
NY.ADJ.NNTY.PC.KD,MG,2013,357.726402420005
NY.ADJ.NNTY.PC.KD,MG,2012,352.098211727345
NY.ADJ.NNTY.PC.KD,MG,2011,357.192123569548
NY.ADJ.NNTY.PC.KD,MG,2010,352.873436752679
NY.ADJ.NNTY.PC.KD,MG,2009,348.802152221127
NY.ADJ.NNTY.PC.KD,MG,2008,405.84525620592
NY.ADJ.NNTY.PC.KD,MG,2007,384.725887878902
NY.ADJ.NNTY.PC.KD,MG,2006,381.293311298327
NY.ADJ.NNTY.PC.KD,MG,2005,372.277995413981
NY.ADJ.NNTY.PC.KD,MG,2004,379.799363769217
NY.ADJ.NNTY.PC.KD,MG,2003,383.22076658614
NY.ADJ.NNTY.PC.KD,MG,2002,341.803405272875
NY.ADJ.NNTY.PC.KD,MG,2001,411.902516501091
NY.ADJ.NNTY.PC.KD,MG,2000,380.570289365588
NY.ADJ.NNTY.PC.KD,MG,1999,371.239091133197
NY.ADJ.NNTY.PC.KD,MG,1998,360.589521298527
NY.ADJ.NNTY.PC.KD,MG,1997,348.365552850858
NY.ADJ.NNTY.PC.KD,MG,1996,347.54584773853
NY.ADJ.NNTY.PC.KD,MG,1995,338.516417580377
NY.ADJ.NNTY.PC.KD,ML,2019,619.869396225564
NY.ADJ.NNTY.PC.KD,ML,2018,621.460329958938
NY.ADJ.NNTY.PC.KD,ML,2017,628.495297186487
NY.ADJ.NNTY.PC.KD,ML,2016,644.964168835402
NY.ADJ.NNTY.PC.KD,ML,2015,620.000210456069
NY.ADJ.NNTY.PC.KD,ML,2014,592.836399765881
NY.ADJ.NNTY.PC.KD,ML,2013,550.220008944584
NY.ADJ.NNTY.PC.KD,ML,2012,559.334421965194
NY.ADJ.NNTY.PC.KD,ML,2011,593.956875022731
NY.ADJ.NNTY.PC.KD,ML,2010,578.958571710666
NY.ADJ.NNTY.PC.KD,ML,2009,552.529235736151
NY.ADJ.NNTY.PC.KD,ML,2008,527.671961604497
NY.ADJ.NNTY.PC.KD,ML,2007,509.806545579381
NY.ADJ.NNTY.PC.KD,ML,2006,518.842323171714
NY.ADJ.NNTY.PC.KD,ML,2005,510.936697657333
NY.ADJ.NNTY.PC.KD,ML,2004,500.056845648066
NY.ADJ.NNTY.PC.KD,ML,2003,508.046094611289
NY.ADJ.NNTY.PC.KD,ML,2002,454.183842469023
NY.ADJ.NNTY.PC.KD,ML,2001,481.815995951234
NY.ADJ.NNTY.PC.KD,ML,2000,447.049391911638
NY.ADJ.NNTY.PC.KD,ML,1999,474.271728416604
NY.ADJ.NNTY.PC.KD,ML,1998,468.825153094235
NY.ADJ.NNTY.PC.KD,ML,1997,426.82301795375
NY.ADJ.NNTY.PC.KD,ML,1996,419.520294553599
NY.ADJ.NNTY.PC.KD,ML,1995,398.394323722235
NY.ADJ.NNTY.PC.KD,MM,2019,None
NY.ADJ.NNTY.PC.KD,MM,2018,None
NY.ADJ.NNTY.PC.KD,MM,2017,None
NY.ADJ.NNTY.PC.KD,MM,2016,None
NY.ADJ.NNTY.PC.KD,MM,2015,1062.99418110719
NY.ADJ.NNTY.PC.KD,MM,2014,None
NY.ADJ.NNTY.PC.KD,MM,2013,None
NY.ADJ.NNTY.PC.KD,MM,2012,None
NY.ADJ.NNTY.PC.KD,MM,2011,None
NY.ADJ.NNTY.PC.KD,MM,2010,None
NY.ADJ.NNTY.PC.KD,MM,2009,None
NY.ADJ.NNTY.PC.KD,MM,2008,None
NY.ADJ.NNTY.PC.KD,MM,2007,None
NY.ADJ.NNTY.PC.KD,MM,2006,None
NY.ADJ.NNTY.PC.KD,MM,2005,None
NY.ADJ.NNTY.PC.KD,MM,2004,None
NY.ADJ.NNTY.PC.KD,MM,2003,None
NY.ADJ.NNTY.PC.KD,MM,2002,None
NY.ADJ.NNTY.PC.KD,MM,2001,None
NY.ADJ.NNTY.PC.KD,MM,2000,None
NY.ADJ.NNTY.PC.KD,MM,1999,None
NY.ADJ.NNTY.PC.KD,MM,1998,None
NY.ADJ.NNTY.PC.KD,MM,1997,None
NY.ADJ.NNTY.PC.KD,MM,1996,None
NY.ADJ.NNTY.PC.KD,MM,1995,None
NY.ADJ.NNTY.PC.KD,MZ,2019,455.680281325926
NY.ADJ.NNTY.PC.KD,MZ,2018,489.140358489429
NY.ADJ.NNTY.PC.KD,MZ,2017,480.835388510789
NY.ADJ.NNTY.PC.KD,MZ,2016,473.305815346433
NY.ADJ.NNTY.PC.KD,MZ,2015,473.690389727703
NY.ADJ.NNTY.PC.KD,MZ,2014,457.176935086349
NY.ADJ.NNTY.PC.KD,MZ,2013,451.121546207037
NY.ADJ.NNTY.PC.KD,MZ,2012,440.380392006315
NY.ADJ.NNTY.PC.KD,MZ,2011,405.836005402338
NY.ADJ.NNTY.PC.KD,MZ,2010,390.323647683149
NY.ADJ.NNTY.PC.KD,MZ,2009,398.242127779624
NY.ADJ.NNTY.PC.KD,MZ,2008,379.144513751742
NY.ADJ.NNTY.PC.KD,MZ,2007,352.411957611792
NY.ADJ.NNTY.PC.KD,MZ,2006,326.869530393496
NY.ADJ.NNTY.PC.KD,MZ,2005,313.27407836571
NY.ADJ.NNTY.PC.KD,MZ,2004,292.75481591099
NY.ADJ.NNTY.PC.KD,MZ,2003,267.533272383685
NY.ADJ.NNTY.PC.KD,MZ,2002,222.573911940244
NY.ADJ.NNTY.PC.KD,MZ,2001,222.189964142361
NY.ADJ.NNTY.PC.KD,MZ,2000,218.554557384862
NY.ADJ.NNTY.PC.KD,MZ,1999,234.293398627215
NY.ADJ.NNTY.PC.KD,MZ,1998,200.534543987025
NY.ADJ.NNTY.PC.KD,MZ,1997,184.333996297252
NY.ADJ.NNTY.PC.KD,MZ,1996,159.551532285598
NY.ADJ.NNTY.PC.KD,MZ,1995,130.220624060153
NY.ADJ.NNTY.PC.KD,MR,2019,1872.57430139522
NY.ADJ.NNTY.PC.KD,MR,2018,1739.37991878202
NY.ADJ.NNTY.PC.KD,MR,2017,1517.48125046248
NY.ADJ.NNTY.PC.KD,MR,2016,1482.87746250515
NY.ADJ.NNTY.PC.KD,MR,2015,1358.85691692915
NY.ADJ.NNTY.PC.KD,MR,2014,1338.18340356549
NY.ADJ.NNTY.PC.KD,MR,2013,1526.84431310374
NY.ADJ.NNTY.PC.KD,MR,2012,1485.98418883536
NY.ADJ.NNTY.PC.KD,MR,2011,1539.95298686442
NY.ADJ.NNTY.PC.KD,MR,2010,1384.29212655673
NY.ADJ.NNTY.PC.KD,MR,2009,1327.48316453904
NY.ADJ.NNTY.PC.KD,MR,2008,1234.00851273422
NY.ADJ.NNTY.PC.KD,MR,2007,1249.59786660178
NY.ADJ.NNTY.PC.KD,MR,2006,1301.33595301658
NY.ADJ.NNTY.PC.KD,MR,2005,1251.66859642743
NY.ADJ.NNTY.PC.KD,MR,2004,1184.01520200818
NY.ADJ.NNTY.PC.KD,MR,2003,1193.71861683685
NY.ADJ.NNTY.PC.KD,MR,2002,1080.35580066335
NY.ADJ.NNTY.PC.KD,MR,2001,1008.09410712587
NY.ADJ.NNTY.PC.KD,MR,2000,1093.90428617561
NY.ADJ.NNTY.PC.KD,MR,1999,1178.41735423138
NY.ADJ.NNTY.PC.KD,MR,1998,1158.88534542838
NY.ADJ.NNTY.PC.KD,MR,1997,1081.17301556422
NY.ADJ.NNTY.PC.KD,MR,1996,1151.06155192082
NY.ADJ.NNTY.PC.KD,MR,1995,1126.50906543495
NY.ADJ.NNTY.PC.KD,MW,2019,None
NY.ADJ.NNTY.PC.KD,MW,2018,None
NY.ADJ.NNTY.PC.KD,MW,2017,None
NY.ADJ.NNTY.PC.KD,MW,2016,None
NY.ADJ.NNTY.PC.KD,MW,2015,298.154420607399
NY.ADJ.NNTY.PC.KD,MW,2014,None
NY.ADJ.NNTY.PC.KD,MW,2013,None
NY.ADJ.NNTY.PC.KD,MW,2012,None
NY.ADJ.NNTY.PC.KD,MW,2011,None
NY.ADJ.NNTY.PC.KD,MW,2010,None
NY.ADJ.NNTY.PC.KD,MW,2009,None
NY.ADJ.NNTY.PC.KD,MW,2008,None
NY.ADJ.NNTY.PC.KD,MW,2007,None
NY.ADJ.NNTY.PC.KD,MW,2006,None
NY.ADJ.NNTY.PC.KD,MW,2005,None
NY.ADJ.NNTY.PC.KD,MW,2004,None
NY.ADJ.NNTY.PC.KD,MW,2003,None
NY.ADJ.NNTY.PC.KD,MW,2002,None
NY.ADJ.NNTY.PC.KD,MW,2001,None
NY.ADJ.NNTY.PC.KD,MW,2000,None
NY.ADJ.NNTY.PC.KD,MW,1999,None
NY.ADJ.NNTY.PC.KD,MW,1998,None
NY.ADJ.NNTY.PC.KD,MW,1997,None
NY.ADJ.NNTY.PC.KD,MW,1996,None
NY.ADJ.NNTY.PC.KD,MW,1995,None
NY.ADJ.NNTY.PC.KD,NE,2019,526.519055377967
NY.ADJ.NNTY.PC.KD,NE,2018,521.799383557537
NY.ADJ.NNTY.PC.KD,NE,2017,492.369419917833
NY.ADJ.NNTY.PC.KD,NE,2016,490.350872293975
NY.ADJ.NNTY.PC.KD,NE,2015,489.901940151306
NY.ADJ.NNTY.PC.KD,NE,2014,479.573032781534
NY.ADJ.NNTY.PC.KD,NE,2013,470.061761455343
NY.ADJ.NNTY.PC.KD,NE,2012,468.52497143694
NY.ADJ.NNTY.PC.KD,NE,2011,451.585769823531
NY.ADJ.NNTY.PC.KD,NE,2010,454.935981156484
NY.ADJ.NNTY.PC.KD,NE,2009,435.614470666741
NY.ADJ.NNTY.PC.KD,NE,2008,446.050253179896
NY.ADJ.NNTY.PC.KD,NE,2007,428.31699748679
NY.ADJ.NNTY.PC.KD,NE,2006,434.023673929322
NY.ADJ.NNTY.PC.KD,NE,2005,430.780913483683
NY.ADJ.NNTY.PC.KD,NE,2004,416.065866936367
NY.ADJ.NNTY.PC.KD,NE,2003,424.403065803882
NY.ADJ.NNTY.PC.KD,NE,2002,431.25970658717
NY.ADJ.NNTY.PC.KD,NE,2001,423.176064635047
NY.ADJ.NNTY.PC.KD,NE,2000,397.761085079727
NY.ADJ.NNTY.PC.KD,NE,1999,417.382070540875
NY.ADJ.NNTY.PC.KD,NE,1998,428.559904818657
NY.ADJ.NNTY.PC.KD,NE,1997,390.86586929778
NY.ADJ.NNTY.PC.KD,NE,1996,396.563229947337
NY.ADJ.NNTY.PC.KD,NE,1995,419.104867532217
NY.ADJ.NNTY.PC.KD,NG,2019,None
NY.ADJ.NNTY.PC.KD,NG,2018,None
NY.ADJ.NNTY.PC.KD,NG,2017,None
NY.ADJ.NNTY.PC.KD,NG,2016,None
NY.ADJ.NNTY.PC.KD,NG,2015,2322.32484951278
NY.ADJ.NNTY.PC.KD,NG,2014,None
NY.ADJ.NNTY.PC.KD,NG,2013,None
NY.ADJ.NNTY.PC.KD,NG,2012,None
NY.ADJ.NNTY.PC.KD,NG,2011,None
NY.ADJ.NNTY.PC.KD,NG,2010,None
NY.ADJ.NNTY.PC.KD,NG,2009,None
NY.ADJ.NNTY.PC.KD,NG,2008,None
NY.ADJ.NNTY.PC.KD,NG,2007,None
NY.ADJ.NNTY.PC.KD,NG,2006,None
NY.ADJ.NNTY.PC.KD,NG,2005,None
NY.ADJ.NNTY.PC.KD,NG,2004,None
NY.ADJ.NNTY.PC.KD,NG,2003,None
NY.ADJ.NNTY.PC.KD,NG,2002,None
NY.ADJ.NNTY.PC.KD,NG,2001,None
NY.ADJ.NNTY.PC.KD,NG,2000,None
NY.ADJ.NNTY.PC.KD,NG,1999,None
NY.ADJ.NNTY.PC.KD,NG,1998,None
NY.ADJ.NNTY.PC.KD,NG,1997,None
NY.ADJ.NNTY.PC.KD,NG,1996,None
NY.ADJ.NNTY.PC.KD,NG,1995,None
NY.ADJ.NNTY.PC.KD,NI,2019,1703.99603831287
NY.ADJ.NNTY.PC.KD,NI,2018,1749.76460187841
NY.ADJ.NNTY.PC.KD,NI,2017,1883.78672566186
NY.ADJ.NNTY.PC.KD,NI,2016,1835.46551884527
NY.ADJ.NNTY.PC.KD,NI,2015,1774.07898220904
NY.ADJ.NNTY.PC.KD,NI,2014,1646.19358184868
NY.ADJ.NNTY.PC.KD,NI,2013,1533.34468455951
NY.ADJ.NNTY.PC.KD,NI,2012,1513.30410228946
NY.ADJ.NNTY.PC.KD,NI,2011,1467.64341213788
NY.ADJ.NNTY.PC.KD,NI,2010,1417.223171969
NY.ADJ.NNTY.PC.KD,NI,2009,1399.00678543747
NY.ADJ.NNTY.PC.KD,NI,2008,1424.44584718826
NY.ADJ.NNTY.PC.KD,NI,2007,1378.13368342696
NY.ADJ.NNTY.PC.KD,NI,2006,1319.22848076554
NY.ADJ.NNTY.PC.KD,NI,2005,1345.39843392278
NY.ADJ.NNTY.PC.KD,NI,2004,1295.53228958162
NY.ADJ.NNTY.PC.KD,NI,2003,1259.71813716749
NY.ADJ.NNTY.PC.KD,NI,2002,1260.76197777731
NY.ADJ.NNTY.PC.KD,NI,2001,1256.31647338032
NY.ADJ.NNTY.PC.KD,NI,2000,1267.78215224029
NY.ADJ.NNTY.PC.KD,NI,1999,1250.81835783844
NY.ADJ.NNTY.PC.KD,NI,1998,1221.92896302964
NY.ADJ.NNTY.PC.KD,NI,1997,1149.11823526571
NY.ADJ.NNTY.PC.KD,NI,1996,1107.10846492036
NY.ADJ.NNTY.PC.KD,NI,1995,1063.27272094095
NY.ADJ.NNTY.PC.KD,NP,2019,1061.51752826921
NY.ADJ.NNTY.PC.KD,NP,2018,994.570979553222
NY.ADJ.NNTY.PC.KD,NP,2017,941.133351971541
NY.ADJ.NNTY.PC.KD,NP,2016,814.604513207444
NY.ADJ.NNTY.PC.KD,NP,2015,838.455539190498
NY.ADJ.NNTY.PC.KD,NP,2014,834.883734970855
NY.ADJ.NNTY.PC.KD,NP,2013,779.82024351649
NY.ADJ.NNTY.PC.KD,NP,2012,766.449881955617
NY.ADJ.NNTY.PC.KD,NP,2011,733.437325069752
NY.ADJ.NNTY.PC.KD,NP,2010,694.42406703754
NY.ADJ.NNTY.PC.KD,NP,2009,656.467714645893
NY.ADJ.NNTY.PC.KD,NP,2008,626.564039132219
NY.ADJ.NNTY.PC.KD,NP,2007,603.574627286751
NY.ADJ.NNTY.PC.KD,NP,2006,590.723317687246
NY.ADJ.NNTY.PC.KD,NP,2005,581.778663108727
NY.ADJ.NNTY.PC.KD,NP,2004,568.97264911239
NY.ADJ.NNTY.PC.KD,NP,2003,560.322762483721
NY.ADJ.NNTY.PC.KD,NP,2002,551.779054804756
NY.ADJ.NNTY.PC.KD,NP,2001,555.617249973562
NY.ADJ.NNTY.PC.KD,NP,2000,None
NY.ADJ.NNTY.PC.KD,NP,1999,None
NY.ADJ.NNTY.PC.KD,NP,1998,None
NY.ADJ.NNTY.PC.KD,NP,1997,None
NY.ADJ.NNTY.PC.KD,NP,1996,None
NY.ADJ.NNTY.PC.KD,NP,1995,None
NY.ADJ.NNTY.PC.KD,PK,2019,1546.5705044776
NY.ADJ.NNTY.PC.KD,PK,2018,1529.3625412154
NY.ADJ.NNTY.PC.KD,PK,2017,1468.1458327504
NY.ADJ.NNTY.PC.KD,PK,2016,1415.98401267863
NY.ADJ.NNTY.PC.KD,PK,2015,1194.18824240257
NY.ADJ.NNTY.PC.KD,PK,2014,1148.10952994602
NY.ADJ.NNTY.PC.KD,PK,2013,1103.82273167391
NY.ADJ.NNTY.PC.KD,PK,2012,1075.15212617181
NY.ADJ.NNTY.PC.KD,PK,2011,1112.73260741564
NY.ADJ.NNTY.PC.KD,PK,2010,1062.59119627389
NY.ADJ.NNTY.PC.KD,PK,2009,1052.04287504199
NY.ADJ.NNTY.PC.KD,PK,2008,967.757005005856
NY.ADJ.NNTY.PC.KD,PK,2007,970.72598884902
NY.ADJ.NNTY.PC.KD,PK,2006,972.45577021968
NY.ADJ.NNTY.PC.KD,PK,2005,928.562763669409
NY.ADJ.NNTY.PC.KD,PK,2004,874.791576601735
NY.ADJ.NNTY.PC.KD,PK,2003,831.668024083023
NY.ADJ.NNTY.PC.KD,PK,2002,803.705794871463
NY.ADJ.NNTY.PC.KD,PK,2001,808.017407329103
NY.ADJ.NNTY.PC.KD,PK,2000,817.021152750717
NY.ADJ.NNTY.PC.KD,PK,1999,1014.07009236971
NY.ADJ.NNTY.PC.KD,PK,1998,1007.32966180427
NY.ADJ.NNTY.PC.KD,PK,1997,981.163841647057
NY.ADJ.NNTY.PC.KD,PK,1996,1003.74378823703
NY.ADJ.NNTY.PC.KD,PK,1995,990.196197749934
NY.ADJ.NNTY.PC.KD,PH,2019,3479.87740625308
NY.ADJ.NNTY.PC.KD,PH,2018,3403.11979969148
NY.ADJ.NNTY.PC.KD,PH,2017,3306.90490439777
NY.ADJ.NNTY.PC.KD,PH,2016,3161.76913715832
NY.ADJ.NNTY.PC.KD,PH,2015,3023.2607470722
NY.ADJ.NNTY.PC.KD,PH,2014,2874.38566154605
NY.ADJ.NNTY.PC.KD,PH,2013,2750.01683525608
NY.ADJ.NNTY.PC.KD,PH,2012,2580.26851818795
NY.ADJ.NNTY.PC.KD,PH,2011,2409.2138526397
NY.ADJ.NNTY.PC.KD,PH,2010,2429.418106784
NY.ADJ.NNTY.PC.KD,PH,2009,2315.06602125113
NY.ADJ.NNTY.PC.KD,PH,2008,2239.41150402197
NY.ADJ.NNTY.PC.KD,PH,2007,2165.34520398621
NY.ADJ.NNTY.PC.KD,PH,2006,2107.40731611707
NY.ADJ.NNTY.PC.KD,PH,2005,2049.91922938522
NY.ADJ.NNTY.PC.KD,PH,2004,1988.60688462678
NY.ADJ.NNTY.PC.KD,PH,2003,1984.89792941324
NY.ADJ.NNTY.PC.KD,PH,2002,1933.34485302421
NY.ADJ.NNTY.PC.KD,PH,2001,1916.31020256319
NY.ADJ.NNTY.PC.KD,PH,2000,1929.9849223708
NY.ADJ.NNTY.PC.KD,PH,1999,1932.8299157452
NY.ADJ.NNTY.PC.KD,PH,1998,1896.27543087594
NY.ADJ.NNTY.PC.KD,PH,1997,1753.65444452441
NY.ADJ.NNTY.PC.KD,PH,1996,1693.96105376026
NY.ADJ.NNTY.PC.KD,PH,1995,1650.72890393297
NY.ADJ.NNTY.PC.KD,PG,2019,None
NY.ADJ.NNTY.PC.KD,PG,2018,None
NY.ADJ.NNTY.PC.KD,PG,2017,None
NY.ADJ.NNTY.PC.KD,PG,2016,None
NY.ADJ.NNTY.PC.KD,PG,2015,2020.18673671112
NY.ADJ.NNTY.PC.KD,PG,2014,None
NY.ADJ.NNTY.PC.KD,PG,2013,None
NY.ADJ.NNTY.PC.KD,PG,2012,None
NY.ADJ.NNTY.PC.KD,PG,2011,None
NY.ADJ.NNTY.PC.KD,PG,2010,None
NY.ADJ.NNTY.PC.KD,PG,2009,None
NY.ADJ.NNTY.PC.KD,PG,2008,None
NY.ADJ.NNTY.PC.KD,PG,2007,None
NY.ADJ.NNTY.PC.KD,PG,2006,None
NY.ADJ.NNTY.PC.KD,PG,2005,None
NY.ADJ.NNTY.PC.KD,PG,2004,None
NY.ADJ.NNTY.PC.KD,PG,2003,None
NY.ADJ.NNTY.PC.KD,PG,2002,None
NY.ADJ.NNTY.PC.KD,PG,2001,None
NY.ADJ.NNTY.PC.KD,PG,2000,None
NY.ADJ.NNTY.PC.KD,PG,1999,None
NY.ADJ.NNTY.PC.KD,PG,1998,None
NY.ADJ.NNTY.PC.KD,PG,1997,None
NY.ADJ.NNTY.PC.KD,PG,1996,None
NY.ADJ.NNTY.PC.KD,PG,1995,None
NY.ADJ.NNTY.PC.KD,KP,2019,None
NY.ADJ.NNTY.PC.KD,KP,2018,None
NY.ADJ.NNTY.PC.KD,KP,2017,None
NY.ADJ.NNTY.PC.KD,KP,2016,None
NY.ADJ.NNTY.PC.KD,KP,2015,None
NY.ADJ.NNTY.PC.KD,KP,2014,None
NY.ADJ.NNTY.PC.KD,KP,2013,None
NY.ADJ.NNTY.PC.KD,KP,2012,None
NY.ADJ.NNTY.PC.KD,KP,2011,None
NY.ADJ.NNTY.PC.KD,KP,2010,None
NY.ADJ.NNTY.PC.KD,KP,2009,None
NY.ADJ.NNTY.PC.KD,KP,2008,None
NY.ADJ.NNTY.PC.KD,KP,2007,None
NY.ADJ.NNTY.PC.KD,KP,2006,None
NY.ADJ.NNTY.PC.KD,KP,2005,None
NY.ADJ.NNTY.PC.KD,KP,2004,None
NY.ADJ.NNTY.PC.KD,KP,2003,None
NY.ADJ.NNTY.PC.KD,KP,2002,None
NY.ADJ.NNTY.PC.KD,KP,2001,None
NY.ADJ.NNTY.PC.KD,KP,2000,None
NY.ADJ.NNTY.PC.KD,KP,1999,None
NY.ADJ.NNTY.PC.KD,KP,1998,None
NY.ADJ.NNTY.PC.KD,KP,1997,None
NY.ADJ.NNTY.PC.KD,KP,1996,None
NY.ADJ.NNTY.PC.KD,KP,1995,None
NY.ADJ.NNTY.PC.KD,PS,2019,None
NY.ADJ.NNTY.PC.KD,PS,2018,None
NY.ADJ.NNTY.PC.KD,PS,2017,None
NY.ADJ.NNTY.PC.KD,PS,2016,None
NY.ADJ.NNTY.PC.KD,PS,2015,None
NY.ADJ.NNTY.PC.KD,PS,2014,None
NY.ADJ.NNTY.PC.KD,PS,2013,None
NY.ADJ.NNTY.PC.KD,PS,2012,None
NY.ADJ.NNTY.PC.KD,PS,2011,None
NY.ADJ.NNTY.PC.KD,PS,2010,None
NY.ADJ.NNTY.PC.KD,PS,2009,None
NY.ADJ.NNTY.PC.KD,PS,2008,None
NY.ADJ.NNTY.PC.KD,PS,2007,None
NY.ADJ.NNTY.PC.KD,PS,2006,None
NY.ADJ.NNTY.PC.KD,PS,2005,None
NY.ADJ.NNTY.PC.KD,PS,2004,None
NY.ADJ.NNTY.PC.KD,PS,2003,None
NY.ADJ.NNTY.PC.KD,PS,2002,None
NY.ADJ.NNTY.PC.KD,PS,2001,None
NY.ADJ.NNTY.PC.KD,PS,2000,None
NY.ADJ.NNTY.PC.KD,PS,1999,None
NY.ADJ.NNTY.PC.KD,PS,1998,None
NY.ADJ.NNTY.PC.KD,PS,1997,None
NY.ADJ.NNTY.PC.KD,PS,1996,None
NY.ADJ.NNTY.PC.KD,PS,1995,None
NY.ADJ.NNTY.PC.KD,RW,2019,699.006275894661
NY.ADJ.NNTY.PC.KD,RW,2018,650.442500978266
NY.ADJ.NNTY.PC.KD,RW,2017,615.151961023913
NY.ADJ.NNTY.PC.KD,RW,2016,610.52371269875
NY.ADJ.NNTY.PC.KD,RW,2015,596.9906779161
NY.ADJ.NNTY.PC.KD,RW,2014,548.7064449677
NY.ADJ.NNTY.PC.KD,RW,2013,525.778351586454
NY.ADJ.NNTY.PC.KD,RW,2012,515.768188261954
NY.ADJ.NNTY.PC.KD,RW,2011,490.728295476598
NY.ADJ.NNTY.PC.KD,RW,2010,460.065056985388
NY.ADJ.NNTY.PC.KD,RW,2009,441.551962670143
NY.ADJ.NNTY.PC.KD,RW,2008,417.898042382263
NY.ADJ.NNTY.PC.KD,RW,2007,424.270565399867
NY.ADJ.NNTY.PC.KD,RW,2006,405.605359185093
NY.ADJ.NNTY.PC.KD,RW,2005,363.675349234921
NY.ADJ.NNTY.PC.KD,RW,2004,334.955082687584
NY.ADJ.NNTY.PC.KD,RW,2003,308.728091496209
NY.ADJ.NNTY.PC.KD,RW,2002,328.327143541849
NY.ADJ.NNTY.PC.KD,RW,2001,298.903964462273
NY.ADJ.NNTY.PC.KD,RW,2000,287.169855980597
NY.ADJ.NNTY.PC.KD,RW,1999,257.338262664746
NY.ADJ.NNTY.PC.KD,RW,1998,204.934577221587
NY.ADJ.NNTY.PC.KD,RW,1997,195.714534107722
NY.ADJ.NNTY.PC.KD,RW,1996,181.634949893209
NY.ADJ.NNTY.PC.KD,RW,1995,195.625797045133
NY.ADJ.NNTY.PC.KD,SD,2019,None
NY.ADJ.NNTY.PC.KD,SD,2018,None
NY.ADJ.NNTY.PC.KD,SD,2017,None
NY.ADJ.NNTY.PC.KD,SD,2016,None
NY.ADJ.NNTY.PC.KD,SD,2015,1992.76135253906
NY.ADJ.NNTY.PC.KD,SD,2014,None
NY.ADJ.NNTY.PC.KD,SD,2013,None
NY.ADJ.NNTY.PC.KD,SD,2012,None
NY.ADJ.NNTY.PC.KD,SD,2011,None
NY.ADJ.NNTY.PC.KD,SD,2010,None
NY.ADJ.NNTY.PC.KD,SD,2009,None
NY.ADJ.NNTY.PC.KD,SD,2008,None
NY.ADJ.NNTY.PC.KD,SD,2007,None
NY.ADJ.NNTY.PC.KD,SD,2006,None
NY.ADJ.NNTY.PC.KD,SD,2005,None
NY.ADJ.NNTY.PC.KD,SD,2004,None
NY.ADJ.NNTY.PC.KD,SD,2003,None
NY.ADJ.NNTY.PC.KD,SD,2002,None
NY.ADJ.NNTY.PC.KD,SD,2001,None
NY.ADJ.NNTY.PC.KD,SD,2000,None
NY.ADJ.NNTY.PC.KD,SD,1999,None
NY.ADJ.NNTY.PC.KD,SD,1998,None
NY.ADJ.NNTY.PC.KD,SD,1997,None
NY.ADJ.NNTY.PC.KD,SD,1996,None
NY.ADJ.NNTY.PC.KD,SD,1995,None
NY.ADJ.NNTY.PC.KD,SN,2019,1238.6373085558
NY.ADJ.NNTY.PC.KD,SN,2018,1221.4436520243
NY.ADJ.NNTY.PC.KD,SN,2017,1200.19781654824
NY.ADJ.NNTY.PC.KD,SN,2016,1137.70433794911
NY.ADJ.NNTY.PC.KD,SN,2015,1079.8893891051
NY.ADJ.NNTY.PC.KD,SN,2014,1023.92001877082
NY.ADJ.NNTY.PC.KD,SN,2013,963.44715183471
NY.ADJ.NNTY.PC.KD,SN,2012,933.351668216157
NY.ADJ.NNTY.PC.KD,SN,2011,949.577684592249
NY.ADJ.NNTY.PC.KD,SN,2010,991.710751626941
NY.ADJ.NNTY.PC.KD,SN,2009,977.981367775812
NY.ADJ.NNTY.PC.KD,SN,2008,931.776651340963
NY.ADJ.NNTY.PC.KD,SN,2007,957.280475603881
NY.ADJ.NNTY.PC.KD,SN,2006,947.809568260416
NY.ADJ.NNTY.PC.KD,SN,2005,948.222160366484
NY.ADJ.NNTY.PC.KD,SN,2004,914.813799856077
NY.ADJ.NNTY.PC.KD,SN,2003,922.420679091607
NY.ADJ.NNTY.PC.KD,SN,2002,867.728950900602
NY.ADJ.NNTY.PC.KD,SN,2001,915.261303958124
NY.ADJ.NNTY.PC.KD,SN,2000,848.007272149613
NY.ADJ.NNTY.PC.KD,SN,1999,865.53416288889
NY.ADJ.NNTY.PC.KD,SN,1998,785.752411615787
NY.ADJ.NNTY.PC.KD,SN,1997,776.493771271261
NY.ADJ.NNTY.PC.KD,SN,1996,746.118381599102
NY.ADJ.NNTY.PC.KD,SN,1995,755.837539607353
NY.ADJ.NNTY.PC.KD,SB,2019,2122.64770197339
NY.ADJ.NNTY.PC.KD,SB,2018,2126.44978835124
NY.ADJ.NNTY.PC.KD,SB,2017,1963.25205093522
NY.ADJ.NNTY.PC.KD,SB,2016,1919.99175243897
NY.ADJ.NNTY.PC.KD,SB,2015,1922.83217017705
NY.ADJ.NNTY.PC.KD,SB,2014,1904.38378790475
NY.ADJ.NNTY.PC.KD,SB,2013,1934.07729169333
NY.ADJ.NNTY.PC.KD,SB,2012,1761.23897100595
NY.ADJ.NNTY.PC.KD,SB,2011,1806.52082325398
NY.ADJ.NNTY.PC.KD,SB,2010,1976.1036794451
NY.ADJ.NNTY.PC.KD,SB,2009,1758.86650582779
NY.ADJ.NNTY.PC.KD,SB,2008,1802.70099792205
NY.ADJ.NNTY.PC.KD,SB,2007,1899.42937284852
NY.ADJ.NNTY.PC.KD,SB,2006,1865.50550334077
NY.ADJ.NNTY.PC.KD,SB,2005,1839.83755330834
NY.ADJ.NNTY.PC.KD,SB,2004,1601.84111094651
NY.ADJ.NNTY.PC.KD,SB,2003,1533.31179512775
NY.ADJ.NNTY.PC.KD,SB,2002,1423.12584157581
NY.ADJ.NNTY.PC.KD,SB,2001,1389.0839361011
NY.ADJ.NNTY.PC.KD,SB,2000,1680.32982412807
NY.ADJ.NNTY.PC.KD,SB,1999,2101.78367904556
NY.ADJ.NNTY.PC.KD,SB,1998,2136.99225042848
NY.ADJ.NNTY.PC.KD,SB,1997,2573.07768589638
NY.ADJ.NNTY.PC.KD,SB,1996,2553.80149851685
NY.ADJ.NNTY.PC.KD,SB,1995,3259.25745612196
NY.ADJ.NNTY.PC.KD,SL,2019,591.44611119201
NY.ADJ.NNTY.PC.KD,SL,2018,547.239257227061
NY.ADJ.NNTY.PC.KD,SL,2017,523.692520953123
NY.ADJ.NNTY.PC.KD,SL,2016,435.569547612526
NY.ADJ.NNTY.PC.KD,SL,2015,488.239307698959
NY.ADJ.NNTY.PC.KD,SL,2014,543.069279023744
NY.ADJ.NNTY.PC.KD,SL,2013,621.244329344329
NY.ADJ.NNTY.PC.KD,SL,2012,609.989436789223
NY.ADJ.NNTY.PC.KD,SL,2011,486.254695843556
NY.ADJ.NNTY.PC.KD,SL,2010,468.925887480122
NY.ADJ.NNTY.PC.KD,SL,2009,480.810979970361
NY.ADJ.NNTY.PC.KD,SL,2008,470.692201833888
NY.ADJ.NNTY.PC.KD,SL,2007,439.252951010875
NY.ADJ.NNTY.PC.KD,SL,2006,401.588867082707
NY.ADJ.NNTY.PC.KD,SL,2005,384.766535597017
NY.ADJ.NNTY.PC.KD,SL,2004,371.164283534979
NY.ADJ.NNTY.PC.KD,SL,2003,350.382724326146
NY.ADJ.NNTY.PC.KD,SL,2002,350.848301824563
NY.ADJ.NNTY.PC.KD,SL,2001,302.276712233379
NY.ADJ.NNTY.PC.KD,SL,2000,None
NY.ADJ.NNTY.PC.KD,SL,1999,None
NY.ADJ.NNTY.PC.KD,SL,1998,None
NY.ADJ.NNTY.PC.KD,SL,1997,None
NY.ADJ.NNTY.PC.KD,SL,1996,None
NY.ADJ.NNTY.PC.KD,SL,1995,None
NY.ADJ.NNTY.PC.KD,SO,2019,None
NY.ADJ.NNTY.PC.KD,SO,2018,None
NY.ADJ.NNTY.PC.KD,SO,2017,None
NY.ADJ.NNTY.PC.KD,SO,2016,None
NY.ADJ.NNTY.PC.KD,SO,2015,285.220437649439
NY.ADJ.NNTY.PC.KD,SO,2014,None
NY.ADJ.NNTY.PC.KD,SO,2013,None
NY.ADJ.NNTY.PC.KD,SO,2012,None
NY.ADJ.NNTY.PC.KD,SO,2011,None
NY.ADJ.NNTY.PC.KD,SO,2010,None
NY.ADJ.NNTY.PC.KD,SO,2009,None
NY.ADJ.NNTY.PC.KD,SO,2008,None
NY.ADJ.NNTY.PC.KD,SO,2007,None
NY.ADJ.NNTY.PC.KD,SO,2006,None
NY.ADJ.NNTY.PC.KD,SO,2005,None
NY.ADJ.NNTY.PC.KD,SO,2004,None
NY.ADJ.NNTY.PC.KD,SO,2003,None
NY.ADJ.NNTY.PC.KD,SO,2002,None
NY.ADJ.NNTY.PC.KD,SO,2001,None
NY.ADJ.NNTY.PC.KD,SO,2000,None
NY.ADJ.NNTY.PC.KD,SO,1999,None
NY.ADJ.NNTY.PC.KD,SO,1998,None
NY.ADJ.NNTY.PC.KD,SO,1997,None
NY.ADJ.NNTY.PC.KD,SO,1996,None
NY.ADJ.NNTY.PC.KD,SO,1995,None
NY.ADJ.NNTY.PC.KD,SS,2019,None
NY.ADJ.NNTY.PC.KD,SS,2018,None
NY.ADJ.NNTY.PC.KD,SS,2017,None
NY.ADJ.NNTY.PC.KD,SS,2016,None
NY.ADJ.NNTY.PC.KD,SS,2015,773.182466581608
NY.ADJ.NNTY.PC.KD,SS,2014,837.006629159133
NY.ADJ.NNTY.PC.KD,SS,2013,740.960737572887
NY.ADJ.NNTY.PC.KD,SS,2012,1168.98469659669
NY.ADJ.NNTY.PC.KD,SS,2011,439.241226886961
NY.ADJ.NNTY.PC.KD,SS,2010,None
NY.ADJ.NNTY.PC.KD,SS,2009,None
NY.ADJ.NNTY.PC.KD,SS,2008,None
NY.ADJ.NNTY.PC.KD,SS,2007,None
NY.ADJ.NNTY.PC.KD,SS,2006,None
NY.ADJ.NNTY.PC.KD,SS,2005,None
NY.ADJ.NNTY.PC.KD,SS,2004,None
NY.ADJ.NNTY.PC.KD,SS,2003,None
NY.ADJ.NNTY.PC.KD,SS,2002,None
NY.ADJ.NNTY.PC.KD,SS,2001,None
NY.ADJ.NNTY.PC.KD,SS,2000,None
NY.ADJ.NNTY.PC.KD,SS,1999,None
NY.ADJ.NNTY.PC.KD,SS,1998,None
NY.ADJ.NNTY.PC.KD,SS,1997,None
NY.ADJ.NNTY.PC.KD,SS,1996,None
NY.ADJ.NNTY.PC.KD,SS,1995,None
NY.ADJ.NNTY.PC.KD,ST,2019,None
NY.ADJ.NNTY.PC.KD,ST,2018,None
NY.ADJ.NNTY.PC.KD,ST,2017,None
NY.ADJ.NNTY.PC.KD,ST,2016,None
NY.ADJ.NNTY.PC.KD,ST,2015,910.158918662179
NY.ADJ.NNTY.PC.KD,ST,2014,None
NY.ADJ.NNTY.PC.KD,ST,2013,None
NY.ADJ.NNTY.PC.KD,ST,2012,None
NY.ADJ.NNTY.PC.KD,ST,2011,None
NY.ADJ.NNTY.PC.KD,ST,2010,None
NY.ADJ.NNTY.PC.KD,ST,2009,None
NY.ADJ.NNTY.PC.KD,ST,2008,None
NY.ADJ.NNTY.PC.KD,ST,2007,None
NY.ADJ.NNTY.PC.KD,ST,2006,None
NY.ADJ.NNTY.PC.KD,ST,2005,None
NY.ADJ.NNTY.PC.KD,ST,2004,None
NY.ADJ.NNTY.PC.KD,ST,2003,None
NY.ADJ.NNTY.PC.KD,ST,2002,None
NY.ADJ.NNTY.PC.KD,ST,2001,None
NY.ADJ.NNTY.PC.KD,ST,2000,None
NY.ADJ.NNTY.PC.KD,ST,1999,None
NY.ADJ.NNTY.PC.KD,ST,1998,None
NY.ADJ.NNTY.PC.KD,ST,1997,None
NY.ADJ.NNTY.PC.KD,ST,1996,None
NY.ADJ.NNTY.PC.KD,ST,1995,None
NY.ADJ.NNTY.PC.KD,SZ,2019,2685.91692873608
NY.ADJ.NNTY.PC.KD,SZ,2018,2866.13430429264
NY.ADJ.NNTY.PC.KD,SZ,2017,2637.65084259677
NY.ADJ.NNTY.PC.KD,SZ,2016,2615.37020937246
NY.ADJ.NNTY.PC.KD,SZ,2015,2601.57425406917
NY.ADJ.NNTY.PC.KD,SZ,2014,2518.84545167683
NY.ADJ.NNTY.PC.KD,SZ,2013,2459.30574297602
NY.ADJ.NNTY.PC.KD,SZ,2012,2250.7325611436
NY.ADJ.NNTY.PC.KD,SZ,2011,2178.94352914949
NY.ADJ.NNTY.PC.KD,SZ,2010,2322.9388177329
NY.ADJ.NNTY.PC.KD,SZ,2009,2425.81080339264
NY.ADJ.NNTY.PC.KD,SZ,2008,2414.61868995388
NY.ADJ.NNTY.PC.KD,SZ,2007,2645.43067484999
NY.ADJ.NNTY.PC.KD,SZ,2006,2591.67230210073
NY.ADJ.NNTY.PC.KD,SZ,2005,2641.26273813674
NY.ADJ.NNTY.PC.KD,SZ,2004,2245.00105435204
NY.ADJ.NNTY.PC.KD,SZ,2003,2148.28688239397
NY.ADJ.NNTY.PC.KD,SZ,2002,2054.98428057165
NY.ADJ.NNTY.PC.KD,SZ,2001,2206.45656322519
NY.ADJ.NNTY.PC.KD,SZ,2000,2042.79196816628
NY.ADJ.NNTY.PC.KD,SZ,1999,1846.80485373787
NY.ADJ.NNTY.PC.KD,SZ,1998,1871.49846771427
NY.ADJ.NNTY.PC.KD,SZ,1997,1963.89991150297
NY.ADJ.NNTY.PC.KD,SZ,1996,1918.94489789136
NY.ADJ.NNTY.PC.KD,SZ,1995,1922.89279534923
NY.ADJ.NNTY.PC.KD,SY,2019,None
NY.ADJ.NNTY.PC.KD,SY,2018,None
NY.ADJ.NNTY.PC.KD,SY,2017,None
NY.ADJ.NNTY.PC.KD,SY,2016,None
NY.ADJ.NNTY.PC.KD,SY,2015,737.553711311481
NY.ADJ.NNTY.PC.KD,SY,2014,None
NY.ADJ.NNTY.PC.KD,SY,2013,None
NY.ADJ.NNTY.PC.KD,SY,2012,None
NY.ADJ.NNTY.PC.KD,SY,2011,None
NY.ADJ.NNTY.PC.KD,SY,2010,None
NY.ADJ.NNTY.PC.KD,SY,2009,None
NY.ADJ.NNTY.PC.KD,SY,2008,None
NY.ADJ.NNTY.PC.KD,SY,2007,None
NY.ADJ.NNTY.PC.KD,SY,2006,None
NY.ADJ.NNTY.PC.KD,SY,2005,None
NY.ADJ.NNTY.PC.KD,SY,2004,None
NY.ADJ.NNTY.PC.KD,SY,2003,None
NY.ADJ.NNTY.PC.KD,SY,2002,None
NY.ADJ.NNTY.PC.KD,SY,2001,None
NY.ADJ.NNTY.PC.KD,SY,2000,None
NY.ADJ.NNTY.PC.KD,SY,1999,None
NY.ADJ.NNTY.PC.KD,SY,1998,None
NY.ADJ.NNTY.PC.KD,SY,1997,None
NY.ADJ.NNTY.PC.KD,SY,1996,None
NY.ADJ.NNTY.PC.KD,SY,1995,None
NY.ADJ.NNTY.PC.KD,TD,2019,478.680506046981
NY.ADJ.NNTY.PC.KD,TD,2018,481.46118651122
NY.ADJ.NNTY.PC.KD,TD,2017,457.069094952014
NY.ADJ.NNTY.PC.KD,TD,2016,531.090418115772
NY.ADJ.NNTY.PC.KD,TD,2015,598.270584412004
NY.ADJ.NNTY.PC.KD,TD,2014,698.084710548104
NY.ADJ.NNTY.PC.KD,TD,2013,656.285319017645
NY.ADJ.NNTY.PC.KD,TD,2012,642.147974101712
NY.ADJ.NNTY.PC.KD,TD,2011,581.837366924532
NY.ADJ.NNTY.PC.KD,TD,2010,625.851317662048
NY.ADJ.NNTY.PC.KD,TD,2009,581.419842493048
NY.ADJ.NNTY.PC.KD,TD,2008,424.032160824952
NY.ADJ.NNTY.PC.KD,TD,2007,435.197138450601
NY.ADJ.NNTY.PC.KD,TD,2006,None
NY.ADJ.NNTY.PC.KD,TD,2005,None
NY.ADJ.NNTY.PC.KD,TD,2004,None
NY.ADJ.NNTY.PC.KD,TD,2003,None
NY.ADJ.NNTY.PC.KD,TD,2002,None
NY.ADJ.NNTY.PC.KD,TD,2001,None
NY.ADJ.NNTY.PC.KD,TD,2000,None
NY.ADJ.NNTY.PC.KD,TD,1999,None
NY.ADJ.NNTY.PC.KD,TD,1998,None
NY.ADJ.NNTY.PC.KD,TD,1997,None
NY.ADJ.NNTY.PC.KD,TD,1996,None
NY.ADJ.NNTY.PC.KD,TD,1995,None
NY.ADJ.NNTY.PC.KD,TG,2019,777.624612247073
NY.ADJ.NNTY.PC.KD,TG,2018,740.008387684021
NY.ADJ.NNTY.PC.KD,TG,2017,694.467402386981
NY.ADJ.NNTY.PC.KD,TG,2016,678.374986499702
NY.ADJ.NNTY.PC.KD,TG,2015,489.116956288587
NY.ADJ.NNTY.PC.KD,TG,2014,442.039505398451
NY.ADJ.NNTY.PC.KD,TG,2013,413.657350652476
NY.ADJ.NNTY.PC.KD,TG,2012,369.402607806428
NY.ADJ.NNTY.PC.KD,TG,2011,401.008006461616
NY.ADJ.NNTY.PC.KD,TG,2010,391.045371736733
NY.ADJ.NNTY.PC.KD,TG,2009,382.241078697186
NY.ADJ.NNTY.PC.KD,TG,2008,352.116800236083
NY.ADJ.NNTY.PC.KD,TG,2007,339.755923226562
NY.ADJ.NNTY.PC.KD,TG,2006,360.229939831766
NY.ADJ.NNTY.PC.KD,TG,2005,351.657709056085
NY.ADJ.NNTY.PC.KD,TG,2004,386.320907313444
NY.ADJ.NNTY.PC.KD,TG,2003,397.060211292273
NY.ADJ.NNTY.PC.KD,TG,2002,394.929222766499
NY.ADJ.NNTY.PC.KD,TG,2001,384.193008562486
NY.ADJ.NNTY.PC.KD,TG,2000,393.163583635902
NY.ADJ.NNTY.PC.KD,TG,1999,415.590608859152
NY.ADJ.NNTY.PC.KD,TG,1998,407.605526144872
NY.ADJ.NNTY.PC.KD,TG,1997,391.591365715222
NY.ADJ.NNTY.PC.KD,TG,1996,375.37613639241
NY.ADJ.NNTY.PC.KD,TG,1995,297.58119902802
NY.ADJ.NNTY.PC.KD,TJ,2019,1183.0564903863
NY.ADJ.NNTY.PC.KD,TJ,2018,1165.8586611546
NY.ADJ.NNTY.PC.KD,TJ,2017,1180.20393698084
NY.ADJ.NNTY.PC.KD,TJ,2016,1071.68196772022
NY.ADJ.NNTY.PC.KD,TJ,2015,1044.26251940846
NY.ADJ.NNTY.PC.KD,TJ,2014,1053.50164554675
NY.ADJ.NNTY.PC.KD,TJ,2013,979.797941609947
NY.ADJ.NNTY.PC.KD,TJ,2012,983.870950317571
NY.ADJ.NNTY.PC.KD,TJ,2011,925.566926722064
NY.ADJ.NNTY.PC.KD,TJ,2010,936.258415032212
NY.ADJ.NNTY.PC.KD,TJ,2009,1012.4662132985
NY.ADJ.NNTY.PC.KD,TJ,2008,1014.16650786105
NY.ADJ.NNTY.PC.KD,TJ,2007,990.324146396691
NY.ADJ.NNTY.PC.KD,TJ,2006,1097.91780357419
NY.ADJ.NNTY.PC.KD,TJ,2005,899.061596150571
NY.ADJ.NNTY.PC.KD,TJ,2004,833.912933587712
NY.ADJ.NNTY.PC.KD,TJ,2003,None
NY.ADJ.NNTY.PC.KD,TJ,2002,None
NY.ADJ.NNTY.PC.KD,TJ,2001,None
NY.ADJ.NNTY.PC.KD,TJ,2000,None
NY.ADJ.NNTY.PC.KD,TJ,1999,None
NY.ADJ.NNTY.PC.KD,TJ,1998,None
NY.ADJ.NNTY.PC.KD,TJ,1997,None
NY.ADJ.NNTY.PC.KD,TJ,1996,None
NY.ADJ.NNTY.PC.KD,TJ,1995,None
NY.ADJ.NNTY.PC.KD,TL,2019,1375.99562999114
NY.ADJ.NNTY.PC.KD,TL,2018,1028.29205547061
NY.ADJ.NNTY.PC.KD,TL,2017,1254.54008547842
NY.ADJ.NNTY.PC.KD,TL,2016,1239.47556037659
NY.ADJ.NNTY.PC.KD,TL,2015,1340.49127145236
NY.ADJ.NNTY.PC.KD,TL,2014,None
NY.ADJ.NNTY.PC.KD,TL,2013,None
NY.ADJ.NNTY.PC.KD,TL,2012,None
NY.ADJ.NNTY.PC.KD,TL,2011,None
NY.ADJ.NNTY.PC.KD,TL,2010,None
NY.ADJ.NNTY.PC.KD,TL,2009,None
NY.ADJ.NNTY.PC.KD,TL,2008,None
NY.ADJ.NNTY.PC.KD,TL,2007,None
NY.ADJ.NNTY.PC.KD,TL,2006,None
NY.ADJ.NNTY.PC.KD,TL,2005,None
NY.ADJ.NNTY.PC.KD,TL,2004,None
NY.ADJ.NNTY.PC.KD,TL,2003,None
NY.ADJ.NNTY.PC.KD,TL,2002,None
NY.ADJ.NNTY.PC.KD,TL,2001,None
NY.ADJ.NNTY.PC.KD,TL,2000,None
NY.ADJ.NNTY.PC.KD,TL,1999,None
NY.ADJ.NNTY.PC.KD,TL,1998,None
NY.ADJ.NNTY.PC.KD,TL,1997,None
NY.ADJ.NNTY.PC.KD,TL,1996,None
NY.ADJ.NNTY.PC.KD,TL,1995,None
NY.ADJ.NNTY.PC.KD,TN,2019,3384.00461996792
NY.ADJ.NNTY.PC.KD,TN,2018,3341.32585910192
NY.ADJ.NNTY.PC.KD,TN,2017,3304.40960872252
NY.ADJ.NNTY.PC.KD,TN,2016,3322.38240470521
NY.ADJ.NNTY.PC.KD,TN,2015,3265.94035837837
NY.ADJ.NNTY.PC.KD,TN,2014,3129.84655416203
NY.ADJ.NNTY.PC.KD,TN,2013,2950.65638927656
NY.ADJ.NNTY.PC.KD,TN,2012,2936.5995219193
NY.ADJ.NNTY.PC.KD,TN,2011,2912.28591240834
NY.ADJ.NNTY.PC.KD,TN,2010,3097.12158981431
NY.ADJ.NNTY.PC.KD,TN,2009,2168.46918713628
NY.ADJ.NNTY.PC.KD,TN,2008,2029.68393082787
NY.ADJ.NNTY.PC.KD,TN,2007,2056.10808004869
NY.ADJ.NNTY.PC.KD,TN,2006,2016.7347895004
NY.ADJ.NNTY.PC.KD,TN,2005,1949.18048545919
NY.ADJ.NNTY.PC.KD,TN,2004,1904.65946533838
NY.ADJ.NNTY.PC.KD,TN,2003,1837.45984403518
NY.ADJ.NNTY.PC.KD,TN,2002,1764.03343669423
NY.ADJ.NNTY.PC.KD,TN,2001,1749.32027879392
NY.ADJ.NNTY.PC.KD,TN,2000,1578.46563503308
NY.ADJ.NNTY.PC.KD,TN,1999,1560.41362246948
NY.ADJ.NNTY.PC.KD,TN,1998,1489.58242602812
NY.ADJ.NNTY.PC.KD,TN,1997,1427.28331667607
NY.ADJ.NNTY.PC.KD,TN,1996,1346.3762430496
NY.ADJ.NNTY.PC.KD,TN,1995,1269.41702834202
NY.ADJ.NNTY.PC.KD,TZ,2019,891.372802734375
NY.ADJ.NNTY.PC.KD,TZ,2018,871.768615722656
NY.ADJ.NNTY.PC.KD,TZ,2017,849.557189941406
NY.ADJ.NNTY.PC.KD,TZ,2016,819.088623046875
NY.ADJ.NNTY.PC.KD,TZ,2015,768.614624023438
NY.ADJ.NNTY.PC.KD,TZ,2014,701.270935058594
NY.ADJ.NNTY.PC.KD,TZ,2013,646.515869140625
NY.ADJ.NNTY.PC.KD,TZ,2012,578.128662109375
NY.ADJ.NNTY.PC.KD,TZ,2011,620.753112792969
NY.ADJ.NNTY.PC.KD,TZ,2010,620.883239746094
NY.ADJ.NNTY.PC.KD,TZ,2009,614.908264160156
NY.ADJ.NNTY.PC.KD,TZ,2008,618.251525878906
NY.ADJ.NNTY.PC.KD,TZ,2007,619.508911132813
NY.ADJ.NNTY.PC.KD,TZ,2006,615.177551269531
NY.ADJ.NNTY.PC.KD,TZ,2005,576.40478515625
NY.ADJ.NNTY.PC.KD,TZ,2004,537.276123046875
NY.ADJ.NNTY.PC.KD,TZ,2003,515.148559570313
NY.ADJ.NNTY.PC.KD,TZ,2002,504.334381103516
NY.ADJ.NNTY.PC.KD,TZ,2001,463.340911865234
NY.ADJ.NNTY.PC.KD,TZ,2000,447.737579345703
NY.ADJ.NNTY.PC.KD,TZ,1999,437.110809326172
NY.ADJ.NNTY.PC.KD,TZ,1998,418.652221679688
NY.ADJ.NNTY.PC.KD,TZ,1997,363.978240966797
NY.ADJ.NNTY.PC.KD,TZ,1996,329.571502685547
NY.ADJ.NNTY.PC.KD,TZ,1995,311.349548339844
NY.ADJ.NNTY.PC.KD,UG,2019,734.479245850738
NY.ADJ.NNTY.PC.KD,UG,2018,719.763495184309
NY.ADJ.NNTY.PC.KD,UG,2017,686.591203539091
NY.ADJ.NNTY.PC.KD,UG,2016,681.846976394326
NY.ADJ.NNTY.PC.KD,UG,2015,658.848311435681
NY.ADJ.NNTY.PC.KD,UG,2014,648.766936774734
NY.ADJ.NNTY.PC.KD,UG,2013,592.587980584743
NY.ADJ.NNTY.PC.KD,UG,2012,583.949698867875
NY.ADJ.NNTY.PC.KD,UG,2011,611.438148712201
NY.ADJ.NNTY.PC.KD,UG,2010,601.524466745102
NY.ADJ.NNTY.PC.KD,UG,2009,583.656678959969
NY.ADJ.NNTY.PC.KD,UG,2008,511.416229963028
NY.ADJ.NNTY.PC.KD,UG,2007,498.335412575764
NY.ADJ.NNTY.PC.KD,UG,2006,488.318619966105
NY.ADJ.NNTY.PC.KD,UG,2005,449.595836858557
NY.ADJ.NNTY.PC.KD,UG,2004,429.700463303595
NY.ADJ.NNTY.PC.KD,UG,2003,383.862571016224
NY.ADJ.NNTY.PC.KD,UG,2002,407.900567493453
NY.ADJ.NNTY.PC.KD,UG,2001,400.727316080723
NY.ADJ.NNTY.PC.KD,UG,2000,409.183190265168
NY.ADJ.NNTY.PC.KD,UG,1999,431.837577937728
NY.ADJ.NNTY.PC.KD,UG,1998,394.682425108721
NY.ADJ.NNTY.PC.KD,UG,1997,403.015210343714
NY.ADJ.NNTY.PC.KD,UG,1996,375.89179021608
NY.ADJ.NNTY.PC.KD,UG,1995,363.659927134798
NY.ADJ.NNTY.PC.KD,UZ,2019,None
NY.ADJ.NNTY.PC.KD,UZ,2018,None
NY.ADJ.NNTY.PC.KD,UZ,2017,None
NY.ADJ.NNTY.PC.KD,UZ,2016,None
NY.ADJ.NNTY.PC.KD,UZ,2015,2373.99408480998
NY.ADJ.NNTY.PC.KD,UZ,2014,None
NY.ADJ.NNTY.PC.KD,UZ,2013,None
NY.ADJ.NNTY.PC.KD,UZ,2012,None
NY.ADJ.NNTY.PC.KD,UZ,2011,None
NY.ADJ.NNTY.PC.KD,UZ,2010,None
NY.ADJ.NNTY.PC.KD,UZ,2009,None
NY.ADJ.NNTY.PC.KD,UZ,2008,None
NY.ADJ.NNTY.PC.KD,UZ,2007,None
NY.ADJ.NNTY.PC.KD,UZ,2006,None
NY.ADJ.NNTY.PC.KD,UZ,2005,None
NY.ADJ.NNTY.PC.KD,UZ,2004,None
NY.ADJ.NNTY.PC.KD,UZ,2003,None
NY.ADJ.NNTY.PC.KD,UZ,2002,None
NY.ADJ.NNTY.PC.KD,UZ,2001,None
NY.ADJ.NNTY.PC.KD,UZ,2000,None
NY.ADJ.NNTY.PC.KD,UZ,1999,None
NY.ADJ.NNTY.PC.KD,UZ,1998,None
NY.ADJ.NNTY.PC.KD,UZ,1997,None
NY.ADJ.NNTY.PC.KD,UZ,1996,None
NY.ADJ.NNTY.PC.KD,UZ,1995,None
NY.ADJ.NNTY.PC.KD,VN,2019,2793.11937166581
NY.ADJ.NNTY.PC.KD,VN,2018,2622.30476575121
NY.ADJ.NNTY.PC.KD,VN,2017,2411.12251835521
NY.ADJ.NNTY.PC.KD,VN,2016,2248.57545535101
NY.ADJ.NNTY.PC.KD,VN,2015,2093.61044697484
NY.ADJ.NNTY.PC.KD,VN,2014,2027.87627244166
NY.ADJ.NNTY.PC.KD,VN,2013,1899.91572391055
NY.ADJ.NNTY.PC.KD,VN,2012,1817.56387079308
NY.ADJ.NNTY.PC.KD,VN,2011,1704.67940085343
NY.ADJ.NNTY.PC.KD,VN,2010,1580.25358044042
NY.ADJ.NNTY.PC.KD,VN,2009,1353.98459055955
NY.ADJ.NNTY.PC.KD,VN,2008,1306.32016855452
NY.ADJ.NNTY.PC.KD,VN,2007,1247.11990456978
NY.ADJ.NNTY.PC.KD,VN,2006,1163.80918773709
NY.ADJ.NNTY.PC.KD,VN,2005,1101.30519824048
NY.ADJ.NNTY.PC.KD,VN,2004,1027.29686672712
NY.ADJ.NNTY.PC.KD,VN,2003,1005.28695542621
NY.ADJ.NNTY.PC.KD,VN,2002,983.292888598435
NY.ADJ.NNTY.PC.KD,VN,2001,939.938367234673
NY.ADJ.NNTY.PC.KD,VN,2000,891.597927564925
NY.ADJ.NNTY.PC.KD,VN,1999,889.243312687838
NY.ADJ.NNTY.PC.KD,VN,1998,868.470726668093
NY.ADJ.NNTY.PC.KD,VN,1997,825.500441936349
NY.ADJ.NNTY.PC.KD,VN,1996,771.2904823251
NY.ADJ.NNTY.PC.KD,VN,1995,732.061971021303
NY.ADJ.NNTY.PC.KD,VU,2019,3158.25425789419
NY.ADJ.NNTY.PC.KD,VU,2018,3002.39342951879
NY.ADJ.NNTY.PC.KD,VU,2017,2665.46967475505
NY.ADJ.NNTY.PC.KD,VU,2016,2611.74585322982
NY.ADJ.NNTY.PC.KD,VU,2015,2472.08996143638
NY.ADJ.NNTY.PC.KD,VU,2014,2433.93104176481
NY.ADJ.NNTY.PC.KD,VU,2013,2395.39683948039
NY.ADJ.NNTY.PC.KD,VU,2012,2233.06216766779
NY.ADJ.NNTY.PC.KD,VU,2011,2333.38982426895
NY.ADJ.NNTY.PC.KD,VU,2010,2264.77313856804
NY.ADJ.NNTY.PC.KD,VU,2009,2309.53156862706
NY.ADJ.NNTY.PC.KD,VU,2008,2482.32767035699
NY.ADJ.NNTY.PC.KD,VU,2007,2255.5618521107
NY.ADJ.NNTY.PC.KD,VU,2006,2241.95382157964
NY.ADJ.NNTY.PC.KD,VU,2005,2060.30365091379
NY.ADJ.NNTY.PC.KD,VU,2004,2045.72403816133
NY.ADJ.NNTY.PC.KD,VU,2003,2024.4103639461
NY.ADJ.NNTY.PC.KD,VU,2002,1999.90439411473
NY.ADJ.NNTY.PC.KD,VU,2001,None
NY.ADJ.NNTY.PC.KD,VU,2000,None
NY.ADJ.NNTY.PC.KD,VU,1999,None
NY.ADJ.NNTY.PC.KD,VU,1998,None
NY.ADJ.NNTY.PC.KD,VU,1997,None
NY.ADJ.NNTY.PC.KD,VU,1996,None
NY.ADJ.NNTY.PC.KD,VU,1995,None
NY.ADJ.NNTY.PC.KD,WS,2019,4031.38201973208
NY.ADJ.NNTY.PC.KD,WS,2018,3866.12603389839
NY.ADJ.NNTY.PC.KD,WS,2017,3903.59139172572
NY.ADJ.NNTY.PC.KD,WS,2016,3936.0820799656
NY.ADJ.NNTY.PC.KD,WS,2015,3598.85267441114
NY.ADJ.NNTY.PC.KD,WS,2014,3346.65982654729
NY.ADJ.NNTY.PC.KD,WS,2013,4383.18066404937
NY.ADJ.NNTY.PC.KD,WS,2012,3362.74415798753
NY.ADJ.NNTY.PC.KD,WS,2011,3401.58422143014
NY.ADJ.NNTY.PC.KD,WS,2010,4113.97512009904
NY.ADJ.NNTY.PC.KD,WS,2009,3333.23768570717
NY.ADJ.NNTY.PC.KD,WS,2008,None
NY.ADJ.NNTY.PC.KD,WS,2007,None
NY.ADJ.NNTY.PC.KD,WS,2006,None
NY.ADJ.NNTY.PC.KD,WS,2005,None
NY.ADJ.NNTY.PC.KD,WS,2004,None
NY.ADJ.NNTY.PC.KD,WS,2003,None
NY.ADJ.NNTY.PC.KD,WS,2002,None
NY.ADJ.NNTY.PC.KD,WS,2001,None
NY.ADJ.NNTY.PC.KD,WS,2000,None
NY.ADJ.NNTY.PC.KD,WS,1999,None
NY.ADJ.NNTY.PC.KD,WS,1998,None
NY.ADJ.NNTY.PC.KD,WS,1997,None
NY.ADJ.NNTY.PC.KD,WS,1996,None
NY.ADJ.NNTY.PC.KD,WS,1995,None
NY.ADJ.NNTY.PC.KD,YE,2019,None
NY.ADJ.NNTY.PC.KD,YE,2018,None
NY.ADJ.NNTY.PC.KD,YE,2017,None
NY.ADJ.NNTY.PC.KD,YE,2016,None
NY.ADJ.NNTY.PC.KD,YE,2015,1366.41167675759
NY.ADJ.NNTY.PC.KD,YE,2014,None
NY.ADJ.NNTY.PC.KD,YE,2013,None
NY.ADJ.NNTY.PC.KD,YE,2012,None
NY.ADJ.NNTY.PC.KD,YE,2011,None
NY.ADJ.NNTY.PC.KD,YE,2010,None
NY.ADJ.NNTY.PC.KD,YE,2009,None
NY.ADJ.NNTY.PC.KD,YE,2008,None
NY.ADJ.NNTY.PC.KD,YE,2007,None
NY.ADJ.NNTY.PC.KD,YE,2006,None
NY.ADJ.NNTY.PC.KD,YE,2005,None
NY.ADJ.NNTY.PC.KD,YE,2004,None
NY.ADJ.NNTY.PC.KD,YE,2003,None
NY.ADJ.NNTY.PC.KD,YE,2002,None
NY.ADJ.NNTY.PC.KD,YE,2001,None
NY.ADJ.NNTY.PC.KD,YE,2000,None
NY.ADJ.NNTY.PC.KD,YE,1999,None
NY.ADJ.NNTY.PC.KD,YE,1998,None
NY.ADJ.NNTY.PC.KD,YE,1997,None
NY.ADJ.NNTY.PC.KD,YE,1996,None
NY.ADJ.NNTY.PC.KD,YE,1995,None
NY.ADJ.NNTY.PC.KD,ZM,2019,None
NY.ADJ.NNTY.PC.KD,ZM,2018,None
NY.ADJ.NNTY.PC.KD,ZM,2017,None
NY.ADJ.NNTY.PC.KD,ZM,2016,None
NY.ADJ.NNTY.PC.KD,ZM,2015,1050.1291529845
NY.ADJ.NNTY.PC.KD,ZM,2014,None
NY.ADJ.NNTY.PC.KD,ZM,2013,None
NY.ADJ.NNTY.PC.KD,ZM,2012,None
NY.ADJ.NNTY.PC.KD,ZM,2011,None
NY.ADJ.NNTY.PC.KD,ZM,2010,None
NY.ADJ.NNTY.PC.KD,ZM,2009,None
NY.ADJ.NNTY.PC.KD,ZM,2008,None
NY.ADJ.NNTY.PC.KD,ZM,2007,None
NY.ADJ.NNTY.PC.KD,ZM,2006,None
NY.ADJ.NNTY.PC.KD,ZM,2005,None
NY.ADJ.NNTY.PC.KD,ZM,2004,None
NY.ADJ.NNTY.PC.KD,ZM,2003,None
NY.ADJ.NNTY.PC.KD,ZM,2002,None
NY.ADJ.NNTY.PC.KD,ZM,2001,None
NY.ADJ.NNTY.PC.KD,ZM,2000,None
NY.ADJ.NNTY.PC.KD,ZM,1999,None
NY.ADJ.NNTY.PC.KD,ZM,1998,None
NY.ADJ.NNTY.PC.KD,ZM,1997,None
NY.ADJ.NNTY.PC.KD,ZM,1996,None
NY.ADJ.NNTY.PC.KD,ZM,1995,None
