CC.PER.RNK.UPPER,AF,2023,None
CC.PER.RNK.UPPER,AF,2022,20.2830181121826
CC.PER.RNK.UPPER,AF,2021,20.9523811340332
CC.PER.RNK.UPPER,AF,2020,10.4761905670166
CC.PER.RNK.UPPER,AF,2019,11.9047622680664
CC.PER.RNK.UPPER,AF,2018,9.5238094329834
CC.PER.RNK.UPPER,AF,2017,9.5238094329834
CC.PER.RNK.UPPER,AF,2016,10
CC.PER.RNK.UPPER,AF,2015,12.8571424484253
CC.PER.RNK.UPPER,AF,2014,12.5
CC.PER.RNK.UPPER,AF,2013,9.95260620117188
CC.PER.RNK.UPPER,AF,2012,11.8483409881592
CC.PER.RNK.UPPER,AF,2011,4.26540279388428
CC.PER.RNK.UPPER,AF,2010,3.80952382087708
CC.PER.RNK.UPPER,AF,2009,7.17703342437744
CC.PER.RNK.UPPER,AF,2008,4.36893224716187
CC.PER.RNK.UPPER,AF,2007,6.7961163520813
CC.PER.RNK.UPPER,AF,2006,11.7073173522949
CC.PER.RNK.UPPER,AF,2005,13.1707315444946
CC.PER.RNK.UPPER,AF,2004,15.2709360122681
CC.PER.RNK.UPPER,AF,2003,19.0476188659668
CC.PER.RNK.UPPER,AF,2002,32.8042335510254
CC.PER.RNK.UPPER,AF,2001,None
CC.PER.RNK.UPPER,AF,2000,30.8510646820068
CC.PER.RNK.UPPER,AF,1999,None
CC.PER.RNK.UPPER,AF,1998,33.6898384094238
CC.PER.RNK.UPPER,AF,1997,None
CC.PER.RNK.UPPER,AF,1996,27.4193553924561
CC.PER.RNK.UPPER,AF,1995,None
CC.PER.RNK.UPPER,AO,2023,None
CC.PER.RNK.UPPER,AO,2022,43.3962249755859
CC.PER.RNK.UPPER,AO,2021,40.476188659668
CC.PER.RNK.UPPER,AO,2020,27.1428565979004
CC.PER.RNK.UPPER,AO,2019,24.761905670166
CC.PER.RNK.UPPER,AO,2018,16.6666660308838
CC.PER.RNK.UPPER,AO,2017,11.4285717010498
CC.PER.RNK.UPPER,AO,2016,10.4761905670166
CC.PER.RNK.UPPER,AO,2015,10.9523811340332
CC.PER.RNK.UPPER,AO,2014,9.13461494445801
CC.PER.RNK.UPPER,AO,2013,12.3222751617432
CC.PER.RNK.UPPER,AO,2012,15.1658763885498
CC.PER.RNK.UPPER,AO,2011,12.7962083816528
CC.PER.RNK.UPPER,AO,2010,14.2857141494751
CC.PER.RNK.UPPER,AO,2009,11.9617223739624
CC.PER.RNK.UPPER,AO,2008,15.5339803695679
CC.PER.RNK.UPPER,AO,2007,17.9611644744873
CC.PER.RNK.UPPER,AO,2006,18.0487804412842
CC.PER.RNK.UPPER,AO,2005,16.0975608825684
CC.PER.RNK.UPPER,AO,2004,13.3004922866821
CC.PER.RNK.UPPER,AO,2003,11.640212059021
CC.PER.RNK.UPPER,AO,2002,25.9259262084961
CC.PER.RNK.UPPER,AO,2001,None
CC.PER.RNK.UPPER,AO,2000,27.659574508667
CC.PER.RNK.UPPER,AO,1999,None
CC.PER.RNK.UPPER,AO,1998,27.2727279663086
CC.PER.RNK.UPPER,AO,1997,None
CC.PER.RNK.UPPER,AO,1996,27.4193553924561
CC.PER.RNK.UPPER,AO,1995,None
CC.PER.RNK.UPPER,BI,2023,None
CC.PER.RNK.UPPER,BI,2022,11.3207550048828
CC.PER.RNK.UPPER,BI,2021,7.61904764175415
CC.PER.RNK.UPPER,BI,2020,9.5238094329834
CC.PER.RNK.UPPER,BI,2019,10.4761905670166
CC.PER.RNK.UPPER,BI,2018,10.4761905670166
CC.PER.RNK.UPPER,BI,2017,13.8095235824585
CC.PER.RNK.UPPER,BI,2016,13.3333330154419
CC.PER.RNK.UPPER,BI,2015,14.2857141494751
CC.PER.RNK.UPPER,BI,2014,15.384614944458
CC.PER.RNK.UPPER,BI,2013,11.3744077682495
CC.PER.RNK.UPPER,BI,2012,10.4265403747559
CC.PER.RNK.UPPER,BI,2011,18.9573459625244
CC.PER.RNK.UPPER,BI,2010,20.9523811340332
CC.PER.RNK.UPPER,BI,2009,21.0526313781738
CC.PER.RNK.UPPER,BI,2008,22.3300971984863
CC.PER.RNK.UPPER,BI,2007,19.4174766540527
CC.PER.RNK.UPPER,BI,2006,22.4390239715576
CC.PER.RNK.UPPER,BI,2005,33.6585350036621
CC.PER.RNK.UPPER,BI,2004,31.0344829559326
CC.PER.RNK.UPPER,BI,2003,41.2698402404785
CC.PER.RNK.UPPER,BI,2002,50.2645492553711
CC.PER.RNK.UPPER,BI,2001,None
CC.PER.RNK.UPPER,BI,2000,46.8085098266602
CC.PER.RNK.UPPER,BI,1999,None
CC.PER.RNK.UPPER,BI,1998,50.8021392822266
CC.PER.RNK.UPPER,BI,1997,None
CC.PER.RNK.UPPER,BI,1996,52.6881713867188
CC.PER.RNK.UPPER,BI,1995,None
CC.PER.RNK.UPPER,BJ,2023,None
CC.PER.RNK.UPPER,BJ,2022,58.9622650146484
CC.PER.RNK.UPPER,BJ,2021,58.0952377319336
CC.PER.RNK.UPPER,BJ,2020,60
CC.PER.RNK.UPPER,BJ,2019,52.8571434020996
CC.PER.RNK.UPPER,BJ,2018,50.9523811340332
CC.PER.RNK.UPPER,BJ,2017,43.8095245361328
CC.PER.RNK.UPPER,BJ,2016,47.6190490722656
CC.PER.RNK.UPPER,BJ,2015,47.6190490722656
CC.PER.RNK.UPPER,BJ,2014,43.269229888916
CC.PER.RNK.UPPER,BJ,2013,39.3364944458008
CC.PER.RNK.UPPER,BJ,2012,33.1753540039063
CC.PER.RNK.UPPER,BJ,2011,45.497631072998
CC.PER.RNK.UPPER,BJ,2010,42.8571434020996
CC.PER.RNK.UPPER,BJ,2009,44.4976081848145
CC.PER.RNK.UPPER,BJ,2008,49.5145645141602
CC.PER.RNK.UPPER,BJ,2007,51.4563102722168
CC.PER.RNK.UPPER,BJ,2006,42.926830291748
CC.PER.RNK.UPPER,BJ,2005,35.1219520568848
CC.PER.RNK.UPPER,BJ,2004,50.2463035583496
CC.PER.RNK.UPPER,BJ,2003,53.9682540893555
CC.PER.RNK.UPPER,BJ,2002,49.7354507446289
CC.PER.RNK.UPPER,BJ,2001,None
CC.PER.RNK.UPPER,BJ,2000,52.6595726013184
CC.PER.RNK.UPPER,BJ,1999,None
CC.PER.RNK.UPPER,BJ,1998,52.4064178466797
CC.PER.RNK.UPPER,BJ,1997,None
CC.PER.RNK.UPPER,BJ,1996,57.5268821716309
CC.PER.RNK.UPPER,BJ,1995,None
CC.PER.RNK.UPPER,BF,2023,None
CC.PER.RNK.UPPER,BF,2022,59.9056587219238
CC.PER.RNK.UPPER,BF,2021,59.0476188659668
CC.PER.RNK.UPPER,BF,2020,58.5714302062988
CC.PER.RNK.UPPER,BF,2019,55.7142868041992
CC.PER.RNK.UPPER,BF,2018,58.0952377319336
CC.PER.RNK.UPPER,BF,2017,57.1428565979004
CC.PER.RNK.UPPER,BF,2016,58.0952377319336
CC.PER.RNK.UPPER,BF,2015,54.2857131958008
CC.PER.RNK.UPPER,BF,2014,50
CC.PER.RNK.UPPER,BF,2013,46.9194297790527
CC.PER.RNK.UPPER,BF,2012,48.8151664733887
CC.PER.RNK.UPPER,BF,2011,54.502368927002
CC.PER.RNK.UPPER,BF,2010,54.2857131958008
CC.PER.RNK.UPPER,BF,2009,55.5023918151855
CC.PER.RNK.UPPER,BF,2008,55.8252410888672
CC.PER.RNK.UPPER,BF,2007,54.8543701171875
CC.PER.RNK.UPPER,BF,2006,55.1219520568848
CC.PER.RNK.UPPER,BF,2005,60.9756088256836
CC.PER.RNK.UPPER,BF,2004,60.0985221862793
CC.PER.RNK.UPPER,BF,2003,66.6666641235352
CC.PER.RNK.UPPER,BF,2002,74.6031723022461
CC.PER.RNK.UPPER,BF,2001,None
CC.PER.RNK.UPPER,BF,2000,72.8723373413086
CC.PER.RNK.UPPER,BF,1999,None
CC.PER.RNK.UPPER,BF,1998,72.192512512207
CC.PER.RNK.UPPER,BF,1997,None
CC.PER.RNK.UPPER,BF,1996,73.118278503418
CC.PER.RNK.UPPER,BF,1995,None
CC.PER.RNK.UPPER,BD,2023,None
CC.PER.RNK.UPPER,BD,2022,21.698112487793
CC.PER.RNK.UPPER,BD,2021,26.1904754638672
CC.PER.RNK.UPPER,BD,2020,24.761905670166
CC.PER.RNK.UPPER,BD,2019,24.761905670166
CC.PER.RNK.UPPER,BD,2018,26.6666660308838
CC.PER.RNK.UPPER,BD,2017,29.5238094329834
CC.PER.RNK.UPPER,BD,2016,30.9523811340332
CC.PER.RNK.UPPER,BD,2015,30.9523811340332
CC.PER.RNK.UPPER,BD,2014,29.8076915740967
CC.PER.RNK.UPPER,BD,2013,28.9099521636963
CC.PER.RNK.UPPER,BD,2012,31.2796211242676
CC.PER.RNK.UPPER,BD,2011,20.8530807495117
CC.PER.RNK.UPPER,BD,2010,21.9047622680664
CC.PER.RNK.UPPER,BD,2009,22.0095691680908
CC.PER.RNK.UPPER,BD,2008,22.8155345916748
CC.PER.RNK.UPPER,BD,2007,21.8446598052979
CC.PER.RNK.UPPER,BD,2006,9.26829242706299
CC.PER.RNK.UPPER,BD,2005,13.1707315444946
CC.PER.RNK.UPPER,BD,2004,7.38916254043579
CC.PER.RNK.UPPER,BD,2003,5.8201060295105
CC.PER.RNK.UPPER,BD,2002,8.46560859680176
CC.PER.RNK.UPPER,BD,2001,None
CC.PER.RNK.UPPER,BD,2000,24.4680843353271
CC.PER.RNK.UPPER,BD,1999,None
CC.PER.RNK.UPPER,BD,1998,42.2459907531738
CC.PER.RNK.UPPER,BD,1997,None
CC.PER.RNK.UPPER,BD,1996,34.9462356567383
CC.PER.RNK.UPPER,BD,1995,None
CC.PER.RNK.UPPER,BO,2023,None
CC.PER.RNK.UPPER,BO,2022,29.7169818878174
CC.PER.RNK.UPPER,BO,2021,29.5238094329834
CC.PER.RNK.UPPER,BO,2020,28.5714282989502
CC.PER.RNK.UPPER,BO,2019,32.3809509277344
CC.PER.RNK.UPPER,BO,2018,38.5714302062988
CC.PER.RNK.UPPER,BO,2017,40
CC.PER.RNK.UPPER,BO,2016,33.8095245361328
CC.PER.RNK.UPPER,BO,2015,37.1428565979004
CC.PER.RNK.UPPER,BO,2014,42.3076934814453
CC.PER.RNK.UPPER,BO,2013,44.5497627258301
CC.PER.RNK.UPPER,BO,2012,36.9668235778809
CC.PER.RNK.UPPER,BO,2011,45.971565246582
CC.PER.RNK.UPPER,BO,2010,52.8571434020996
CC.PER.RNK.UPPER,BO,2009,44.4976081848145
CC.PER.RNK.UPPER,BO,2008,48.5436897277832
CC.PER.RNK.UPPER,BO,2007,52.9126205444336
CC.PER.RNK.UPPER,BO,2006,51.7073173522949
CC.PER.RNK.UPPER,BO,2005,40.4878044128418
CC.PER.RNK.UPPER,BO,2004,34.9753684997559
CC.PER.RNK.UPPER,BO,2003,37.037036895752
CC.PER.RNK.UPPER,BO,2002,34.3915328979492
CC.PER.RNK.UPPER,BO,2001,None
CC.PER.RNK.UPPER,BO,2000,52.6595726013184
CC.PER.RNK.UPPER,BO,1999,None
CC.PER.RNK.UPPER,BO,1998,53.4759368896484
CC.PER.RNK.UPPER,BO,1997,None
CC.PER.RNK.UPPER,BO,1996,41.9354820251465
CC.PER.RNK.UPPER,BO,1995,None
CC.PER.RNK.UPPER,BT,2023,None
CC.PER.RNK.UPPER,BT,2022,95.7547149658203
CC.PER.RNK.UPPER,BT,2021,95.7142868041992
CC.PER.RNK.UPPER,BT,2020,95.2380981445313
CC.PER.RNK.UPPER,BT,2019,95.7142868041992
CC.PER.RNK.UPPER,BT,2018,95.7142868041992
CC.PER.RNK.UPPER,BT,2017,95.2380981445313
CC.PER.RNK.UPPER,BT,2016,90
CC.PER.RNK.UPPER,BT,2015,88.5714263916016
CC.PER.RNK.UPPER,BT,2014,91.8269195556641
CC.PER.RNK.UPPER,BT,2013,82.9383850097656
CC.PER.RNK.UPPER,BT,2012,87.2037887573242
CC.PER.RNK.UPPER,BT,2011,83.4123229980469
CC.PER.RNK.UPPER,BT,2010,84.2857131958008
CC.PER.RNK.UPPER,BT,2009,84.6889953613281
CC.PER.RNK.UPPER,BT,2008,87.3786392211914
CC.PER.RNK.UPPER,BT,2007,88.8349533081055
CC.PER.RNK.UPPER,BT,2006,84.8780517578125
CC.PER.RNK.UPPER,BT,2005,84.3902435302734
CC.PER.RNK.UPPER,BT,2004,90.6403961181641
CC.PER.RNK.UPPER,BT,2003,91.0052947998047
CC.PER.RNK.UPPER,BT,2002,82.539680480957
CC.PER.RNK.UPPER,BT,2001,None
CC.PER.RNK.UPPER,BT,2000,84.0425567626953
CC.PER.RNK.UPPER,BT,1999,None
CC.PER.RNK.UPPER,BT,1998,90.3743286132813
CC.PER.RNK.UPPER,BT,1997,None
CC.PER.RNK.UPPER,BT,1996,90.3225784301758
CC.PER.RNK.UPPER,BT,1995,None
CC.PER.RNK.UPPER,CF,2023,None
CC.PER.RNK.UPPER,CF,2022,19.8113212585449
CC.PER.RNK.UPPER,CF,2021,18.5714282989502
CC.PER.RNK.UPPER,CF,2020,16.1904754638672
CC.PER.RNK.UPPER,CF,2019,16.6666660308838
CC.PER.RNK.UPPER,CF,2018,15.7142858505249
CC.PER.RNK.UPPER,CF,2017,17.1428565979004
CC.PER.RNK.UPPER,CF,2016,13.3333330154419
CC.PER.RNK.UPPER,CF,2015,13.3333330154419
CC.PER.RNK.UPPER,CF,2014,20.1923084259033
CC.PER.RNK.UPPER,CF,2013,22.274881362915
CC.PER.RNK.UPPER,CF,2012,27.488151550293
CC.PER.RNK.UPPER,CF,2011,26.5402851104736
CC.PER.RNK.UPPER,CF,2010,30
CC.PER.RNK.UPPER,CF,2009,26.7942581176758
CC.PER.RNK.UPPER,CF,2008,24.7572822570801
CC.PER.RNK.UPPER,CF,2007,19.9029121398926
CC.PER.RNK.UPPER,CF,2006,20
CC.PER.RNK.UPPER,CF,2005,18.0487804412842
CC.PER.RNK.UPPER,CF,2004,12.8078813552856
CC.PER.RNK.UPPER,CF,2003,35.9788360595703
CC.PER.RNK.UPPER,CF,2002,42.3280410766602
CC.PER.RNK.UPPER,CF,2001,None
CC.PER.RNK.UPPER,CF,2000,34.042552947998
CC.PER.RNK.UPPER,CF,1999,None
CC.PER.RNK.UPPER,CF,1998,34.7593574523926
CC.PER.RNK.UPPER,CF,1997,None
CC.PER.RNK.UPPER,CF,1996,32.2580642700195
CC.PER.RNK.UPPER,CF,1995,None
CC.PER.RNK.UPPER,CI,2023,None
CC.PER.RNK.UPPER,CI,2022,50.9433975219727
CC.PER.RNK.UPPER,CI,2021,49.523811340332
CC.PER.RNK.UPPER,CI,2020,43.8095245361328
CC.PER.RNK.UPPER,CI,2019,40.9523811340332
CC.PER.RNK.UPPER,CI,2018,43.8095245361328
CC.PER.RNK.UPPER,CI,2017,43.3333320617676
CC.PER.RNK.UPPER,CI,2016,44.761905670166
CC.PER.RNK.UPPER,CI,2015,50
CC.PER.RNK.UPPER,CI,2014,51.9230766296387
CC.PER.RNK.UPPER,CI,2013,36.4928894042969
CC.PER.RNK.UPPER,CI,2012,31.2796211242676
CC.PER.RNK.UPPER,CI,2011,23.222749710083
CC.PER.RNK.UPPER,CI,2010,19.0476188659668
CC.PER.RNK.UPPER,CI,2009,21.0526313781738
CC.PER.RNK.UPPER,CI,2008,19.9029121398926
CC.PER.RNK.UPPER,CI,2007,21.8446598052979
CC.PER.RNK.UPPER,CI,2006,19.0243911743164
CC.PER.RNK.UPPER,CI,2005,18.0487804412842
CC.PER.RNK.UPPER,CI,2004,19.2118225097656
CC.PER.RNK.UPPER,CI,2003,30.1587295532227
CC.PER.RNK.UPPER,CI,2002,40.2116394042969
CC.PER.RNK.UPPER,CI,2001,None
CC.PER.RNK.UPPER,CI,2000,45.2127647399902
CC.PER.RNK.UPPER,CI,1999,None
CC.PER.RNK.UPPER,CI,1998,51.8716583251953
CC.PER.RNK.UPPER,CI,1997,None
CC.PER.RNK.UPPER,CI,1996,60.7526893615723
CC.PER.RNK.UPPER,CI,1995,None
CC.PER.RNK.UPPER,CM,2023,None
CC.PER.RNK.UPPER,CM,2022,20.7547168731689
CC.PER.RNK.UPPER,CM,2021,20.4761905670166
CC.PER.RNK.UPPER,CM,2020,19.5238094329834
CC.PER.RNK.UPPER,CM,2019,16.6666660308838
CC.PER.RNK.UPPER,CM,2018,16.1904754638672
CC.PER.RNK.UPPER,CM,2017,14.7619047164917
CC.PER.RNK.UPPER,CM,2016,14.7619047164917
CC.PER.RNK.UPPER,CM,2015,20
CC.PER.RNK.UPPER,CM,2014,15.384614944458
CC.PER.RNK.UPPER,CM,2013,16.1137447357178
CC.PER.RNK.UPPER,CM,2012,15.1658763885498
CC.PER.RNK.UPPER,CM,2011,18.9573459625244
CC.PER.RNK.UPPER,CM,2010,21.4285717010498
CC.PER.RNK.UPPER,CM,2009,24.4019145965576
CC.PER.RNK.UPPER,CM,2008,23.3009700775146
CC.PER.RNK.UPPER,CM,2007,23.7864074707031
CC.PER.RNK.UPPER,CM,2006,20.9756088256836
CC.PER.RNK.UPPER,CM,2005,18.0487804412842
CC.PER.RNK.UPPER,CM,2004,23.645320892334
CC.PER.RNK.UPPER,CM,2003,30.1587295532227
CC.PER.RNK.UPPER,CM,2002,23.8095245361328
CC.PER.RNK.UPPER,CM,2001,None
CC.PER.RNK.UPPER,CM,2000,21.2765960693359
CC.PER.RNK.UPPER,CM,1999,None
CC.PER.RNK.UPPER,CM,1998,21.3903751373291
CC.PER.RNK.UPPER,CM,1997,None
CC.PER.RNK.UPPER,CM,1996,18.8172035217285
CC.PER.RNK.UPPER,CM,1995,None
CC.PER.RNK.UPPER,CD,2023,None
CC.PER.RNK.UPPER,CD,2022,7.07547187805176
CC.PER.RNK.UPPER,CD,2021,6.66666650772095
CC.PER.RNK.UPPER,CD,2020,8.09523773193359
CC.PER.RNK.UPPER,CD,2019,9.5238094329834
CC.PER.RNK.UPPER,CD,2018,9.0476188659668
CC.PER.RNK.UPPER,CD,2017,10.9523811340332
CC.PER.RNK.UPPER,CD,2016,11.9047622680664
CC.PER.RNK.UPPER,CD,2015,13.3333330154419
CC.PER.RNK.UPPER,CD,2014,13.4615383148193
CC.PER.RNK.UPPER,CD,2013,12.3222751617432
CC.PER.RNK.UPPER,CD,2012,13.2701425552368
CC.PER.RNK.UPPER,CD,2011,9.95260620117188
CC.PER.RNK.UPPER,CD,2010,10
CC.PER.RNK.UPPER,CD,2009,11.4832534790039
CC.PER.RNK.UPPER,CD,2008,17.9611644744873
CC.PER.RNK.UPPER,CD,2007,14.5631065368652
CC.PER.RNK.UPPER,CD,2006,8.29268264770508
CC.PER.RNK.UPPER,CD,2005,13.1707315444946
CC.PER.RNK.UPPER,CD,2004,11.3300495147705
CC.PER.RNK.UPPER,CD,2003,8.99470901489258
CC.PER.RNK.UPPER,CD,2002,22.2222213745117
CC.PER.RNK.UPPER,CD,2001,None
CC.PER.RNK.UPPER,CD,2000,20.7446804046631
CC.PER.RNK.UPPER,CD,1999,None
CC.PER.RNK.UPPER,CD,1998,23.529411315918
CC.PER.RNK.UPPER,CD,1997,None
CC.PER.RNK.UPPER,CD,1996,12.3655910491943
CC.PER.RNK.UPPER,CD,1995,None
CC.PER.RNK.UPPER,CG,2023,None
CC.PER.RNK.UPPER,CG,2022,14.6226415634155
CC.PER.RNK.UPPER,CG,2021,12.8571424484253
CC.PER.RNK.UPPER,CG,2020,10.9523811340332
CC.PER.RNK.UPPER,CG,2019,10.9523811340332
CC.PER.RNK.UPPER,CG,2018,11.4285717010498
CC.PER.RNK.UPPER,CG,2017,11.9047622680664
CC.PER.RNK.UPPER,CG,2016,14.7619047164917
CC.PER.RNK.UPPER,CG,2015,14.2857141494751
CC.PER.RNK.UPPER,CG,2014,15.865385055542
CC.PER.RNK.UPPER,CG,2013,20.8530807495117
CC.PER.RNK.UPPER,CG,2012,17.0616111755371
CC.PER.RNK.UPPER,CG,2011,20.3791465759277
CC.PER.RNK.UPPER,CG,2010,20.9523811340332
CC.PER.RNK.UPPER,CG,2009,19.1387557983398
CC.PER.RNK.UPPER,CG,2008,19.4174766540527
CC.PER.RNK.UPPER,CG,2007,19.9029121398926
CC.PER.RNK.UPPER,CG,2006,22.4390239715576
CC.PER.RNK.UPPER,CG,2005,23.4146347045898
CC.PER.RNK.UPPER,CG,2004,29.5566501617432
CC.PER.RNK.UPPER,CG,2003,34.3915328979492
CC.PER.RNK.UPPER,CG,2002,38.624340057373
CC.PER.RNK.UPPER,CG,2001,None
CC.PER.RNK.UPPER,CG,2000,43.6170196533203
CC.PER.RNK.UPPER,CG,1999,None
CC.PER.RNK.UPPER,CG,1998,31.0160427093506
CC.PER.RNK.UPPER,CG,1997,None
CC.PER.RNK.UPPER,CG,1996,45.6989250183105
CC.PER.RNK.UPPER,CG,1995,None
CC.PER.RNK.UPPER,KM,2023,None
CC.PER.RNK.UPPER,KM,2022,21.2264156341553
CC.PER.RNK.UPPER,KM,2021,19.0476188659668
CC.PER.RNK.UPPER,KM,2020,20.9523811340332
CC.PER.RNK.UPPER,KM,2019,26.1904754638672
CC.PER.RNK.UPPER,KM,2018,33.8095245361328
CC.PER.RNK.UPPER,KM,2017,43.3333320617676
CC.PER.RNK.UPPER,KM,2016,42.8571434020996
CC.PER.RNK.UPPER,KM,2015,42.8571434020996
CC.PER.RNK.UPPER,KM,2014,52.4038467407227
CC.PER.RNK.UPPER,KM,2013,46.9194297790527
CC.PER.RNK.UPPER,KM,2012,44.5497627258301
CC.PER.RNK.UPPER,KM,2011,42.6540298461914
CC.PER.RNK.UPPER,KM,2010,42.8571434020996
CC.PER.RNK.UPPER,KM,2009,42.5837326049805
CC.PER.RNK.UPPER,KM,2008,41.7475738525391
CC.PER.RNK.UPPER,KM,2007,48.5436897277832
CC.PER.RNK.UPPER,KM,2006,45.365852355957
CC.PER.RNK.UPPER,KM,2005,40
CC.PER.RNK.UPPER,KM,2004,39.4088668823242
CC.PER.RNK.UPPER,KM,2003,52.9100532531738
CC.PER.RNK.UPPER,KM,2002,51.8518524169922
CC.PER.RNK.UPPER,KM,2001,None
CC.PER.RNK.UPPER,KM,2000,44.680850982666
CC.PER.RNK.UPPER,KM,1999,None
CC.PER.RNK.UPPER,KM,1998,40.6417121887207
CC.PER.RNK.UPPER,KM,1997,None
CC.PER.RNK.UPPER,KM,1996,39.2473106384277
CC.PER.RNK.UPPER,KM,1995,None
CC.PER.RNK.UPPER,CV,2023,None
CC.PER.RNK.UPPER,CV,2022,89.1509399414063
CC.PER.RNK.UPPER,CV,2021,89.0476226806641
CC.PER.RNK.UPPER,CV,2020,84.2857131958008
CC.PER.RNK.UPPER,CV,2019,82.8571395874023
CC.PER.RNK.UPPER,CV,2018,81.4285736083984
CC.PER.RNK.UPPER,CV,2017,81.9047622680664
CC.PER.RNK.UPPER,CV,2016,87.1428604125977
CC.PER.RNK.UPPER,CV,2015,87.1428604125977
CC.PER.RNK.UPPER,CV,2014,87.5
CC.PER.RNK.UPPER,CV,2013,82.4644546508789
CC.PER.RNK.UPPER,CV,2012,83.4123229980469
CC.PER.RNK.UPPER,CV,2011,84.3601913452148
CC.PER.RNK.UPPER,CV,2010,83.8095245361328
CC.PER.RNK.UPPER,CV,2009,84.2105255126953
CC.PER.RNK.UPPER,CV,2008,83.980583190918
CC.PER.RNK.UPPER,CV,2007,88.3495178222656
CC.PER.RNK.UPPER,CV,2006,84.8780517578125
CC.PER.RNK.UPPER,CV,2005,80
CC.PER.RNK.UPPER,CV,2004,73.8916244506836
CC.PER.RNK.UPPER,CV,2003,80.9523773193359
CC.PER.RNK.UPPER,CV,2002,82.539680480957
CC.PER.RNK.UPPER,CV,2001,None
CC.PER.RNK.UPPER,CV,2000,93.6170196533203
CC.PER.RNK.UPPER,CV,1999,None
CC.PER.RNK.UPPER,CV,1998,93.0481262207031
CC.PER.RNK.UPPER,CV,1997,None
CC.PER.RNK.UPPER,CV,1996,93.0107498168945
CC.PER.RNK.UPPER,CV,1995,None
CC.PER.RNK.UPPER,DJ,2023,None
CC.PER.RNK.UPPER,DJ,2022,34.4339637756348
CC.PER.RNK.UPPER,DJ,2021,34.2857131958008
CC.PER.RNK.UPPER,DJ,2020,35.238094329834
CC.PER.RNK.UPPER,DJ,2019,30.9523811340332
CC.PER.RNK.UPPER,DJ,2018,39.0476188659668
CC.PER.RNK.UPPER,DJ,2017,43.3333320617676
CC.PER.RNK.UPPER,DJ,2016,43.3333320617676
CC.PER.RNK.UPPER,DJ,2015,44.2857131958008
CC.PER.RNK.UPPER,DJ,2014,51.4423065185547
CC.PER.RNK.UPPER,DJ,2013,53.0805702209473
CC.PER.RNK.UPPER,DJ,2012,55.4502372741699
CC.PER.RNK.UPPER,DJ,2011,55.4502372741699
CC.PER.RNK.UPPER,DJ,2010,55.7142868041992
CC.PER.RNK.UPPER,DJ,2009,57.8947372436523
CC.PER.RNK.UPPER,DJ,2008,59.2233009338379
CC.PER.RNK.UPPER,DJ,2007,52.9126205444336
CC.PER.RNK.UPPER,DJ,2006,47.8048782348633
CC.PER.RNK.UPPER,DJ,2005,47.8048782348633
CC.PER.RNK.UPPER,DJ,2004,55.6650238037109
CC.PER.RNK.UPPER,DJ,2003,53.9682540893555
CC.PER.RNK.UPPER,DJ,2002,56.0846557617188
CC.PER.RNK.UPPER,DJ,2001,None
CC.PER.RNK.UPPER,DJ,2000,54.7872352600098
CC.PER.RNK.UPPER,DJ,1999,None
CC.PER.RNK.UPPER,DJ,1998,50.8021392822266
CC.PER.RNK.UPPER,DJ,1997,None
CC.PER.RNK.UPPER,DJ,1996,51.075267791748
CC.PER.RNK.UPPER,DJ,1995,None
CC.PER.RNK.UPPER,EG,2023,None
CC.PER.RNK.UPPER,EG,2022,38.2075462341309
CC.PER.RNK.UPPER,EG,2021,36.6666679382324
CC.PER.RNK.UPPER,EG,2020,31.9047622680664
CC.PER.RNK.UPPER,EG,2019,39.0476188659668
CC.PER.RNK.UPPER,EG,2018,44.2857131958008
CC.PER.RNK.UPPER,EG,2017,46.1904754638672
CC.PER.RNK.UPPER,EG,2016,43.3333320617676
CC.PER.RNK.UPPER,EG,2015,43.3333320617676
CC.PER.RNK.UPPER,EG,2014,44.711540222168
CC.PER.RNK.UPPER,EG,2013,43.1279602050781
CC.PER.RNK.UPPER,EG,2012,45.497631072998
CC.PER.RNK.UPPER,EG,2011,43.1279602050781
CC.PER.RNK.UPPER,EG,2010,46.6666679382324
CC.PER.RNK.UPPER,EG,2009,52.6315803527832
CC.PER.RNK.UPPER,EG,2008,37.3786392211914
CC.PER.RNK.UPPER,EG,2007,37.8640785217285
CC.PER.RNK.UPPER,EG,2006,39.0243911743164
CC.PER.RNK.UPPER,EG,2005,48.7804870605469
CC.PER.RNK.UPPER,EG,2004,46.7980308532715
CC.PER.RNK.UPPER,EG,2003,49.2063484191895
CC.PER.RNK.UPPER,EG,2002,51.8518524169922
CC.PER.RNK.UPPER,EG,2001,None
CC.PER.RNK.UPPER,EG,2000,52.6595726013184
CC.PER.RNK.UPPER,EG,1999,None
CC.PER.RNK.UPPER,EG,1998,50.8021392822266
CC.PER.RNK.UPPER,EG,1997,None
CC.PER.RNK.UPPER,EG,1996,53.7634391784668
CC.PER.RNK.UPPER,EG,1995,None
CC.PER.RNK.UPPER,ER,2023,None
CC.PER.RNK.UPPER,ER,2022,19.3396224975586
CC.PER.RNK.UPPER,ER,2021,18.5714282989502
CC.PER.RNK.UPPER,ER,2020,16.1904754638672
CC.PER.RNK.UPPER,ER,2019,11.9047622680664
CC.PER.RNK.UPPER,ER,2018,13.8095235824585
CC.PER.RNK.UPPER,ER,2017,16.1904754638672
CC.PER.RNK.UPPER,ER,2016,12.8571424484253
CC.PER.RNK.UPPER,ER,2015,14.2857141494751
CC.PER.RNK.UPPER,ER,2014,35.5769233703613
CC.PER.RNK.UPPER,ER,2013,35.0710906982422
CC.PER.RNK.UPPER,ER,2012,39.8104248046875
CC.PER.RNK.UPPER,ER,2011,45.971565246582
CC.PER.RNK.UPPER,ER,2010,51.9047622680664
CC.PER.RNK.UPPER,ER,2009,53.1100463867188
CC.PER.RNK.UPPER,ER,2008,56.3106803894043
CC.PER.RNK.UPPER,ER,2007,54.3689308166504
CC.PER.RNK.UPPER,ER,2006,55.6097564697266
CC.PER.RNK.UPPER,ER,2005,57.073169708252
CC.PER.RNK.UPPER,ER,2004,60.5911331176758
CC.PER.RNK.UPPER,ER,2003,69.3121719360352
CC.PER.RNK.UPPER,ER,2002,75.661376953125
CC.PER.RNK.UPPER,ER,2001,None
CC.PER.RNK.UPPER,ER,2000,82.9787216186523
CC.PER.RNK.UPPER,ER,1999,None
CC.PER.RNK.UPPER,ER,1998,81.2834243774414
CC.PER.RNK.UPPER,ER,1997,None
CC.PER.RNK.UPPER,ER,1996,81.1827926635742
CC.PER.RNK.UPPER,ER,1995,None
CC.PER.RNK.UPPER,ET,2023,None
CC.PER.RNK.UPPER,ET,2022,48.113208770752
CC.PER.RNK.UPPER,ET,2021,48.5714302062988
CC.PER.RNK.UPPER,ET,2020,48.0952377319336
CC.PER.RNK.UPPER,ET,2019,48.5714302062988
CC.PER.RNK.UPPER,ET,2018,44.2857131958008
CC.PER.RNK.UPPER,ET,2017,42.8571434020996
CC.PER.RNK.UPPER,ET,2016,49.0476188659668
CC.PER.RNK.UPPER,ET,2015,49.523811340332
CC.PER.RNK.UPPER,ET,2014,51.4423065185547
CC.PER.RNK.UPPER,ET,2013,48.8151664733887
CC.PER.RNK.UPPER,ET,2012,44.5497627258301
CC.PER.RNK.UPPER,ET,2011,41.2322273254395
CC.PER.RNK.UPPER,ET,2010,40.476188659668
CC.PER.RNK.UPPER,ET,2009,40.1913871765137
CC.PER.RNK.UPPER,ET,2008,41.262134552002
CC.PER.RNK.UPPER,ET,2007,42.7184448242188
CC.PER.RNK.UPPER,ET,2006,40
CC.PER.RNK.UPPER,ET,2005,38.5365867614746
CC.PER.RNK.UPPER,ET,2004,35.9605903625488
CC.PER.RNK.UPPER,ET,2003,40.2116394042969
CC.PER.RNK.UPPER,ET,2002,43.3862419128418
CC.PER.RNK.UPPER,ET,2001,None
CC.PER.RNK.UPPER,ET,2000,38.8297882080078
CC.PER.RNK.UPPER,ET,1999,None
CC.PER.RNK.UPPER,ET,1998,35.8288764953613
CC.PER.RNK.UPPER,ET,1997,None
CC.PER.RNK.UPPER,ET,1996,36.559139251709
CC.PER.RNK.UPPER,ET,1995,None
CC.PER.RNK.UPPER,FM,2023,None
CC.PER.RNK.UPPER,FM,2022,81.1320724487305
CC.PER.RNK.UPPER,FM,2021,82.8571395874023
CC.PER.RNK.UPPER,FM,2020,89.0476226806641
CC.PER.RNK.UPPER,FM,2019,88.0952377319336
CC.PER.RNK.UPPER,FM,2018,83.3333358764648
CC.PER.RNK.UPPER,FM,2017,88.0952377319336
CC.PER.RNK.UPPER,FM,2016,87.6190490722656
CC.PER.RNK.UPPER,FM,2015,87.1428604125977
CC.PER.RNK.UPPER,FM,2014,88.9423065185547
CC.PER.RNK.UPPER,FM,2013,67.2985763549805
CC.PER.RNK.UPPER,FM,2012,68.7203826904297
CC.PER.RNK.UPPER,FM,2011,63.0331764221191
CC.PER.RNK.UPPER,FM,2010,69.523811340332
CC.PER.RNK.UPPER,FM,2009,70.3349304199219
CC.PER.RNK.UPPER,FM,2008,68.4466018676758
CC.PER.RNK.UPPER,FM,2007,69.9029159545898
CC.PER.RNK.UPPER,FM,2006,72.1951217651367
CC.PER.RNK.UPPER,FM,2005,67.3170700073242
CC.PER.RNK.UPPER,FM,2004,81.7733993530273
CC.PER.RNK.UPPER,FM,2003,None
CC.PER.RNK.UPPER,FM,2002,None
CC.PER.RNK.UPPER,FM,2001,None
CC.PER.RNK.UPPER,FM,2000,None
CC.PER.RNK.UPPER,FM,1999,None
CC.PER.RNK.UPPER,FM,1998,None
CC.PER.RNK.UPPER,FM,1997,None
CC.PER.RNK.UPPER,FM,1996,None
CC.PER.RNK.UPPER,FM,1995,None
CC.PER.RNK.UPPER,GH,2023,None
CC.PER.RNK.UPPER,GH,2022,59.9056587219238
CC.PER.RNK.UPPER,GH,2021,58.0952377319336
CC.PER.RNK.UPPER,GH,2020,58.5714302062988
CC.PER.RNK.UPPER,GH,2019,58.5714302062988
CC.PER.RNK.UPPER,GH,2018,58.0952377319336
CC.PER.RNK.UPPER,GH,2017,55.238094329834
CC.PER.RNK.UPPER,GH,2016,57.6190490722656
CC.PER.RNK.UPPER,GH,2015,55.7142868041992
CC.PER.RNK.UPPER,GH,2014,57.211540222168
CC.PER.RNK.UPPER,GH,2013,61.6113739013672
CC.PER.RNK.UPPER,GH,2012,60.1895751953125
CC.PER.RNK.UPPER,GH,2011,63.0331764221191
CC.PER.RNK.UPPER,GH,2010,63.8095245361328
CC.PER.RNK.UPPER,GH,2009,65.0717697143555
CC.PER.RNK.UPPER,GH,2008,62.1359214782715
CC.PER.RNK.UPPER,GH,2007,65.5339813232422
CC.PER.RNK.UPPER,GH,2006,62.4390258789063
CC.PER.RNK.UPPER,GH,2005,54.1463432312012
CC.PER.RNK.UPPER,GH,2004,55.6650238037109
CC.PER.RNK.UPPER,GH,2003,58.7301597595215
CC.PER.RNK.UPPER,GH,2002,56.0846557617188
CC.PER.RNK.UPPER,GH,2001,None
CC.PER.RNK.UPPER,GH,2000,63.8297882080078
CC.PER.RNK.UPPER,GH,1999,None
CC.PER.RNK.UPPER,GH,1998,56.1497344970703
CC.PER.RNK.UPPER,GH,1997,None
CC.PER.RNK.UPPER,GH,1996,59.677417755127
CC.PER.RNK.UPPER,GH,1995,None
CC.PER.RNK.UPPER,GN,2023,None
CC.PER.RNK.UPPER,GN,2022,24.5283012390137
CC.PER.RNK.UPPER,GN,2021,24.2857151031494
CC.PER.RNK.UPPER,GN,2020,26.6666660308838
CC.PER.RNK.UPPER,GN,2019,27.1428565979004
CC.PER.RNK.UPPER,GN,2018,21.9047622680664
CC.PER.RNK.UPPER,GN,2017,21.4285717010498
CC.PER.RNK.UPPER,GN,2016,27.619047164917
CC.PER.RNK.UPPER,GN,2015,23.8095245361328
CC.PER.RNK.UPPER,GN,2014,23.0769233703613
CC.PER.RNK.UPPER,GN,2013,21.8009471893311
CC.PER.RNK.UPPER,GN,2012,22.748815536499
CC.PER.RNK.UPPER,GN,2011,21.3270149230957
CC.PER.RNK.UPPER,GN,2010,18.5714282989502
CC.PER.RNK.UPPER,GN,2009,23.4449768066406
CC.PER.RNK.UPPER,GN,2008,18.4466018676758
CC.PER.RNK.UPPER,GN,2007,17.9611644744873
CC.PER.RNK.UPPER,GN,2006,22.4390239715576
CC.PER.RNK.UPPER,GN,2005,25.3658542633057
CC.PER.RNK.UPPER,GN,2004,34.4827575683594
CC.PER.RNK.UPPER,GN,2003,40.2116394042969
CC.PER.RNK.UPPER,GN,2002,47.0899467468262
CC.PER.RNK.UPPER,GN,2001,None
CC.PER.RNK.UPPER,GN,2000,38.2978706359863
CC.PER.RNK.UPPER,GN,1999,None
CC.PER.RNK.UPPER,GN,1998,35.294116973877
CC.PER.RNK.UPPER,GN,1997,None
CC.PER.RNK.UPPER,GN,1996,41.3978500366211
CC.PER.RNK.UPPER,GN,1995,None
CC.PER.RNK.UPPER,GM,2023,None
CC.PER.RNK.UPPER,GM,2022,52.8301887512207
CC.PER.RNK.UPPER,GM,2021,49.523811340332
CC.PER.RNK.UPPER,GM,2020,46.6666679382324
CC.PER.RNK.UPPER,GM,2019,49.523811340332
CC.PER.RNK.UPPER,GM,2018,45.238094329834
CC.PER.RNK.UPPER,GM,2017,42.3809509277344
CC.PER.RNK.UPPER,GM,2016,32.3809509277344
CC.PER.RNK.UPPER,GM,2015,35.238094329834
CC.PER.RNK.UPPER,GM,2014,41.8269233703613
CC.PER.RNK.UPPER,GM,2013,41.7061614990234
CC.PER.RNK.UPPER,GM,2012,44.5497627258301
CC.PER.RNK.UPPER,GM,2011,52.6066360473633
CC.PER.RNK.UPPER,GM,2010,47.6190490722656
CC.PER.RNK.UPPER,GM,2009,49.7607650756836
CC.PER.RNK.UPPER,GM,2008,41.262134552002
CC.PER.RNK.UPPER,GM,2007,40.2912635803223
CC.PER.RNK.UPPER,GM,2006,39.5121955871582
CC.PER.RNK.UPPER,GM,2005,44.8780479431152
CC.PER.RNK.UPPER,GM,2004,50.7389144897461
CC.PER.RNK.UPPER,GM,2003,62.4338607788086
CC.PER.RNK.UPPER,GM,2002,65.0793685913086
CC.PER.RNK.UPPER,GM,2001,None
CC.PER.RNK.UPPER,GM,2000,60.638298034668
CC.PER.RNK.UPPER,GM,1999,None
CC.PER.RNK.UPPER,GM,1998,60.427806854248
CC.PER.RNK.UPPER,GM,1997,None
CC.PER.RNK.UPPER,GM,1996,60.7526893615723
CC.PER.RNK.UPPER,GM,1995,None
CC.PER.RNK.UPPER,GW,2023,None
CC.PER.RNK.UPPER,GW,2022,20.7547168731689
CC.PER.RNK.UPPER,GW,2021,17.619047164917
CC.PER.RNK.UPPER,GW,2020,15.2380952835083
CC.PER.RNK.UPPER,GW,2019,10.9523811340332
CC.PER.RNK.UPPER,GW,2018,9.0476188659668
CC.PER.RNK.UPPER,GW,2017,8.09523773193359
CC.PER.RNK.UPPER,GW,2016,10
CC.PER.RNK.UPPER,GW,2015,10.4761905670166
CC.PER.RNK.UPPER,GW,2014,8.65384578704834
CC.PER.RNK.UPPER,GW,2013,15.6398105621338
CC.PER.RNK.UPPER,GW,2012,17.0616111755371
CC.PER.RNK.UPPER,GW,2011,22.274881362915
CC.PER.RNK.UPPER,GW,2010,22.380952835083
CC.PER.RNK.UPPER,GW,2009,21.0526313781738
CC.PER.RNK.UPPER,GW,2008,21.8446598052979
CC.PER.RNK.UPPER,GW,2007,21.8446598052979
CC.PER.RNK.UPPER,GW,2006,26.8292675018311
CC.PER.RNK.UPPER,GW,2005,22.9268283843994
CC.PER.RNK.UPPER,GW,2004,22.1674880981445
CC.PER.RNK.UPPER,GW,2003,33.862434387207
CC.PER.RNK.UPPER,GW,2002,37.037036895752
CC.PER.RNK.UPPER,GW,2001,None
CC.PER.RNK.UPPER,GW,2000,45.2127647399902
CC.PER.RNK.UPPER,GW,1999,None
CC.PER.RNK.UPPER,GW,1998,34.2245979309082
CC.PER.RNK.UPPER,GW,1997,None
CC.PER.RNK.UPPER,GW,1996,30.6451606750488
CC.PER.RNK.UPPER,GW,1995,None
CC.PER.RNK.UPPER,HN,2023,None
CC.PER.RNK.UPPER,HN,2022,24.5283012390137
CC.PER.RNK.UPPER,HN,2021,21.4285717010498
CC.PER.RNK.UPPER,HN,2020,25.7142848968506
CC.PER.RNK.UPPER,HN,2019,28.5714282989502
CC.PER.RNK.UPPER,HN,2018,39.0476188659668
CC.PER.RNK.UPPER,HN,2017,37.1428565979004
CC.PER.RNK.UPPER,HN,2016,38.5714302062988
CC.PER.RNK.UPPER,HN,2015,44.2857131958008
CC.PER.RNK.UPPER,HN,2014,35.0961532592773
CC.PER.RNK.UPPER,HN,2013,28.9099521636963
CC.PER.RNK.UPPER,HN,2012,27.488151550293
CC.PER.RNK.UPPER,HN,2011,33.6492881774902
CC.PER.RNK.UPPER,HN,2010,30.9523811340332
CC.PER.RNK.UPPER,HN,2009,28.7081336975098
CC.PER.RNK.UPPER,HN,2008,33.4951438903809
CC.PER.RNK.UPPER,HN,2007,36.8932037353516
CC.PER.RNK.UPPER,HN,2006,36.0975608825684
CC.PER.RNK.UPPER,HN,2005,36.0975608825684
CC.PER.RNK.UPPER,HN,2004,29.5566501617432
CC.PER.RNK.UPPER,HN,2003,30.1587295532227
CC.PER.RNK.UPPER,HN,2002,31.7460308074951
CC.PER.RNK.UPPER,HN,2001,None
CC.PER.RNK.UPPER,HN,2000,34.5744667053223
CC.PER.RNK.UPPER,HN,1999,None
CC.PER.RNK.UPPER,HN,1998,33.6898384094238
CC.PER.RNK.UPPER,HN,1997,None
CC.PER.RNK.UPPER,HN,1996,30.6451606750488
CC.PER.RNK.UPPER,HN,1995,None
CC.PER.RNK.UPPER,HT,2023,None
CC.PER.RNK.UPPER,HT,2022,11.3207550048828
CC.PER.RNK.UPPER,HT,2021,11.9047622680664
CC.PER.RNK.UPPER,HT,2020,14.7619047164917
CC.PER.RNK.UPPER,HT,2019,12.380952835083
CC.PER.RNK.UPPER,HT,2018,13.3333330154419
CC.PER.RNK.UPPER,HT,2017,14.2857141494751
CC.PER.RNK.UPPER,HT,2016,12.380952835083
CC.PER.RNK.UPPER,HT,2015,14.7619047164917
CC.PER.RNK.UPPER,HT,2014,15.384614944458
CC.PER.RNK.UPPER,HT,2013,21.3270149230957
CC.PER.RNK.UPPER,HT,2012,17.0616111755371
CC.PER.RNK.UPPER,HT,2011,17.5355453491211
CC.PER.RNK.UPPER,HT,2010,19.0476188659668
CC.PER.RNK.UPPER,HT,2009,21.5311012268066
CC.PER.RNK.UPPER,HT,2008,18.4466018676758
CC.PER.RNK.UPPER,HT,2007,18.4466018676758
CC.PER.RNK.UPPER,HT,2006,17.0731716156006
CC.PER.RNK.UPPER,HT,2005,15.6097564697266
CC.PER.RNK.UPPER,HT,2004,13.7931032180786
CC.PER.RNK.UPPER,HT,2003,5.8201060295105
CC.PER.RNK.UPPER,HT,2002,9.5238094329834
CC.PER.RNK.UPPER,HT,2001,None
CC.PER.RNK.UPPER,HT,2000,32.4468078613281
CC.PER.RNK.UPPER,HT,1999,None
CC.PER.RNK.UPPER,HT,1998,32.6203193664551
CC.PER.RNK.UPPER,HT,1997,None
CC.PER.RNK.UPPER,HT,1996,31.1827964782715
CC.PER.RNK.UPPER,HT,1995,None
CC.PER.RNK.UPPER,IN,2023,None
CC.PER.RNK.UPPER,IN,2022,51.886791229248
CC.PER.RNK.UPPER,IN,2021,50.476188659668
CC.PER.RNK.UPPER,IN,2020,52.8571434020996
CC.PER.RNK.UPPER,IN,2019,52.8571434020996
CC.PER.RNK.UPPER,IN,2018,55.7142868041992
CC.PER.RNK.UPPER,IN,2017,53.3333320617676
CC.PER.RNK.UPPER,IN,2016,53.3333320617676
CC.PER.RNK.UPPER,IN,2015,51.4285697937012
CC.PER.RNK.UPPER,IN,2014,50
CC.PER.RNK.UPPER,IN,2013,46.9194297790527
CC.PER.RNK.UPPER,IN,2012,46.9194297790527
CC.PER.RNK.UPPER,IN,2011,47.8672981262207
CC.PER.RNK.UPPER,IN,2010,50.9523811340332
CC.PER.RNK.UPPER,IN,2009,49.7607650756836
CC.PER.RNK.UPPER,IN,2008,53.3980598449707
CC.PER.RNK.UPPER,IN,2007,52.4271850585938
CC.PER.RNK.UPPER,IN,2006,55.1219520568848
CC.PER.RNK.UPPER,IN,2005,52.1951217651367
CC.PER.RNK.UPPER,IN,2004,49.7536964416504
CC.PER.RNK.UPPER,IN,2003,50.7936515808105
CC.PER.RNK.UPPER,IN,2002,46.0317459106445
CC.PER.RNK.UPPER,IN,2001,None
CC.PER.RNK.UPPER,IN,2000,52.6595726013184
CC.PER.RNK.UPPER,IN,1999,None
CC.PER.RNK.UPPER,IN,1998,54.5454559326172
CC.PER.RNK.UPPER,IN,1997,None
CC.PER.RNK.UPPER,IN,1996,53.7634391784668
CC.PER.RNK.UPPER,IN,1995,None
CC.PER.RNK.UPPER,JO,2023,None
CC.PER.RNK.UPPER,JO,2022,63.2075462341309
CC.PER.RNK.UPPER,JO,2021,62.8571434020996
CC.PER.RNK.UPPER,JO,2020,61.4285697937012
CC.PER.RNK.UPPER,JO,2019,62.3809509277344
CC.PER.RNK.UPPER,JO,2018,63.8095245361328
CC.PER.RNK.UPPER,JO,2017,64.2857131958008
CC.PER.RNK.UPPER,JO,2016,65.7142868041992
CC.PER.RNK.UPPER,JO,2015,65.7142868041992
CC.PER.RNK.UPPER,JO,2014,64.9038467407227
CC.PER.RNK.UPPER,JO,2013,64.9289093017578
CC.PER.RNK.UPPER,JO,2012,65.4028472900391
CC.PER.RNK.UPPER,JO,2011,67.7725143432617
CC.PER.RNK.UPPER,JO,2010,64.7619018554688
CC.PER.RNK.UPPER,JO,2009,69.8564605712891
CC.PER.RNK.UPPER,JO,2008,73.3009719848633
CC.PER.RNK.UPPER,JO,2007,72.3300933837891
CC.PER.RNK.UPPER,JO,2006,72.1951217651367
CC.PER.RNK.UPPER,JO,2005,70.2439041137695
CC.PER.RNK.UPPER,JO,2004,71.9211807250977
CC.PER.RNK.UPPER,JO,2003,73.5449752807617
CC.PER.RNK.UPPER,JO,2002,64.5502624511719
CC.PER.RNK.UPPER,JO,2001,None
CC.PER.RNK.UPPER,JO,2000,68.0851058959961
CC.PER.RNK.UPPER,JO,1999,None
CC.PER.RNK.UPPER,JO,1998,67.3796768188477
CC.PER.RNK.UPPER,JO,1997,None
CC.PER.RNK.UPPER,JO,1996,65.0537643432617
CC.PER.RNK.UPPER,JO,1995,None
CC.PER.RNK.UPPER,KE,2023,None
CC.PER.RNK.UPPER,KE,2022,34.4339637756348
CC.PER.RNK.UPPER,KE,2021,34.2857131958008
CC.PER.RNK.UPPER,KE,2020,28.0952377319336
CC.PER.RNK.UPPER,KE,2019,30.9523811340332
CC.PER.RNK.UPPER,KE,2018,28.5714282989502
CC.PER.RNK.UPPER,KE,2017,24.2857151031494
CC.PER.RNK.UPPER,KE,2016,27.619047164917
CC.PER.RNK.UPPER,KE,2015,22.8571434020996
CC.PER.RNK.UPPER,KE,2014,27.4038467407227
CC.PER.RNK.UPPER,KE,2013,21.8009471893311
CC.PER.RNK.UPPER,KE,2012,19.4312801361084
CC.PER.RNK.UPPER,KE,2011,24.1706161499023
CC.PER.RNK.UPPER,KE,2010,29.5238094329834
CC.PER.RNK.UPPER,KE,2009,21.0526313781738
CC.PER.RNK.UPPER,KE,2008,20.8737869262695
CC.PER.RNK.UPPER,KE,2007,27.6699028015137
CC.PER.RNK.UPPER,KE,2006,28.2926826477051
CC.PER.RNK.UPPER,KE,2005,23.4146347045898
CC.PER.RNK.UPPER,KE,2004,29.5566501617432
CC.PER.RNK.UPPER,KE,2003,30.1587295532227
CC.PER.RNK.UPPER,KE,2002,32.8042335510254
CC.PER.RNK.UPPER,KE,2001,None
CC.PER.RNK.UPPER,KE,2000,30.319149017334
CC.PER.RNK.UPPER,KE,1999,None
CC.PER.RNK.UPPER,KE,1998,27.807487487793
CC.PER.RNK.UPPER,KE,1997,None
CC.PER.RNK.UPPER,KE,1996,27.4193553924561
CC.PER.RNK.UPPER,KE,1995,None
CC.PER.RNK.UPPER,KG,2023,None
CC.PER.RNK.UPPER,KG,2022,19.3396224975586
CC.PER.RNK.UPPER,KG,2021,19.5238094329834
CC.PER.RNK.UPPER,KG,2020,20.4761905670166
CC.PER.RNK.UPPER,KG,2019,26.1904754638672
CC.PER.RNK.UPPER,KG,2018,26.1904754638672
CC.PER.RNK.UPPER,KG,2017,19.5238094329834
CC.PER.RNK.UPPER,KG,2016,19.0476188659668
CC.PER.RNK.UPPER,KG,2015,17.619047164917
CC.PER.RNK.UPPER,KG,2014,18.75
CC.PER.RNK.UPPER,KG,2013,18.9573459625244
CC.PER.RNK.UPPER,KG,2012,18.4834117889404
CC.PER.RNK.UPPER,KG,2011,17.0616111755371
CC.PER.RNK.UPPER,KG,2010,18.0952377319336
CC.PER.RNK.UPPER,KG,2009,15.7894735336304
CC.PER.RNK.UPPER,KG,2008,15.5339803695679
CC.PER.RNK.UPPER,KG,2007,12.62135887146
CC.PER.RNK.UPPER,KG,2006,14.6341466903687
CC.PER.RNK.UPPER,KG,2005,17.0731716156006
CC.PER.RNK.UPPER,KG,2004,25.1231517791748
CC.PER.RNK.UPPER,KG,2003,29.6296291351318
CC.PER.RNK.UPPER,KG,2002,31.7460308074951
CC.PER.RNK.UPPER,KG,2001,None
CC.PER.RNK.UPPER,KG,2000,34.5744667053223
CC.PER.RNK.UPPER,KG,1999,None
CC.PER.RNK.UPPER,KG,1998,32.6203193664551
CC.PER.RNK.UPPER,KG,1997,None
CC.PER.RNK.UPPER,KG,1996,39.7849464416504
CC.PER.RNK.UPPER,KG,1995,None
CC.PER.RNK.UPPER,KH,2023,None
CC.PER.RNK.UPPER,KH,2022,18.8679237365723
CC.PER.RNK.UPPER,KH,2021,18.5714282989502
CC.PER.RNK.UPPER,KH,2020,16.1904754638672
CC.PER.RNK.UPPER,KH,2019,12.380952835083
CC.PER.RNK.UPPER,KH,2018,11.9047622680664
CC.PER.RNK.UPPER,KH,2017,12.380952835083
CC.PER.RNK.UPPER,KH,2016,12.8571424484253
CC.PER.RNK.UPPER,KH,2015,18.0952377319336
CC.PER.RNK.UPPER,KH,2014,17.3076915740967
CC.PER.RNK.UPPER,KH,2013,21.8009471893311
CC.PER.RNK.UPPER,KH,2012,21.8009471893311
CC.PER.RNK.UPPER,KH,2011,17.0616111755371
CC.PER.RNK.UPPER,KH,2010,16.1904754638672
CC.PER.RNK.UPPER,KH,2009,18.1818180084229
CC.PER.RNK.UPPER,KH,2008,15.5339803695679
CC.PER.RNK.UPPER,KH,2007,19.4174766540527
CC.PER.RNK.UPPER,KH,2006,16.5853652954102
CC.PER.RNK.UPPER,KH,2005,18.0487804412842
CC.PER.RNK.UPPER,KH,2004,27.5862064361572
CC.PER.RNK.UPPER,KH,2003,33.862434387207
CC.PER.RNK.UPPER,KH,2002,34.3915328979492
CC.PER.RNK.UPPER,KH,2001,None
CC.PER.RNK.UPPER,KH,2000,36.7021293640137
CC.PER.RNK.UPPER,KH,1999,None
CC.PER.RNK.UPPER,KH,1998,34.2245979309082
CC.PER.RNK.UPPER,KH,1997,None
CC.PER.RNK.UPPER,KH,1996,32.7957000732422
CC.PER.RNK.UPPER,KH,1995,None
CC.PER.RNK.UPPER,KI,2023,None
CC.PER.RNK.UPPER,KI,2022,78.301887512207
CC.PER.RNK.UPPER,KI,2021,78.5714263916016
CC.PER.RNK.UPPER,KI,2020,80.476188659668
CC.PER.RNK.UPPER,KI,2019,79.0476226806641
CC.PER.RNK.UPPER,KI,2018,79.0476226806641
CC.PER.RNK.UPPER,KI,2017,80.476188659668
CC.PER.RNK.UPPER,KI,2016,75.7142868041992
CC.PER.RNK.UPPER,KI,2015,75.2380981445313
CC.PER.RNK.UPPER,KI,2014,75.4807662963867
CC.PER.RNK.UPPER,KI,2013,68.7203826904297
CC.PER.RNK.UPPER,KI,2012,70.1421813964844
CC.PER.RNK.UPPER,KI,2011,72.511848449707
CC.PER.RNK.UPPER,KI,2010,69.523811340332
CC.PER.RNK.UPPER,KI,2009,68.4210510253906
CC.PER.RNK.UPPER,KI,2008,73.3009719848633
CC.PER.RNK.UPPER,KI,2007,73.7864074707031
CC.PER.RNK.UPPER,KI,2006,72.6829299926758
CC.PER.RNK.UPPER,KI,2005,72.6829299926758
CC.PER.RNK.UPPER,KI,2004,84.7290649414063
CC.PER.RNK.UPPER,KI,2003,None
CC.PER.RNK.UPPER,KI,2002,None
CC.PER.RNK.UPPER,KI,2001,None
CC.PER.RNK.UPPER,KI,2000,None
CC.PER.RNK.UPPER,KI,1999,None
CC.PER.RNK.UPPER,KI,1998,None
CC.PER.RNK.UPPER,KI,1997,None
CC.PER.RNK.UPPER,KI,1996,None
CC.PER.RNK.UPPER,KI,1995,None
CC.PER.RNK.UPPER,LA,2023,None
CC.PER.RNK.UPPER,LA,2022,26.8867931365967
CC.PER.RNK.UPPER,LA,2021,25.7142848968506
CC.PER.RNK.UPPER,LA,2020,24.2857151031494
CC.PER.RNK.UPPER,LA,2019,24.761905670166
CC.PER.RNK.UPPER,LA,2018,26.1904754638672
CC.PER.RNK.UPPER,LA,2017,28.0952377319336
CC.PER.RNK.UPPER,LA,2016,27.619047164917
CC.PER.RNK.UPPER,LA,2015,29.5238094329834
CC.PER.RNK.UPPER,LA,2014,35.0961532592773
CC.PER.RNK.UPPER,LA,2013,29.3838863372803
CC.PER.RNK.UPPER,LA,2012,27.488151550293
CC.PER.RNK.UPPER,LA,2011,18.9573459625244
CC.PER.RNK.UPPER,LA,2010,20
CC.PER.RNK.UPPER,LA,2009,18.1818180084229
CC.PER.RNK.UPPER,LA,2008,19.4174766540527
CC.PER.RNK.UPPER,LA,2007,18.4466018676758
CC.PER.RNK.UPPER,LA,2006,17.5609760284424
CC.PER.RNK.UPPER,LA,2005,18.0487804412842
CC.PER.RNK.UPPER,LA,2004,27.5862064361572
CC.PER.RNK.UPPER,LA,2003,41.2698402404785
CC.PER.RNK.UPPER,LA,2002,51.8518524169922
CC.PER.RNK.UPPER,LA,2001,None
CC.PER.RNK.UPPER,LA,2000,52.6595726013184
CC.PER.RNK.UPPER,LA,1999,None
CC.PER.RNK.UPPER,LA,1998,50.8021392822266
CC.PER.RNK.UPPER,LA,1997,None
CC.PER.RNK.UPPER,LA,1996,50.5376358032227
CC.PER.RNK.UPPER,LA,1995,None
CC.PER.RNK.UPPER,LB,2023,None
CC.PER.RNK.UPPER,LB,2022,21.2264156341553
CC.PER.RNK.UPPER,LB,2021,18.0952377319336
CC.PER.RNK.UPPER,LB,2020,18.5714282989502
CC.PER.RNK.UPPER,LB,2019,17.1428565979004
CC.PER.RNK.UPPER,LB,2018,17.619047164917
CC.PER.RNK.UPPER,LB,2017,21.4285717010498
CC.PER.RNK.UPPER,LB,2016,25.7142848968506
CC.PER.RNK.UPPER,LB,2015,29.5238094329834
CC.PER.RNK.UPPER,LB,2014,23.5576915740967
CC.PER.RNK.UPPER,LB,2013,28.9099521636963
CC.PER.RNK.UPPER,LB,2012,31.2796211242676
CC.PER.RNK.UPPER,LB,2011,28.4360198974609
CC.PER.RNK.UPPER,LB,2010,30
CC.PER.RNK.UPPER,LB,2009,33.4928245544434
CC.PER.RNK.UPPER,LB,2008,33.980583190918
CC.PER.RNK.UPPER,LB,2007,30.0970878601074
CC.PER.RNK.UPPER,LB,2006,27.8048782348633
CC.PER.RNK.UPPER,LB,2005,50.2439041137695
CC.PER.RNK.UPPER,LB,2004,47.7832527160645
CC.PER.RNK.UPPER,LB,2003,47.6190490722656
CC.PER.RNK.UPPER,LB,2002,51.8518524169922
CC.PER.RNK.UPPER,LB,2001,None
CC.PER.RNK.UPPER,LB,2000,54.7872352600098
CC.PER.RNK.UPPER,LB,1999,None
CC.PER.RNK.UPPER,LB,1998,52.9411773681641
CC.PER.RNK.UPPER,LB,1997,None
CC.PER.RNK.UPPER,LB,1996,49.4623641967773
CC.PER.RNK.UPPER,LB,1995,None
CC.PER.RNK.UPPER,LR,2023,None
CC.PER.RNK.UPPER,LR,2022,26.4150943756104
CC.PER.RNK.UPPER,LR,2021,27.619047164917
CC.PER.RNK.UPPER,LR,2020,27.1428565979004
CC.PER.RNK.UPPER,LR,2019,27.1428565979004
CC.PER.RNK.UPPER,LR,2018,28.0952377319336
CC.PER.RNK.UPPER,LR,2017,40.476188659668
CC.PER.RNK.UPPER,LR,2016,35.7142868041992
CC.PER.RNK.UPPER,LR,2015,40.9523811340332
CC.PER.RNK.UPPER,LR,2014,35.0961532592773
CC.PER.RNK.UPPER,LR,2013,37.9146919250488
CC.PER.RNK.UPPER,LR,2012,44.0758285522461
CC.PER.RNK.UPPER,LR,2011,40.7582931518555
CC.PER.RNK.UPPER,LR,2010,47.6190490722656
CC.PER.RNK.UPPER,LR,2009,47.8468894958496
CC.PER.RNK.UPPER,LR,2008,37.8640785217285
CC.PER.RNK.UPPER,LR,2007,54.3689308166504
CC.PER.RNK.UPPER,LR,2006,41.4634132385254
CC.PER.RNK.UPPER,LR,2005,21.463415145874
CC.PER.RNK.UPPER,LR,2004,17.7339897155762
CC.PER.RNK.UPPER,LR,2003,28.0423278808594
CC.PER.RNK.UPPER,LR,2002,37.037036895752
CC.PER.RNK.UPPER,LR,2001,None
CC.PER.RNK.UPPER,LR,2000,36.7021293640137
CC.PER.RNK.UPPER,LR,1999,None
CC.PER.RNK.UPPER,LR,1998,16.0427799224854
CC.PER.RNK.UPPER,LR,1997,None
CC.PER.RNK.UPPER,LR,1996,17.2043018341064
CC.PER.RNK.UPPER,LR,1995,None
CC.PER.RNK.UPPER,LK,2023,None
CC.PER.RNK.UPPER,LK,2022,50.4716987609863
CC.PER.RNK.UPPER,LK,2021,50.476188659668
CC.PER.RNK.UPPER,LK,2020,52.3809509277344
CC.PER.RNK.UPPER,LK,2019,52.8571434020996
CC.PER.RNK.UPPER,LK,2018,52.8571434020996
CC.PER.RNK.UPPER,LK,2017,46.1904754638672
CC.PER.RNK.UPPER,LK,2016,53.3333320617676
CC.PER.RNK.UPPER,LK,2015,52.3809509277344
CC.PER.RNK.UPPER,LK,2014,54.3269233703613
CC.PER.RNK.UPPER,LK,2013,58.2938385009766
CC.PER.RNK.UPPER,LK,2012,58.7677726745605
CC.PER.RNK.UPPER,LK,2011,54.028434753418
CC.PER.RNK.UPPER,LK,2010,53.3333320617676
CC.PER.RNK.UPPER,LK,2009,54.0669860839844
CC.PER.RNK.UPPER,LK,2008,58.737865447998
CC.PER.RNK.UPPER,LK,2007,59.2233009338379
CC.PER.RNK.UPPER,LK,2006,58.5365867614746
CC.PER.RNK.UPPER,LK,2005,54.634147644043
CC.PER.RNK.UPPER,LK,2004,58.6206893920898
CC.PER.RNK.UPPER,LK,2003,58.7301597595215
CC.PER.RNK.UPPER,LK,2002,58.7301597595215
CC.PER.RNK.UPPER,LK,2001,None
CC.PER.RNK.UPPER,LK,2000,60.638298034668
CC.PER.RNK.UPPER,LK,1999,None
CC.PER.RNK.UPPER,LK,1998,62.5668449401855
CC.PER.RNK.UPPER,LK,1997,None
CC.PER.RNK.UPPER,LK,1996,65.0537643432617
CC.PER.RNK.UPPER,LK,1995,None
CC.PER.RNK.UPPER,LS,2023,None
CC.PER.RNK.UPPER,LS,2022,52.3584899902344
CC.PER.RNK.UPPER,LS,2021,50.9523811340332
CC.PER.RNK.UPPER,LS,2020,59.0476188659668
CC.PER.RNK.UPPER,LS,2019,59.0476188659668
CC.PER.RNK.UPPER,LS,2018,59.0476188659668
CC.PER.RNK.UPPER,LS,2017,61.4285697937012
CC.PER.RNK.UPPER,LS,2016,61.4285697937012
CC.PER.RNK.UPPER,LS,2015,63.8095245361328
CC.PER.RNK.UPPER,LS,2014,68.75
CC.PER.RNK.UPPER,LS,2013,70.1421813964844
CC.PER.RNK.UPPER,LS,2012,69.1943130493164
CC.PER.RNK.UPPER,LS,2011,69.6682434082031
CC.PER.RNK.UPPER,LS,2010,70
CC.PER.RNK.UPPER,LS,2009,70.3349304199219
CC.PER.RNK.UPPER,LS,2008,66.019416809082
CC.PER.RNK.UPPER,LS,2007,62.1359214782715
CC.PER.RNK.UPPER,LS,2006,65.8536605834961
CC.PER.RNK.UPPER,LS,2005,67.8048782348633
CC.PER.RNK.UPPER,LS,2004,64.0394058227539
CC.PER.RNK.UPPER,LS,2003,67.1957702636719
CC.PER.RNK.UPPER,LS,2002,67.1957702636719
CC.PER.RNK.UPPER,LS,2001,None
CC.PER.RNK.UPPER,LS,2000,67.5531921386719
CC.PER.RNK.UPPER,LS,1999,None
CC.PER.RNK.UPPER,LS,1998,66.3101577758789
CC.PER.RNK.UPPER,LS,1997,None
CC.PER.RNK.UPPER,LS,1996,73.118278503418
CC.PER.RNK.UPPER,LS,1995,None
CC.PER.RNK.UPPER,MA,2023,None
CC.PER.RNK.UPPER,MA,2022,51.4150924682617
CC.PER.RNK.UPPER,MA,2021,49.523811340332
CC.PER.RNK.UPPER,MA,2020,47.1428565979004
CC.PER.RNK.UPPER,MA,2019,52.8571434020996
CC.PER.RNK.UPPER,MA,2018,54.2857131958008
CC.PER.RNK.UPPER,MA,2017,56.1904754638672
CC.PER.RNK.UPPER,MA,2016,57.6190490722656
CC.PER.RNK.UPPER,MA,2015,55.238094329834
CC.PER.RNK.UPPER,MA,2014,54.3269233703613
CC.PER.RNK.UPPER,MA,2013,52.6066360473633
CC.PER.RNK.UPPER,MA,2012,48.8151664733887
CC.PER.RNK.UPPER,MA,2011,52.6066360473633
CC.PER.RNK.UPPER,MA,2010,60
CC.PER.RNK.UPPER,MA,2009,55.5023918151855
CC.PER.RNK.UPPER,MA,2008,52.9126205444336
CC.PER.RNK.UPPER,MA,2007,53.8834953308105
CC.PER.RNK.UPPER,MA,2006,48.7804870605469
CC.PER.RNK.UPPER,MA,2005,52.1951217651367
CC.PER.RNK.UPPER,MA,2004,56.1576347351074
CC.PER.RNK.UPPER,MA,2003,58.7301597595215
CC.PER.RNK.UPPER,MA,2002,58.201057434082
CC.PER.RNK.UPPER,MA,2001,None
CC.PER.RNK.UPPER,MA,2000,60.638298034668
CC.PER.RNK.UPPER,MA,1999,None
CC.PER.RNK.UPPER,MA,1998,67.914436340332
CC.PER.RNK.UPPER,MA,1997,None
CC.PER.RNK.UPPER,MA,1996,63.440860748291
CC.PER.RNK.UPPER,MA,1995,None
CC.PER.RNK.UPPER,MG,2023,None
CC.PER.RNK.UPPER,MG,2022,24.5283012390137
CC.PER.RNK.UPPER,MG,2021,27.1428565979004
CC.PER.RNK.UPPER,MG,2020,24.2857151031494
CC.PER.RNK.UPPER,MG,2019,23.3333339691162
CC.PER.RNK.UPPER,MG,2018,23.8095245361328
CC.PER.RNK.UPPER,MG,2017,18.0952377319336
CC.PER.RNK.UPPER,MG,2016,26.6666660308838
CC.PER.RNK.UPPER,MG,2015,29.5238094329834
CC.PER.RNK.UPPER,MG,2014,30.2884616851807
CC.PER.RNK.UPPER,MG,2013,35.5450248718262
CC.PER.RNK.UPPER,MG,2012,39.8104248046875
CC.PER.RNK.UPPER,MG,2011,52.1327018737793
CC.PER.RNK.UPPER,MG,2010,52.8571434020996
CC.PER.RNK.UPPER,MG,2009,56.9377975463867
CC.PER.RNK.UPPER,MG,2008,56.7961158752441
CC.PER.RNK.UPPER,MG,2007,58.2524261474609
CC.PER.RNK.UPPER,MG,2006,58.5365867614746
CC.PER.RNK.UPPER,MG,2005,61.9512176513672
CC.PER.RNK.UPPER,MG,2004,55.6650238037109
CC.PER.RNK.UPPER,MG,2003,60.3174591064453
CC.PER.RNK.UPPER,MG,2002,71.9576721191406
CC.PER.RNK.UPPER,MG,2001,None
CC.PER.RNK.UPPER,MG,2000,58.5106391906738
CC.PER.RNK.UPPER,MG,1999,None
CC.PER.RNK.UPPER,MG,1998,53.4759368896484
CC.PER.RNK.UPPER,MG,1997,None
CC.PER.RNK.UPPER,MG,1996,60.7526893615723
CC.PER.RNK.UPPER,MG,1995,None
CC.PER.RNK.UPPER,ML,2023,None
CC.PER.RNK.UPPER,ML,2022,27.8301887512207
CC.PER.RNK.UPPER,ML,2021,29.0476188659668
CC.PER.RNK.UPPER,ML,2020,31.9047622680664
CC.PER.RNK.UPPER,ML,2019,36.1904754638672
CC.PER.RNK.UPPER,ML,2018,37.1428565979004
CC.PER.RNK.UPPER,ML,2017,40.9523811340332
CC.PER.RNK.UPPER,ML,2016,40
CC.PER.RNK.UPPER,ML,2015,39.0476188659668
CC.PER.RNK.UPPER,ML,2014,36.0576934814453
CC.PER.RNK.UPPER,ML,2013,35.5450248718262
CC.PER.RNK.UPPER,ML,2012,32.7014236450195
CC.PER.RNK.UPPER,ML,2011,42.1800956726074
CC.PER.RNK.UPPER,ML,2010,40.9523811340332
CC.PER.RNK.UPPER,ML,2009,40.6698570251465
CC.PER.RNK.UPPER,ML,2008,48.5436897277832
CC.PER.RNK.UPPER,ML,2007,52.4271850585938
CC.PER.RNK.UPPER,ML,2006,48.7804870605469
CC.PER.RNK.UPPER,ML,2005,51.2195129394531
CC.PER.RNK.UPPER,ML,2004,41.8719215393066
CC.PER.RNK.UPPER,ML,2003,42.8571434020996
CC.PER.RNK.UPPER,ML,2002,47.0899467468262
CC.PER.RNK.UPPER,ML,2001,None
CC.PER.RNK.UPPER,ML,2000,45.2127647399902
CC.PER.RNK.UPPER,ML,1999,None
CC.PER.RNK.UPPER,ML,1998,43.3155097961426
CC.PER.RNK.UPPER,ML,1997,None
CC.PER.RNK.UPPER,ML,1996,48.924732208252
CC.PER.RNK.UPPER,ML,1995,None
CC.PER.RNK.UPPER,MM,2023,None
CC.PER.RNK.UPPER,MM,2022,20.7547168731689
CC.PER.RNK.UPPER,MM,2021,24.2857151031494
CC.PER.RNK.UPPER,MM,2020,37.1428565979004
CC.PER.RNK.UPPER,MM,2019,39.0476188659668
CC.PER.RNK.UPPER,MM,2018,41.4285697937012
CC.PER.RNK.UPPER,MM,2017,42.8571434020996
CC.PER.RNK.UPPER,MM,2016,41.4285697937012
CC.PER.RNK.UPPER,MM,2015,30.9523811340332
CC.PER.RNK.UPPER,MM,2014,29.8076915740967
CC.PER.RNK.UPPER,MM,2013,22.748815536499
CC.PER.RNK.UPPER,MM,2012,22.748815536499
CC.PER.RNK.UPPER,MM,2011,4.26540279388428
CC.PER.RNK.UPPER,MM,2010,3.33333325386047
CC.PER.RNK.UPPER,MM,2009,3.82775115966797
CC.PER.RNK.UPPER,MM,2008,4.36893224716187
CC.PER.RNK.UPPER,MM,2007,6.7961163520813
CC.PER.RNK.UPPER,MM,2006,6.82926845550537
CC.PER.RNK.UPPER,MM,2005,10.2439022064209
CC.PER.RNK.UPPER,MM,2004,7.38916254043579
CC.PER.RNK.UPPER,MM,2003,8.99470901489258
CC.PER.RNK.UPPER,MM,2002,20.6349201202393
CC.PER.RNK.UPPER,MM,2001,None
CC.PER.RNK.UPPER,MM,2000,18.6170215606689
CC.PER.RNK.UPPER,MM,1999,None
CC.PER.RNK.UPPER,MM,1998,20.3208560943604
CC.PER.RNK.UPPER,MM,1997,None
CC.PER.RNK.UPPER,MM,1996,14.5161294937134
CC.PER.RNK.UPPER,MM,1995,None
CC.PER.RNK.UPPER,MZ,2023,None
CC.PER.RNK.UPPER,MZ,2022,30.6603775024414
CC.PER.RNK.UPPER,MZ,2021,31.9047622680664
CC.PER.RNK.UPPER,MZ,2020,32.8571434020996
CC.PER.RNK.UPPER,MZ,2019,30.4761905670166
CC.PER.RNK.UPPER,MZ,2018,31.9047622680664
CC.PER.RNK.UPPER,MZ,2017,29.5238094329834
CC.PER.RNK.UPPER,MZ,2016,30.9523811340332
CC.PER.RNK.UPPER,MZ,2015,36.1904754638672
CC.PER.RNK.UPPER,MZ,2014,41.8269233703613
CC.PER.RNK.UPPER,MZ,2013,44.5497627258301
CC.PER.RNK.UPPER,MZ,2012,46.445499420166
CC.PER.RNK.UPPER,MZ,2011,50.7108993530273
CC.PER.RNK.UPPER,MZ,2010,52.8571434020996
CC.PER.RNK.UPPER,MZ,2009,52.6315803527832
CC.PER.RNK.UPPER,MZ,2008,50
CC.PER.RNK.UPPER,MZ,2007,49.5145645141602
CC.PER.RNK.UPPER,MZ,2006,40.9756088256836
CC.PER.RNK.UPPER,MZ,2005,48.2926826477051
CC.PER.RNK.UPPER,MZ,2004,42.8571434020996
CC.PER.RNK.UPPER,MZ,2003,44.9735450744629
CC.PER.RNK.UPPER,MZ,2002,51.3227500915527
CC.PER.RNK.UPPER,MZ,2001,None
CC.PER.RNK.UPPER,MZ,2000,52.6595726013184
CC.PER.RNK.UPPER,MZ,1999,None
CC.PER.RNK.UPPER,MZ,1998,54.5454559326172
CC.PER.RNK.UPPER,MZ,1997,None
CC.PER.RNK.UPPER,MZ,1996,57.5268821716309
CC.PER.RNK.UPPER,MZ,1995,None
CC.PER.RNK.UPPER,MR,2023,None
CC.PER.RNK.UPPER,MR,2022,34.4339637756348
CC.PER.RNK.UPPER,MR,2021,31.9047622680664
CC.PER.RNK.UPPER,MR,2020,32.3809509277344
CC.PER.RNK.UPPER,MR,2019,30.9523811340332
CC.PER.RNK.UPPER,MR,2018,32.8571434020996
CC.PER.RNK.UPPER,MR,2017,38.5714302062988
CC.PER.RNK.UPPER,MR,2016,37.1428565979004
CC.PER.RNK.UPPER,MR,2015,29.0476188659668
CC.PER.RNK.UPPER,MR,2014,29.8076915740967
CC.PER.RNK.UPPER,MR,2013,35.0710906982422
CC.PER.RNK.UPPER,MR,2012,36.9668235778809
CC.PER.RNK.UPPER,MR,2011,43.1279602050781
CC.PER.RNK.UPPER,MR,2010,40
CC.PER.RNK.UPPER,MR,2009,45.4545440673828
CC.PER.RNK.UPPER,MR,2008,36.8932037353516
CC.PER.RNK.UPPER,MR,2007,48.0582542419434
CC.PER.RNK.UPPER,MR,2006,39.0243911743164
CC.PER.RNK.UPPER,MR,2005,51.2195129394531
CC.PER.RNK.UPPER,MR,2004,57.1428565979004
CC.PER.RNK.UPPER,MR,2003,69.8412704467773
CC.PER.RNK.UPPER,MR,2002,71.4285736083984
CC.PER.RNK.UPPER,MR,2001,None
CC.PER.RNK.UPPER,MR,2000,58.5106391906738
CC.PER.RNK.UPPER,MR,1999,None
CC.PER.RNK.UPPER,MR,1998,54.5454559326172
CC.PER.RNK.UPPER,MR,1997,None
CC.PER.RNK.UPPER,MR,1996,57.5268821716309
CC.PER.RNK.UPPER,MR,1995,None
CC.PER.RNK.UPPER,MW,2023,None
CC.PER.RNK.UPPER,MW,2022,40.5660362243652
CC.PER.RNK.UPPER,MW,2021,50.476188659668
CC.PER.RNK.UPPER,MW,2020,47.1428565979004
CC.PER.RNK.UPPER,MW,2019,32.3809509277344
CC.PER.RNK.UPPER,MW,2018,32.8571434020996
CC.PER.RNK.UPPER,MW,2017,40.476188659668
CC.PER.RNK.UPPER,MW,2016,32.8571434020996
CC.PER.RNK.UPPER,MW,2015,33.8095245361328
CC.PER.RNK.UPPER,MW,2014,35.5769233703613
CC.PER.RNK.UPPER,MW,2013,43.1279602050781
CC.PER.RNK.UPPER,MW,2012,49.7630348205566
CC.PER.RNK.UPPER,MW,2011,54.028434753418
CC.PER.RNK.UPPER,MW,2010,52.3809509277344
CC.PER.RNK.UPPER,MW,2009,54.0669860839844
CC.PER.RNK.UPPER,MW,2008,52.9126205444336
CC.PER.RNK.UPPER,MW,2007,51.4563102722168
CC.PER.RNK.UPPER,MW,2006,46.3414649963379
CC.PER.RNK.UPPER,MW,2005,40.9756088256836
CC.PER.RNK.UPPER,MW,2004,34.4827575683594
CC.PER.RNK.UPPER,MW,2003,40.7407417297363
CC.PER.RNK.UPPER,MW,2002,31.7460308074951
CC.PER.RNK.UPPER,MW,2001,None
CC.PER.RNK.UPPER,MW,2000,61.1702117919922
CC.PER.RNK.UPPER,MW,1999,None
CC.PER.RNK.UPPER,MW,1998,58.8235282897949
CC.PER.RNK.UPPER,MW,1997,None
CC.PER.RNK.UPPER,MW,1996,60.7526893615723
CC.PER.RNK.UPPER,MW,1995,None
CC.PER.RNK.UPPER,NE,2023,None
CC.PER.RNK.UPPER,NE,2022,43.3962249755859
CC.PER.RNK.UPPER,NE,2021,43.8095245361328
CC.PER.RNK.UPPER,NE,2020,38.0952377319336
CC.PER.RNK.UPPER,NE,2019,42.8571434020996
CC.PER.RNK.UPPER,NE,2018,41.9047622680664
CC.PER.RNK.UPPER,NE,2017,40.9523811340332
CC.PER.RNK.UPPER,NE,2016,41.4285697937012
CC.PER.RNK.UPPER,NE,2015,41.9047622680664
CC.PER.RNK.UPPER,NE,2014,40.8653831481934
CC.PER.RNK.UPPER,NE,2013,44.5497627258301
CC.PER.RNK.UPPER,NE,2012,44.0758285522461
CC.PER.RNK.UPPER,NE,2011,42.6540298461914
CC.PER.RNK.UPPER,NE,2010,42.8571434020996
CC.PER.RNK.UPPER,NE,2009,47.3684196472168
CC.PER.RNK.UPPER,NE,2008,40.2912635803223
CC.PER.RNK.UPPER,NE,2007,37.8640785217285
CC.PER.RNK.UPPER,NE,2006,35.1219520568848
CC.PER.RNK.UPPER,NE,2005,42.926830291748
CC.PER.RNK.UPPER,NE,2004,34.4827575683594
CC.PER.RNK.UPPER,NE,2003,38.624340057373
CC.PER.RNK.UPPER,NE,2002,38.0952377319336
CC.PER.RNK.UPPER,NE,2001,None
CC.PER.RNK.UPPER,NE,2000,42.5531921386719
CC.PER.RNK.UPPER,NE,1999,None
CC.PER.RNK.UPPER,NE,1998,35.294116973877
CC.PER.RNK.UPPER,NE,1997,None
CC.PER.RNK.UPPER,NE,1996,45.6989250183105
CC.PER.RNK.UPPER,NE,1995,None
CC.PER.RNK.UPPER,NG,2023,None
CC.PER.RNK.UPPER,NG,2022,21.2264156341553
CC.PER.RNK.UPPER,NG,2021,20.9523811340332
CC.PER.RNK.UPPER,NG,2020,20
CC.PER.RNK.UPPER,NG,2019,19.5238094329834
CC.PER.RNK.UPPER,NG,2018,18.0952377319336
CC.PER.RNK.UPPER,NG,2017,18.0952377319336
CC.PER.RNK.UPPER,NG,2016,22.380952835083
CC.PER.RNK.UPPER,NG,2015,20
CC.PER.RNK.UPPER,NG,2014,13.4615383148193
CC.PER.RNK.UPPER,NG,2013,15.6398105621338
CC.PER.RNK.UPPER,NG,2012,18.0094795227051
CC.PER.RNK.UPPER,NG,2011,18.4834117889404
CC.PER.RNK.UPPER,NG,2010,21.4285717010498
CC.PER.RNK.UPPER,NG,2009,22.4880390167236
CC.PER.RNK.UPPER,NG,2008,31.0679607391357
CC.PER.RNK.UPPER,NG,2007,21.8446598052979
CC.PER.RNK.UPPER,NG,2006,20
CC.PER.RNK.UPPER,NG,2005,18.0487804412842
CC.PER.RNK.UPPER,NG,2004,11.822660446167
CC.PER.RNK.UPPER,NG,2003,8.99470901489258
CC.PER.RNK.UPPER,NG,2002,6.34920644760132
CC.PER.RNK.UPPER,NG,2001,None
CC.PER.RNK.UPPER,NG,2000,18.6170215606689
CC.PER.RNK.UPPER,NG,1999,None
CC.PER.RNK.UPPER,NG,1998,28.3422451019287
CC.PER.RNK.UPPER,NG,1997,None
CC.PER.RNK.UPPER,NG,1996,25.8064517974854
CC.PER.RNK.UPPER,NG,1995,None
CC.PER.RNK.UPPER,NI,2023,None
CC.PER.RNK.UPPER,NI,2022,16.9811325073242
CC.PER.RNK.UPPER,NI,2021,17.619047164917
CC.PER.RNK.UPPER,NI,2020,18.5714282989502
CC.PER.RNK.UPPER,NI,2019,24.2857151031494
CC.PER.RNK.UPPER,NI,2018,22.8571434020996
CC.PER.RNK.UPPER,NI,2017,26.6666660308838
CC.PER.RNK.UPPER,NI,2016,30.4761905670166
CC.PER.RNK.UPPER,NI,2015,28.0952377319336
CC.PER.RNK.UPPER,NI,2014,29.8076915740967
CC.PER.RNK.UPPER,NI,2013,36.9668235778809
CC.PER.RNK.UPPER,NI,2012,34.5971565246582
CC.PER.RNK.UPPER,NI,2011,38.8625602722168
CC.PER.RNK.UPPER,NI,2010,38.0952377319336
CC.PER.RNK.UPPER,NI,2009,38.7559814453125
CC.PER.RNK.UPPER,NI,2008,37.8640785217285
CC.PER.RNK.UPPER,NI,2007,36.8932037353516
CC.PER.RNK.UPPER,NI,2006,40.4878044128418
CC.PER.RNK.UPPER,NI,2005,46.3414649963379
CC.PER.RNK.UPPER,NI,2004,51.2315254211426
CC.PER.RNK.UPPER,NI,2003,48.6772499084473
CC.PER.RNK.UPPER,NI,2002,51.3227500915527
CC.PER.RNK.UPPER,NI,2001,None
CC.PER.RNK.UPPER,NI,2000,36.1702117919922
CC.PER.RNK.UPPER,NI,1999,None
CC.PER.RNK.UPPER,NI,1998,34.7593574523926
CC.PER.RNK.UPPER,NI,1997,None
CC.PER.RNK.UPPER,NI,1996,51.075267791748
CC.PER.RNK.UPPER,NI,1995,None
CC.PER.RNK.UPPER,NP,2023,None
CC.PER.RNK.UPPER,NP,2022,47.1698112487793
CC.PER.RNK.UPPER,NP,2021,46.1904754638672
CC.PER.RNK.UPPER,NP,2020,41.9047622680664
CC.PER.RNK.UPPER,NP,2019,37.6190490722656
CC.PER.RNK.UPPER,NP,2018,39.523811340332
CC.PER.RNK.UPPER,NP,2017,38.0952377319336
CC.PER.RNK.UPPER,NP,2016,32.8571434020996
CC.PER.RNK.UPPER,NP,2015,44.761905670166
CC.PER.RNK.UPPER,NP,2014,46.1538467407227
CC.PER.RNK.UPPER,NP,2013,39.8104248046875
CC.PER.RNK.UPPER,NP,2012,34.5971565246582
CC.PER.RNK.UPPER,NP,2011,36.4928894042969
CC.PER.RNK.UPPER,NP,2010,40.9523811340332
CC.PER.RNK.UPPER,NP,2009,40.6698570251465
CC.PER.RNK.UPPER,NP,2008,37.3786392211914
CC.PER.RNK.UPPER,NP,2007,37.8640785217285
CC.PER.RNK.UPPER,NP,2006,41.4634132385254
CC.PER.RNK.UPPER,NP,2005,40.9756088256836
CC.PER.RNK.UPPER,NP,2004,30.5418720245361
CC.PER.RNK.UPPER,NP,2003,53.439151763916
CC.PER.RNK.UPPER,NP,2002,59.2592582702637
CC.PER.RNK.UPPER,NP,2001,None
CC.PER.RNK.UPPER,NP,2000,57.4468078613281
CC.PER.RNK.UPPER,NP,1999,None
CC.PER.RNK.UPPER,NP,1998,53.4759368896484
CC.PER.RNK.UPPER,NP,1997,None
CC.PER.RNK.UPPER,NP,1996,53.7634391784668
CC.PER.RNK.UPPER,NP,1995,None
CC.PER.RNK.UPPER,PK,2023,None
CC.PER.RNK.UPPER,PK,2022,33.0188674926758
CC.PER.RNK.UPPER,PK,2021,32.3809509277344
CC.PER.RNK.UPPER,PK,2020,28.5714282989502
CC.PER.RNK.UPPER,PK,2019,28.5714282989502
CC.PER.RNK.UPPER,PK,2018,31.9047622680664
CC.PER.RNK.UPPER,PK,2017,31.9047622680664
CC.PER.RNK.UPPER,PK,2016,30
CC.PER.RNK.UPPER,PK,2015,31.4285717010498
CC.PER.RNK.UPPER,PK,2014,30.769229888916
CC.PER.RNK.UPPER,PK,2013,26.0663509368896
CC.PER.RNK.UPPER,PK,2012,21.3270149230957
CC.PER.RNK.UPPER,PK,2011,21.3270149230957
CC.PER.RNK.UPPER,PK,2010,20.9523811340332
CC.PER.RNK.UPPER,PK,2009,21.5311012268066
CC.PER.RNK.UPPER,PK,2008,32.0388336181641
CC.PER.RNK.UPPER,PK,2007,34.4660186767578
CC.PER.RNK.UPPER,PK,2006,34.634147644043
CC.PER.RNK.UPPER,PK,2005,22.9268283843994
CC.PER.RNK.UPPER,PK,2004,20.6896553039551
CC.PER.RNK.UPPER,PK,2003,39.1534385681152
CC.PER.RNK.UPPER,PK,2002,34.3915328979492
CC.PER.RNK.UPPER,PK,2001,None
CC.PER.RNK.UPPER,PK,2000,39.8936157226563
CC.PER.RNK.UPPER,PK,1999,None
CC.PER.RNK.UPPER,PK,1998,30.4812831878662
CC.PER.RNK.UPPER,PK,1997,None
CC.PER.RNK.UPPER,PK,1996,25.2688179016113
CC.PER.RNK.UPPER,PK,1995,None
CC.PER.RNK.UPPER,PH,2023,None
CC.PER.RNK.UPPER,PH,2022,44.8113212585449
CC.PER.RNK.UPPER,PH,2021,46.1904754638672
CC.PER.RNK.UPPER,PH,2020,45.238094329834
CC.PER.RNK.UPPER,PH,2019,40.476188659668
CC.PER.RNK.UPPER,PH,2018,41.9047622680664
CC.PER.RNK.UPPER,PH,2017,45.238094329834
CC.PER.RNK.UPPER,PH,2016,45.7142868041992
CC.PER.RNK.UPPER,PH,2015,48.5714302062988
CC.PER.RNK.UPPER,PH,2014,51.4423065185547
CC.PER.RNK.UPPER,PH,2013,54.028434753418
CC.PER.RNK.UPPER,PH,2012,45.497631072998
CC.PER.RNK.UPPER,PH,2011,39.8104248046875
CC.PER.RNK.UPPER,PH,2010,34.2857131958008
CC.PER.RNK.UPPER,PH,2009,33.4928245544434
CC.PER.RNK.UPPER,PH,2008,34.9514579772949
CC.PER.RNK.UPPER,PH,2007,35.4368934631348
CC.PER.RNK.UPPER,PH,2006,29.7560977935791
CC.PER.RNK.UPPER,PH,2005,40.9756088256836
CC.PER.RNK.UPPER,PH,2004,35.9605903625488
CC.PER.RNK.UPPER,PH,2003,43.9153442382813
CC.PER.RNK.UPPER,PH,2002,46.0317459106445
CC.PER.RNK.UPPER,PH,2001,None
CC.PER.RNK.UPPER,PH,2000,46.8085098266602
CC.PER.RNK.UPPER,PH,1999,None
CC.PER.RNK.UPPER,PH,1998,52.9411773681641
CC.PER.RNK.UPPER,PH,1997,None
CC.PER.RNK.UPPER,PH,1996,54.3010749816895
CC.PER.RNK.UPPER,PH,1995,None
CC.PER.RNK.UPPER,PG,2023,None
CC.PER.RNK.UPPER,PG,2022,39.1509437561035
CC.PER.RNK.UPPER,PG,2021,34.761905670166
CC.PER.RNK.UPPER,PG,2020,43.8095245361328
CC.PER.RNK.UPPER,PG,2019,26.1904754638672
CC.PER.RNK.UPPER,PG,2018,29.5238094329834
CC.PER.RNK.UPPER,PG,2017,28.5714282989502
CC.PER.RNK.UPPER,PG,2016,30.4761905670166
CC.PER.RNK.UPPER,PG,2015,28.0952377319336
CC.PER.RNK.UPPER,PG,2014,29.8076915740967
CC.PER.RNK.UPPER,PG,2013,28.9099521636963
CC.PER.RNK.UPPER,PG,2012,29.8578205108643
CC.PER.RNK.UPPER,PG,2011,24.1706161499023
CC.PER.RNK.UPPER,PG,2010,24.2857151031494
CC.PER.RNK.UPPER,PG,2009,19.1387557983398
CC.PER.RNK.UPPER,PG,2008,19.9029121398926
CC.PER.RNK.UPPER,PG,2007,21.8446598052979
CC.PER.RNK.UPPER,PG,2006,21.9512195587158
CC.PER.RNK.UPPER,PG,2005,20.9756088256836
CC.PER.RNK.UPPER,PG,2004,29.5566501617432
CC.PER.RNK.UPPER,PG,2003,40.2116394042969
CC.PER.RNK.UPPER,PG,2002,34.3915328979492
CC.PER.RNK.UPPER,PG,2001,None
CC.PER.RNK.UPPER,PG,2000,45.2127647399902
CC.PER.RNK.UPPER,PG,1999,None
CC.PER.RNK.UPPER,PG,1998,47.0588226318359
CC.PER.RNK.UPPER,PG,1997,None
CC.PER.RNK.UPPER,PG,1996,57.5268821716309
CC.PER.RNK.UPPER,PG,1995,None
CC.PER.RNK.UPPER,KP,2023,None
CC.PER.RNK.UPPER,KP,2022,8.01886749267578
CC.PER.RNK.UPPER,KP,2021,8.09523773193359
CC.PER.RNK.UPPER,KP,2020,6.66666650772095
CC.PER.RNK.UPPER,KP,2019,9.5238094329834
CC.PER.RNK.UPPER,KP,2018,9.0476188659668
CC.PER.RNK.UPPER,KP,2017,10
CC.PER.RNK.UPPER,KP,2016,11.4285717010498
CC.PER.RNK.UPPER,KP,2015,15.2380952835083
CC.PER.RNK.UPPER,KP,2014,15.384614944458
CC.PER.RNK.UPPER,KP,2013,16.1137447357178
CC.PER.RNK.UPPER,KP,2012,17.0616111755371
CC.PER.RNK.UPPER,KP,2011,17.5355453491211
CC.PER.RNK.UPPER,KP,2010,17.1428565979004
CC.PER.RNK.UPPER,KP,2009,18.1818180084229
CC.PER.RNK.UPPER,KP,2008,11.6504850387573
CC.PER.RNK.UPPER,KP,2007,10.6796112060547
CC.PER.RNK.UPPER,KP,2006,13.1707315444946
CC.PER.RNK.UPPER,KP,2005,17.5609760284424
CC.PER.RNK.UPPER,KP,2004,14.2857141494751
CC.PER.RNK.UPPER,KP,2003,13.2275133132935
CC.PER.RNK.UPPER,KP,2002,37.5661392211914
CC.PER.RNK.UPPER,KP,2001,None
CC.PER.RNK.UPPER,KP,2000,28.7234039306641
CC.PER.RNK.UPPER,KP,1999,None
CC.PER.RNK.UPPER,KP,1998,29.4117641448975
CC.PER.RNK.UPPER,KP,1997,None
CC.PER.RNK.UPPER,KP,1996,25.8064517974854
CC.PER.RNK.UPPER,KP,1995,None
CC.PER.RNK.UPPER,PS,2023,None
CC.PER.RNK.UPPER,PS,2022,47.1698112487793
CC.PER.RNK.UPPER,PS,2021,44.2857131958008
CC.PER.RNK.UPPER,PS,2020,45.7142868041992
CC.PER.RNK.UPPER,PS,2019,57.6190490722656
CC.PER.RNK.UPPER,PS,2018,59.523811340332
CC.PER.RNK.UPPER,PS,2017,63.3333320617676
CC.PER.RNK.UPPER,PS,2016,61.4285697937012
CC.PER.RNK.UPPER,PS,2015,54.2857131958008
CC.PER.RNK.UPPER,PS,2014,60.5769233703613
CC.PER.RNK.UPPER,PS,2013,62.0853080749512
CC.PER.RNK.UPPER,PS,2012,61.6113739013672
CC.PER.RNK.UPPER,PS,2011,55.4502372741699
CC.PER.RNK.UPPER,PS,2010,64.2857131958008
CC.PER.RNK.UPPER,PS,2009,66.9856491088867
CC.PER.RNK.UPPER,PS,2008,58.737865447998
CC.PER.RNK.UPPER,PS,2007,69.9029159545898
CC.PER.RNK.UPPER,PS,2006,61.9512176513672
CC.PER.RNK.UPPER,PS,2005,56.0975608825684
CC.PER.RNK.UPPER,PS,2004,70.4433517456055
CC.PER.RNK.UPPER,PS,2003,60.3174591064453
CC.PER.RNK.UPPER,PS,2002,64.5502624511719
CC.PER.RNK.UPPER,PS,2001,None
CC.PER.RNK.UPPER,PS,2000,68.6170196533203
CC.PER.RNK.UPPER,PS,1999,None
CC.PER.RNK.UPPER,PS,1998,70.5882339477539
CC.PER.RNK.UPPER,PS,1997,None
CC.PER.RNK.UPPER,PS,1996,73.118278503418
CC.PER.RNK.UPPER,PS,1995,None
CC.PER.RNK.UPPER,RW,2023,None
CC.PER.RNK.UPPER,RW,2022,79.2452850341797
CC.PER.RNK.UPPER,RW,2021,80
CC.PER.RNK.UPPER,RW,2020,78.5714263916016
CC.PER.RNK.UPPER,RW,2019,78.0952377319336
CC.PER.RNK.UPPER,RW,2018,78.5714263916016
CC.PER.RNK.UPPER,RW,2017,80
CC.PER.RNK.UPPER,RW,2016,79.523811340332
CC.PER.RNK.UPPER,RW,2015,77.6190490722656
CC.PER.RNK.UPPER,RW,2014,81.7307662963867
CC.PER.RNK.UPPER,RW,2013,77.7251205444336
CC.PER.RNK.UPPER,RW,2012,76.7772521972656
CC.PER.RNK.UPPER,RW,2011,72.511848449707
CC.PER.RNK.UPPER,RW,2010,72.3809509277344
CC.PER.RNK.UPPER,RW,2009,69.8564605712891
CC.PER.RNK.UPPER,RW,2008,68.4466018676758
CC.PER.RNK.UPPER,RW,2007,66.9902877807617
CC.PER.RNK.UPPER,RW,2006,59.0243911743164
CC.PER.RNK.UPPER,RW,2005,48.2926826477051
CC.PER.RNK.UPPER,RW,2004,54.1871910095215
CC.PER.RNK.UPPER,RW,2003,53.439151763916
CC.PER.RNK.UPPER,RW,2002,51.8518524169922
CC.PER.RNK.UPPER,RW,2001,None
CC.PER.RNK.UPPER,RW,2000,52.6595726013184
CC.PER.RNK.UPPER,RW,1999,None
CC.PER.RNK.UPPER,RW,1998,50.2673797607422
CC.PER.RNK.UPPER,RW,1997,None
CC.PER.RNK.UPPER,RW,1996,50.5376358032227
CC.PER.RNK.UPPER,RW,1995,None
CC.PER.RNK.UPPER,SD,2023,None
CC.PER.RNK.UPPER,SD,2022,12.7358493804932
CC.PER.RNK.UPPER,SD,2021,16.1904754638672
CC.PER.RNK.UPPER,SD,2020,11.9047622680664
CC.PER.RNK.UPPER,SD,2019,11.9047622680664
CC.PER.RNK.UPPER,SD,2018,10.4761905670166
CC.PER.RNK.UPPER,SD,2017,8.09523773193359
CC.PER.RNK.UPPER,SD,2016,8.09523773193359
CC.PER.RNK.UPPER,SD,2015,10
CC.PER.RNK.UPPER,SD,2014,8.65384578704834
CC.PER.RNK.UPPER,SD,2013,9.47867298126221
CC.PER.RNK.UPPER,SD,2012,8.53080558776855
CC.PER.RNK.UPPER,SD,2011,18.9573459625244
CC.PER.RNK.UPPER,SD,2010,18.5714282989502
CC.PER.RNK.UPPER,SD,2009,21.0526313781738
CC.PER.RNK.UPPER,SD,2008,12.1359224319458
CC.PER.RNK.UPPER,SD,2007,16.019416809082
CC.PER.RNK.UPPER,SD,2006,20
CC.PER.RNK.UPPER,SD,2005,13.1707315444946
CC.PER.RNK.UPPER,SD,2004,19.2118225097656
CC.PER.RNK.UPPER,SD,2003,23.280424118042
CC.PER.RNK.UPPER,SD,2002,31.7460308074951
CC.PER.RNK.UPPER,SD,2001,None
CC.PER.RNK.UPPER,SD,2000,34.5744667053223
CC.PER.RNK.UPPER,SD,1999,None
CC.PER.RNK.UPPER,SD,1998,29.4117641448975
CC.PER.RNK.UPPER,SD,1997,None
CC.PER.RNK.UPPER,SD,1996,25.2688179016113
CC.PER.RNK.UPPER,SD,1995,None
CC.PER.RNK.UPPER,SN,2023,None
CC.PER.RNK.UPPER,SN,2022,59.9056587219238
CC.PER.RNK.UPPER,SN,2021,62.3809509277344
CC.PER.RNK.UPPER,SN,2020,60
CC.PER.RNK.UPPER,SN,2019,60.476188659668
CC.PER.RNK.UPPER,SN,2018,59.523811340332
CC.PER.RNK.UPPER,SN,2017,57.1428565979004
CC.PER.RNK.UPPER,SN,2016,60.9523811340332
CC.PER.RNK.UPPER,SN,2015,62.8571434020996
CC.PER.RNK.UPPER,SN,2014,62.980770111084
CC.PER.RNK.UPPER,SN,2013,58.7677726745605
CC.PER.RNK.UPPER,SN,2012,56.8720397949219
CC.PER.RNK.UPPER,SN,2011,50.2369651794434
CC.PER.RNK.UPPER,SN,2010,42.8571434020996
CC.PER.RNK.UPPER,SN,2009,49.7607650756836
CC.PER.RNK.UPPER,SN,2008,49.5145645141602
CC.PER.RNK.UPPER,SN,2007,49.5145645141602
CC.PER.RNK.UPPER,SN,2006,53.1707305908203
CC.PER.RNK.UPPER,SN,2005,61.9512176513672
CC.PER.RNK.UPPER,SN,2004,65.0246276855469
CC.PER.RNK.UPPER,SN,2003,60.3174591064453
CC.PER.RNK.UPPER,SN,2002,73.0158767700195
CC.PER.RNK.UPPER,SN,2001,None
CC.PER.RNK.UPPER,SN,2000,63.8297882080078
CC.PER.RNK.UPPER,SN,1999,None
CC.PER.RNK.UPPER,SN,1998,61.4973258972168
CC.PER.RNK.UPPER,SN,1997,None
CC.PER.RNK.UPPER,SN,1996,62.9032249450684
CC.PER.RNK.UPPER,SN,1995,None
CC.PER.RNK.UPPER,SB,2023,None
CC.PER.RNK.UPPER,SB,2022,61.3207550048828
CC.PER.RNK.UPPER,SB,2021,61.4285697937012
CC.PER.RNK.UPPER,SB,2020,66.6666641235352
CC.PER.RNK.UPPER,SB,2019,65.2380981445313
CC.PER.RNK.UPPER,SB,2018,65.2380981445313
CC.PER.RNK.UPPER,SB,2017,67.6190490722656
CC.PER.RNK.UPPER,SB,2016,58.0952377319336
CC.PER.RNK.UPPER,SB,2015,58.5714302062988
CC.PER.RNK.UPPER,SB,2014,61.0576934814453
CC.PER.RNK.UPPER,SB,2013,58.2938385009766
CC.PER.RNK.UPPER,SB,2012,59.2417068481445
CC.PER.RNK.UPPER,SB,2011,58.7677726745605
CC.PER.RNK.UPPER,SB,2010,61.4285697937012
CC.PER.RNK.UPPER,SB,2009,62.2009582519531
CC.PER.RNK.UPPER,SB,2008,59.2233009338379
CC.PER.RNK.UPPER,SB,2007,58.2524261474609
CC.PER.RNK.UPPER,SB,2006,62.4390258789063
CC.PER.RNK.UPPER,SB,2005,69.7560958862305
CC.PER.RNK.UPPER,SB,2004,70.4433517456055
CC.PER.RNK.UPPER,SB,2003,80.9523773193359
CC.PER.RNK.UPPER,SB,2002,82.539680480957
CC.PER.RNK.UPPER,SB,2001,None
CC.PER.RNK.UPPER,SB,2000,81.9148941040039
CC.PER.RNK.UPPER,SB,1999,None
CC.PER.RNK.UPPER,SB,1998,81.2834243774414
CC.PER.RNK.UPPER,SB,1997,None
CC.PER.RNK.UPPER,SB,1996,81.1827926635742
CC.PER.RNK.UPPER,SB,1995,None
CC.PER.RNK.UPPER,SL,2023,None
CC.PER.RNK.UPPER,SL,2022,43.8679237365723
CC.PER.RNK.UPPER,SL,2021,48.0952377319336
CC.PER.RNK.UPPER,SL,2020,47.1428565979004
CC.PER.RNK.UPPER,SL,2019,47.1428565979004
CC.PER.RNK.UPPER,SL,2018,43.8095245361328
CC.PER.RNK.UPPER,SL,2017,42.8571434020996
CC.PER.RNK.UPPER,SL,2016,31.9047622680664
CC.PER.RNK.UPPER,SL,2015,32.3809509277344
CC.PER.RNK.UPPER,SL,2014,27.4038467407227
CC.PER.RNK.UPPER,SL,2013,28.4360198974609
CC.PER.RNK.UPPER,SL,2012,27.014217376709
CC.PER.RNK.UPPER,SL,2011,33.6492881774902
CC.PER.RNK.UPPER,SL,2010,38.0952377319336
CC.PER.RNK.UPPER,SL,2009,28.7081336975098
CC.PER.RNK.UPPER,SL,2008,31.0679607391357
CC.PER.RNK.UPPER,SL,2007,33.4951438903809
CC.PER.RNK.UPPER,SL,2006,27.8048782348633
CC.PER.RNK.UPPER,SL,2005,23.4146347045898
CC.PER.RNK.UPPER,SL,2004,34.9753684997559
CC.PER.RNK.UPPER,SL,2003,40.2116394042969
CC.PER.RNK.UPPER,SL,2002,46.0317459106445
CC.PER.RNK.UPPER,SL,2001,None
CC.PER.RNK.UPPER,SL,2000,50
CC.PER.RNK.UPPER,SL,1999,None
CC.PER.RNK.UPPER,SL,1998,49.7326202392578
CC.PER.RNK.UPPER,SL,1997,None
CC.PER.RNK.UPPER,SL,1996,49.4623641967773
CC.PER.RNK.UPPER,SL,1995,None
CC.PER.RNK.UPPER,SO,2023,None
CC.PER.RNK.UPPER,SO,2022,4.24528312683105
CC.PER.RNK.UPPER,SO,2021,4.2857141494751
CC.PER.RNK.UPPER,SO,2020,6.66666650772095
CC.PER.RNK.UPPER,SO,2019,4.7619047164917
CC.PER.RNK.UPPER,SO,2018,3.33333325386047
CC.PER.RNK.UPPER,SO,2017,4.2857141494751
CC.PER.RNK.UPPER,SO,2016,5.7142858505249
CC.PER.RNK.UPPER,SO,2015,5.2380952835083
CC.PER.RNK.UPPER,SO,2014,4.807692527771
CC.PER.RNK.UPPER,SO,2013,6.16113758087158
CC.PER.RNK.UPPER,SO,2012,3.79146909713745
CC.PER.RNK.UPPER,SO,2011,2.36966824531555
CC.PER.RNK.UPPER,SO,2010,1.90476191043854
CC.PER.RNK.UPPER,SO,2009,2.87081336975098
CC.PER.RNK.UPPER,SO,2008,1.94174754619598
CC.PER.RNK.UPPER,SO,2007,3.88349509239197
CC.PER.RNK.UPPER,SO,2006,4.3902440071106
CC.PER.RNK.UPPER,SO,2005,6.34146356582642
CC.PER.RNK.UPPER,SO,2004,3.44827580451965
CC.PER.RNK.UPPER,SO,2003,10.0529098510742
CC.PER.RNK.UPPER,SO,2002,37.037036895752
CC.PER.RNK.UPPER,SO,2001,None
CC.PER.RNK.UPPER,SO,2000,31.9148941040039
CC.PER.RNK.UPPER,SO,1999,None
CC.PER.RNK.UPPER,SO,1998,32.6203193664551
CC.PER.RNK.UPPER,SO,1997,None
CC.PER.RNK.UPPER,SO,1996,26.3440856933594
CC.PER.RNK.UPPER,SO,1995,None
CC.PER.RNK.UPPER,SS,2023,None
CC.PER.RNK.UPPER,SS,2022,4.24528312683105
CC.PER.RNK.UPPER,SS,2021,4.2857141494751
CC.PER.RNK.UPPER,SS,2020,1.90476191043854
CC.PER.RNK.UPPER,SS,2019,3.80952382087708
CC.PER.RNK.UPPER,SS,2018,6.1904764175415
CC.PER.RNK.UPPER,SS,2017,6.1904764175415
CC.PER.RNK.UPPER,SS,2016,5.7142858505249
CC.PER.RNK.UPPER,SS,2015,4.2857141494751
CC.PER.RNK.UPPER,SS,2014,7.692307472229
CC.PER.RNK.UPPER,SS,2013,15.1658763885498
CC.PER.RNK.UPPER,SS,2012,18.4834117889404
CC.PER.RNK.UPPER,SS,2011,39.3364944458008
CC.PER.RNK.UPPER,SS,2010,69.0476226806641
CC.PER.RNK.UPPER,SS,2009,None
CC.PER.RNK.UPPER,SS,2008,None
CC.PER.RNK.UPPER,SS,2007,None
CC.PER.RNK.UPPER,SS,2006,None
CC.PER.RNK.UPPER,SS,2005,None
CC.PER.RNK.UPPER,SS,2004,None
CC.PER.RNK.UPPER,SS,2003,None
CC.PER.RNK.UPPER,SS,2002,None
CC.PER.RNK.UPPER,SS,2001,None
CC.PER.RNK.UPPER,SS,2000,None
CC.PER.RNK.UPPER,SS,1999,None
CC.PER.RNK.UPPER,SS,1998,None
CC.PER.RNK.UPPER,SS,1997,None
CC.PER.RNK.UPPER,SS,1996,None
CC.PER.RNK.UPPER,SS,1995,None
CC.PER.RNK.UPPER,ST,2023,None
CC.PER.RNK.UPPER,ST,2022,72.1698150634766
CC.PER.RNK.UPPER,ST,2021,69.0476226806641
CC.PER.RNK.UPPER,ST,2020,63.8095245361328
CC.PER.RNK.UPPER,ST,2019,66.1904754638672
CC.PER.RNK.UPPER,ST,2018,65.7142868041992
CC.PER.RNK.UPPER,ST,2017,65.7142868041992
CC.PER.RNK.UPPER,ST,2016,61.9047622680664
CC.PER.RNK.UPPER,ST,2015,62.8571434020996
CC.PER.RNK.UPPER,ST,2014,65.3846130371094
CC.PER.RNK.UPPER,ST,2013,62.5592422485352
CC.PER.RNK.UPPER,ST,2012,63.0331764221191
CC.PER.RNK.UPPER,ST,2011,63.0331764221191
CC.PER.RNK.UPPER,ST,2010,61.4285697937012
CC.PER.RNK.UPPER,ST,2009,63.6363639831543
CC.PER.RNK.UPPER,ST,2008,58.737865447998
CC.PER.RNK.UPPER,ST,2007,58.2524261474609
CC.PER.RNK.UPPER,ST,2006,58.5365867614746
CC.PER.RNK.UPPER,ST,2005,52.1951217651367
CC.PER.RNK.UPPER,ST,2004,55.1724128723145
CC.PER.RNK.UPPER,ST,2003,69.8412704467773
CC.PER.RNK.UPPER,ST,2002,77.7777786254883
CC.PER.RNK.UPPER,ST,2001,None
CC.PER.RNK.UPPER,ST,2000,81.3829803466797
CC.PER.RNK.UPPER,ST,1999,None
CC.PER.RNK.UPPER,ST,1998,81.2834243774414
CC.PER.RNK.UPPER,ST,1997,None
CC.PER.RNK.UPPER,ST,1996,81.1827926635742
CC.PER.RNK.UPPER,ST,1995,None
CC.PER.RNK.UPPER,SZ,2023,None
CC.PER.RNK.UPPER,SZ,2022,43.3962249755859
CC.PER.RNK.UPPER,SZ,2021,42.3809509277344
CC.PER.RNK.UPPER,SZ,2020,56.6666679382324
CC.PER.RNK.UPPER,SZ,2019,55.7142868041992
CC.PER.RNK.UPPER,SZ,2018,58.0952377319336
CC.PER.RNK.UPPER,SZ,2017,62.8571434020996
CC.PER.RNK.UPPER,SZ,2016,60
CC.PER.RNK.UPPER,SZ,2015,60
CC.PER.RNK.UPPER,SZ,2014,59.6153831481934
CC.PER.RNK.UPPER,SZ,2013,61.6113739013672
CC.PER.RNK.UPPER,SZ,2012,60.1895751953125
CC.PER.RNK.UPPER,SZ,2011,62.0853080749512
CC.PER.RNK.UPPER,SZ,2010,66.1904754638672
CC.PER.RNK.UPPER,SZ,2009,68.8995208740234
CC.PER.RNK.UPPER,SZ,2008,68.9320373535156
CC.PER.RNK.UPPER,SZ,2007,69.9029159545898
CC.PER.RNK.UPPER,SZ,2006,70.2439041137695
CC.PER.RNK.UPPER,SZ,2005,59.5121955871582
CC.PER.RNK.UPPER,SZ,2004,61.5763549804688
CC.PER.RNK.UPPER,SZ,2003,69.8412704467773
CC.PER.RNK.UPPER,SZ,2002,71.9576721191406
CC.PER.RNK.UPPER,SZ,2001,None
CC.PER.RNK.UPPER,SZ,2000,69.6808547973633
CC.PER.RNK.UPPER,SZ,1999,None
CC.PER.RNK.UPPER,SZ,1998,72.192512512207
CC.PER.RNK.UPPER,SZ,1997,None
CC.PER.RNK.UPPER,SZ,1996,73.118278503418
CC.PER.RNK.UPPER,SZ,1995,None
CC.PER.RNK.UPPER,SY,2023,None
CC.PER.RNK.UPPER,SY,2022,4.71698093414307
CC.PER.RNK.UPPER,SY,2021,4.7619047164917
CC.PER.RNK.UPPER,SY,2020,5.7142858505249
CC.PER.RNK.UPPER,SY,2019,7.61904764175415
CC.PER.RNK.UPPER,SY,2018,8.5714282989502
CC.PER.RNK.UPPER,SY,2017,8.09523773193359
CC.PER.RNK.UPPER,SY,2016,9.0476188659668
CC.PER.RNK.UPPER,SY,2015,7.61904764175415
CC.PER.RNK.UPPER,SY,2014,7.21153831481934
CC.PER.RNK.UPPER,SY,2013,16.1137447357178
CC.PER.RNK.UPPER,SY,2012,18.0094795227051
CC.PER.RNK.UPPER,SY,2011,21.8009471893311
CC.PER.RNK.UPPER,SY,2010,20.9523811340332
CC.PER.RNK.UPPER,SY,2009,23.4449768066406
CC.PER.RNK.UPPER,SY,2008,22.3300971984863
CC.PER.RNK.UPPER,SY,2007,27.6699028015137
CC.PER.RNK.UPPER,SY,2006,30.7317066192627
CC.PER.RNK.UPPER,SY,2005,37.073169708252
CC.PER.RNK.UPPER,SY,2004,34.9753684997559
CC.PER.RNK.UPPER,SY,2003,40.7407417297363
CC.PER.RNK.UPPER,SY,2002,55.5555572509766
CC.PER.RNK.UPPER,SY,2001,None
CC.PER.RNK.UPPER,SY,2000,34.5744667053223
CC.PER.RNK.UPPER,SY,1999,None
CC.PER.RNK.UPPER,SY,1998,35.8288764953613
CC.PER.RNK.UPPER,SY,1997,None
CC.PER.RNK.UPPER,SY,1996,38.7096786499023
CC.PER.RNK.UPPER,SY,1995,None
CC.PER.RNK.UPPER,TD,2023,None
CC.PER.RNK.UPPER,TD,2022,11.3207550048828
CC.PER.RNK.UPPER,TD,2021,10.9523811340332
CC.PER.RNK.UPPER,TD,2020,11.9047622680664
CC.PER.RNK.UPPER,TD,2019,11.9047622680664
CC.PER.RNK.UPPER,TD,2018,11.4285717010498
CC.PER.RNK.UPPER,TD,2017,11.9047622680664
CC.PER.RNK.UPPER,TD,2016,10
CC.PER.RNK.UPPER,TD,2015,11.9047622680664
CC.PER.RNK.UPPER,TD,2014,13.4615383148193
CC.PER.RNK.UPPER,TD,2013,12.3222751617432
CC.PER.RNK.UPPER,TD,2012,15.1658763885498
CC.PER.RNK.UPPER,TD,2011,15.1658763885498
CC.PER.RNK.UPPER,TD,2010,12.380952835083
CC.PER.RNK.UPPER,TD,2009,11.0047845840454
CC.PER.RNK.UPPER,TD,2008,4.36893224716187
CC.PER.RNK.UPPER,TD,2007,11.1650485992432
CC.PER.RNK.UPPER,TD,2006,12.1951217651367
CC.PER.RNK.UPPER,TD,2005,10.2439022064209
CC.PER.RNK.UPPER,TD,2004,11.822660446167
CC.PER.RNK.UPPER,TD,2003,9.5238094329834
CC.PER.RNK.UPPER,TD,2002,31.7460308074951
CC.PER.RNK.UPPER,TD,2001,None
CC.PER.RNK.UPPER,TD,2000,28.7234039306641
CC.PER.RNK.UPPER,TD,1999,None
CC.PER.RNK.UPPER,TD,1998,27.2727279663086
CC.PER.RNK.UPPER,TD,1997,None
CC.PER.RNK.UPPER,TD,1996,25.2688179016113
CC.PER.RNK.UPPER,TD,1995,None
CC.PER.RNK.UPPER,TG,2023,None
CC.PER.RNK.UPPER,TG,2022,39.1509437561035
CC.PER.RNK.UPPER,TG,2021,36.6666679382324
CC.PER.RNK.UPPER,TG,2020,35.238094329834
CC.PER.RNK.UPPER,TG,2019,34.761905670166
CC.PER.RNK.UPPER,TG,2018,34.2857131958008
CC.PER.RNK.UPPER,TG,2017,38.0952377319336
CC.PER.RNK.UPPER,TG,2016,38.0952377319336
CC.PER.RNK.UPPER,TG,2015,37.1428565979004
CC.PER.RNK.UPPER,TG,2014,29.8076915740967
CC.PER.RNK.UPPER,TG,2013,22.748815536499
CC.PER.RNK.UPPER,TG,2012,26.5402851104736
CC.PER.RNK.UPPER,TG,2011,23.222749710083
CC.PER.RNK.UPPER,TG,2010,28.0952377319336
CC.PER.RNK.UPPER,TG,2009,24.8803825378418
CC.PER.RNK.UPPER,TG,2008,29.1262130737305
CC.PER.RNK.UPPER,TG,2007,28.6407775878906
CC.PER.RNK.UPPER,TG,2006,24.8780479431152
CC.PER.RNK.UPPER,TG,2005,35.1219520568848
CC.PER.RNK.UPPER,TG,2004,32.5123138427734
CC.PER.RNK.UPPER,TG,2003,39.6825408935547
CC.PER.RNK.UPPER,TG,2002,47.6190490722656
CC.PER.RNK.UPPER,TG,2001,None
CC.PER.RNK.UPPER,TG,2000,48.9361686706543
CC.PER.RNK.UPPER,TG,1999,None
CC.PER.RNK.UPPER,TG,1998,47.5935821533203
CC.PER.RNK.UPPER,TG,1997,None
CC.PER.RNK.UPPER,TG,1996,46.2365608215332
CC.PER.RNK.UPPER,TG,1995,None
CC.PER.RNK.UPPER,TJ,2023,None
CC.PER.RNK.UPPER,TJ,2022,12.7358493804932
CC.PER.RNK.UPPER,TJ,2021,14.7619047164917
CC.PER.RNK.UPPER,TJ,2020,14.7619047164917
CC.PER.RNK.UPPER,TJ,2019,12.380952835083
CC.PER.RNK.UPPER,TJ,2018,10.9523811340332
CC.PER.RNK.UPPER,TJ,2017,12.380952835083
CC.PER.RNK.UPPER,TJ,2016,17.619047164917
CC.PER.RNK.UPPER,TJ,2015,19.5238094329834
CC.PER.RNK.UPPER,TJ,2014,20.1923084259033
CC.PER.RNK.UPPER,TJ,2013,15.6398105621338
CC.PER.RNK.UPPER,TJ,2012,15.1658763885498
CC.PER.RNK.UPPER,TJ,2011,17.5355453491211
CC.PER.RNK.UPPER,TJ,2010,14.2857141494751
CC.PER.RNK.UPPER,TJ,2009,18.1818180084229
CC.PER.RNK.UPPER,TJ,2008,17.9611644744873
CC.PER.RNK.UPPER,TJ,2007,23.3009700775146
CC.PER.RNK.UPPER,TJ,2006,22.4390239715576
CC.PER.RNK.UPPER,TJ,2005,18.0487804412842
CC.PER.RNK.UPPER,TJ,2004,15.7635469436646
CC.PER.RNK.UPPER,TJ,2003,23.8095245361328
CC.PER.RNK.UPPER,TJ,2002,26.4550266265869
CC.PER.RNK.UPPER,TJ,2001,None
CC.PER.RNK.UPPER,TJ,2000,23.4042549133301
CC.PER.RNK.UPPER,TJ,1999,None
CC.PER.RNK.UPPER,TJ,1998,26.2032089233398
CC.PER.RNK.UPPER,TJ,1997,None
CC.PER.RNK.UPPER,TJ,1996,29.0322589874268
CC.PER.RNK.UPPER,TJ,1995,None
CC.PER.RNK.UPPER,TL,2023,None
CC.PER.RNK.UPPER,TL,2022,58.0188674926758
CC.PER.RNK.UPPER,TL,2021,61.4285697937012
CC.PER.RNK.UPPER,TL,2020,54.761905670166
CC.PER.RNK.UPPER,TL,2019,52.8571434020996
CC.PER.RNK.UPPER,TL,2018,49.523811340332
CC.PER.RNK.UPPER,TL,2017,49.0476188659668
CC.PER.RNK.UPPER,TL,2016,51.9047622680664
CC.PER.RNK.UPPER,TL,2015,51.4285697937012
CC.PER.RNK.UPPER,TL,2014,52.4038467407227
CC.PER.RNK.UPPER,TL,2013,44.5497627258301
CC.PER.RNK.UPPER,TL,2012,42.6540298461914
CC.PER.RNK.UPPER,TL,2011,37.9146919250488
CC.PER.RNK.UPPER,TL,2010,40.9523811340332
CC.PER.RNK.UPPER,TL,2009,37.3205757141113
CC.PER.RNK.UPPER,TL,2008,48.0582542419434
CC.PER.RNK.UPPER,TL,2007,49.5145645141602
CC.PER.RNK.UPPER,TL,2006,48.2926826477051
CC.PER.RNK.UPPER,TL,2005,51.2195129394531
CC.PER.RNK.UPPER,TL,2004,59.6059112548828
CC.PER.RNK.UPPER,TL,2003,65.6084671020508
CC.PER.RNK.UPPER,TL,2002,67.1957702636719
CC.PER.RNK.UPPER,TL,2001,None
CC.PER.RNK.UPPER,TL,2000,None
CC.PER.RNK.UPPER,TL,1999,None
CC.PER.RNK.UPPER,TL,1998,None
CC.PER.RNK.UPPER,TL,1997,None
CC.PER.RNK.UPPER,TL,1996,None
CC.PER.RNK.UPPER,TL,1995,None
CC.PER.RNK.UPPER,TN,2023,None
CC.PER.RNK.UPPER,TN,2022,54.7169799804688
CC.PER.RNK.UPPER,TN,2021,54.761905670166
CC.PER.RNK.UPPER,TN,2020,59.0476188659668
CC.PER.RNK.UPPER,TN,2019,58.5714302062988
CC.PER.RNK.UPPER,TN,2018,58.0952377319336
CC.PER.RNK.UPPER,TN,2017,56.1904754638672
CC.PER.RNK.UPPER,TN,2016,58.0952377319336
CC.PER.RNK.UPPER,TN,2015,60
CC.PER.RNK.UPPER,TN,2014,62.019229888916
CC.PER.RNK.UPPER,TN,2013,62.5592422485352
CC.PER.RNK.UPPER,TN,2012,63.0331764221191
CC.PER.RNK.UPPER,TN,2011,63.9810409545898
CC.PER.RNK.UPPER,TN,2010,61.4285697937012
CC.PER.RNK.UPPER,TN,2009,64.5932998657227
CC.PER.RNK.UPPER,TN,2008,59.7087364196777
CC.PER.RNK.UPPER,TN,2007,60.6796112060547
CC.PER.RNK.UPPER,TN,2006,63.4146347045898
CC.PER.RNK.UPPER,TN,2005,60
CC.PER.RNK.UPPER,TN,2004,67.4876861572266
CC.PER.RNK.UPPER,TN,2003,69.8412704467773
CC.PER.RNK.UPPER,TN,2002,73.0158767700195
CC.PER.RNK.UPPER,TN,2001,None
CC.PER.RNK.UPPER,TN,2000,57.9787216186523
CC.PER.RNK.UPPER,TN,1999,None
CC.PER.RNK.UPPER,TN,1998,53.4759368896484
CC.PER.RNK.UPPER,TN,1997,None
CC.PER.RNK.UPPER,TN,1996,53.2258071899414
CC.PER.RNK.UPPER,TN,1995,None
CC.PER.RNK.UPPER,TZ,2023,None
CC.PER.RNK.UPPER,TZ,2022,51.4150924682617
CC.PER.RNK.UPPER,TZ,2021,49.523811340332
CC.PER.RNK.UPPER,TZ,2020,46.1904754638672
CC.PER.RNK.UPPER,TZ,2019,48.5714302062988
CC.PER.RNK.UPPER,TZ,2018,45.238094329834
CC.PER.RNK.UPPER,TZ,2017,46.1904754638672
CC.PER.RNK.UPPER,TZ,2016,44.761905670166
CC.PER.RNK.UPPER,TZ,2015,37.1428565979004
CC.PER.RNK.UPPER,TZ,2014,35.5769233703613
CC.PER.RNK.UPPER,TZ,2013,35.0710906982422
CC.PER.RNK.UPPER,TZ,2012,34.5971565246582
CC.PER.RNK.UPPER,TZ,2011,43.6018943786621
CC.PER.RNK.UPPER,TZ,2010,47.6190490722656
CC.PER.RNK.UPPER,TZ,2009,52.1531105041504
CC.PER.RNK.UPPER,TZ,2008,53.3980598449707
CC.PER.RNK.UPPER,TZ,2007,55.3398056030273
CC.PER.RNK.UPPER,TZ,2006,57.5609741210938
CC.PER.RNK.UPPER,TZ,2005,46.8292694091797
CC.PER.RNK.UPPER,TZ,2004,46.305419921875
CC.PER.RNK.UPPER,TZ,2003,41.2698402404785
CC.PER.RNK.UPPER,TZ,2002,38.0952377319336
CC.PER.RNK.UPPER,TZ,2001,None
CC.PER.RNK.UPPER,TZ,2000,44.1489372253418
CC.PER.RNK.UPPER,TZ,1999,None
CC.PER.RNK.UPPER,TZ,1998,41.7112312316895
CC.PER.RNK.UPPER,TZ,1997,None
CC.PER.RNK.UPPER,TZ,1996,47.8494606018066
CC.PER.RNK.UPPER,TZ,1995,None
CC.PER.RNK.UPPER,UG,2023,None
CC.PER.RNK.UPPER,UG,2022,23.1132068634033
CC.PER.RNK.UPPER,UG,2021,24.2857151031494
CC.PER.RNK.UPPER,UG,2020,22.380952835083
CC.PER.RNK.UPPER,UG,2019,17.1428565979004
CC.PER.RNK.UPPER,UG,2018,21.9047622680664
CC.PER.RNK.UPPER,UG,2017,18.0952377319336
CC.PER.RNK.UPPER,UG,2016,19.0476188659668
CC.PER.RNK.UPPER,UG,2015,20.9523811340332
CC.PER.RNK.UPPER,UG,2014,20.1923084259033
CC.PER.RNK.UPPER,UG,2013,21.8009471893311
CC.PER.RNK.UPPER,UG,2012,24.6445503234863
CC.PER.RNK.UPPER,UG,2011,24.6445503234863
CC.PER.RNK.UPPER,UG,2010,28.0952377319336
CC.PER.RNK.UPPER,UG,2009,28.7081336975098
CC.PER.RNK.UPPER,UG,2008,33.980583190918
CC.PER.RNK.UPPER,UG,2007,34.4660186767578
CC.PER.RNK.UPPER,UG,2006,36.0975608825684
CC.PER.RNK.UPPER,UG,2005,34.634147644043
CC.PER.RNK.UPPER,UG,2004,34.4827575683594
CC.PER.RNK.UPPER,UG,2003,32.2751312255859
CC.PER.RNK.UPPER,UG,2002,31.7460308074951
CC.PER.RNK.UPPER,UG,2001,None
CC.PER.RNK.UPPER,UG,2000,34.5744667053223
CC.PER.RNK.UPPER,UG,1999,None
CC.PER.RNK.UPPER,UG,1998,34.2245979309082
CC.PER.RNK.UPPER,UG,1997,None
CC.PER.RNK.UPPER,UG,1996,47.3118286132813
CC.PER.RNK.UPPER,UG,1995,None
CC.PER.RNK.UPPER,UZ,2023,None
CC.PER.RNK.UPPER,UZ,2022,34.4339637756348
CC.PER.RNK.UPPER,UZ,2021,31.4285717010498
CC.PER.RNK.UPPER,UZ,2020,22.8571434020996
CC.PER.RNK.UPPER,UZ,2019,24.2857151031494
CC.PER.RNK.UPPER,UZ,2018,21.9047622680664
CC.PER.RNK.UPPER,UZ,2017,16.1904754638672
CC.PER.RNK.UPPER,UZ,2016,14.7619047164917
CC.PER.RNK.UPPER,UZ,2015,13.3333330154419
CC.PER.RNK.UPPER,UZ,2014,15.384614944458
CC.PER.RNK.UPPER,UZ,2013,14.2180099487305
CC.PER.RNK.UPPER,UZ,2012,12.7962083816528
CC.PER.RNK.UPPER,UZ,2011,11.8483409881592
CC.PER.RNK.UPPER,UZ,2010,14.2857141494751
CC.PER.RNK.UPPER,UZ,2009,17.2248802185059
CC.PER.RNK.UPPER,UZ,2008,20.8737869262695
CC.PER.RNK.UPPER,UZ,2007,23.3009700775146
CC.PER.RNK.UPPER,UZ,2006,24.8780479431152
CC.PER.RNK.UPPER,UZ,2005,17.0731716156006
CC.PER.RNK.UPPER,UZ,2004,25.1231517791748
CC.PER.RNK.UPPER,UZ,2003,33.862434387207
CC.PER.RNK.UPPER,UZ,2002,32.8042335510254
CC.PER.RNK.UPPER,UZ,2001,None
CC.PER.RNK.UPPER,UZ,2000,30.8510646820068
CC.PER.RNK.UPPER,UZ,1999,None
CC.PER.RNK.UPPER,UZ,1998,28.3422451019287
CC.PER.RNK.UPPER,UZ,1997,None
CC.PER.RNK.UPPER,UZ,1996,32.2580642700195
CC.PER.RNK.UPPER,UZ,1995,None
CC.PER.RNK.UPPER,VN,2023,None
CC.PER.RNK.UPPER,VN,2022,52.8301887512207
CC.PER.RNK.UPPER,VN,2021,51.9047622680664
CC.PER.RNK.UPPER,VN,2020,48.5714302062988
CC.PER.RNK.UPPER,VN,2019,43.3333320617676
CC.PER.RNK.UPPER,VN,2018,44.2857131958008
CC.PER.RNK.UPPER,VN,2017,42.3809509277344
CC.PER.RNK.UPPER,VN,2016,47.6190490722656
CC.PER.RNK.UPPER,VN,2015,50
CC.PER.RNK.UPPER,VN,2014,51.4423065185547
CC.PER.RNK.UPPER,VN,2013,48.8151664733887
CC.PER.RNK.UPPER,VN,2012,46.445499420166
CC.PER.RNK.UPPER,VN,2011,43.1279602050781
CC.PER.RNK.UPPER,VN,2010,42.8571434020996
CC.PER.RNK.UPPER,VN,2009,48.3253593444824
CC.PER.RNK.UPPER,VN,2008,37.8640785217285
CC.PER.RNK.UPPER,VN,2007,42.2330093383789
CC.PER.RNK.UPPER,VN,2006,37.073169708252
CC.PER.RNK.UPPER,VN,2005,40
CC.PER.RNK.UPPER,VN,2004,35.4679794311523
CC.PER.RNK.UPPER,VN,2003,49.2063484191895
CC.PER.RNK.UPPER,VN,2002,46.0317459106445
CC.PER.RNK.UPPER,VN,2001,None
CC.PER.RNK.UPPER,VN,2000,45.7446823120117
CC.PER.RNK.UPPER,VN,1999,None
CC.PER.RNK.UPPER,VN,1998,50.2673797607422
CC.PER.RNK.UPPER,VN,1997,None
CC.PER.RNK.UPPER,VN,1996,52.1505393981934
CC.PER.RNK.UPPER,VN,1995,None
CC.PER.RNK.UPPER,VU,2023,None
CC.PER.RNK.UPPER,VU,2022,65.0943374633789
CC.PER.RNK.UPPER,VU,2021,62.8571434020996
CC.PER.RNK.UPPER,VU,2020,60
CC.PER.RNK.UPPER,VU,2019,58.5714302062988
CC.PER.RNK.UPPER,VU,2018,60
CC.PER.RNK.UPPER,VU,2017,63.8095245361328
CC.PER.RNK.UPPER,VU,2016,64.2857131958008
CC.PER.RNK.UPPER,VU,2015,63.8095245361328
CC.PER.RNK.UPPER,VU,2014,79.3269195556641
CC.PER.RNK.UPPER,VU,2013,74.407585144043
CC.PER.RNK.UPPER,VU,2012,76.3033142089844
CC.PER.RNK.UPPER,VU,2011,72.511848449707
CC.PER.RNK.UPPER,VU,2010,73.3333358764648
CC.PER.RNK.UPPER,VU,2009,74.6411514282227
CC.PER.RNK.UPPER,VU,2008,77.1844635009766
CC.PER.RNK.UPPER,VU,2007,74.271842956543
CC.PER.RNK.UPPER,VU,2006,73.1707305908203
CC.PER.RNK.UPPER,VU,2005,72.6829299926758
CC.PER.RNK.UPPER,VU,2004,69.4581298828125
CC.PER.RNK.UPPER,VU,2003,82.0105819702148
CC.PER.RNK.UPPER,VU,2002,83.0687866210938
CC.PER.RNK.UPPER,VU,2001,None
CC.PER.RNK.UPPER,VU,2000,82.4468078613281
CC.PER.RNK.UPPER,VU,1999,None
CC.PER.RNK.UPPER,VU,1998,81.2834243774414
CC.PER.RNK.UPPER,VU,1997,None
CC.PER.RNK.UPPER,VU,1996,80.6451644897461
CC.PER.RNK.UPPER,VU,1995,None
CC.PER.RNK.UPPER,WS,2023,None
CC.PER.RNK.UPPER,WS,2022,82.0754699707031
CC.PER.RNK.UPPER,WS,2021,82.8571395874023
CC.PER.RNK.UPPER,WS,2020,85.2380981445313
CC.PER.RNK.UPPER,WS,2019,82.8571395874023
CC.PER.RNK.UPPER,WS,2018,82.8571395874023
CC.PER.RNK.UPPER,WS,2017,86.1904754638672
CC.PER.RNK.UPPER,WS,2016,77.1428604125977
CC.PER.RNK.UPPER,WS,2015,76.6666641235352
CC.PER.RNK.UPPER,WS,2014,78.8461532592773
CC.PER.RNK.UPPER,WS,2013,72.9857788085938
CC.PER.RNK.UPPER,WS,2012,72.511848449707
CC.PER.RNK.UPPER,WS,2011,72.511848449707
CC.PER.RNK.UPPER,WS,2010,72.3809509277344
CC.PER.RNK.UPPER,WS,2009,72.7272720336914
CC.PER.RNK.UPPER,WS,2008,74.271842956543
CC.PER.RNK.UPPER,WS,2007,76.6990280151367
CC.PER.RNK.UPPER,WS,2006,76.5853652954102
CC.PER.RNK.UPPER,WS,2005,72.1951217651367
CC.PER.RNK.UPPER,WS,2004,69.4581298828125
CC.PER.RNK.UPPER,WS,2003,73.0158767700195
CC.PER.RNK.UPPER,WS,2002,74.6031723022461
CC.PER.RNK.UPPER,WS,2001,None
CC.PER.RNK.UPPER,WS,2000,75
CC.PER.RNK.UPPER,WS,1999,None
CC.PER.RNK.UPPER,WS,1998,74.3315505981445
CC.PER.RNK.UPPER,WS,1997,None
CC.PER.RNK.UPPER,WS,1996,76.3440856933594
CC.PER.RNK.UPPER,WS,1995,None
CC.PER.RNK.UPPER,YE,2023,None
CC.PER.RNK.UPPER,YE,2022,6.60377359390259
CC.PER.RNK.UPPER,YE,2021,6.1904764175415
CC.PER.RNK.UPPER,YE,2020,5.2380952835083
CC.PER.RNK.UPPER,YE,2019,4.7619047164917
CC.PER.RNK.UPPER,YE,2018,6.66666650772095
CC.PER.RNK.UPPER,YE,2017,6.66666650772095
CC.PER.RNK.UPPER,YE,2016,5.7142858505249
CC.PER.RNK.UPPER,YE,2015,10
CC.PER.RNK.UPPER,YE,2014,7.21153831481934
CC.PER.RNK.UPPER,YE,2013,16.1137447357178
CC.PER.RNK.UPPER,YE,2012,17.0616111755371
CC.PER.RNK.UPPER,YE,2011,17.5355453491211
CC.PER.RNK.UPPER,YE,2010,18.5714282989502
CC.PER.RNK.UPPER,YE,2009,23.4449768066406
CC.PER.RNK.UPPER,YE,2008,36.4077682495117
CC.PER.RNK.UPPER,YE,2007,36.8932037353516
CC.PER.RNK.UPPER,YE,2006,37.5609741210938
CC.PER.RNK.UPPER,YE,2005,34.1463432312012
CC.PER.RNK.UPPER,YE,2004,26.1083736419678
CC.PER.RNK.UPPER,YE,2003,30.1587295532227
CC.PER.RNK.UPPER,YE,2002,34.3915328979492
CC.PER.RNK.UPPER,YE,2001,None
CC.PER.RNK.UPPER,YE,2000,36.7021293640137
CC.PER.RNK.UPPER,YE,1999,None
CC.PER.RNK.UPPER,YE,1998,34.2245979309082
CC.PER.RNK.UPPER,YE,1997,None
CC.PER.RNK.UPPER,YE,1996,47.3118286132813
CC.PER.RNK.UPPER,YE,1995,None
CC.PER.RNK.UPPER,ZM,2023,None
CC.PER.RNK.UPPER,ZM,2022,45.7547187805176
CC.PER.RNK.UPPER,ZM,2021,33.8095245361328
CC.PER.RNK.UPPER,ZM,2020,33.3333320617676
CC.PER.RNK.UPPER,ZM,2019,37.6190490722656
CC.PER.RNK.UPPER,ZM,2018,38.5714302062988
CC.PER.RNK.UPPER,ZM,2017,43.3333320617676
CC.PER.RNK.UPPER,ZM,2016,49.523811340332
CC.PER.RNK.UPPER,ZM,2015,52.3809509277344
CC.PER.RNK.UPPER,ZM,2014,53.8461532592773
CC.PER.RNK.UPPER,ZM,2013,55.4502372741699
CC.PER.RNK.UPPER,ZM,2012,55.4502372741699
CC.PER.RNK.UPPER,ZM,2011,54.028434753418
CC.PER.RNK.UPPER,ZM,2010,47.6190490722656
CC.PER.RNK.UPPER,ZM,2009,52.1531105041504
CC.PER.RNK.UPPER,ZM,2008,53.3980598449707
CC.PER.RNK.UPPER,ZM,2007,53.3980598449707
CC.PER.RNK.UPPER,ZM,2006,46.3414649963379
CC.PER.RNK.UPPER,ZM,2005,47.8048782348633
CC.PER.RNK.UPPER,ZM,2004,43.3497543334961
CC.PER.RNK.UPPER,ZM,2003,44.9735450744629
CC.PER.RNK.UPPER,ZM,2002,41.2698402404785
CC.PER.RNK.UPPER,ZM,2001,None
CC.PER.RNK.UPPER,ZM,2000,42.0212783813477
CC.PER.RNK.UPPER,ZM,1999,None
