RQ.NO.SRC,AF,2019,9
RQ.NO.SRC,AF,2018,9
RQ.NO.SRC,AF,2017,9
RQ.NO.SRC,AF,2016,9
RQ.NO.SRC,AF,2015,9
RQ.NO.SRC,AF,2014,9
RQ.NO.SRC,AF,2013,9
RQ.NO.SRC,AF,2012,8
RQ.NO.SRC,AF,2011,6
RQ.NO.SRC,AF,2010,6
RQ.NO.SRC,AF,2009,6
RQ.NO.SRC,AF,2008,5
RQ.NO.SRC,AF,2007,4
RQ.NO.SRC,AF,2006,5
RQ.NO.SRC,AF,2005,4
RQ.NO.SRC,AF,2004,4
RQ.NO.SRC,AF,2003,2
RQ.NO.SRC,AF,2002,2
RQ.NO.SRC,AF,2001,None
RQ.NO.SRC,AF,2000,1
RQ.NO.SRC,AF,1999,None
RQ.NO.SRC,AF,1998,1
RQ.NO.SRC,AF,1997,None
RQ.NO.SRC,AF,1996,1
RQ.NO.SRC,AF,1995,None
RQ.NO.SRC,AO,2019,8
RQ.NO.SRC,AO,2018,7
RQ.NO.SRC,AO,2017,7
RQ.NO.SRC,AO,2016,7
RQ.NO.SRC,AO,2015,7
RQ.NO.SRC,AO,2014,8
RQ.NO.SRC,AO,2013,9
RQ.NO.SRC,AO,2012,8
RQ.NO.SRC,AO,2011,9
RQ.NO.SRC,AO,2010,9
RQ.NO.SRC,AO,2009,8
RQ.NO.SRC,AO,2008,7
RQ.NO.SRC,AO,2007,7
RQ.NO.SRC,AO,2006,8
RQ.NO.SRC,AO,2005,7
RQ.NO.SRC,AO,2004,6
RQ.NO.SRC,AO,2003,5
RQ.NO.SRC,AO,2002,4
RQ.NO.SRC,AO,2001,None
RQ.NO.SRC,AO,2000,3
RQ.NO.SRC,AO,1999,None
RQ.NO.SRC,AO,1998,4
RQ.NO.SRC,AO,1997,None
RQ.NO.SRC,AO,1996,4
RQ.NO.SRC,AO,1995,None
RQ.NO.SRC,BI,2019,9
RQ.NO.SRC,BI,2018,9
RQ.NO.SRC,BI,2017,9
RQ.NO.SRC,BI,2016,9
RQ.NO.SRC,BI,2015,9
RQ.NO.SRC,BI,2014,9
RQ.NO.SRC,BI,2013,9
RQ.NO.SRC,BI,2012,9
RQ.NO.SRC,BI,2011,8
RQ.NO.SRC,BI,2010,8
RQ.NO.SRC,BI,2009,8
RQ.NO.SRC,BI,2008,8
RQ.NO.SRC,BI,2007,8
RQ.NO.SRC,BI,2006,8
RQ.NO.SRC,BI,2005,6
RQ.NO.SRC,BI,2004,4
RQ.NO.SRC,BI,2003,2
RQ.NO.SRC,BI,2002,2
RQ.NO.SRC,BI,2001,None
RQ.NO.SRC,BI,2000,1
RQ.NO.SRC,BI,1999,None
RQ.NO.SRC,BI,1998,2
RQ.NO.SRC,BI,1997,None
RQ.NO.SRC,BI,1996,2
RQ.NO.SRC,BI,1995,None
RQ.NO.SRC,BJ,2019,9
RQ.NO.SRC,BJ,2018,9
RQ.NO.SRC,BJ,2017,9
RQ.NO.SRC,BJ,2016,9
RQ.NO.SRC,BJ,2015,9
RQ.NO.SRC,BJ,2014,8
RQ.NO.SRC,BJ,2013,9
RQ.NO.SRC,BJ,2012,9
RQ.NO.SRC,BJ,2011,9
RQ.NO.SRC,BJ,2010,9
RQ.NO.SRC,BJ,2009,9
RQ.NO.SRC,BJ,2008,9
RQ.NO.SRC,BJ,2007,9
RQ.NO.SRC,BJ,2006,9
RQ.NO.SRC,BJ,2005,7
RQ.NO.SRC,BJ,2004,5
RQ.NO.SRC,BJ,2003,3
RQ.NO.SRC,BJ,2002,3
RQ.NO.SRC,BJ,2001,None
RQ.NO.SRC,BJ,2000,2
RQ.NO.SRC,BJ,1999,None
RQ.NO.SRC,BJ,1998,2
RQ.NO.SRC,BJ,1997,None
RQ.NO.SRC,BJ,1996,2
RQ.NO.SRC,BJ,1995,None
RQ.NO.SRC,BF,2019,11
RQ.NO.SRC,BF,2018,10
RQ.NO.SRC,BF,2017,10
RQ.NO.SRC,BF,2016,10
RQ.NO.SRC,BF,2015,10
RQ.NO.SRC,BF,2014,11
RQ.NO.SRC,BF,2013,11
RQ.NO.SRC,BF,2012,11
RQ.NO.SRC,BF,2011,10
RQ.NO.SRC,BF,2010,10
RQ.NO.SRC,BF,2009,10
RQ.NO.SRC,BF,2008,10
RQ.NO.SRC,BF,2007,10
RQ.NO.SRC,BF,2006,10
RQ.NO.SRC,BF,2005,7
RQ.NO.SRC,BF,2004,6
RQ.NO.SRC,BF,2003,4
RQ.NO.SRC,BF,2002,4
RQ.NO.SRC,BF,2001,None
RQ.NO.SRC,BF,2000,3
RQ.NO.SRC,BF,1999,None
RQ.NO.SRC,BF,1998,3
RQ.NO.SRC,BF,1997,None
RQ.NO.SRC,BF,1996,3
RQ.NO.SRC,BF,1995,None
RQ.NO.SRC,BD,2019,11
RQ.NO.SRC,BD,2018,11
RQ.NO.SRC,BD,2017,11
RQ.NO.SRC,BD,2016,11
RQ.NO.SRC,BD,2015,11
RQ.NO.SRC,BD,2014,11
RQ.NO.SRC,BD,2013,11
RQ.NO.SRC,BD,2012,11
RQ.NO.SRC,BD,2011,11
RQ.NO.SRC,BD,2010,10
RQ.NO.SRC,BD,2009,10
RQ.NO.SRC,BD,2008,10
RQ.NO.SRC,BD,2007,10
RQ.NO.SRC,BD,2006,10
RQ.NO.SRC,BD,2005,9
RQ.NO.SRC,BD,2004,7
RQ.NO.SRC,BD,2003,6
RQ.NO.SRC,BD,2002,6
RQ.NO.SRC,BD,2001,None
RQ.NO.SRC,BD,2000,5
RQ.NO.SRC,BD,1999,None
RQ.NO.SRC,BD,1998,4
RQ.NO.SRC,BD,1997,None
RQ.NO.SRC,BD,1996,4
RQ.NO.SRC,BD,1995,None
RQ.NO.SRC,BO,2019,9
RQ.NO.SRC,BO,2018,8
RQ.NO.SRC,BO,2017,8
RQ.NO.SRC,BO,2016,9
RQ.NO.SRC,BO,2015,10
RQ.NO.SRC,BO,2014,10
RQ.NO.SRC,BO,2013,10
RQ.NO.SRC,BO,2012,10
RQ.NO.SRC,BO,2011,10
RQ.NO.SRC,BO,2010,9
RQ.NO.SRC,BO,2009,9
RQ.NO.SRC,BO,2008,9
RQ.NO.SRC,BO,2007,9
RQ.NO.SRC,BO,2006,9
RQ.NO.SRC,BO,2005,8
RQ.NO.SRC,BO,2004,7
RQ.NO.SRC,BO,2003,6
RQ.NO.SRC,BO,2002,6
RQ.NO.SRC,BO,2001,None
RQ.NO.SRC,BO,2000,5
RQ.NO.SRC,BO,1999,None
RQ.NO.SRC,BO,1998,4
RQ.NO.SRC,BO,1997,None
RQ.NO.SRC,BO,1996,4
RQ.NO.SRC,BO,1995,None
RQ.NO.SRC,BT,2019,6
RQ.NO.SRC,BT,2018,6
RQ.NO.SRC,BT,2017,7
RQ.NO.SRC,BT,2016,8
RQ.NO.SRC,BT,2015,8
RQ.NO.SRC,BT,2014,8
RQ.NO.SRC,BT,2013,8
RQ.NO.SRC,BT,2012,7
RQ.NO.SRC,BT,2011,7
RQ.NO.SRC,BT,2010,7
RQ.NO.SRC,BT,2009,7
RQ.NO.SRC,BT,2008,6
RQ.NO.SRC,BT,2007,5
RQ.NO.SRC,BT,2006,5
RQ.NO.SRC,BT,2005,5
RQ.NO.SRC,BT,2004,2
RQ.NO.SRC,BT,2003,1
RQ.NO.SRC,BT,2002,1
RQ.NO.SRC,BT,2001,None
RQ.NO.SRC,BT,2000,1
RQ.NO.SRC,BT,1999,None
RQ.NO.SRC,BT,1998,1
RQ.NO.SRC,BT,1997,None
RQ.NO.SRC,BT,1996,1
RQ.NO.SRC,BT,1995,None
RQ.NO.SRC,CF,2019,8
RQ.NO.SRC,CF,2018,8
RQ.NO.SRC,CF,2017,8
RQ.NO.SRC,CF,2016,8
RQ.NO.SRC,CF,2015,8
RQ.NO.SRC,CF,2014,8
RQ.NO.SRC,CF,2013,8
RQ.NO.SRC,CF,2012,8
RQ.NO.SRC,CF,2011,8
RQ.NO.SRC,CF,2010,8
RQ.NO.SRC,CF,2009,8
RQ.NO.SRC,CF,2008,5
RQ.NO.SRC,CF,2007,6
RQ.NO.SRC,CF,2006,6
RQ.NO.SRC,CF,2005,6
RQ.NO.SRC,CF,2004,5
RQ.NO.SRC,CF,2003,3
RQ.NO.SRC,CF,2002,3
RQ.NO.SRC,CF,2001,None
RQ.NO.SRC,CF,2000,1
RQ.NO.SRC,CF,1999,None
RQ.NO.SRC,CF,1998,1
RQ.NO.SRC,CF,1997,None
RQ.NO.SRC,CF,1996,1
RQ.NO.SRC,CF,1995,None
RQ.NO.SRC,CI,2019,11
RQ.NO.SRC,CI,2018,10
RQ.NO.SRC,CI,2017,10
RQ.NO.SRC,CI,2016,11
RQ.NO.SRC,CI,2015,11
RQ.NO.SRC,CI,2014,11
RQ.NO.SRC,CI,2013,11
RQ.NO.SRC,CI,2012,11
RQ.NO.SRC,CI,2011,10
RQ.NO.SRC,CI,2010,10
RQ.NO.SRC,CI,2009,10
RQ.NO.SRC,CI,2008,10
RQ.NO.SRC,CI,2007,8
RQ.NO.SRC,CI,2006,9
RQ.NO.SRC,CI,2005,8
RQ.NO.SRC,CI,2004,7
RQ.NO.SRC,CI,2003,5
RQ.NO.SRC,CI,2002,5
RQ.NO.SRC,CI,2001,None
RQ.NO.SRC,CI,2000,4
RQ.NO.SRC,CI,1999,None
RQ.NO.SRC,CI,1998,4
RQ.NO.SRC,CI,1997,None
RQ.NO.SRC,CI,1996,4
RQ.NO.SRC,CI,1995,None
RQ.NO.SRC,CM,2019,11
RQ.NO.SRC,CM,2018,11
RQ.NO.SRC,CM,2017,11
RQ.NO.SRC,CM,2016,11
RQ.NO.SRC,CM,2015,11
RQ.NO.SRC,CM,2014,11
RQ.NO.SRC,CM,2013,11
RQ.NO.SRC,CM,2012,11
RQ.NO.SRC,CM,2011,11
RQ.NO.SRC,CM,2010,10
RQ.NO.SRC,CM,2009,10
RQ.NO.SRC,CM,2008,10
RQ.NO.SRC,CM,2007,10
RQ.NO.SRC,CM,2006,10
RQ.NO.SRC,CM,2005,9
RQ.NO.SRC,CM,2004,7
RQ.NO.SRC,CM,2003,6
RQ.NO.SRC,CM,2002,5
RQ.NO.SRC,CM,2001,None
RQ.NO.SRC,CM,2000,4
RQ.NO.SRC,CM,1999,None
RQ.NO.SRC,CM,1998,4
RQ.NO.SRC,CM,1997,None
RQ.NO.SRC,CM,1996,4
RQ.NO.SRC,CM,1995,None
RQ.NO.SRC,CD,2019,9
RQ.NO.SRC,CD,2018,9
RQ.NO.SRC,CD,2017,9
RQ.NO.SRC,CD,2016,9
RQ.NO.SRC,CD,2015,9
RQ.NO.SRC,CD,2014,9
RQ.NO.SRC,CD,2013,9
RQ.NO.SRC,CD,2012,9
RQ.NO.SRC,CD,2011,9
RQ.NO.SRC,CD,2010,9
RQ.NO.SRC,CD,2009,9
RQ.NO.SRC,CD,2008,7
RQ.NO.SRC,CD,2007,6
RQ.NO.SRC,CD,2006,6
RQ.NO.SRC,CD,2005,7
RQ.NO.SRC,CD,2004,6
RQ.NO.SRC,CD,2003,3
RQ.NO.SRC,CD,2002,3
RQ.NO.SRC,CD,2001,None
RQ.NO.SRC,CD,2000,2
RQ.NO.SRC,CD,1999,None
RQ.NO.SRC,CD,1998,3
RQ.NO.SRC,CD,1997,None
RQ.NO.SRC,CD,1996,3
RQ.NO.SRC,CD,1995,None
RQ.NO.SRC,CG,2019,8
RQ.NO.SRC,CG,2018,8
RQ.NO.SRC,CG,2017,8
RQ.NO.SRC,CG,2016,8
RQ.NO.SRC,CG,2015,8
RQ.NO.SRC,CG,2014,9
RQ.NO.SRC,CG,2013,9
RQ.NO.SRC,CG,2012,9
RQ.NO.SRC,CG,2011,9
RQ.NO.SRC,CG,2010,9
RQ.NO.SRC,CG,2009,9
RQ.NO.SRC,CG,2008,8
RQ.NO.SRC,CG,2007,8
RQ.NO.SRC,CG,2006,8
RQ.NO.SRC,CG,2005,8
RQ.NO.SRC,CG,2004,5
RQ.NO.SRC,CG,2003,3
RQ.NO.SRC,CG,2002,3
RQ.NO.SRC,CG,2001,None
RQ.NO.SRC,CG,2000,3
RQ.NO.SRC,CG,1999,None
RQ.NO.SRC,CG,1998,3
RQ.NO.SRC,CG,1997,None
RQ.NO.SRC,CG,1996,3
RQ.NO.SRC,CG,1995,None
RQ.NO.SRC,KM,2019,6
RQ.NO.SRC,KM,2018,6
RQ.NO.SRC,KM,2017,6
RQ.NO.SRC,KM,2016,6
RQ.NO.SRC,KM,2015,5
RQ.NO.SRC,KM,2014,5
RQ.NO.SRC,KM,2013,5
RQ.NO.SRC,KM,2012,5
RQ.NO.SRC,KM,2011,5
RQ.NO.SRC,KM,2010,5
RQ.NO.SRC,KM,2009,5
RQ.NO.SRC,KM,2008,5
RQ.NO.SRC,KM,2007,4
RQ.NO.SRC,KM,2006,4
RQ.NO.SRC,KM,2005,4
RQ.NO.SRC,KM,2004,3
RQ.NO.SRC,KM,2003,1
RQ.NO.SRC,KM,2002,1
RQ.NO.SRC,KM,2001,None
RQ.NO.SRC,KM,2000,1
RQ.NO.SRC,KM,1999,None
RQ.NO.SRC,KM,1998,1
RQ.NO.SRC,KM,1997,None
RQ.NO.SRC,KM,1996,1
RQ.NO.SRC,KM,1995,None
RQ.NO.SRC,CV,2019,6
RQ.NO.SRC,CV,2018,6
RQ.NO.SRC,CV,2017,6
RQ.NO.SRC,CV,2016,6
RQ.NO.SRC,CV,2015,6
RQ.NO.SRC,CV,2014,7
RQ.NO.SRC,CV,2013,7
RQ.NO.SRC,CV,2012,7
RQ.NO.SRC,CV,2011,7
RQ.NO.SRC,CV,2010,7
RQ.NO.SRC,CV,2009,6
RQ.NO.SRC,CV,2008,6
RQ.NO.SRC,CV,2007,6
RQ.NO.SRC,CV,2006,6
RQ.NO.SRC,CV,2005,5
RQ.NO.SRC,CV,2004,4
RQ.NO.SRC,CV,2003,2
RQ.NO.SRC,CV,2002,2
RQ.NO.SRC,CV,2001,None
RQ.NO.SRC,CV,2000,1
RQ.NO.SRC,CV,1999,None
RQ.NO.SRC,CV,1998,1
RQ.NO.SRC,CV,1997,None
RQ.NO.SRC,CV,1996,1
RQ.NO.SRC,CV,1995,None
RQ.NO.SRC,DJ,2019,7
RQ.NO.SRC,DJ,2018,7
RQ.NO.SRC,DJ,2017,6
RQ.NO.SRC,DJ,2016,6
RQ.NO.SRC,DJ,2015,6
RQ.NO.SRC,DJ,2014,6
RQ.NO.SRC,DJ,2013,6
RQ.NO.SRC,DJ,2012,6
RQ.NO.SRC,DJ,2011,6
RQ.NO.SRC,DJ,2010,6
RQ.NO.SRC,DJ,2009,6
RQ.NO.SRC,DJ,2008,5
RQ.NO.SRC,DJ,2007,5
RQ.NO.SRC,DJ,2006,5
RQ.NO.SRC,DJ,2005,5
RQ.NO.SRC,DJ,2004,4
RQ.NO.SRC,DJ,2003,2
RQ.NO.SRC,DJ,2002,2
RQ.NO.SRC,DJ,2001,None
RQ.NO.SRC,DJ,2000,2
RQ.NO.SRC,DJ,1999,None
RQ.NO.SRC,DJ,1998,2
RQ.NO.SRC,DJ,1997,None
RQ.NO.SRC,DJ,1996,2
RQ.NO.SRC,DJ,1995,None
RQ.NO.SRC,EG,2019,9
RQ.NO.SRC,EG,2018,9
RQ.NO.SRC,EG,2017,9
RQ.NO.SRC,EG,2016,9
RQ.NO.SRC,EG,2015,10
RQ.NO.SRC,EG,2014,10
RQ.NO.SRC,EG,2013,10
RQ.NO.SRC,EG,2012,10
RQ.NO.SRC,EG,2011,8
RQ.NO.SRC,EG,2010,8
RQ.NO.SRC,EG,2009,8
RQ.NO.SRC,EG,2008,8
RQ.NO.SRC,EG,2007,8
RQ.NO.SRC,EG,2006,8
RQ.NO.SRC,EG,2005,7
RQ.NO.SRC,EG,2004,7
RQ.NO.SRC,EG,2003,6
RQ.NO.SRC,EG,2002,6
RQ.NO.SRC,EG,2001,None
RQ.NO.SRC,EG,2000,5
RQ.NO.SRC,EG,1999,None
RQ.NO.SRC,EG,1998,5
RQ.NO.SRC,EG,1997,None
RQ.NO.SRC,EG,1996,5
RQ.NO.SRC,EG,1995,None
RQ.NO.SRC,ER,2019,8
RQ.NO.SRC,ER,2018,8
RQ.NO.SRC,ER,2017,8
RQ.NO.SRC,ER,2016,8
RQ.NO.SRC,ER,2015,7
RQ.NO.SRC,ER,2014,6
RQ.NO.SRC,ER,2013,7
RQ.NO.SRC,ER,2012,7
RQ.NO.SRC,ER,2011,7
RQ.NO.SRC,ER,2010,7
RQ.NO.SRC,ER,2009,7
RQ.NO.SRC,ER,2008,7
RQ.NO.SRC,ER,2007,6
RQ.NO.SRC,ER,2006,6
RQ.NO.SRC,ER,2005,5
RQ.NO.SRC,ER,2004,4
RQ.NO.SRC,ER,2003,2
RQ.NO.SRC,ER,2002,2
RQ.NO.SRC,ER,2001,None
RQ.NO.SRC,ER,2000,1
RQ.NO.SRC,ER,1999,None
RQ.NO.SRC,ER,1998,1
RQ.NO.SRC,ER,1997,None
RQ.NO.SRC,ER,1996,1
RQ.NO.SRC,ER,1995,None
RQ.NO.SRC,ET,2019,11
RQ.NO.SRC,ET,2018,11
RQ.NO.SRC,ET,2017,11
RQ.NO.SRC,ET,2016,11
RQ.NO.SRC,ET,2015,11
RQ.NO.SRC,ET,2014,11
RQ.NO.SRC,ET,2013,11
RQ.NO.SRC,ET,2012,11
RQ.NO.SRC,ET,2011,11
RQ.NO.SRC,ET,2010,10
RQ.NO.SRC,ET,2009,10
RQ.NO.SRC,ET,2008,10
RQ.NO.SRC,ET,2007,10
RQ.NO.SRC,ET,2006,10
RQ.NO.SRC,ET,2005,9
RQ.NO.SRC,ET,2004,8
RQ.NO.SRC,ET,2003,6
RQ.NO.SRC,ET,2002,5
RQ.NO.SRC,ET,2001,None
RQ.NO.SRC,ET,2000,4
RQ.NO.SRC,ET,1999,None
RQ.NO.SRC,ET,1998,4
RQ.NO.SRC,ET,1997,None
RQ.NO.SRC,ET,1996,4
RQ.NO.SRC,ET,1995,None
RQ.NO.SRC,FM,2019,4
RQ.NO.SRC,FM,2018,4
RQ.NO.SRC,FM,2017,4
RQ.NO.SRC,FM,2016,4
RQ.NO.SRC,FM,2015,4
RQ.NO.SRC,FM,2014,4
RQ.NO.SRC,FM,2013,4
RQ.NO.SRC,FM,2012,4
RQ.NO.SRC,FM,2011,4
RQ.NO.SRC,FM,2010,3
RQ.NO.SRC,FM,2009,3
RQ.NO.SRC,FM,2008,3
RQ.NO.SRC,FM,2007,2
RQ.NO.SRC,FM,2006,2
RQ.NO.SRC,FM,2005,2
RQ.NO.SRC,FM,2004,1
RQ.NO.SRC,FM,2003,None
RQ.NO.SRC,FM,2002,None
RQ.NO.SRC,FM,2001,None
RQ.NO.SRC,FM,2000,None
RQ.NO.SRC,FM,1999,None
RQ.NO.SRC,FM,1998,None
RQ.NO.SRC,FM,1997,None
RQ.NO.SRC,FM,1996,None
RQ.NO.SRC,FM,1995,None
RQ.NO.SRC,GH,2019,11
RQ.NO.SRC,GH,2018,11
RQ.NO.SRC,GH,2017,11
RQ.NO.SRC,GH,2016,11
RQ.NO.SRC,GH,2015,11
RQ.NO.SRC,GH,2014,11
RQ.NO.SRC,GH,2013,11
RQ.NO.SRC,GH,2012,11
RQ.NO.SRC,GH,2011,11
RQ.NO.SRC,GH,2010,10
RQ.NO.SRC,GH,2009,10
RQ.NO.SRC,GH,2008,10
RQ.NO.SRC,GH,2007,9
RQ.NO.SRC,GH,2006,9
RQ.NO.SRC,GH,2005,9
RQ.NO.SRC,GH,2004,8
RQ.NO.SRC,GH,2003,6
RQ.NO.SRC,GH,2002,5
RQ.NO.SRC,GH,2001,None
RQ.NO.SRC,GH,2000,4
RQ.NO.SRC,GH,1999,None
RQ.NO.SRC,GH,1998,4
RQ.NO.SRC,GH,1997,None
RQ.NO.SRC,GH,1996,4
RQ.NO.SRC,GH,1995,None
RQ.NO.SRC,GN,2019,10
RQ.NO.SRC,GN,2018,10
RQ.NO.SRC,GN,2017,10
RQ.NO.SRC,GN,2016,9
RQ.NO.SRC,GN,2015,10
RQ.NO.SRC,GN,2014,10
RQ.NO.SRC,GN,2013,10
RQ.NO.SRC,GN,2012,10
RQ.NO.SRC,GN,2011,8
RQ.NO.SRC,GN,2010,8
RQ.NO.SRC,GN,2009,8
RQ.NO.SRC,GN,2008,8
RQ.NO.SRC,GN,2007,8
RQ.NO.SRC,GN,2006,8
RQ.NO.SRC,GN,2005,7
RQ.NO.SRC,GN,2004,6
RQ.NO.SRC,GN,2003,4
RQ.NO.SRC,GN,2002,4
RQ.NO.SRC,GN,2001,None
RQ.NO.SRC,GN,2000,3
RQ.NO.SRC,GN,1999,None
RQ.NO.SRC,GN,1998,3
RQ.NO.SRC,GN,1997,None
RQ.NO.SRC,GN,1996,3
RQ.NO.SRC,GN,1995,None
RQ.NO.SRC,GM,2019,9
RQ.NO.SRC,GM,2018,9
RQ.NO.SRC,GM,2017,8
RQ.NO.SRC,GM,2016,8
RQ.NO.SRC,GM,2015,8
RQ.NO.SRC,GM,2014,8
RQ.NO.SRC,GM,2013,8
RQ.NO.SRC,GM,2012,8
RQ.NO.SRC,GM,2011,8
RQ.NO.SRC,GM,2010,8
RQ.NO.SRC,GM,2009,8
RQ.NO.SRC,GM,2008,8
RQ.NO.SRC,GM,2007,8
RQ.NO.SRC,GM,2006,8
RQ.NO.SRC,GM,2005,7
RQ.NO.SRC,GM,2004,6
RQ.NO.SRC,GM,2003,4
RQ.NO.SRC,GM,2002,3
RQ.NO.SRC,GM,2001,None
RQ.NO.SRC,GM,2000,3
RQ.NO.SRC,GM,1999,None
RQ.NO.SRC,GM,1998,3
RQ.NO.SRC,GM,1997,None
RQ.NO.SRC,GM,1996,3
RQ.NO.SRC,GM,1995,None
RQ.NO.SRC,GW,2019,7
RQ.NO.SRC,GW,2018,7
RQ.NO.SRC,GW,2017,6
RQ.NO.SRC,GW,2016,6
RQ.NO.SRC,GW,2015,6
RQ.NO.SRC,GW,2014,6
RQ.NO.SRC,GW,2013,6
RQ.NO.SRC,GW,2012,6
RQ.NO.SRC,GW,2011,6
RQ.NO.SRC,GW,2010,6
RQ.NO.SRC,GW,2009,6
RQ.NO.SRC,GW,2008,6
RQ.NO.SRC,GW,2007,6
RQ.NO.SRC,GW,2006,6
RQ.NO.SRC,GW,2005,6
RQ.NO.SRC,GW,2004,5
RQ.NO.SRC,GW,2003,3
RQ.NO.SRC,GW,2002,3
RQ.NO.SRC,GW,2001,None
RQ.NO.SRC,GW,2000,3
RQ.NO.SRC,GW,1999,None
RQ.NO.SRC,GW,1998,3
RQ.NO.SRC,GW,1997,None
RQ.NO.SRC,GW,1996,2
RQ.NO.SRC,GW,1995,None
RQ.NO.SRC,HN,2019,9
RQ.NO.SRC,HN,2018,10
RQ.NO.SRC,HN,2017,10
RQ.NO.SRC,HN,2016,10
RQ.NO.SRC,HN,2015,10
RQ.NO.SRC,HN,2014,10
RQ.NO.SRC,HN,2013,9
RQ.NO.SRC,HN,2012,9
RQ.NO.SRC,HN,2011,9
RQ.NO.SRC,HN,2010,9
RQ.NO.SRC,HN,2009,9
RQ.NO.SRC,HN,2008,8
RQ.NO.SRC,HN,2007,8
RQ.NO.SRC,HN,2006,8
RQ.NO.SRC,HN,2005,8
RQ.NO.SRC,HN,2004,7
RQ.NO.SRC,HN,2003,6
RQ.NO.SRC,HN,2002,6
RQ.NO.SRC,HN,2001,None
RQ.NO.SRC,HN,2000,5
RQ.NO.SRC,HN,1999,None
RQ.NO.SRC,HN,1998,4
RQ.NO.SRC,HN,1997,None
RQ.NO.SRC,HN,1996,5
RQ.NO.SRC,HN,1995,None
RQ.NO.SRC,HT,2019,9
RQ.NO.SRC,HT,2018,9
RQ.NO.SRC,HT,2017,9
RQ.NO.SRC,HT,2016,8
RQ.NO.SRC,HT,2015,9
RQ.NO.SRC,HT,2014,9
RQ.NO.SRC,HT,2013,9
RQ.NO.SRC,HT,2012,9
RQ.NO.SRC,HT,2011,9
RQ.NO.SRC,HT,2010,8
RQ.NO.SRC,HT,2009,8
RQ.NO.SRC,HT,2008,7
RQ.NO.SRC,HT,2007,7
RQ.NO.SRC,HT,2006,7
RQ.NO.SRC,HT,2005,6
RQ.NO.SRC,HT,2004,5
RQ.NO.SRC,HT,2003,5
RQ.NO.SRC,HT,2002,5
RQ.NO.SRC,HT,2001,None
RQ.NO.SRC,HT,2000,3
RQ.NO.SRC,HT,1999,None
RQ.NO.SRC,HT,1998,3
RQ.NO.SRC,HT,1997,None
RQ.NO.SRC,HT,1996,3
RQ.NO.SRC,HT,1995,None
RQ.NO.SRC,IN,2019,10
RQ.NO.SRC,IN,2018,10
RQ.NO.SRC,IN,2017,10
RQ.NO.SRC,IN,2016,10
RQ.NO.SRC,IN,2015,10
RQ.NO.SRC,IN,2014,10
RQ.NO.SRC,IN,2013,11
RQ.NO.SRC,IN,2012,11
RQ.NO.SRC,IN,2011,11
RQ.NO.SRC,IN,2010,10
RQ.NO.SRC,IN,2009,10
RQ.NO.SRC,IN,2008,10
RQ.NO.SRC,IN,2007,10
RQ.NO.SRC,IN,2006,10
RQ.NO.SRC,IN,2005,9
RQ.NO.SRC,IN,2004,8
RQ.NO.SRC,IN,2003,7
RQ.NO.SRC,IN,2002,7
RQ.NO.SRC,IN,2001,None
RQ.NO.SRC,IN,2000,6
RQ.NO.SRC,IN,1999,None
RQ.NO.SRC,IN,1998,6
RQ.NO.SRC,IN,1997,None
RQ.NO.SRC,IN,1996,6
RQ.NO.SRC,IN,1995,None
RQ.NO.SRC,JO,2019,10
RQ.NO.SRC,JO,2018,10
RQ.NO.SRC,JO,2017,10
RQ.NO.SRC,JO,2016,11
RQ.NO.SRC,JO,2015,11
RQ.NO.SRC,JO,2014,11
RQ.NO.SRC,JO,2013,11
RQ.NO.SRC,JO,2012,11
RQ.NO.SRC,JO,2011,9
RQ.NO.SRC,JO,2010,9
RQ.NO.SRC,JO,2009,9
RQ.NO.SRC,JO,2008,9
RQ.NO.SRC,JO,2007,9
RQ.NO.SRC,JO,2006,9
RQ.NO.SRC,JO,2005,8
RQ.NO.SRC,JO,2004,8
RQ.NO.SRC,JO,2003,7
RQ.NO.SRC,JO,2002,6
RQ.NO.SRC,JO,2001,None
RQ.NO.SRC,JO,2000,5
RQ.NO.SRC,JO,1999,None
RQ.NO.SRC,JO,1998,5
RQ.NO.SRC,JO,1997,None
RQ.NO.SRC,JO,1996,5
RQ.NO.SRC,JO,1995,None
RQ.NO.SRC,KE,2019,11
RQ.NO.SRC,KE,2018,11
RQ.NO.SRC,KE,2017,11
RQ.NO.SRC,KE,2016,11
RQ.NO.SRC,KE,2015,11
RQ.NO.SRC,KE,2014,11
RQ.NO.SRC,KE,2013,11
RQ.NO.SRC,KE,2012,11
RQ.NO.SRC,KE,2011,11
RQ.NO.SRC,KE,2010,10
RQ.NO.SRC,KE,2009,10
RQ.NO.SRC,KE,2008,10
RQ.NO.SRC,KE,2007,10
RQ.NO.SRC,KE,2006,10
RQ.NO.SRC,KE,2005,9
RQ.NO.SRC,KE,2004,8
RQ.NO.SRC,KE,2003,6
RQ.NO.SRC,KE,2002,5
RQ.NO.SRC,KE,2001,None
RQ.NO.SRC,KE,2000,4
RQ.NO.SRC,KE,1999,None
RQ.NO.SRC,KE,1998,4
RQ.NO.SRC,KE,1997,None
RQ.NO.SRC,KE,1996,4
RQ.NO.SRC,KE,1995,None
RQ.NO.SRC,KG,2019,9
RQ.NO.SRC,KG,2018,9
RQ.NO.SRC,KG,2017,9
RQ.NO.SRC,KG,2016,10
RQ.NO.SRC,KG,2015,11
RQ.NO.SRC,KG,2014,11
RQ.NO.SRC,KG,2013,11
RQ.NO.SRC,KG,2012,11
RQ.NO.SRC,KG,2011,11
RQ.NO.SRC,KG,2010,10
RQ.NO.SRC,KG,2009,10
RQ.NO.SRC,KG,2008,10
RQ.NO.SRC,KG,2007,10
RQ.NO.SRC,KG,2006,10
RQ.NO.SRC,KG,2005,9
RQ.NO.SRC,KG,2004,6
RQ.NO.SRC,KG,2003,5
RQ.NO.SRC,KG,2002,5
RQ.NO.SRC,KG,2001,None
RQ.NO.SRC,KG,2000,4
RQ.NO.SRC,KG,1999,None
RQ.NO.SRC,KG,1998,3
RQ.NO.SRC,KG,1997,None
RQ.NO.SRC,KG,1996,2
RQ.NO.SRC,KG,1995,None
RQ.NO.SRC,KH,2019,10
RQ.NO.SRC,KH,2018,10
RQ.NO.SRC,KH,2017,10
RQ.NO.SRC,KH,2016,10
RQ.NO.SRC,KH,2015,10
RQ.NO.SRC,KH,2014,10
RQ.NO.SRC,KH,2013,10
RQ.NO.SRC,KH,2012,10
RQ.NO.SRC,KH,2011,10
RQ.NO.SRC,KH,2010,9
RQ.NO.SRC,KH,2009,9
RQ.NO.SRC,KH,2008,9
RQ.NO.SRC,KH,2007,9
RQ.NO.SRC,KH,2006,9
RQ.NO.SRC,KH,2005,8
RQ.NO.SRC,KH,2004,5
RQ.NO.SRC,KH,2003,4
RQ.NO.SRC,KH,2002,4
RQ.NO.SRC,KH,2001,None
RQ.NO.SRC,KH,2000,3
RQ.NO.SRC,KH,1999,None
RQ.NO.SRC,KH,1998,3
RQ.NO.SRC,KH,1997,None
RQ.NO.SRC,KH,1996,3
RQ.NO.SRC,KH,1995,None
RQ.NO.SRC,KI,2019,4
RQ.NO.SRC,KI,2018,4
RQ.NO.SRC,KI,2017,4
RQ.NO.SRC,KI,2016,5
RQ.NO.SRC,KI,2015,5
RQ.NO.SRC,KI,2014,5
RQ.NO.SRC,KI,2013,5
RQ.NO.SRC,KI,2012,5
RQ.NO.SRC,KI,2011,5
RQ.NO.SRC,KI,2010,5
RQ.NO.SRC,KI,2009,5
RQ.NO.SRC,KI,2008,4
RQ.NO.SRC,KI,2007,3
RQ.NO.SRC,KI,2006,3
RQ.NO.SRC,KI,2005,3
RQ.NO.SRC,KI,2004,1
RQ.NO.SRC,KI,2003,None
RQ.NO.SRC,KI,2002,None
RQ.NO.SRC,KI,2001,None
RQ.NO.SRC,KI,2000,None
RQ.NO.SRC,KI,1999,None
RQ.NO.SRC,KI,1998,None
RQ.NO.SRC,KI,1997,None
RQ.NO.SRC,KI,1996,None
RQ.NO.SRC,KI,1995,None
RQ.NO.SRC,LA,2019,9
RQ.NO.SRC,LA,2018,9
RQ.NO.SRC,LA,2017,9
RQ.NO.SRC,LA,2016,9
RQ.NO.SRC,LA,2015,9
RQ.NO.SRC,LA,2014,9
RQ.NO.SRC,LA,2013,9
RQ.NO.SRC,LA,2012,8
RQ.NO.SRC,LA,2011,8
RQ.NO.SRC,LA,2010,8
RQ.NO.SRC,LA,2009,8
RQ.NO.SRC,LA,2008,7
RQ.NO.SRC,LA,2007,7
RQ.NO.SRC,LA,2006,7
RQ.NO.SRC,LA,2005,6
RQ.NO.SRC,LA,2004,4
RQ.NO.SRC,LA,2003,3
RQ.NO.SRC,LA,2002,3
RQ.NO.SRC,LA,2001,None
RQ.NO.SRC,LA,2000,2
RQ.NO.SRC,LA,1999,None
RQ.NO.SRC,LA,1998,2
RQ.NO.SRC,LA,1997,None
RQ.NO.SRC,LA,1996,2
RQ.NO.SRC,LA,1995,None
RQ.NO.SRC,LB,2019,9
RQ.NO.SRC,LB,2018,9
RQ.NO.SRC,LB,2017,9
RQ.NO.SRC,LB,2016,9
RQ.NO.SRC,LB,2015,9
RQ.NO.SRC,LB,2014,9
RQ.NO.SRC,LB,2013,9
RQ.NO.SRC,LB,2012,9
RQ.NO.SRC,LB,2011,9
RQ.NO.SRC,LB,2010,8
RQ.NO.SRC,LB,2009,7
RQ.NO.SRC,LB,2008,7
RQ.NO.SRC,LB,2007,7
RQ.NO.SRC,LB,2006,7
RQ.NO.SRC,LB,2005,6
RQ.NO.SRC,LB,2004,6
RQ.NO.SRC,LB,2003,5
RQ.NO.SRC,LB,2002,6
RQ.NO.SRC,LB,2001,None
RQ.NO.SRC,LB,2000,4
RQ.NO.SRC,LB,1999,None
RQ.NO.SRC,LB,1998,4
RQ.NO.SRC,LB,1997,None
RQ.NO.SRC,LB,1996,4
RQ.NO.SRC,LB,1995,None
RQ.NO.SRC,LR,2019,9
RQ.NO.SRC,LR,2018,10
RQ.NO.SRC,LR,2017,10
RQ.NO.SRC,LR,2016,10
RQ.NO.SRC,LR,2015,11
RQ.NO.SRC,LR,2014,10
RQ.NO.SRC,LR,2013,11
RQ.NO.SRC,LR,2012,11
RQ.NO.SRC,LR,2011,9
RQ.NO.SRC,LR,2010,8
RQ.NO.SRC,LR,2009,8
RQ.NO.SRC,LR,2008,6
RQ.NO.SRC,LR,2007,4
RQ.NO.SRC,LR,2006,5
RQ.NO.SRC,LR,2005,5
RQ.NO.SRC,LR,2004,5
RQ.NO.SRC,LR,2003,3
RQ.NO.SRC,LR,2002,3
RQ.NO.SRC,LR,2001,None
RQ.NO.SRC,LR,2000,2
RQ.NO.SRC,LR,1999,None
RQ.NO.SRC,LR,1998,2
RQ.NO.SRC,LR,1997,None
RQ.NO.SRC,LR,1996,2
RQ.NO.SRC,LR,1995,None
RQ.NO.SRC,LK,2019,9
RQ.NO.SRC,LK,2018,9
RQ.NO.SRC,LK,2017,10
RQ.NO.SRC,LK,2016,10
RQ.NO.SRC,LK,2015,11
RQ.NO.SRC,LK,2014,11
RQ.NO.SRC,LK,2013,11
RQ.NO.SRC,LK,2012,11
RQ.NO.SRC,LK,2011,10
RQ.NO.SRC,LK,2010,10
RQ.NO.SRC,LK,2009,10
RQ.NO.SRC,LK,2008,10
RQ.NO.SRC,LK,2007,10
RQ.NO.SRC,LK,2006,10
RQ.NO.SRC,LK,2005,9
RQ.NO.SRC,LK,2004,7
RQ.NO.SRC,LK,2003,6
RQ.NO.SRC,LK,2002,6
RQ.NO.SRC,LK,2001,None
RQ.NO.SRC,LK,2000,5
RQ.NO.SRC,LK,1999,None
RQ.NO.SRC,LK,1998,4
RQ.NO.SRC,LK,1997,None
RQ.NO.SRC,LK,1996,4
RQ.NO.SRC,LK,1995,None
RQ.NO.SRC,LS,2019,7
RQ.NO.SRC,LS,2018,7
RQ.NO.SRC,LS,2017,7
RQ.NO.SRC,LS,2016,8
RQ.NO.SRC,LS,2015,8
RQ.NO.SRC,LS,2014,8
RQ.NO.SRC,LS,2013,8
RQ.NO.SRC,LS,2012,8
RQ.NO.SRC,LS,2011,8
RQ.NO.SRC,LS,2010,8
RQ.NO.SRC,LS,2009,8
RQ.NO.SRC,LS,2008,8
RQ.NO.SRC,LS,2007,8
RQ.NO.SRC,LS,2006,7
RQ.NO.SRC,LS,2005,5
RQ.NO.SRC,LS,2004,4
RQ.NO.SRC,LS,2003,2
RQ.NO.SRC,LS,2002,2
RQ.NO.SRC,LS,2001,None
RQ.NO.SRC,LS,2000,2
RQ.NO.SRC,LS,1999,None
RQ.NO.SRC,LS,1998,2
RQ.NO.SRC,LS,1997,None
RQ.NO.SRC,LS,1996,2
RQ.NO.SRC,LS,1995,None
RQ.NO.SRC,MA,2019,9
RQ.NO.SRC,MA,2018,9
RQ.NO.SRC,MA,2017,9
RQ.NO.SRC,MA,2016,10
RQ.NO.SRC,MA,2015,10
RQ.NO.SRC,MA,2014,10
RQ.NO.SRC,MA,2013,10
RQ.NO.SRC,MA,2012,10
RQ.NO.SRC,MA,2011,8
RQ.NO.SRC,MA,2010,8
RQ.NO.SRC,MA,2009,8
RQ.NO.SRC,MA,2008,8
RQ.NO.SRC,MA,2007,8
RQ.NO.SRC,MA,2006,8
RQ.NO.SRC,MA,2005,7
RQ.NO.SRC,MA,2004,7
RQ.NO.SRC,MA,2003,6
RQ.NO.SRC,MA,2002,6
RQ.NO.SRC,MA,2001,None
RQ.NO.SRC,MA,2000,4
RQ.NO.SRC,MA,1999,None
RQ.NO.SRC,MA,1998,4
RQ.NO.SRC,MA,1997,None
RQ.NO.SRC,MA,1996,4
RQ.NO.SRC,MA,1995,None
RQ.NO.SRC,MG,2019,11
RQ.NO.SRC,MG,2018,10
RQ.NO.SRC,MG,2017,11
RQ.NO.SRC,MG,2016,11
RQ.NO.SRC,MG,2015,11
RQ.NO.SRC,MG,2014,11
RQ.NO.SRC,MG,2013,11
RQ.NO.SRC,MG,2012,11
RQ.NO.SRC,MG,2011,10
RQ.NO.SRC,MG,2010,10
RQ.NO.SRC,MG,2009,10
RQ.NO.SRC,MG,2008,10
RQ.NO.SRC,MG,2007,10
RQ.NO.SRC,MG,2006,10
RQ.NO.SRC,MG,2005,8
RQ.NO.SRC,MG,2004,7
RQ.NO.SRC,MG,2003,5
RQ.NO.SRC,MG,2002,4
RQ.NO.SRC,MG,2001,None
RQ.NO.SRC,MG,2000,3
RQ.NO.SRC,MG,1999,None
RQ.NO.SRC,MG,1998,3
RQ.NO.SRC,MG,1997,None
RQ.NO.SRC,MG,1996,3
RQ.NO.SRC,MG,1995,None
RQ.NO.SRC,ML,2019,10
RQ.NO.SRC,ML,2018,10
RQ.NO.SRC,ML,2017,10
RQ.NO.SRC,ML,2016,10
RQ.NO.SRC,ML,2015,10
RQ.NO.SRC,ML,2014,10
RQ.NO.SRC,ML,2013,10
RQ.NO.SRC,ML,2012,10
RQ.NO.SRC,ML,2011,10
RQ.NO.SRC,ML,2010,10
RQ.NO.SRC,ML,2009,10
RQ.NO.SRC,ML,2008,9
RQ.NO.SRC,ML,2007,9
RQ.NO.SRC,ML,2006,9
RQ.NO.SRC,ML,2005,8
RQ.NO.SRC,ML,2004,7
RQ.NO.SRC,ML,2003,5
RQ.NO.SRC,ML,2002,4
RQ.NO.SRC,ML,2001,None
RQ.NO.SRC,ML,2000,3
RQ.NO.SRC,ML,1999,None
RQ.NO.SRC,ML,1998,3
RQ.NO.SRC,ML,1997,None
RQ.NO.SRC,ML,1996,3
RQ.NO.SRC,ML,1995,None
RQ.NO.SRC,MM,2019,10
RQ.NO.SRC,MM,2018,10
RQ.NO.SRC,MM,2017,10
RQ.NO.SRC,MM,2016,10
RQ.NO.SRC,MM,2015,11
RQ.NO.SRC,MM,2014,11
RQ.NO.SRC,MM,2013,10
RQ.NO.SRC,MM,2012,7
RQ.NO.SRC,MM,2011,6
RQ.NO.SRC,MM,2010,6
RQ.NO.SRC,MM,2009,6
RQ.NO.SRC,MM,2008,6
RQ.NO.SRC,MM,2007,6
RQ.NO.SRC,MM,2006,6
RQ.NO.SRC,MM,2005,6
RQ.NO.SRC,MM,2004,6
RQ.NO.SRC,MM,2003,5
RQ.NO.SRC,MM,2002,5
RQ.NO.SRC,MM,2001,None
RQ.NO.SRC,MM,2000,4
RQ.NO.SRC,MM,1999,None
RQ.NO.SRC,MM,1998,4
RQ.NO.SRC,MM,1997,None
RQ.NO.SRC,MM,1996,4
RQ.NO.SRC,MM,1995,None
RQ.NO.SRC,MZ,2019,10
RQ.NO.SRC,MZ,2018,10
RQ.NO.SRC,MZ,2017,10
RQ.NO.SRC,MZ,2016,10
RQ.NO.SRC,MZ,2015,10
RQ.NO.SRC,MZ,2014,10
RQ.NO.SRC,MZ,2013,10
RQ.NO.SRC,MZ,2012,10
RQ.NO.SRC,MZ,2011,10
RQ.NO.SRC,MZ,2010,10
RQ.NO.SRC,MZ,2009,10
RQ.NO.SRC,MZ,2008,10
RQ.NO.SRC,MZ,2007,10
RQ.NO.SRC,MZ,2006,10
RQ.NO.SRC,MZ,2005,9
RQ.NO.SRC,MZ,2004,8
RQ.NO.SRC,MZ,2003,6
RQ.NO.SRC,MZ,2002,5
RQ.NO.SRC,MZ,2001,None
RQ.NO.SRC,MZ,2000,4
RQ.NO.SRC,MZ,1999,None
RQ.NO.SRC,MZ,1998,4
RQ.NO.SRC,MZ,1997,None
RQ.NO.SRC,MZ,1996,4
RQ.NO.SRC,MZ,1995,None
RQ.NO.SRC,MR,2019,8
RQ.NO.SRC,MR,2018,9
RQ.NO.SRC,MR,2017,9
RQ.NO.SRC,MR,2016,9
RQ.NO.SRC,MR,2015,9
RQ.NO.SRC,MR,2014,9
RQ.NO.SRC,MR,2013,9
RQ.NO.SRC,MR,2012,9
RQ.NO.SRC,MR,2011,9
RQ.NO.SRC,MR,2010,9
RQ.NO.SRC,MR,2009,9
RQ.NO.SRC,MR,2008,8
RQ.NO.SRC,MR,2007,8
RQ.NO.SRC,MR,2006,8
RQ.NO.SRC,MR,2005,6
RQ.NO.SRC,MR,2004,4
RQ.NO.SRC,MR,2003,2
RQ.NO.SRC,MR,2002,2
RQ.NO.SRC,MR,2001,None
RQ.NO.SRC,MR,2000,2
RQ.NO.SRC,MR,1999,None
RQ.NO.SRC,MR,1998,2
RQ.NO.SRC,MR,1997,None
RQ.NO.SRC,MR,1996,2
RQ.NO.SRC,MR,1995,None
RQ.NO.SRC,MW,2019,10
RQ.NO.SRC,MW,2018,10
RQ.NO.SRC,MW,2017,10
RQ.NO.SRC,MW,2016,10
RQ.NO.SRC,MW,2015,10
RQ.NO.SRC,MW,2014,10
RQ.NO.SRC,MW,2013,10
RQ.NO.SRC,MW,2012,10
RQ.NO.SRC,MW,2011,9
RQ.NO.SRC,MW,2010,9
RQ.NO.SRC,MW,2009,9
RQ.NO.SRC,MW,2008,9
RQ.NO.SRC,MW,2007,8
RQ.NO.SRC,MW,2006,9
RQ.NO.SRC,MW,2005,9
RQ.NO.SRC,MW,2004,8
RQ.NO.SRC,MW,2003,6
RQ.NO.SRC,MW,2002,5
RQ.NO.SRC,MW,2001,None
RQ.NO.SRC,MW,2000,4
RQ.NO.SRC,MW,1999,None
RQ.NO.SRC,MW,1998,4
RQ.NO.SRC,MW,1997,None
RQ.NO.SRC,MW,1996,4
RQ.NO.SRC,MW,1995,None
RQ.NO.SRC,NE,2019,9
RQ.NO.SRC,NE,2018,9
RQ.NO.SRC,NE,2017,9
RQ.NO.SRC,NE,2016,9
RQ.NO.SRC,NE,2015,9
RQ.NO.SRC,NE,2014,9
RQ.NO.SRC,NE,2013,9
RQ.NO.SRC,NE,2012,9
RQ.NO.SRC,NE,2011,9
RQ.NO.SRC,NE,2010,9
RQ.NO.SRC,NE,2009,9
RQ.NO.SRC,NE,2008,8
RQ.NO.SRC,NE,2007,8
RQ.NO.SRC,NE,2006,8
RQ.NO.SRC,NE,2005,7
RQ.NO.SRC,NE,2004,6
RQ.NO.SRC,NE,2003,4
RQ.NO.SRC,NE,2002,4
RQ.NO.SRC,NE,2001,None
RQ.NO.SRC,NE,2000,3
RQ.NO.SRC,NE,1999,None
RQ.NO.SRC,NE,1998,3
RQ.NO.SRC,NE,1997,None
RQ.NO.SRC,NE,1996,3
RQ.NO.SRC,NE,1995,None
RQ.NO.SRC,NG,2019,10
RQ.NO.SRC,NG,2018,10
RQ.NO.SRC,NG,2017,11
RQ.NO.SRC,NG,2016,11
RQ.NO.SRC,NG,2015,11
RQ.NO.SRC,NG,2014,11
RQ.NO.SRC,NG,2013,11
RQ.NO.SRC,NG,2012,11
RQ.NO.SRC,NG,2011,11
RQ.NO.SRC,NG,2010,10
RQ.NO.SRC,NG,2009,10
RQ.NO.SRC,NG,2008,10
RQ.NO.SRC,NG,2007,10
RQ.NO.SRC,NG,2006,10
RQ.NO.SRC,NG,2005,9
RQ.NO.SRC,NG,2004,8
RQ.NO.SRC,NG,2003,6
RQ.NO.SRC,NG,2002,6
RQ.NO.SRC,NG,2001,None
RQ.NO.SRC,NG,2000,5
RQ.NO.SRC,NG,1999,None
RQ.NO.SRC,NG,1998,4
RQ.NO.SRC,NG,1997,None
RQ.NO.SRC,NG,1996,4
RQ.NO.SRC,NG,1995,None
RQ.NO.SRC,NI,2019,9
RQ.NO.SRC,NI,2018,10
RQ.NO.SRC,NI,2017,10
RQ.NO.SRC,NI,2016,9
RQ.NO.SRC,NI,2015,10
RQ.NO.SRC,NI,2014,10
RQ.NO.SRC,NI,2013,10
RQ.NO.SRC,NI,2012,10
RQ.NO.SRC,NI,2011,9
RQ.NO.SRC,NI,2010,9
RQ.NO.SRC,NI,2009,9
RQ.NO.SRC,NI,2008,8
RQ.NO.SRC,NI,2007,8
RQ.NO.SRC,NI,2006,8
RQ.NO.SRC,NI,2005,8
RQ.NO.SRC,NI,2004,7
RQ.NO.SRC,NI,2003,6
RQ.NO.SRC,NI,2002,6
RQ.NO.SRC,NI,2001,None
RQ.NO.SRC,NI,2000,5
RQ.NO.SRC,NI,1999,None
RQ.NO.SRC,NI,1998,4
RQ.NO.SRC,NI,1997,None
RQ.NO.SRC,NI,1996,5
RQ.NO.SRC,NI,1995,None
RQ.NO.SRC,NP,2019,10
RQ.NO.SRC,NP,2018,10
RQ.NO.SRC,NP,2017,10
RQ.NO.SRC,NP,2016,10
RQ.NO.SRC,NP,2015,10
RQ.NO.SRC,NP,2014,10
RQ.NO.SRC,NP,2013,10
RQ.NO.SRC,NP,2012,10
RQ.NO.SRC,NP,2011,9
RQ.NO.SRC,NP,2010,9
RQ.NO.SRC,NP,2009,9
RQ.NO.SRC,NP,2008,7
RQ.NO.SRC,NP,2007,7
RQ.NO.SRC,NP,2006,7
RQ.NO.SRC,NP,2005,7
RQ.NO.SRC,NP,2004,5
RQ.NO.SRC,NP,2003,3
RQ.NO.SRC,NP,2002,3
RQ.NO.SRC,NP,2001,None
RQ.NO.SRC,NP,2000,2
RQ.NO.SRC,NP,1999,None
RQ.NO.SRC,NP,1998,2
RQ.NO.SRC,NP,1997,None
RQ.NO.SRC,NP,1996,2
RQ.NO.SRC,NP,1995,None
RQ.NO.SRC,PK,2019,11
RQ.NO.SRC,PK,2018,11
RQ.NO.SRC,PK,2017,11
RQ.NO.SRC,PK,2016,11
RQ.NO.SRC,PK,2015,11
RQ.NO.SRC,PK,2014,11
RQ.NO.SRC,PK,2013,11
RQ.NO.SRC,PK,2012,11
RQ.NO.SRC,PK,2011,11
RQ.NO.SRC,PK,2010,10
RQ.NO.SRC,PK,2009,10
RQ.NO.SRC,PK,2008,10
RQ.NO.SRC,PK,2007,10
RQ.NO.SRC,PK,2006,10
RQ.NO.SRC,PK,2005,9
RQ.NO.SRC,PK,2004,7
RQ.NO.SRC,PK,2003,6
RQ.NO.SRC,PK,2002,5
RQ.NO.SRC,PK,2001,None
RQ.NO.SRC,PK,2000,4
RQ.NO.SRC,PK,1999,None
RQ.NO.SRC,PK,1998,4
RQ.NO.SRC,PK,1997,None
RQ.NO.SRC,PK,1996,4
RQ.NO.SRC,PK,1995,None
RQ.NO.SRC,PH,2019,10
RQ.NO.SRC,PH,2018,10
RQ.NO.SRC,PH,2017,10
RQ.NO.SRC,PH,2016,10
RQ.NO.SRC,PH,2015,10
RQ.NO.SRC,PH,2014,10
RQ.NO.SRC,PH,2013,10
RQ.NO.SRC,PH,2012,10
RQ.NO.SRC,PH,2011,10
RQ.NO.SRC,PH,2010,9
RQ.NO.SRC,PH,2009,9
RQ.NO.SRC,PH,2008,9
RQ.NO.SRC,PH,2007,9
RQ.NO.SRC,PH,2006,9
RQ.NO.SRC,PH,2005,8
RQ.NO.SRC,PH,2004,8
RQ.NO.SRC,PH,2003,7
RQ.NO.SRC,PH,2002,7
RQ.NO.SRC,PH,2001,None
RQ.NO.SRC,PH,2000,6
RQ.NO.SRC,PH,1999,None
RQ.NO.SRC,PH,1998,6
RQ.NO.SRC,PH,1997,None
RQ.NO.SRC,PH,1996,6
RQ.NO.SRC,PH,1995,None
RQ.NO.SRC,PG,2019,8
RQ.NO.SRC,PG,2018,8
RQ.NO.SRC,PG,2017,8
RQ.NO.SRC,PG,2016,8
RQ.NO.SRC,PG,2015,8
RQ.NO.SRC,PG,2014,8
RQ.NO.SRC,PG,2013,8
RQ.NO.SRC,PG,2012,8
RQ.NO.SRC,PG,2011,8
RQ.NO.SRC,PG,2010,8
RQ.NO.SRC,PG,2009,8
RQ.NO.SRC,PG,2008,8
RQ.NO.SRC,PG,2007,7
RQ.NO.SRC,PG,2006,7
RQ.NO.SRC,PG,2005,7
RQ.NO.SRC,PG,2004,5
RQ.NO.SRC,PG,2003,4
RQ.NO.SRC,PG,2002,4
RQ.NO.SRC,PG,2001,None
RQ.NO.SRC,PG,2000,4
RQ.NO.SRC,PG,1999,None
RQ.NO.SRC,PG,1998,4
RQ.NO.SRC,PG,1997,None
RQ.NO.SRC,PG,1996,4
RQ.NO.SRC,PG,1995,None
RQ.NO.SRC,KP,2019,6
RQ.NO.SRC,KP,2018,6
RQ.NO.SRC,KP,2017,6
RQ.NO.SRC,KP,2016,6
RQ.NO.SRC,KP,2015,6
RQ.NO.SRC,KP,2014,5
RQ.NO.SRC,KP,2013,6
RQ.NO.SRC,KP,2012,6
RQ.NO.SRC,KP,2011,6
RQ.NO.SRC,KP,2010,6
RQ.NO.SRC,KP,2009,6
RQ.NO.SRC,KP,2008,5
RQ.NO.SRC,KP,2007,5
RQ.NO.SRC,KP,2006,6
RQ.NO.SRC,KP,2005,6
RQ.NO.SRC,KP,2004,6
RQ.NO.SRC,KP,2003,4
RQ.NO.SRC,KP,2002,4
RQ.NO.SRC,KP,2001,None
RQ.NO.SRC,KP,2000,3
RQ.NO.SRC,KP,1999,None
RQ.NO.SRC,KP,1998,3
RQ.NO.SRC,KP,1997,None
RQ.NO.SRC,KP,1996,3
RQ.NO.SRC,KP,1995,None
RQ.NO.SRC,PS,2019,2
RQ.NO.SRC,PS,2018,2
RQ.NO.SRC,PS,2017,2
RQ.NO.SRC,PS,2016,2
RQ.NO.SRC,PS,2015,2
RQ.NO.SRC,PS,2014,2
RQ.NO.SRC,PS,2013,2
RQ.NO.SRC,PS,2012,2
RQ.NO.SRC,PS,2011,2
RQ.NO.SRC,PS,2010,2
RQ.NO.SRC,PS,2009,2
RQ.NO.SRC,PS,2008,1
RQ.NO.SRC,PS,2007,2
RQ.NO.SRC,PS,2006,2
RQ.NO.SRC,PS,2005,2
RQ.NO.SRC,PS,2004,2
RQ.NO.SRC,PS,2003,1
RQ.NO.SRC,PS,2002,1
RQ.NO.SRC,PS,2001,None
RQ.NO.SRC,PS,2000,1
RQ.NO.SRC,PS,1999,None
RQ.NO.SRC,PS,1998,1
RQ.NO.SRC,PS,1997,None
RQ.NO.SRC,PS,1996,1
RQ.NO.SRC,PS,1995,None
RQ.NO.SRC,RW,2019,9
RQ.NO.SRC,RW,2018,9
RQ.NO.SRC,RW,2017,9
RQ.NO.SRC,RW,2016,9
RQ.NO.SRC,RW,2015,9
RQ.NO.SRC,RW,2014,9
RQ.NO.SRC,RW,2013,9
RQ.NO.SRC,RW,2012,9
RQ.NO.SRC,RW,2011,8
RQ.NO.SRC,RW,2010,8
RQ.NO.SRC,RW,2009,7
RQ.NO.SRC,RW,2008,7
RQ.NO.SRC,RW,2007,7
RQ.NO.SRC,RW,2006,7
RQ.NO.SRC,RW,2005,6
RQ.NO.SRC,RW,2004,5
RQ.NO.SRC,RW,2003,3
RQ.NO.SRC,RW,2002,3
RQ.NO.SRC,RW,2001,None
RQ.NO.SRC,RW,2000,2
RQ.NO.SRC,RW,1999,None
RQ.NO.SRC,RW,1998,2
RQ.NO.SRC,RW,1997,None
RQ.NO.SRC,RW,1996,2
RQ.NO.SRC,RW,1995,None
RQ.NO.SRC,SD,2019,9
RQ.NO.SRC,SD,2018,9
RQ.NO.SRC,SD,2017,9
RQ.NO.SRC,SD,2016,9
RQ.NO.SRC,SD,2015,9
RQ.NO.SRC,SD,2014,9
RQ.NO.SRC,SD,2013,9
RQ.NO.SRC,SD,2012,9
RQ.NO.SRC,SD,2011,8
RQ.NO.SRC,SD,2010,8
RQ.NO.SRC,SD,2009,8
RQ.NO.SRC,SD,2008,7
RQ.NO.SRC,SD,2007,7
RQ.NO.SRC,SD,2006,7
RQ.NO.SRC,SD,2005,7
RQ.NO.SRC,SD,2004,6
RQ.NO.SRC,SD,2003,4
RQ.NO.SRC,SD,2002,4
RQ.NO.SRC,SD,2001,None
RQ.NO.SRC,SD,2000,3
RQ.NO.SRC,SD,1999,None
RQ.NO.SRC,SD,1998,4
RQ.NO.SRC,SD,1997,None
RQ.NO.SRC,SD,1996,4
RQ.NO.SRC,SD,1995,None
RQ.NO.SRC,SN,2019,11
RQ.NO.SRC,SN,2018,11
RQ.NO.SRC,SN,2017,11
RQ.NO.SRC,SN,2016,11
RQ.NO.SRC,SN,2015,11
RQ.NO.SRC,SN,2014,11
RQ.NO.SRC,SN,2013,11
RQ.NO.SRC,SN,2012,11
RQ.NO.SRC,SN,2011,11
RQ.NO.SRC,SN,2010,10
RQ.NO.SRC,SN,2009,10
RQ.NO.SRC,SN,2008,10
RQ.NO.SRC,SN,2007,10
RQ.NO.SRC,SN,2006,9
RQ.NO.SRC,SN,2005,8
RQ.NO.SRC,SN,2004,7
RQ.NO.SRC,SN,2003,6
RQ.NO.SRC,SN,2002,5
RQ.NO.SRC,SN,2001,None
RQ.NO.SRC,SN,2000,4
RQ.NO.SRC,SN,1999,None
RQ.NO.SRC,SN,1998,4
RQ.NO.SRC,SN,1997,None
RQ.NO.SRC,SN,1996,4
RQ.NO.SRC,SN,1995,None
RQ.NO.SRC,SB,2019,4
RQ.NO.SRC,SB,2018,4
RQ.NO.SRC,SB,2017,4
RQ.NO.SRC,SB,2016,5
RQ.NO.SRC,SB,2015,5
RQ.NO.SRC,SB,2014,5
RQ.NO.SRC,SB,2013,5
RQ.NO.SRC,SB,2012,5
RQ.NO.SRC,SB,2011,5
RQ.NO.SRC,SB,2010,5
RQ.NO.SRC,SB,2009,5
RQ.NO.SRC,SB,2008,5
RQ.NO.SRC,SB,2007,4
RQ.NO.SRC,SB,2006,3
RQ.NO.SRC,SB,2005,3
RQ.NO.SRC,SB,2004,1
RQ.NO.SRC,SB,2003,None
RQ.NO.SRC,SB,2002,None
RQ.NO.SRC,SB,2001,None
RQ.NO.SRC,SB,2000,None
RQ.NO.SRC,SB,1999,None
RQ.NO.SRC,SB,1998,None
RQ.NO.SRC,SB,1997,None
RQ.NO.SRC,SB,1996,None
RQ.NO.SRC,SB,1995,None
RQ.NO.SRC,SL,2019,9
RQ.NO.SRC,SL,2018,10
RQ.NO.SRC,SL,2017,10
RQ.NO.SRC,SL,2016,10
RQ.NO.SRC,SL,2015,11
RQ.NO.SRC,SL,2014,11
RQ.NO.SRC,SL,2013,11
RQ.NO.SRC,SL,2012,11
RQ.NO.SRC,SL,2011,8
RQ.NO.SRC,SL,2010,8
RQ.NO.SRC,SL,2009,8
RQ.NO.SRC,SL,2008,7
RQ.NO.SRC,SL,2007,7
RQ.NO.SRC,SL,2006,7
RQ.NO.SRC,SL,2005,7
RQ.NO.SRC,SL,2004,6
RQ.NO.SRC,SL,2003,4
RQ.NO.SRC,SL,2002,4
RQ.NO.SRC,SL,2001,None
RQ.NO.SRC,SL,2000,2
RQ.NO.SRC,SL,1999,None
RQ.NO.SRC,SL,1998,3
RQ.NO.SRC,SL,1997,None
RQ.NO.SRC,SL,1996,3
RQ.NO.SRC,SL,1995,None
RQ.NO.SRC,SO,2019,7
RQ.NO.SRC,SO,2018,6
RQ.NO.SRC,SO,2017,6
RQ.NO.SRC,SO,2016,6
RQ.NO.SRC,SO,2015,6
RQ.NO.SRC,SO,2014,6
RQ.NO.SRC,SO,2013,6
RQ.NO.SRC,SO,2012,6
RQ.NO.SRC,SO,2011,5
RQ.NO.SRC,SO,2010,5
RQ.NO.SRC,SO,2009,5
RQ.NO.SRC,SO,2008,4
RQ.NO.SRC,SO,2007,5
RQ.NO.SRC,SO,2006,5
RQ.NO.SRC,SO,2005,5
RQ.NO.SRC,SO,2004,5
RQ.NO.SRC,SO,2003,3
RQ.NO.SRC,SO,2002,3
RQ.NO.SRC,SO,2001,None
RQ.NO.SRC,SO,2000,2
RQ.NO.SRC,SO,1999,None
RQ.NO.SRC,SO,1998,2
RQ.NO.SRC,SO,1997,None
RQ.NO.SRC,SO,1996,2
RQ.NO.SRC,SO,1995,None
RQ.NO.SRC,SS,2019,6
RQ.NO.SRC,SS,2018,6
RQ.NO.SRC,SS,2017,6
RQ.NO.SRC,SS,2016,6
RQ.NO.SRC,SS,2015,6
RQ.NO.SRC,SS,2014,6
RQ.NO.SRC,SS,2013,5
RQ.NO.SRC,SS,2012,5
RQ.NO.SRC,SS,2011,1
RQ.NO.SRC,SS,2010,None
RQ.NO.SRC,SS,2009,None
RQ.NO.SRC,SS,2008,None
RQ.NO.SRC,SS,2007,None
RQ.NO.SRC,SS,2006,None
RQ.NO.SRC,SS,2005,None
RQ.NO.SRC,SS,2004,None
RQ.NO.SRC,SS,2003,None
RQ.NO.SRC,SS,2002,None
RQ.NO.SRC,SS,2001,None
RQ.NO.SRC,SS,2000,None
RQ.NO.SRC,SS,1999,None
RQ.NO.SRC,SS,1998,None
RQ.NO.SRC,SS,1997,None
RQ.NO.SRC,SS,1996,None
RQ.NO.SRC,SS,1995,None
RQ.NO.SRC,ST,2019,6
RQ.NO.SRC,ST,2018,6
RQ.NO.SRC,ST,2017,6
RQ.NO.SRC,ST,2016,6
RQ.NO.SRC,ST,2015,6
RQ.NO.SRC,ST,2014,6
RQ.NO.SRC,ST,2013,6
RQ.NO.SRC,ST,2012,6
RQ.NO.SRC,ST,2011,6
RQ.NO.SRC,ST,2010,6
RQ.NO.SRC,ST,2009,5
RQ.NO.SRC,ST,2008,6
RQ.NO.SRC,ST,2007,5
RQ.NO.SRC,ST,2006,5
RQ.NO.SRC,ST,2005,4
RQ.NO.SRC,ST,2004,3
RQ.NO.SRC,ST,2003,1
RQ.NO.SRC,ST,2002,1
RQ.NO.SRC,ST,2001,None
RQ.NO.SRC,ST,2000,1
RQ.NO.SRC,ST,1999,None
RQ.NO.SRC,ST,1998,1
RQ.NO.SRC,ST,1997,None
RQ.NO.SRC,ST,1996,1
RQ.NO.SRC,ST,1995,None
RQ.NO.SRC,SZ,2019,5
RQ.NO.SRC,SZ,2018,5
RQ.NO.SRC,SZ,2017,4
RQ.NO.SRC,SZ,2016,4
RQ.NO.SRC,SZ,2015,5
RQ.NO.SRC,SZ,2014,5
RQ.NO.SRC,SZ,2013,5
RQ.NO.SRC,SZ,2012,5
RQ.NO.SRC,SZ,2011,5
RQ.NO.SRC,SZ,2010,5
RQ.NO.SRC,SZ,2009,4
RQ.NO.SRC,SZ,2008,4
RQ.NO.SRC,SZ,2007,4
RQ.NO.SRC,SZ,2006,4
RQ.NO.SRC,SZ,2005,3
RQ.NO.SRC,SZ,2004,3
RQ.NO.SRC,SZ,2003,2
RQ.NO.SRC,SZ,2002,2
RQ.NO.SRC,SZ,2001,None
RQ.NO.SRC,SZ,2000,2
RQ.NO.SRC,SZ,1999,None
RQ.NO.SRC,SZ,1998,2
RQ.NO.SRC,SZ,1997,None
RQ.NO.SRC,SZ,1996,2
RQ.NO.SRC,SZ,1995,None
RQ.NO.SRC,SY,2019,5
RQ.NO.SRC,SY,2018,5
RQ.NO.SRC,SY,2017,5
RQ.NO.SRC,SY,2016,5
RQ.NO.SRC,SY,2015,7
RQ.NO.SRC,SY,2014,7
RQ.NO.SRC,SY,2013,7
RQ.NO.SRC,SY,2012,7
RQ.NO.SRC,SY,2011,8
RQ.NO.SRC,SY,2010,8
RQ.NO.SRC,SY,2009,8
RQ.NO.SRC,SY,2008,8
RQ.NO.SRC,SY,2007,8
RQ.NO.SRC,SY,2006,7
RQ.NO.SRC,SY,2005,6
RQ.NO.SRC,SY,2004,6
RQ.NO.SRC,SY,2003,5
RQ.NO.SRC,SY,2002,5
RQ.NO.SRC,SY,2001,None
RQ.NO.SRC,SY,2000,4
RQ.NO.SRC,SY,1999,None
RQ.NO.SRC,SY,1998,4
RQ.NO.SRC,SY,1997,None
RQ.NO.SRC,SY,1996,4
RQ.NO.SRC,SY,1995,None
RQ.NO.SRC,TD,2019,9
RQ.NO.SRC,TD,2018,9
RQ.NO.SRC,TD,2017,9
RQ.NO.SRC,TD,2016,9
RQ.NO.SRC,TD,2015,9
RQ.NO.SRC,TD,2014,9
RQ.NO.SRC,TD,2013,9
RQ.NO.SRC,TD,2012,9
RQ.NO.SRC,TD,2011,9
RQ.NO.SRC,TD,2010,9
RQ.NO.SRC,TD,2009,9
RQ.NO.SRC,TD,2008,9
RQ.NO.SRC,TD,2007,9
RQ.NO.SRC,TD,2006,9
RQ.NO.SRC,TD,2005,7
RQ.NO.SRC,TD,2004,6
RQ.NO.SRC,TD,2003,4
RQ.NO.SRC,TD,2002,3
RQ.NO.SRC,TD,2001,None
RQ.NO.SRC,TD,2000,2
RQ.NO.SRC,TD,1999,None
RQ.NO.SRC,TD,1998,2
RQ.NO.SRC,TD,1997,None
RQ.NO.SRC,TD,1996,2
RQ.NO.SRC,TD,1995,None
RQ.NO.SRC,TG,2019,9
RQ.NO.SRC,TG,2018,9
RQ.NO.SRC,TG,2017,9
RQ.NO.SRC,TG,2016,9
RQ.NO.SRC,TG,2015,9
RQ.NO.SRC,TG,2014,9
RQ.NO.SRC,TG,2013,9
RQ.NO.SRC,TG,2012,9
RQ.NO.SRC,TG,2011,9
RQ.NO.SRC,TG,2010,9
RQ.NO.SRC,TG,2009,8
RQ.NO.SRC,TG,2008,8
RQ.NO.SRC,TG,2007,8
RQ.NO.SRC,TG,2006,8
RQ.NO.SRC,TG,2005,7
RQ.NO.SRC,TG,2004,6
RQ.NO.SRC,TG,2003,4
RQ.NO.SRC,TG,2002,4
RQ.NO.SRC,TG,2001,None
RQ.NO.SRC,TG,2000,3
RQ.NO.SRC,TG,1999,None
RQ.NO.SRC,TG,1998,3
RQ.NO.SRC,TG,1997,None
RQ.NO.SRC,TG,1996,2
RQ.NO.SRC,TG,1995,None
RQ.NO.SRC,TJ,2019,9
RQ.NO.SRC,TJ,2018,8
RQ.NO.SRC,TJ,2017,8
RQ.NO.SRC,TJ,2016,10
RQ.NO.SRC,TJ,2015,10
RQ.NO.SRC,TJ,2014,10
RQ.NO.SRC,TJ,2013,9
RQ.NO.SRC,TJ,2012,10
RQ.NO.SRC,TJ,2011,10
RQ.NO.SRC,TJ,2010,10
RQ.NO.SRC,TJ,2009,10
RQ.NO.SRC,TJ,2008,10
RQ.NO.SRC,TJ,2007,10
RQ.NO.SRC,TJ,2006,10
RQ.NO.SRC,TJ,2005,9
RQ.NO.SRC,TJ,2004,6
RQ.NO.SRC,TJ,2003,5
RQ.NO.SRC,TJ,2002,5
RQ.NO.SRC,TJ,2001,None
RQ.NO.SRC,TJ,2000,3
RQ.NO.SRC,TJ,1999,None
RQ.NO.SRC,TJ,1998,3
RQ.NO.SRC,TJ,1997,None
RQ.NO.SRC,TJ,1996,2
RQ.NO.SRC,TJ,1995,None
RQ.NO.SRC,TL,2019,6
RQ.NO.SRC,TL,2018,6
RQ.NO.SRC,TL,2017,5
RQ.NO.SRC,TL,2016,6
RQ.NO.SRC,TL,2015,6
RQ.NO.SRC,TL,2014,7
RQ.NO.SRC,TL,2013,7
RQ.NO.SRC,TL,2012,7
RQ.NO.SRC,TL,2011,7
RQ.NO.SRC,TL,2010,7
RQ.NO.SRC,TL,2009,7
RQ.NO.SRC,TL,2008,6
RQ.NO.SRC,TL,2007,5
RQ.NO.SRC,TL,2006,4
RQ.NO.SRC,TL,2005,3
RQ.NO.SRC,TL,2004,2
RQ.NO.SRC,TL,2003,1
RQ.NO.SRC,TL,2002,1
RQ.NO.SRC,TL,2001,None
RQ.NO.SRC,TL,2000,None
RQ.NO.SRC,TL,1999,None
RQ.NO.SRC,TL,1998,None
RQ.NO.SRC,TL,1997,None
RQ.NO.SRC,TL,1996,None
RQ.NO.SRC,TL,1995,None
RQ.NO.SRC,TN,2019,9
RQ.NO.SRC,TN,2018,9
RQ.NO.SRC,TN,2017,9
RQ.NO.SRC,TN,2016,10
RQ.NO.SRC,TN,2015,10
RQ.NO.SRC,TN,2014,10
RQ.NO.SRC,TN,2013,10
RQ.NO.SRC,TN,2012,9
RQ.NO.SRC,TN,2011,8
RQ.NO.SRC,TN,2010,8
RQ.NO.SRC,TN,2009,8
RQ.NO.SRC,TN,2008,8
RQ.NO.SRC,TN,2007,8
RQ.NO.SRC,TN,2006,8
RQ.NO.SRC,TN,2005,7
RQ.NO.SRC,TN,2004,7
RQ.NO.SRC,TN,2003,6
RQ.NO.SRC,TN,2002,6
RQ.NO.SRC,TN,2001,None
RQ.NO.SRC,TN,2000,4
RQ.NO.SRC,TN,1999,None
RQ.NO.SRC,TN,1998,4
RQ.NO.SRC,TN,1997,None
RQ.NO.SRC,TN,1996,4
RQ.NO.SRC,TN,1995,None
RQ.NO.SRC,TZ,2019,11
RQ.NO.SRC,TZ,2018,11
RQ.NO.SRC,TZ,2017,11
RQ.NO.SRC,TZ,2016,11
RQ.NO.SRC,TZ,2015,11
RQ.NO.SRC,TZ,2014,11
RQ.NO.SRC,TZ,2013,11
RQ.NO.SRC,TZ,2012,11
RQ.NO.SRC,TZ,2011,10
RQ.NO.SRC,TZ,2010,10
RQ.NO.SRC,TZ,2009,10
RQ.NO.SRC,TZ,2008,9
RQ.NO.SRC,TZ,2007,9
RQ.NO.SRC,TZ,2006,9
RQ.NO.SRC,TZ,2005,9
RQ.NO.SRC,TZ,2004,8
RQ.NO.SRC,TZ,2003,6
RQ.NO.SRC,TZ,2002,5
RQ.NO.SRC,TZ,2001,None
RQ.NO.SRC,TZ,2000,4
RQ.NO.SRC,TZ,1999,None
RQ.NO.SRC,TZ,1998,4
RQ.NO.SRC,TZ,1997,None
RQ.NO.SRC,TZ,1996,4
RQ.NO.SRC,TZ,1995,None
RQ.NO.SRC,UG,2019,11
RQ.NO.SRC,UG,2018,11
RQ.NO.SRC,UG,2017,11
RQ.NO.SRC,UG,2016,11
RQ.NO.SRC,UG,2015,11
RQ.NO.SRC,UG,2014,11
RQ.NO.SRC,UG,2013,11
RQ.NO.SRC,UG,2012,11
RQ.NO.SRC,UG,2011,11
RQ.NO.SRC,UG,2010,10
RQ.NO.SRC,UG,2009,10
RQ.NO.SRC,UG,2008,10
RQ.NO.SRC,UG,2007,10
RQ.NO.SRC,UG,2006,10
RQ.NO.SRC,UG,2005,9
RQ.NO.SRC,UG,2004,8
RQ.NO.SRC,UG,2003,6
RQ.NO.SRC,UG,2002,5
RQ.NO.SRC,UG,2001,None
RQ.NO.SRC,UG,2000,4
RQ.NO.SRC,UG,1999,None
RQ.NO.SRC,UG,1998,4
RQ.NO.SRC,UG,1997,None
RQ.NO.SRC,UG,1996,4
RQ.NO.SRC,UG,1995,None
RQ.NO.SRC,UZ,2019,9
RQ.NO.SRC,UZ,2018,9
RQ.NO.SRC,UZ,2017,9
RQ.NO.SRC,UZ,2016,10
RQ.NO.SRC,UZ,2015,11
RQ.NO.SRC,UZ,2014,11
RQ.NO.SRC,UZ,2013,11
RQ.NO.SRC,UZ,2012,11
RQ.NO.SRC,UZ,2011,10
RQ.NO.SRC,UZ,2010,9
RQ.NO.SRC,UZ,2009,9
RQ.NO.SRC,UZ,2008,9
RQ.NO.SRC,UZ,2007,9
RQ.NO.SRC,UZ,2006,9
RQ.NO.SRC,UZ,2005,8
RQ.NO.SRC,UZ,2004,6
RQ.NO.SRC,UZ,2003,6
RQ.NO.SRC,UZ,2002,6
RQ.NO.SRC,UZ,2001,None
RQ.NO.SRC,UZ,2000,4
RQ.NO.SRC,UZ,1999,None
RQ.NO.SRC,UZ,1998,3
RQ.NO.SRC,UZ,1997,None
RQ.NO.SRC,UZ,1996,2
RQ.NO.SRC,UZ,1995,None
RQ.NO.SRC,VN,2019,9
RQ.NO.SRC,VN,2018,9
RQ.NO.SRC,VN,2017,10
RQ.NO.SRC,VN,2016,10
RQ.NO.SRC,VN,2015,11
RQ.NO.SRC,VN,2014,11
RQ.NO.SRC,VN,2013,11
RQ.NO.SRC,VN,2012,11
RQ.NO.SRC,VN,2011,11
RQ.NO.SRC,VN,2010,10
RQ.NO.SRC,VN,2009,10
RQ.NO.SRC,VN,2008,10
RQ.NO.SRC,VN,2007,10
RQ.NO.SRC,VN,2006,10
RQ.NO.SRC,VN,2005,9
RQ.NO.SRC,VN,2004,7
RQ.NO.SRC,VN,2003,6
RQ.NO.SRC,VN,2002,6
RQ.NO.SRC,VN,2001,None
RQ.NO.SRC,VN,2000,5
RQ.NO.SRC,VN,1999,None
RQ.NO.SRC,VN,1998,5
RQ.NO.SRC,VN,1997,None
RQ.NO.SRC,VN,1996,5
RQ.NO.SRC,VN,1995,None
RQ.NO.SRC,VU,2019,5
RQ.NO.SRC,VU,2018,5
RQ.NO.SRC,VU,2017,5
RQ.NO.SRC,VU,2016,5
RQ.NO.SRC,VU,2015,5
RQ.NO.SRC,VU,2014,4
RQ.NO.SRC,VU,2013,4
RQ.NO.SRC,VU,2012,4
RQ.NO.SRC,VU,2011,4
RQ.NO.SRC,VU,2010,4
RQ.NO.SRC,VU,2009,4
RQ.NO.SRC,VU,2008,4
RQ.NO.SRC,VU,2007,3
RQ.NO.SRC,VU,2006,3
RQ.NO.SRC,VU,2005,3
RQ.NO.SRC,VU,2004,1
RQ.NO.SRC,VU,2003,None
RQ.NO.SRC,VU,2002,None
RQ.NO.SRC,VU,2001,None
RQ.NO.SRC,VU,2000,None
RQ.NO.SRC,VU,1999,None
RQ.NO.SRC,VU,1998,None
RQ.NO.SRC,VU,1997,None
RQ.NO.SRC,VU,1996,None
RQ.NO.SRC,VU,1995,None
RQ.NO.SRC,WS,2019,4
RQ.NO.SRC,WS,2018,4
RQ.NO.SRC,WS,2017,4
RQ.NO.SRC,WS,2016,4
RQ.NO.SRC,WS,2015,4
RQ.NO.SRC,WS,2014,4
RQ.NO.SRC,WS,2013,5
RQ.NO.SRC,WS,2012,5
RQ.NO.SRC,WS,2011,5
RQ.NO.SRC,WS,2010,5
RQ.NO.SRC,WS,2009,5
RQ.NO.SRC,WS,2008,4
RQ.NO.SRC,WS,2007,3
RQ.NO.SRC,WS,2006,3
RQ.NO.SRC,WS,2005,3
RQ.NO.SRC,WS,2004,1
RQ.NO.SRC,WS,2003,1
RQ.NO.SRC,WS,2002,1
RQ.NO.SRC,WS,2001,None
RQ.NO.SRC,WS,2000,2
RQ.NO.SRC,WS,1999,None
RQ.NO.SRC,WS,1998,2
RQ.NO.SRC,WS,1997,None
RQ.NO.SRC,WS,1996,2
RQ.NO.SRC,WS,1995,None
RQ.NO.SRC,YE,2019,8
RQ.NO.SRC,YE,2018,8
RQ.NO.SRC,YE,2017,8
RQ.NO.SRC,YE,2016,7
RQ.NO.SRC,YE,2015,7
RQ.NO.SRC,YE,2014,8
RQ.NO.SRC,YE,2013,8
RQ.NO.SRC,YE,2012,8
RQ.NO.SRC,YE,2011,9
RQ.NO.SRC,YE,2010,8
RQ.NO.SRC,YE,2009,8
RQ.NO.SRC,YE,2008,8
RQ.NO.SRC,YE,2007,8
RQ.NO.SRC,YE,2006,8
RQ.NO.SRC,YE,2005,7
RQ.NO.SRC,YE,2004,6
RQ.NO.SRC,YE,2003,5
RQ.NO.SRC,YE,2002,5
RQ.NO.SRC,YE,2001,None
RQ.NO.SRC,YE,2000,4
RQ.NO.SRC,YE,1999,None
RQ.NO.SRC,YE,1998,4
RQ.NO.SRC,YE,1997,None
RQ.NO.SRC,YE,1996,4
RQ.NO.SRC,YE,1995,None
RQ.NO.SRC,ZM,2019,10
RQ.NO.SRC,ZM,2018,10
RQ.NO.SRC,ZM,2017,10
RQ.NO.SRC,ZM,2016,10
RQ.NO.SRC,ZM,2015,11
RQ.NO.SRC,ZM,2014,11
RQ.NO.SRC,ZM,2013,11
RQ.NO.SRC,ZM,2012,11
RQ.NO.SRC,ZM,2011,10
RQ.NO.SRC,ZM,2010,10
RQ.NO.SRC,ZM,2009,10
RQ.NO.SRC,ZM,2008,9
RQ.NO.SRC,ZM,2007,9
RQ.NO.SRC,ZM,2006,9
RQ.NO.SRC,ZM,2005,8
RQ.NO.SRC,ZM,2004,8
RQ.NO.SRC,ZM,2003,6
RQ.NO.SRC,ZM,2002,5
RQ.NO.SRC,ZM,2001,None
RQ.NO.SRC,ZM,2000,4
RQ.NO.SRC,ZM,1999,None
RQ.NO.SRC,ZM,1998,4
RQ.NO.SRC,ZM,1997,None
RQ.NO.SRC,ZM,1996,4
RQ.NO.SRC,ZM,1995,None
