RQ.PER.RNK.UPPER,AF,2019,20
RQ.PER.RNK.UPPER,AF,2018,19.0476188659668
RQ.PER.RNK.UPPER,AF,2017,11.9047622680664
RQ.PER.RNK.UPPER,AF,2016,12.8571424484253
RQ.PER.RNK.UPPER,AF,2015,27.1428565979004
RQ.PER.RNK.UPPER,AF,2014,25.480770111084
RQ.PER.RNK.UPPER,AF,2013,21.3270149230957
RQ.PER.RNK.UPPER,AF,2012,21.8009471893311
RQ.PER.RNK.UPPER,AF,2011,9.00473976135254
RQ.PER.RNK.UPPER,AF,2010,9.09090900421143
RQ.PER.RNK.UPPER,AF,2009,6.22009563446045
RQ.PER.RNK.UPPER,AF,2008,7.76699018478394
RQ.PER.RNK.UPPER,AF,2007,7.76699018478394
RQ.PER.RNK.UPPER,AF,2006,8.33333301544189
RQ.PER.RNK.UPPER,AF,2005,7.35294103622437
RQ.PER.RNK.UPPER,AF,2004,12.93532371521
RQ.PER.RNK.UPPER,AF,2003,15.1351346969604
RQ.PER.RNK.UPPER,AF,2002,7.56756734848022
RQ.PER.RNK.UPPER,AF,2001,None
RQ.PER.RNK.UPPER,AF,2000,7.60869550704956
RQ.PER.RNK.UPPER,AF,1999,None
RQ.PER.RNK.UPPER,AF,1998,9.2391300201416
RQ.PER.RNK.UPPER,AF,1997,None
RQ.PER.RNK.UPPER,AF,1996,5.97826099395752
RQ.PER.RNK.UPPER,AF,1995,None
RQ.PER.RNK.UPPER,AO,2019,33.3333320617676
RQ.PER.RNK.UPPER,AO,2018,35.238094329834
RQ.PER.RNK.UPPER,AO,2017,27.619047164917
RQ.PER.RNK.UPPER,AO,2016,28.5714282989502
RQ.PER.RNK.UPPER,AO,2015,34.2857131958008
RQ.PER.RNK.UPPER,AO,2014,32.6923065185547
RQ.PER.RNK.UPPER,AO,2013,25.1184825897217
RQ.PER.RNK.UPPER,AO,2012,27.962085723877
RQ.PER.RNK.UPPER,AO,2011,22.274881362915
RQ.PER.RNK.UPPER,AO,2010,22.9665069580078
RQ.PER.RNK.UPPER,AO,2009,23.9234447479248
RQ.PER.RNK.UPPER,AO,2008,21.3592224121094
RQ.PER.RNK.UPPER,AO,2007,22.3300971984863
RQ.PER.RNK.UPPER,AO,2006,21.0784320831299
RQ.PER.RNK.UPPER,AO,2005,18.6274509429932
RQ.PER.RNK.UPPER,AO,2004,18.9054718017578
RQ.PER.RNK.UPPER,AO,2003,18.9189186096191
RQ.PER.RNK.UPPER,AO,2002,18.9189186096191
RQ.PER.RNK.UPPER,AO,2001,None
RQ.PER.RNK.UPPER,AO,2000,15.2173910140991
RQ.PER.RNK.UPPER,AO,1999,None
RQ.PER.RNK.UPPER,AO,1998,17.9347820281982
RQ.PER.RNK.UPPER,AO,1997,None
RQ.PER.RNK.UPPER,AO,1996,20.1086959838867
RQ.PER.RNK.UPPER,AO,1995,None
RQ.PER.RNK.UPPER,BI,2019,26.1904754638672
RQ.PER.RNK.UPPER,BI,2018,25.238094329834
RQ.PER.RNK.UPPER,BI,2017,29.5238094329834
RQ.PER.RNK.UPPER,BI,2016,30.4761905670166
RQ.PER.RNK.UPPER,BI,2015,34.761905670166
RQ.PER.RNK.UPPER,BI,2014,36.0576934814453
RQ.PER.RNK.UPPER,BI,2013,29.8578205108643
RQ.PER.RNK.UPPER,BI,2012,27.962085723877
RQ.PER.RNK.UPPER,BI,2011,24.6445503234863
RQ.PER.RNK.UPPER,BI,2010,20.0956935882568
RQ.PER.RNK.UPPER,BI,2009,20.5741634368896
RQ.PER.RNK.UPPER,BI,2008,17.4757289886475
RQ.PER.RNK.UPPER,BI,2007,17.9611644744873
RQ.PER.RNK.UPPER,BI,2006,19.6078433990479
RQ.PER.RNK.UPPER,BI,2005,15.1960783004761
RQ.PER.RNK.UPPER,BI,2004,19.9004974365234
RQ.PER.RNK.UPPER,BI,2003,21.0810813903809
RQ.PER.RNK.UPPER,BI,2002,25.4054050445557
RQ.PER.RNK.UPPER,BI,2001,None
RQ.PER.RNK.UPPER,BI,2000,30.4347820281982
RQ.PER.RNK.UPPER,BI,1999,None
RQ.PER.RNK.UPPER,BI,1998,16.8478260040283
RQ.PER.RNK.UPPER,BI,1997,None
RQ.PER.RNK.UPPER,BI,1996,14.6739130020142
RQ.PER.RNK.UPPER,BI,1995,None
RQ.PER.RNK.UPPER,BJ,2019,46.1904754638672
RQ.PER.RNK.UPPER,BJ,2018,48.5714302062988
RQ.PER.RNK.UPPER,BJ,2017,43.3333320617676
RQ.PER.RNK.UPPER,BJ,2016,42.8571434020996
RQ.PER.RNK.UPPER,BJ,2015,41.9047622680664
RQ.PER.RNK.UPPER,BJ,2014,41.8269233703613
RQ.PER.RNK.UPPER,BJ,2013,47.3933639526367
RQ.PER.RNK.UPPER,BJ,2012,50.2369651794434
RQ.PER.RNK.UPPER,BJ,2011,49.7630348205566
RQ.PER.RNK.UPPER,BJ,2010,47.3684196472168
RQ.PER.RNK.UPPER,BJ,2009,49.7607650756836
RQ.PER.RNK.UPPER,BJ,2008,46.1165046691895
RQ.PER.RNK.UPPER,BJ,2007,48.0582542419434
RQ.PER.RNK.UPPER,BJ,2006,49.5098037719727
RQ.PER.RNK.UPPER,BJ,2005,42.1568641662598
RQ.PER.RNK.UPPER,BJ,2004,44.2786064147949
RQ.PER.RNK.UPPER,BJ,2003,48.1081085205078
RQ.PER.RNK.UPPER,BJ,2002,50.2702713012695
RQ.PER.RNK.UPPER,BJ,2001,None
RQ.PER.RNK.UPPER,BJ,2000,65.2173919677734
RQ.PER.RNK.UPPER,BJ,1999,None
RQ.PER.RNK.UPPER,BJ,1998,65.760871887207
RQ.PER.RNK.UPPER,BJ,1997,None
RQ.PER.RNK.UPPER,BJ,1996,64.6739120483398
RQ.PER.RNK.UPPER,BJ,1995,None
RQ.PER.RNK.UPPER,BF,2019,46.1904754638672
RQ.PER.RNK.UPPER,BF,2018,47.6190490722656
RQ.PER.RNK.UPPER,BF,2017,43.3333320617676
RQ.PER.RNK.UPPER,BF,2016,46.6666679382324
RQ.PER.RNK.UPPER,BF,2015,48.0952377319336
RQ.PER.RNK.UPPER,BF,2014,49.519229888916
RQ.PER.RNK.UPPER,BF,2013,54.502368927002
RQ.PER.RNK.UPPER,BF,2012,55.9241714477539
RQ.PER.RNK.UPPER,BF,2011,54.028434753418
RQ.PER.RNK.UPPER,BF,2010,53.5885162353516
RQ.PER.RNK.UPPER,BF,2009,55.0239219665527
RQ.PER.RNK.UPPER,BF,2008,53.3980598449707
RQ.PER.RNK.UPPER,BF,2007,51.9417457580566
RQ.PER.RNK.UPPER,BF,2006,50.4901962280273
RQ.PER.RNK.UPPER,BF,2005,49.0196075439453
RQ.PER.RNK.UPPER,BF,2004,52.7363166809082
RQ.PER.RNK.UPPER,BF,2003,55.1351356506348
RQ.PER.RNK.UPPER,BF,2002,61.6216201782227
RQ.PER.RNK.UPPER,BF,2001,None
RQ.PER.RNK.UPPER,BF,2000,65.2173919677734
RQ.PER.RNK.UPPER,BF,1999,None
RQ.PER.RNK.UPPER,BF,1998,64.6739120483398
RQ.PER.RNK.UPPER,BF,1997,None
RQ.PER.RNK.UPPER,BF,1996,62.5
RQ.PER.RNK.UPPER,BF,1995,None
RQ.PER.RNK.UPPER,BD,2019,28.0952377319336
RQ.PER.RNK.UPPER,BD,2018,30.4761905670166
RQ.PER.RNK.UPPER,BD,2017,30.4761905670166
RQ.PER.RNK.UPPER,BD,2016,31.9047622680664
RQ.PER.RNK.UPPER,BD,2015,29.0476188659668
RQ.PER.RNK.UPPER,BD,2014,28.365385055542
RQ.PER.RNK.UPPER,BD,2013,28.9099521636963
RQ.PER.RNK.UPPER,BD,2012,27.488151550293
RQ.PER.RNK.UPPER,BD,2011,32.2274894714355
RQ.PER.RNK.UPPER,BD,2010,30.6220092773438
RQ.PER.RNK.UPPER,BD,2009,29.6650714874268
RQ.PER.RNK.UPPER,BD,2008,28.1553401947021
RQ.PER.RNK.UPPER,BD,2007,25.2427177429199
RQ.PER.RNK.UPPER,BD,2006,23.529411315918
RQ.PER.RNK.UPPER,BD,2005,22.5490188598633
RQ.PER.RNK.UPPER,BD,2004,19.9004974365234
RQ.PER.RNK.UPPER,BD,2003,22.7027034759521
RQ.PER.RNK.UPPER,BD,2002,25.9459457397461
RQ.PER.RNK.UPPER,BD,2001,None
RQ.PER.RNK.UPPER,BD,2000,29.8913040161133
RQ.PER.RNK.UPPER,BD,1999,None
RQ.PER.RNK.UPPER,BD,1998,28.8043479919434
RQ.PER.RNK.UPPER,BD,1997,None
RQ.PER.RNK.UPPER,BD,1996,33.6956520080566
RQ.PER.RNK.UPPER,BD,1995,None
RQ.PER.RNK.UPPER,BO,2019,27.1428565979004
RQ.PER.RNK.UPPER,BO,2018,26.1904754638672
RQ.PER.RNK.UPPER,BO,2017,28.0952377319336
RQ.PER.RNK.UPPER,BO,2016,26.6666660308838
RQ.PER.RNK.UPPER,BO,2015,30
RQ.PER.RNK.UPPER,BO,2014,31.25
RQ.PER.RNK.UPPER,BO,2013,34.1232223510742
RQ.PER.RNK.UPPER,BO,2012,31.7535552978516
RQ.PER.RNK.UPPER,BO,2011,33.1753540039063
RQ.PER.RNK.UPPER,BO,2010,33.0143547058105
RQ.PER.RNK.UPPER,BO,2009,29.6650714874268
RQ.PER.RNK.UPPER,BO,2008,30.0970878601074
RQ.PER.RNK.UPPER,BO,2007,25.2427177429199
RQ.PER.RNK.UPPER,BO,2006,29.4117641448975
RQ.PER.RNK.UPPER,BO,2005,39.2156867980957
RQ.PER.RNK.UPPER,BO,2004,56.2189064025879
RQ.PER.RNK.UPPER,BO,2003,57.8378372192383
RQ.PER.RNK.UPPER,BO,2002,61.6216201782227
RQ.PER.RNK.UPPER,BO,2001,None
RQ.PER.RNK.UPPER,BO,2000,65.2173919677734
RQ.PER.RNK.UPPER,BO,1999,None
RQ.PER.RNK.UPPER,BO,1998,72.2826080322266
RQ.PER.RNK.UPPER,BO,1997,None
RQ.PER.RNK.UPPER,BO,1996,66.3043441772461
RQ.PER.RNK.UPPER,BO,1995,None
RQ.PER.RNK.UPPER,BT,2019,55.238094329834
RQ.PER.RNK.UPPER,BT,2018,52.8571434020996
RQ.PER.RNK.UPPER,BT,2017,55.238094329834
RQ.PER.RNK.UPPER,BT,2016,40.476188659668
RQ.PER.RNK.UPPER,BT,2015,39.0476188659668
RQ.PER.RNK.UPPER,BT,2014,28.365385055542
RQ.PER.RNK.UPPER,BT,2013,24.1706161499023
RQ.PER.RNK.UPPER,BT,2012,24.1706161499023
RQ.PER.RNK.UPPER,BT,2011,21.8009471893311
RQ.PER.RNK.UPPER,BT,2010,19.6172256469727
RQ.PER.RNK.UPPER,BT,2009,23.4449768066406
RQ.PER.RNK.UPPER,BT,2008,36.8932037353516
RQ.PER.RNK.UPPER,BT,2007,41.262134552002
RQ.PER.RNK.UPPER,BT,2006,49.5098037719727
RQ.PER.RNK.UPPER,BT,2005,53.9215698242188
RQ.PER.RNK.UPPER,BT,2004,38.8059692382813
RQ.PER.RNK.UPPER,BT,2003,64.3243255615234
RQ.PER.RNK.UPPER,BT,2002,57.2972984313965
RQ.PER.RNK.UPPER,BT,2001,None
RQ.PER.RNK.UPPER,BT,2000,61.9565200805664
RQ.PER.RNK.UPPER,BT,1999,None
RQ.PER.RNK.UPPER,BT,1998,61.9565200805664
RQ.PER.RNK.UPPER,BT,1997,None
RQ.PER.RNK.UPPER,BT,1996,62.5
RQ.PER.RNK.UPPER,BT,1995,None
RQ.PER.RNK.UPPER,CF,2019,10.9523811340332
RQ.PER.RNK.UPPER,CF,2018,10.9523811340332
RQ.PER.RNK.UPPER,CF,2017,10.4761905670166
RQ.PER.RNK.UPPER,CF,2016,10.4761905670166
RQ.PER.RNK.UPPER,CF,2015,10.9523811340332
RQ.PER.RNK.UPPER,CF,2014,12.5
RQ.PER.RNK.UPPER,CF,2013,21.8009471893311
RQ.PER.RNK.UPPER,CF,2012,24.6445503234863
RQ.PER.RNK.UPPER,CF,2011,20.3791465759277
RQ.PER.RNK.UPPER,CF,2010,19.1387557983398
RQ.PER.RNK.UPPER,CF,2009,16.7464122772217
RQ.PER.RNK.UPPER,CF,2008,18.9320392608643
RQ.PER.RNK.UPPER,CF,2007,17.4757289886475
RQ.PER.RNK.UPPER,CF,2006,17.6470584869385
RQ.PER.RNK.UPPER,CF,2005,15.6862745285034
RQ.PER.RNK.UPPER,CF,2004,19.4029846191406
RQ.PER.RNK.UPPER,CF,2003,22.7027034759521
RQ.PER.RNK.UPPER,CF,2002,35.1351356506348
RQ.PER.RNK.UPPER,CF,2001,None
RQ.PER.RNK.UPPER,CF,2000,41.3043479919434
RQ.PER.RNK.UPPER,CF,1999,None
RQ.PER.RNK.UPPER,CF,1998,46.7391319274902
RQ.PER.RNK.UPPER,CF,1997,None
RQ.PER.RNK.UPPER,CF,1996,45.1086959838867
RQ.PER.RNK.UPPER,CF,1995,None
RQ.PER.RNK.UPPER,CI,2019,50.476188659668
RQ.PER.RNK.UPPER,CI,2018,54.2857131958008
RQ.PER.RNK.UPPER,CI,2017,47.1428565979004
RQ.PER.RNK.UPPER,CI,2016,47.1428565979004
RQ.PER.RNK.UPPER,CI,2015,43.8095245361328
RQ.PER.RNK.UPPER,CI,2014,40.8653831481934
RQ.PER.RNK.UPPER,CI,2013,34.5971565246582
RQ.PER.RNK.UPPER,CI,2012,32.7014236450195
RQ.PER.RNK.UPPER,CI,2011,28.9099521636963
RQ.PER.RNK.UPPER,CI,2010,26.3157901763916
RQ.PER.RNK.UPPER,CI,2009,25.3588523864746
RQ.PER.RNK.UPPER,CI,2008,27.1844654083252
RQ.PER.RNK.UPPER,CI,2007,26.6990299224854
RQ.PER.RNK.UPPER,CI,2006,25.4901962280273
RQ.PER.RNK.UPPER,CI,2005,24.5098037719727
RQ.PER.RNK.UPPER,CI,2004,21.8905467987061
RQ.PER.RNK.UPPER,CI,2003,37.8378372192383
RQ.PER.RNK.UPPER,CI,2002,53.5135116577148
RQ.PER.RNK.UPPER,CI,2001,None
RQ.PER.RNK.UPPER,CI,2000,51.6304359436035
RQ.PER.RNK.UPPER,CI,1999,None
RQ.PER.RNK.UPPER,CI,1998,61.4130439758301
RQ.PER.RNK.UPPER,CI,1997,None
RQ.PER.RNK.UPPER,CI,1996,59.2391319274902
RQ.PER.RNK.UPPER,CI,1995,None
RQ.PER.RNK.UPPER,CM,2019,30.4761905670166
RQ.PER.RNK.UPPER,CM,2018,30.4761905670166
RQ.PER.RNK.UPPER,CM,2017,29.5238094329834
RQ.PER.RNK.UPPER,CM,2016,30.4761905670166
RQ.PER.RNK.UPPER,CM,2015,27.1428565979004
RQ.PER.RNK.UPPER,CM,2014,30.2884616851807
RQ.PER.RNK.UPPER,CM,2013,26.5402851104736
RQ.PER.RNK.UPPER,CM,2012,28.4360198974609
RQ.PER.RNK.UPPER,CM,2011,32.2274894714355
RQ.PER.RNK.UPPER,CM,2010,33.0143547058105
RQ.PER.RNK.UPPER,CM,2009,33.0143547058105
RQ.PER.RNK.UPPER,CM,2008,30.0970878601074
RQ.PER.RNK.UPPER,CM,2007,28.6407775878906
RQ.PER.RNK.UPPER,CM,2006,29.4117641448975
RQ.PER.RNK.UPPER,CM,2005,25
RQ.PER.RNK.UPPER,CM,2004,37.3134346008301
RQ.PER.RNK.UPPER,CM,2003,25.4054050445557
RQ.PER.RNK.UPPER,CM,2002,28.1081085205078
RQ.PER.RNK.UPPER,CM,2001,None
RQ.PER.RNK.UPPER,CM,2000,38.5869560241699
RQ.PER.RNK.UPPER,CM,1999,None
RQ.PER.RNK.UPPER,CM,1998,35.3260879516602
RQ.PER.RNK.UPPER,CM,1997,None
RQ.PER.RNK.UPPER,CM,1996,25
RQ.PER.RNK.UPPER,CM,1995,None
RQ.PER.RNK.UPPER,CD,2019,9.0476188659668
RQ.PER.RNK.UPPER,CD,2018,9.0476188659668
RQ.PER.RNK.UPPER,CD,2017,10.4761905670166
RQ.PER.RNK.UPPER,CD,2016,12.380952835083
RQ.PER.RNK.UPPER,CD,2015,12.380952835083
RQ.PER.RNK.UPPER,CD,2014,13.4615383148193
RQ.PER.RNK.UPPER,CD,2013,17.5355453491211
RQ.PER.RNK.UPPER,CD,2012,10.9004735946655
RQ.PER.RNK.UPPER,CD,2011,9.00473976135254
RQ.PER.RNK.UPPER,CD,2010,7.17703342437744
RQ.PER.RNK.UPPER,CD,2009,8.13397121429443
RQ.PER.RNK.UPPER,CD,2008,16.990291595459
RQ.PER.RNK.UPPER,CD,2007,17.9611644744873
RQ.PER.RNK.UPPER,CD,2006,17.6470584869385
RQ.PER.RNK.UPPER,CD,2005,7.35294103622437
RQ.PER.RNK.UPPER,CD,2004,6.96517419815063
RQ.PER.RNK.UPPER,CD,2003,8.10810852050781
RQ.PER.RNK.UPPER,CD,2002,9.72972965240479
RQ.PER.RNK.UPPER,CD,2001,None
RQ.PER.RNK.UPPER,CD,2000,12.5
RQ.PER.RNK.UPPER,CD,1999,None
RQ.PER.RNK.UPPER,CD,1998,7.60869550704956
RQ.PER.RNK.UPPER,CD,1997,None
RQ.PER.RNK.UPPER,CD,1996,11.4130430221558
RQ.PER.RNK.UPPER,CD,1995,None
RQ.PER.RNK.UPPER,CG,2019,13.8095235824585
RQ.PER.RNK.UPPER,CG,2018,11.4285717010498
RQ.PER.RNK.UPPER,CG,2017,11.9047622680664
RQ.PER.RNK.UPPER,CG,2016,19.0476188659668
RQ.PER.RNK.UPPER,CG,2015,15.7142858505249
RQ.PER.RNK.UPPER,CG,2014,17.3076915740967
RQ.PER.RNK.UPPER,CG,2013,15.1658763885498
RQ.PER.RNK.UPPER,CG,2012,14.2180099487305
RQ.PER.RNK.UPPER,CG,2011,17.5355453491211
RQ.PER.RNK.UPPER,CG,2010,18.1818180084229
RQ.PER.RNK.UPPER,CG,2009,15.3110046386719
RQ.PER.RNK.UPPER,CG,2008,17.9611644744873
RQ.PER.RNK.UPPER,CG,2007,18.9320392608643
RQ.PER.RNK.UPPER,CG,2006,19.6078433990479
RQ.PER.RNK.UPPER,CG,2005,15.6862745285034
RQ.PER.RNK.UPPER,CG,2004,25.3731346130371
RQ.PER.RNK.UPPER,CG,2003,21.6216220855713
RQ.PER.RNK.UPPER,CG,2002,35.1351356506348
RQ.PER.RNK.UPPER,CG,2001,None
RQ.PER.RNK.UPPER,CG,2000,26.0869560241699
RQ.PER.RNK.UPPER,CG,1999,None
RQ.PER.RNK.UPPER,CG,1998,24.456521987915
RQ.PER.RNK.UPPER,CG,1997,None
RQ.PER.RNK.UPPER,CG,1996,24.456521987915
RQ.PER.RNK.UPPER,CG,1995,None
RQ.PER.RNK.UPPER,KM,2019,16.6666660308838
RQ.PER.RNK.UPPER,KM,2018,18.0952377319336
RQ.PER.RNK.UPPER,KM,2017,24.2857151031494
RQ.PER.RNK.UPPER,KM,2016,23.8095245361328
RQ.PER.RNK.UPPER,KM,2015,26.1904754638672
RQ.PER.RNK.UPPER,KM,2014,25.480770111084
RQ.PER.RNK.UPPER,KM,2013,23.222749710083
RQ.PER.RNK.UPPER,KM,2012,17.0616111755371
RQ.PER.RNK.UPPER,KM,2011,15.1658763885498
RQ.PER.RNK.UPPER,KM,2010,13.8755979537964
RQ.PER.RNK.UPPER,KM,2009,9.56937789916992
RQ.PER.RNK.UPPER,KM,2008,11.6504850387573
RQ.PER.RNK.UPPER,KM,2007,15.0485439300537
RQ.PER.RNK.UPPER,KM,2006,11.764705657959
RQ.PER.RNK.UPPER,KM,2005,9.80392169952393
RQ.PER.RNK.UPPER,KM,2004,15.9203977584839
RQ.PER.RNK.UPPER,KM,2003,21.0810813903809
RQ.PER.RNK.UPPER,KM,2002,40
RQ.PER.RNK.UPPER,KM,2001,None
RQ.PER.RNK.UPPER,KM,2000,30.4347820281982
RQ.PER.RNK.UPPER,KM,1999,None
RQ.PER.RNK.UPPER,KM,1998,34.7826080322266
RQ.PER.RNK.UPPER,KM,1997,None
RQ.PER.RNK.UPPER,KM,1996,28.8043479919434
RQ.PER.RNK.UPPER,KM,1995,None
RQ.PER.RNK.UPPER,CV,2019,64.2857131958008
RQ.PER.RNK.UPPER,CV,2018,64.2857131958008
RQ.PER.RNK.UPPER,CV,2017,64.7619018554688
RQ.PER.RNK.UPPER,CV,2016,61.4285697937012
RQ.PER.RNK.UPPER,CV,2015,60.9523811340332
RQ.PER.RNK.UPPER,CV,2014,54.8076934814453
RQ.PER.RNK.UPPER,CV,2013,58.7677726745605
RQ.PER.RNK.UPPER,CV,2012,63.0331764221191
RQ.PER.RNK.UPPER,CV,2011,60.6635055541992
RQ.PER.RNK.UPPER,CV,2010,54.5454559326172
RQ.PER.RNK.UPPER,CV,2009,59.8086128234863
RQ.PER.RNK.UPPER,CV,2008,54.8543701171875
RQ.PER.RNK.UPPER,CV,2007,51.9417457580566
RQ.PER.RNK.UPPER,CV,2006,54.4117660522461
RQ.PER.RNK.UPPER,CV,2005,51.470588684082
RQ.PER.RNK.UPPER,CV,2004,51.243782043457
RQ.PER.RNK.UPPER,CV,2003,57.8378372192383
RQ.PER.RNK.UPPER,CV,2002,62.1621627807617
RQ.PER.RNK.UPPER,CV,2001,None
RQ.PER.RNK.UPPER,CV,2000,81.5217361450195
RQ.PER.RNK.UPPER,CV,1999,None
RQ.PER.RNK.UPPER,CV,1998,70.6521759033203
RQ.PER.RNK.UPPER,CV,1997,None
RQ.PER.RNK.UPPER,CV,1996,69.5652160644531
RQ.PER.RNK.UPPER,CV,1995,None
RQ.PER.RNK.UPPER,DJ,2019,32.8571434020996
RQ.PER.RNK.UPPER,DJ,2018,35.238094329834
RQ.PER.RNK.UPPER,DJ,2017,39.0476188659668
RQ.PER.RNK.UPPER,DJ,2016,37.1428565979004
RQ.PER.RNK.UPPER,DJ,2015,35.7142868041992
RQ.PER.RNK.UPPER,DJ,2014,46.6346168518066
RQ.PER.RNK.UPPER,DJ,2013,45.0236968994141
RQ.PER.RNK.UPPER,DJ,2012,49.2891006469727
RQ.PER.RNK.UPPER,DJ,2011,41.7061614990234
RQ.PER.RNK.UPPER,DJ,2010,38.7559814453125
RQ.PER.RNK.UPPER,DJ,2009,39.2344512939453
RQ.PER.RNK.UPPER,DJ,2008,38.3495140075684
RQ.PER.RNK.UPPER,DJ,2007,34.4660186767578
RQ.PER.RNK.UPPER,DJ,2006,31.8627452850342
RQ.PER.RNK.UPPER,DJ,2005,30.3921566009521
RQ.PER.RNK.UPPER,DJ,2004,41.2935333251953
RQ.PER.RNK.UPPER,DJ,2003,45.4054069519043
RQ.PER.RNK.UPPER,DJ,2002,50.2702713012695
RQ.PER.RNK.UPPER,DJ,2001,None
RQ.PER.RNK.UPPER,DJ,2000,50.5434799194336
RQ.PER.RNK.UPPER,DJ,1999,None
RQ.PER.RNK.UPPER,DJ,1998,41.3043479919434
RQ.PER.RNK.UPPER,DJ,1997,None
RQ.PER.RNK.UPPER,DJ,1996,33.6956520080566
RQ.PER.RNK.UPPER,DJ,1995,None
RQ.PER.RNK.UPPER,EG,2019,35.238094329834
RQ.PER.RNK.UPPER,EG,2018,33.8095245361328
RQ.PER.RNK.UPPER,EG,2017,32.8571434020996
RQ.PER.RNK.UPPER,EG,2016,29.5238094329834
RQ.PER.RNK.UPPER,EG,2015,34.761905670166
RQ.PER.RNK.UPPER,EG,2014,38.461540222168
RQ.PER.RNK.UPPER,EG,2013,44.5497627258301
RQ.PER.RNK.UPPER,EG,2012,50.2369651794434
RQ.PER.RNK.UPPER,EG,2011,54.028434753418
RQ.PER.RNK.UPPER,EG,2010,56.4593315124512
RQ.PER.RNK.UPPER,EG,2009,55.9808616638184
RQ.PER.RNK.UPPER,EG,2008,56.3106803894043
RQ.PER.RNK.UPPER,EG,2007,53.3980598449707
RQ.PER.RNK.UPPER,EG,2006,51.9607849121094
RQ.PER.RNK.UPPER,EG,2005,50.4901962280273
RQ.PER.RNK.UPPER,EG,2004,45.7711448669434
RQ.PER.RNK.UPPER,EG,2003,48.1081085205078
RQ.PER.RNK.UPPER,EG,2002,50.8108100891113
RQ.PER.RNK.UPPER,EG,2001,None
RQ.PER.RNK.UPPER,EG,2000,58.152172088623
RQ.PER.RNK.UPPER,EG,1999,None
RQ.PER.RNK.UPPER,EG,1998,61.9565200805664
RQ.PER.RNK.UPPER,EG,1997,None
RQ.PER.RNK.UPPER,EG,1996,64.6739120483398
RQ.PER.RNK.UPPER,EG,1995,None
RQ.PER.RNK.UPPER,ER,2019,2.85714292526245
RQ.PER.RNK.UPPER,ER,2018,2.85714292526245
RQ.PER.RNK.UPPER,ER,2017,2.85714292526245
RQ.PER.RNK.UPPER,ER,2016,2.38095235824585
RQ.PER.RNK.UPPER,ER,2015,2.38095235824585
RQ.PER.RNK.UPPER,ER,2014,2.4038462638855
RQ.PER.RNK.UPPER,ER,2013,1.42180097103119
RQ.PER.RNK.UPPER,ER,2012,1.42180097103119
RQ.PER.RNK.UPPER,ER,2011,1.89573454856873
RQ.PER.RNK.UPPER,ER,2010,2.39234447479248
RQ.PER.RNK.UPPER,ER,2009,2.39234447479248
RQ.PER.RNK.UPPER,ER,2008,2.42718458175659
RQ.PER.RNK.UPPER,ER,2007,2.42718458175659
RQ.PER.RNK.UPPER,ER,2006,2.45098042488098
RQ.PER.RNK.UPPER,ER,2005,6.86274528503418
RQ.PER.RNK.UPPER,ER,2004,8.95522403717041
RQ.PER.RNK.UPPER,ER,2003,14.0540542602539
RQ.PER.RNK.UPPER,ER,2002,25.4054050445557
RQ.PER.RNK.UPPER,ER,2001,None
RQ.PER.RNK.UPPER,ER,2000,30.4347820281982
RQ.PER.RNK.UPPER,ER,1999,None
RQ.PER.RNK.UPPER,ER,1998,34.7826080322266
RQ.PER.RNK.UPPER,ER,1997,None
RQ.PER.RNK.UPPER,ER,1996,28.8043479919434
RQ.PER.RNK.UPPER,ER,1995,None
RQ.PER.RNK.UPPER,ET,2019,28.0952377319336
RQ.PER.RNK.UPPER,ET,2018,25.238094329834
RQ.PER.RNK.UPPER,ET,2017,23.8095245361328
RQ.PER.RNK.UPPER,ET,2016,20.4761905670166
RQ.PER.RNK.UPPER,ET,2015,24.761905670166
RQ.PER.RNK.UPPER,ET,2014,25.480770111084
RQ.PER.RNK.UPPER,ET,2013,22.748815536499
RQ.PER.RNK.UPPER,ET,2012,24.6445503234863
RQ.PER.RNK.UPPER,ET,2011,25.1184825897217
RQ.PER.RNK.UPPER,ET,2010,30.6220092773438
RQ.PER.RNK.UPPER,ET,2009,26.3157901763916
RQ.PER.RNK.UPPER,ET,2008,28.1553401947021
RQ.PER.RNK.UPPER,ET,2007,22.3300971984863
RQ.PER.RNK.UPPER,ET,2006,22.0588226318359
RQ.PER.RNK.UPPER,ET,2005,20.5882358551025
RQ.PER.RNK.UPPER,ET,2004,23.3830852508545
RQ.PER.RNK.UPPER,ET,2003,20.5405406951904
RQ.PER.RNK.UPPER,ET,2002,21.0810813903809
RQ.PER.RNK.UPPER,ET,2001,None
RQ.PER.RNK.UPPER,ET,2000,20.6521739959717
RQ.PER.RNK.UPPER,ET,1999,None
RQ.PER.RNK.UPPER,ET,1998,22.8260860443115
RQ.PER.RNK.UPPER,ET,1997,None
RQ.PER.RNK.UPPER,ET,1996,22.8260860443115
RQ.PER.RNK.UPPER,ET,1995,None
RQ.PER.RNK.UPPER,FM,2019,37.1428565979004
RQ.PER.RNK.UPPER,FM,2018,35.7142868041992
RQ.PER.RNK.UPPER,FM,2017,30.9523811340332
RQ.PER.RNK.UPPER,FM,2016,34.2857131958008
RQ.PER.RNK.UPPER,FM,2015,32.8571434020996
RQ.PER.RNK.UPPER,FM,2014,31.25
RQ.PER.RNK.UPPER,FM,2013,32.2274894714355
RQ.PER.RNK.UPPER,FM,2012,31.2796211242676
RQ.PER.RNK.UPPER,FM,2011,32.7014236450195
RQ.PER.RNK.UPPER,FM,2010,42.5837326049805
RQ.PER.RNK.UPPER,FM,2009,46.8899536132813
RQ.PER.RNK.UPPER,FM,2008,52.9126205444336
RQ.PER.RNK.UPPER,FM,2007,61.1650466918945
RQ.PER.RNK.UPPER,FM,2006,75.9803924560547
RQ.PER.RNK.UPPER,FM,2005,71.0784301757813
RQ.PER.RNK.UPPER,FM,2004,78.6069641113281
RQ.PER.RNK.UPPER,FM,2003,None
RQ.PER.RNK.UPPER,FM,2002,None
RQ.PER.RNK.UPPER,FM,2001,None
RQ.PER.RNK.UPPER,FM,2000,None
RQ.PER.RNK.UPPER,FM,1999,None
RQ.PER.RNK.UPPER,FM,1998,None
RQ.PER.RNK.UPPER,FM,1997,None
RQ.PER.RNK.UPPER,FM,1996,None
RQ.PER.RNK.UPPER,FM,1995,None
RQ.PER.RNK.UPPER,GH,2019,58.5714302062988
RQ.PER.RNK.UPPER,GH,2018,60
RQ.PER.RNK.UPPER,GH,2017,57.6190490722656
RQ.PER.RNK.UPPER,GH,2016,51.4285697937012
RQ.PER.RNK.UPPER,GH,2015,59.0476188659668
RQ.PER.RNK.UPPER,GH,2014,61.538459777832
RQ.PER.RNK.UPPER,GH,2013,63.0331764221191
RQ.PER.RNK.UPPER,GH,2012,63.5071105957031
RQ.PER.RNK.UPPER,GH,2011,61.6113739013672
RQ.PER.RNK.UPPER,GH,2010,60.7655487060547
RQ.PER.RNK.UPPER,GH,2009,62.2009582519531
RQ.PER.RNK.UPPER,GH,2008,56.7961158752441
RQ.PER.RNK.UPPER,GH,2007,57.7669906616211
RQ.PER.RNK.UPPER,GH,2006,55.3921585083008
RQ.PER.RNK.UPPER,GH,2005,54.4117660522461
RQ.PER.RNK.UPPER,GH,2004,51.243782043457
RQ.PER.RNK.UPPER,GH,2003,56.2162170410156
RQ.PER.RNK.UPPER,GH,2002,50.2702713012695
RQ.PER.RNK.UPPER,GH,2001,None
RQ.PER.RNK.UPPER,GH,2000,65.760871887207
RQ.PER.RNK.UPPER,GH,1999,None
RQ.PER.RNK.UPPER,GH,1998,62.5
RQ.PER.RNK.UPPER,GH,1997,None
RQ.PER.RNK.UPPER,GH,1996,61.9565200805664
RQ.PER.RNK.UPPER,GH,1995,None
RQ.PER.RNK.UPPER,GN,2019,31.9047622680664
RQ.PER.RNK.UPPER,GN,2018,31.9047622680664
RQ.PER.RNK.UPPER,GN,2017,29.5238094329834
RQ.PER.RNK.UPPER,GN,2016,28.5714282989502
RQ.PER.RNK.UPPER,GN,2015,29.0476188659668
RQ.PER.RNK.UPPER,GN,2014,25.480770111084
RQ.PER.RNK.UPPER,GN,2013,25.1184825897217
RQ.PER.RNK.UPPER,GN,2012,25.1184825897217
RQ.PER.RNK.UPPER,GN,2011,25.1184825897217
RQ.PER.RNK.UPPER,GN,2010,22.4880390167236
RQ.PER.RNK.UPPER,GN,2009,22.0095691680908
RQ.PER.RNK.UPPER,GN,2008,18.9320392608643
RQ.PER.RNK.UPPER,GN,2007,18.4466018676758
RQ.PER.RNK.UPPER,GN,2006,20.0980396270752
RQ.PER.RNK.UPPER,GN,2005,23.0392150878906
RQ.PER.RNK.UPPER,GN,2004,23.3830852508545
RQ.PER.RNK.UPPER,GN,2003,27.027027130127
RQ.PER.RNK.UPPER,GN,2002,25.4054050445557
RQ.PER.RNK.UPPER,GN,2001,None
RQ.PER.RNK.UPPER,GN,2000,40.7608680725098
RQ.PER.RNK.UPPER,GN,1999,None
RQ.PER.RNK.UPPER,GN,1998,43.4782600402832
RQ.PER.RNK.UPPER,GN,1997,None
RQ.PER.RNK.UPPER,GN,1996,44.0217399597168
RQ.PER.RNK.UPPER,GN,1995,None
RQ.PER.RNK.UPPER,GM,2019,35.238094329834
RQ.PER.RNK.UPPER,GM,2018,36.6666679382324
RQ.PER.RNK.UPPER,GM,2017,43.3333320617676
RQ.PER.RNK.UPPER,GM,2016,42.8571434020996
RQ.PER.RNK.UPPER,GM,2015,43.8095245361328
RQ.PER.RNK.UPPER,GM,2014,48.0769233703613
RQ.PER.RNK.UPPER,GM,2013,51.6587677001953
RQ.PER.RNK.UPPER,GM,2012,54.028434753418
RQ.PER.RNK.UPPER,GM,2011,52.1327018737793
RQ.PER.RNK.UPPER,GM,2010,46.8899536132813
RQ.PER.RNK.UPPER,GM,2009,49.7607650756836
RQ.PER.RNK.UPPER,GM,2008,48.5436897277832
RQ.PER.RNK.UPPER,GM,2007,50
RQ.PER.RNK.UPPER,GM,2006,49.5098037719727
RQ.PER.RNK.UPPER,GM,2005,43.1372566223145
RQ.PER.RNK.UPPER,GM,2004,47.7611923217773
RQ.PER.RNK.UPPER,GM,2003,52.972972869873
RQ.PER.RNK.UPPER,GM,2002,53.5135116577148
RQ.PER.RNK.UPPER,GM,2001,None
RQ.PER.RNK.UPPER,GM,2000,58.152172088623
RQ.PER.RNK.UPPER,GM,1999,None
RQ.PER.RNK.UPPER,GM,1998,50
RQ.PER.RNK.UPPER,GM,1997,None
RQ.PER.RNK.UPPER,GM,1996,44.0217399597168
RQ.PER.RNK.UPPER,GM,1995,None
RQ.PER.RNK.UPPER,GW,2019,13.3333330154419
RQ.PER.RNK.UPPER,GW,2018,13.8095235824585
RQ.PER.RNK.UPPER,GW,2017,16.6666660308838
RQ.PER.RNK.UPPER,GW,2016,17.1428565979004
RQ.PER.RNK.UPPER,GW,2015,19.0476188659668
RQ.PER.RNK.UPPER,GW,2014,21.634614944458
RQ.PER.RNK.UPPER,GW,2013,21.3270149230957
RQ.PER.RNK.UPPER,GW,2012,21.8009471893311
RQ.PER.RNK.UPPER,GW,2011,23.222749710083
RQ.PER.RNK.UPPER,GW,2010,22.4880390167236
RQ.PER.RNK.UPPER,GW,2009,20.5741634368896
RQ.PER.RNK.UPPER,GW,2008,18.9320392608643
RQ.PER.RNK.UPPER,GW,2007,20.8737869262695
RQ.PER.RNK.UPPER,GW,2006,25
RQ.PER.RNK.UPPER,GW,2005,21.0784320831299
RQ.PER.RNK.UPPER,GW,2004,19.9004974365234
RQ.PER.RNK.UPPER,GW,2003,37.8378372192383
RQ.PER.RNK.UPPER,GW,2002,39.4594612121582
RQ.PER.RNK.UPPER,GW,2001,None
RQ.PER.RNK.UPPER,GW,2000,30.4347820281982
RQ.PER.RNK.UPPER,GW,1999,None
RQ.PER.RNK.UPPER,GW,1998,27.1739139556885
RQ.PER.RNK.UPPER,GW,1997,None
RQ.PER.RNK.UPPER,GW,1996,46.1956520080566
RQ.PER.RNK.UPPER,GW,1995,None
RQ.PER.RNK.UPPER,HN,2019,45.238094329834
RQ.PER.RNK.UPPER,HN,2018,46.1904754638672
RQ.PER.RNK.UPPER,HN,2017,47.1428565979004
RQ.PER.RNK.UPPER,HN,2016,44.761905670166
RQ.PER.RNK.UPPER,HN,2015,48.0952377319336
RQ.PER.RNK.UPPER,HN,2014,49.519229888916
RQ.PER.RNK.UPPER,HN,2013,54.9763031005859
RQ.PER.RNK.UPPER,HN,2012,55.4502372741699
RQ.PER.RNK.UPPER,HN,2011,55.9241714477539
RQ.PER.RNK.UPPER,HN,2010,53.5885162353516
RQ.PER.RNK.UPPER,HN,2009,52.1531105041504
RQ.PER.RNK.UPPER,HN,2008,53.3980598449707
RQ.PER.RNK.UPPER,HN,2007,53.8834953308105
RQ.PER.RNK.UPPER,HN,2006,50.4901962280273
RQ.PER.RNK.UPPER,HN,2005,43.1372566223145
RQ.PER.RNK.UPPER,HN,2004,50.2487564086914
RQ.PER.RNK.UPPER,HN,2003,47.5675659179688
RQ.PER.RNK.UPPER,HN,2002,46.4864883422852
RQ.PER.RNK.UPPER,HN,2001,None
RQ.PER.RNK.UPPER,HN,2000,48.3695640563965
RQ.PER.RNK.UPPER,HN,1999,None
RQ.PER.RNK.UPPER,HN,1998,57.0652160644531
RQ.PER.RNK.UPPER,HN,1997,None
RQ.PER.RNK.UPPER,HN,1996,46.1956520080566
RQ.PER.RNK.UPPER,HN,1995,None
RQ.PER.RNK.UPPER,HT,2019,12.8571424484253
RQ.PER.RNK.UPPER,HT,2018,13.8095235824585
RQ.PER.RNK.UPPER,HT,2017,12.380952835083
RQ.PER.RNK.UPPER,HT,2016,17.1428565979004
RQ.PER.RNK.UPPER,HT,2015,20
RQ.PER.RNK.UPPER,HT,2014,25.480770111084
RQ.PER.RNK.UPPER,HT,2013,28.9099521636963
RQ.PER.RNK.UPPER,HT,2012,28.9099521636963
RQ.PER.RNK.UPPER,HT,2011,23.6966819763184
RQ.PER.RNK.UPPER,HT,2010,25.3588523864746
RQ.PER.RNK.UPPER,HT,2009,27.2727279663086
RQ.PER.RNK.UPPER,HT,2008,35.9223289489746
RQ.PER.RNK.UPPER,HT,2007,31.5533981323242
RQ.PER.RNK.UPPER,HT,2006,30.8823528289795
RQ.PER.RNK.UPPER,HT,2005,19.6078433990479
RQ.PER.RNK.UPPER,HT,2004,12.93532371521
RQ.PER.RNK.UPPER,HT,2003,21.0810813903809
RQ.PER.RNK.UPPER,HT,2002,25.9459457397461
RQ.PER.RNK.UPPER,HT,2001,None
RQ.PER.RNK.UPPER,HT,2000,34.7826080322266
RQ.PER.RNK.UPPER,HT,1999,None
RQ.PER.RNK.UPPER,HT,1998,35.8695640563965
RQ.PER.RNK.UPPER,HT,1997,None
RQ.PER.RNK.UPPER,HT,1996,37.5
RQ.PER.RNK.UPPER,HT,1995,None
RQ.PER.RNK.UPPER,IN,2019,60.9523811340332
RQ.PER.RNK.UPPER,IN,2018,58.5714302062988
RQ.PER.RNK.UPPER,IN,2017,56.1904754638672
RQ.PER.RNK.UPPER,IN,2016,53.8095245361328
RQ.PER.RNK.UPPER,IN,2015,48.0952377319336
RQ.PER.RNK.UPPER,IN,2014,48.5576934814453
RQ.PER.RNK.UPPER,IN,2013,45.971565246582
RQ.PER.RNK.UPPER,IN,2012,46.445499420166
RQ.PER.RNK.UPPER,IN,2011,51.1848335266113
RQ.PER.RNK.UPPER,IN,2010,48.3253593444824
RQ.PER.RNK.UPPER,IN,2009,51.6746406555176
RQ.PER.RNK.UPPER,IN,2008,51.4563102722168
RQ.PER.RNK.UPPER,IN,2007,52.4271850585938
RQ.PER.RNK.UPPER,IN,2006,54.4117660522461
RQ.PER.RNK.UPPER,IN,2005,52.9411773681641
RQ.PER.RNK.UPPER,IN,2004,52.7363166809082
RQ.PER.RNK.UPPER,IN,2003,52.972972869873
RQ.PER.RNK.UPPER,IN,2002,54.0540542602539
RQ.PER.RNK.UPPER,IN,2001,None
RQ.PER.RNK.UPPER,IN,2000,61.4130439758301
RQ.PER.RNK.UPPER,IN,1999,None
RQ.PER.RNK.UPPER,IN,1998,52.1739120483398
RQ.PER.RNK.UPPER,IN,1997,None
RQ.PER.RNK.UPPER,IN,1996,51.6304359436035
RQ.PER.RNK.UPPER,IN,1995,None
RQ.PER.RNK.UPPER,JO,2019,63.8095245361328
RQ.PER.RNK.UPPER,JO,2018,63.8095245361328
RQ.PER.RNK.UPPER,JO,2017,66.1904754638672
RQ.PER.RNK.UPPER,JO,2016,65.7142868041992
RQ.PER.RNK.UPPER,JO,2015,65.7142868041992
RQ.PER.RNK.UPPER,JO,2014,65.3846130371094
RQ.PER.RNK.UPPER,JO,2013,66.3507080078125
RQ.PER.RNK.UPPER,JO,2012,67.7725143432617
RQ.PER.RNK.UPPER,JO,2011,70.6161117553711
RQ.PER.RNK.UPPER,JO,2010,66.9856491088867
RQ.PER.RNK.UPPER,JO,2009,69.3779907226563
RQ.PER.RNK.UPPER,JO,2008,69.9029159545898
RQ.PER.RNK.UPPER,JO,2007,70.3883514404297
RQ.PER.RNK.UPPER,JO,2006,70.0980377197266
RQ.PER.RNK.UPPER,JO,2005,60.294116973877
RQ.PER.RNK.UPPER,JO,2004,68.6567153930664
RQ.PER.RNK.UPPER,JO,2003,65.9459457397461
RQ.PER.RNK.UPPER,JO,2002,63.2432441711426
RQ.PER.RNK.UPPER,JO,2001,None
RQ.PER.RNK.UPPER,JO,2000,72.8260879516602
RQ.PER.RNK.UPPER,JO,1999,None
RQ.PER.RNK.UPPER,JO,1998,73.9130401611328
RQ.PER.RNK.UPPER,JO,1997,None
RQ.PER.RNK.UPPER,JO,1996,65.760871887207
RQ.PER.RNK.UPPER,JO,1995,None
RQ.PER.RNK.UPPER,KE,2019,49.523811340332
RQ.PER.RNK.UPPER,KE,2018,52.8571434020996
RQ.PER.RNK.UPPER,KE,2017,53.3333320617676
RQ.PER.RNK.UPPER,KE,2016,50
RQ.PER.RNK.UPPER,KE,2015,48.5714302062988
RQ.PER.RNK.UPPER,KE,2014,49.519229888916
RQ.PER.RNK.UPPER,KE,2013,51.6587677001953
RQ.PER.RNK.UPPER,KE,2012,52.6066360473633
RQ.PER.RNK.UPPER,KE,2011,53.554500579834
RQ.PER.RNK.UPPER,KE,2010,54.5454559326172
RQ.PER.RNK.UPPER,KE,2009,54.5454559326172
RQ.PER.RNK.UPPER,KE,2008,53.3980598449707
RQ.PER.RNK.UPPER,KE,2007,51.9417457580566
RQ.PER.RNK.UPPER,KE,2006,54.4117660522461
RQ.PER.RNK.UPPER,KE,2005,52.4509811401367
RQ.PER.RNK.UPPER,KE,2004,54.2288551330566
RQ.PER.RNK.UPPER,KE,2003,55.1351356506348
RQ.PER.RNK.UPPER,KE,2002,60.5405387878418
RQ.PER.RNK.UPPER,KE,2001,None
RQ.PER.RNK.UPPER,KE,2000,58.152172088623
RQ.PER.RNK.UPPER,KE,1999,None
RQ.PER.RNK.UPPER,KE,1998,61.4130439758301
RQ.PER.RNK.UPPER,KE,1997,None
RQ.PER.RNK.UPPER,KE,1996,61.9565200805664
RQ.PER.RNK.UPPER,KE,1995,None
RQ.PER.RNK.UPPER,KG,2019,49.523811340332
RQ.PER.RNK.UPPER,KG,2018,49.523811340332
RQ.PER.RNK.UPPER,KG,2017,50
RQ.PER.RNK.UPPER,KG,2016,50.9523811340332
RQ.PER.RNK.UPPER,KG,2015,44.2857131958008
RQ.PER.RNK.UPPER,KG,2014,48.5576934814453
RQ.PER.RNK.UPPER,KG,2013,51.6587677001953
RQ.PER.RNK.UPPER,KG,2012,50.2369651794434
RQ.PER.RNK.UPPER,KG,2011,53.554500579834
RQ.PER.RNK.UPPER,KG,2010,53.1100463867188
RQ.PER.RNK.UPPER,KG,2009,51.6746406555176
RQ.PER.RNK.UPPER,KG,2008,52.4271850585938
RQ.PER.RNK.UPPER,KG,2007,50.970874786377
RQ.PER.RNK.UPPER,KG,2006,41.6666679382324
RQ.PER.RNK.UPPER,KG,2005,24.5098037719727
RQ.PER.RNK.UPPER,KG,2004,52.7363166809082
RQ.PER.RNK.UPPER,KG,2003,52.972972869873
RQ.PER.RNK.UPPER,KG,2002,61.6216201782227
RQ.PER.RNK.UPPER,KG,2001,None
RQ.PER.RNK.UPPER,KG,2000,63.0434799194336
RQ.PER.RNK.UPPER,KG,1999,None
RQ.PER.RNK.UPPER,KG,1998,64.1304321289063
RQ.PER.RNK.UPPER,KG,1997,None
RQ.PER.RNK.UPPER,KG,1996,62.5
RQ.PER.RNK.UPPER,KG,1995,None
RQ.PER.RNK.UPPER,KH,2019,42.8571434020996
RQ.PER.RNK.UPPER,KH,2018,44.761905670166
RQ.PER.RNK.UPPER,KH,2017,43.3333320617676
RQ.PER.RNK.UPPER,KH,2016,46.6666679382324
RQ.PER.RNK.UPPER,KH,2015,44.2857131958008
RQ.PER.RNK.UPPER,KH,2014,49.038459777832
RQ.PER.RNK.UPPER,KH,2013,51.1848335266113
RQ.PER.RNK.UPPER,KH,2012,50.2369651794434
RQ.PER.RNK.UPPER,KH,2011,39.8104248046875
RQ.PER.RNK.UPPER,KH,2010,45.4545440673828
RQ.PER.RNK.UPPER,KH,2009,45.4545440673828
RQ.PER.RNK.UPPER,KH,2008,50.4854354858398
RQ.PER.RNK.UPPER,KH,2007,50
RQ.PER.RNK.UPPER,KH,2006,44.6078414916992
RQ.PER.RNK.UPPER,KH,2005,48.0392150878906
RQ.PER.RNK.UPPER,KH,2004,50.2487564086914
RQ.PER.RNK.UPPER,KH,2003,52.972972869873
RQ.PER.RNK.UPPER,KH,2002,60.5405387878418
RQ.PER.RNK.UPPER,KH,2001,None
RQ.PER.RNK.UPPER,KH,2000,64.6739120483398
RQ.PER.RNK.UPPER,KH,1999,None
RQ.PER.RNK.UPPER,KH,1998,64.6739120483398
RQ.PER.RNK.UPPER,KH,1997,None
RQ.PER.RNK.UPPER,KH,1996,63.0434799194336
RQ.PER.RNK.UPPER,KH,1995,None
RQ.PER.RNK.UPPER,KI,2019,57.6190490722656
RQ.PER.RNK.UPPER,KI,2018,45.7142868041992
RQ.PER.RNK.UPPER,KI,2017,39.523811340332
RQ.PER.RNK.UPPER,KI,2016,39.523811340332
RQ.PER.RNK.UPPER,KI,2015,35.238094329834
RQ.PER.RNK.UPPER,KI,2014,33.1730766296387
RQ.PER.RNK.UPPER,KI,2013,18.0094795227051
RQ.PER.RNK.UPPER,KI,2012,19.4312801361084
RQ.PER.RNK.UPPER,KI,2011,13.2701425552368
RQ.PER.RNK.UPPER,KI,2010,18.6602878570557
RQ.PER.RNK.UPPER,KI,2009,22.0095691680908
RQ.PER.RNK.UPPER,KI,2008,21.3592224121094
RQ.PER.RNK.UPPER,KI,2007,25.2427177429199
RQ.PER.RNK.UPPER,KI,2006,29.9019603729248
RQ.PER.RNK.UPPER,KI,2005,28.4313716888428
RQ.PER.RNK.UPPER,KI,2004,62.1890563964844
RQ.PER.RNK.UPPER,KI,2003,None
RQ.PER.RNK.UPPER,KI,2002,None
RQ.PER.RNK.UPPER,KI,2001,None
RQ.PER.RNK.UPPER,KI,2000,None
RQ.PER.RNK.UPPER,KI,1999,None
RQ.PER.RNK.UPPER,KI,1998,None
RQ.PER.RNK.UPPER,KI,1997,None
RQ.PER.RNK.UPPER,KI,1996,None
RQ.PER.RNK.UPPER,KI,1995,None
RQ.PER.RNK.UPPER,LA,2019,36.6666679382324
RQ.PER.RNK.UPPER,LA,2018,33.8095245361328
RQ.PER.RNK.UPPER,LA,2017,34.761905670166
RQ.PER.RNK.UPPER,LA,2016,38.0952377319336
RQ.PER.RNK.UPPER,LA,2015,33.8095245361328
RQ.PER.RNK.UPPER,LA,2014,31.730770111084
RQ.PER.RNK.UPPER,LA,2013,31.2796211242676
RQ.PER.RNK.UPPER,LA,2012,32.2274894714355
RQ.PER.RNK.UPPER,LA,2011,26.0663509368896
RQ.PER.RNK.UPPER,LA,2010,25.3588523864746
RQ.PER.RNK.UPPER,LA,2009,23.4449768066406
RQ.PER.RNK.UPPER,LA,2008,20.3883495330811
RQ.PER.RNK.UPPER,LA,2007,19.9029121398926
RQ.PER.RNK.UPPER,LA,2006,18.6274509429932
RQ.PER.RNK.UPPER,LA,2005,15.6862745285034
RQ.PER.RNK.UPPER,LA,2004,18.9054718017578
RQ.PER.RNK.UPPER,LA,2003,17.8378372192383
RQ.PER.RNK.UPPER,LA,2002,23.7837829589844
RQ.PER.RNK.UPPER,LA,2001,None
RQ.PER.RNK.UPPER,LA,2000,21.7391300201416
RQ.PER.RNK.UPPER,LA,1999,None
RQ.PER.RNK.UPPER,LA,1998,29.3478260040283
RQ.PER.RNK.UPPER,LA,1997,None
RQ.PER.RNK.UPPER,LA,1996,30.4347820281982
RQ.PER.RNK.UPPER,LA,1995,None
RQ.PER.RNK.UPPER,LB,2019,44.761905670166
RQ.PER.RNK.UPPER,LB,2018,48.5714302062988
RQ.PER.RNK.UPPER,LB,2017,50.476188659668
RQ.PER.RNK.UPPER,LB,2016,50.9523811340332
RQ.PER.RNK.UPPER,LB,2015,51.4285697937012
RQ.PER.RNK.UPPER,LB,2014,53.3653831481934
RQ.PER.RNK.UPPER,LB,2013,59.7156410217285
RQ.PER.RNK.UPPER,LB,2012,57.3459701538086
RQ.PER.RNK.UPPER,LB,2011,55.9241714477539
RQ.PER.RNK.UPPER,LB,2010,62.2009582519531
RQ.PER.RNK.UPPER,LB,2009,57.8947372436523
RQ.PER.RNK.UPPER,LB,2008,53.3980598449707
RQ.PER.RNK.UPPER,LB,2007,52.4271850585938
RQ.PER.RNK.UPPER,LB,2006,54.4117660522461
RQ.PER.RNK.UPPER,LB,2005,55.8823547363281
RQ.PER.RNK.UPPER,LB,2004,61.6915435791016
RQ.PER.RNK.UPPER,LB,2003,58.9189186096191
RQ.PER.RNK.UPPER,LB,2002,53.5135116577148
RQ.PER.RNK.UPPER,LB,2001,None
RQ.PER.RNK.UPPER,LB,2000,54.8913040161133
RQ.PER.RNK.UPPER,LB,1999,None
RQ.PER.RNK.UPPER,LB,1998,54.347827911377
RQ.PER.RNK.UPPER,LB,1997,None
RQ.PER.RNK.UPPER,LB,1996,58.6956520080566
RQ.PER.RNK.UPPER,LB,1995,None
RQ.PER.RNK.UPPER,LR,2019,23.8095245361328
RQ.PER.RNK.UPPER,LR,2018,24.761905670166
RQ.PER.RNK.UPPER,LR,2017,26.6666660308838
RQ.PER.RNK.UPPER,LR,2016,26.1904754638672
RQ.PER.RNK.UPPER,LR,2015,28.0952377319336
RQ.PER.RNK.UPPER,LR,2014,30.769229888916
RQ.PER.RNK.UPPER,LR,2013,28.9099521636963
RQ.PER.RNK.UPPER,LR,2012,24.6445503234863
RQ.PER.RNK.UPPER,LR,2011,22.274881362915
RQ.PER.RNK.UPPER,LR,2010,22.9665069580078
RQ.PER.RNK.UPPER,LR,2009,20.5741634368896
RQ.PER.RNK.UPPER,LR,2008,17.9611644744873
RQ.PER.RNK.UPPER,LR,2007,21.8446598052979
RQ.PER.RNK.UPPER,LR,2006,15.1960783004761
RQ.PER.RNK.UPPER,LR,2005,8.33333301544189
RQ.PER.RNK.UPPER,LR,2004,5.47263669967651
RQ.PER.RNK.UPPER,LR,2003,8.64864826202393
RQ.PER.RNK.UPPER,LR,2002,12.972972869873
RQ.PER.RNK.UPPER,LR,2001,None
RQ.PER.RNK.UPPER,LR,2000,14.6739130020142
RQ.PER.RNK.UPPER,LR,1999,None
RQ.PER.RNK.UPPER,LR,1998,14.6739130020142
RQ.PER.RNK.UPPER,LR,1997,None
RQ.PER.RNK.UPPER,LR,1996,10.8695650100708
RQ.PER.RNK.UPPER,LR,1995,None
RQ.PER.RNK.UPPER,LK,2019,59.0476188659668
RQ.PER.RNK.UPPER,LK,2018,60
RQ.PER.RNK.UPPER,LK,2017,60.9523811340332
RQ.PER.RNK.UPPER,LK,2016,62.3809509277344
RQ.PER.RNK.UPPER,LK,2015,61.9047622680664
RQ.PER.RNK.UPPER,LK,2014,60.0961532592773
RQ.PER.RNK.UPPER,LK,2013,54.9763031005859
RQ.PER.RNK.UPPER,LK,2012,55.9241714477539
RQ.PER.RNK.UPPER,LK,2011,55.9241714477539
RQ.PER.RNK.UPPER,LK,2010,53.1100463867188
RQ.PER.RNK.UPPER,LK,2009,52.1531105041504
RQ.PER.RNK.UPPER,LK,2008,51.9417457580566
RQ.PER.RNK.UPPER,LK,2007,52.4271850585938
RQ.PER.RNK.UPPER,LK,2006,54.4117660522461
RQ.PER.RNK.UPPER,LK,2005,50.4901962280273
RQ.PER.RNK.UPPER,LK,2004,61.6915435791016
RQ.PER.RNK.UPPER,LK,2003,63.2432441711426
RQ.PER.RNK.UPPER,LK,2002,65.405403137207
RQ.PER.RNK.UPPER,LK,2001,None
RQ.PER.RNK.UPPER,LK,2000,69.0217361450195
RQ.PER.RNK.UPPER,LK,1999,None
RQ.PER.RNK.UPPER,LK,1998,70.6521759033203
RQ.PER.RNK.UPPER,LK,1997,None
RQ.PER.RNK.UPPER,LK,1996,69.0217361450195
RQ.PER.RNK.UPPER,LK,1995,None
RQ.PER.RNK.UPPER,LS,2019,41.4285697937012
RQ.PER.RNK.UPPER,LS,2018,43.3333320617676
RQ.PER.RNK.UPPER,LS,2017,49.0476188659668
RQ.PER.RNK.UPPER,LS,2016,46.6666679382324
RQ.PER.RNK.UPPER,LS,2015,47.1428565979004
RQ.PER.RNK.UPPER,LS,2014,49.038459777832
RQ.PER.RNK.UPPER,LS,2013,51.1848335266113
RQ.PER.RNK.UPPER,LS,2012,45.0236968994141
RQ.PER.RNK.UPPER,LS,2011,38.3886260986328
RQ.PER.RNK.UPPER,LS,2010,39.2344512939453
RQ.PER.RNK.UPPER,LS,2009,38.2775115966797
RQ.PER.RNK.UPPER,LS,2008,38.8349533081055
RQ.PER.RNK.UPPER,LS,2007,35.9223289489746
RQ.PER.RNK.UPPER,LS,2006,40.6862754821777
RQ.PER.RNK.UPPER,LS,2005,43.1372566223145
RQ.PER.RNK.UPPER,LS,2004,47.2636833190918
RQ.PER.RNK.UPPER,LS,2003,51.8918914794922
RQ.PER.RNK.UPPER,LS,2002,57.2972984313965
RQ.PER.RNK.UPPER,LS,2001,None
RQ.PER.RNK.UPPER,LS,2000,65.2173919677734
RQ.PER.RNK.UPPER,LS,1999,None
RQ.PER.RNK.UPPER,LS,1998,64.1304321289063
RQ.PER.RNK.UPPER,LS,1997,None
RQ.PER.RNK.UPPER,LS,1996,63.0434799194336
RQ.PER.RNK.UPPER,LS,1995,None
RQ.PER.RNK.UPPER,MA,2019,60.9523811340332
RQ.PER.RNK.UPPER,MA,2018,58.0952377319336
RQ.PER.RNK.UPPER,MA,2017,60.9523811340332
RQ.PER.RNK.UPPER,MA,2016,60
RQ.PER.RNK.UPPER,MA,2015,60.9523811340332
RQ.PER.RNK.UPPER,MA,2014,63.461540222168
RQ.PER.RNK.UPPER,MA,2013,58.2938385009766
RQ.PER.RNK.UPPER,MA,2012,57.3459701538086
RQ.PER.RNK.UPPER,MA,2011,55.9241714477539
RQ.PER.RNK.UPPER,MA,2010,56.4593315124512
RQ.PER.RNK.UPPER,MA,2009,58.3732070922852
RQ.PER.RNK.UPPER,MA,2008,57.2815551757813
RQ.PER.RNK.UPPER,MA,2007,57.2815551757813
RQ.PER.RNK.UPPER,MA,2006,55.3921585083008
RQ.PER.RNK.UPPER,MA,2005,50.4901962280273
RQ.PER.RNK.UPPER,MA,2004,56.7164192199707
RQ.PER.RNK.UPPER,MA,2003,56.2162170410156
RQ.PER.RNK.UPPER,MA,2002,61.6216201782227
RQ.PER.RNK.UPPER,MA,2001,None
RQ.PER.RNK.UPPER,MA,2000,65.2173919677734
RQ.PER.RNK.UPPER,MA,1999,None
RQ.PER.RNK.UPPER,MA,1998,68.4782638549805
RQ.PER.RNK.UPPER,MA,1997,None
RQ.PER.RNK.UPPER,MA,1996,64.6739120483398
RQ.PER.RNK.UPPER,MA,1995,None
RQ.PER.RNK.UPPER,MG,2019,32.8571434020996
RQ.PER.RNK.UPPER,MG,2018,32.8571434020996
RQ.PER.RNK.UPPER,MG,2017,33.3333320617676
RQ.PER.RNK.UPPER,MG,2016,34.2857131958008
RQ.PER.RNK.UPPER,MG,2015,32.8571434020996
RQ.PER.RNK.UPPER,MG,2014,36.0576934814453
RQ.PER.RNK.UPPER,MG,2013,37.4407577514648
RQ.PER.RNK.UPPER,MG,2012,42.1800956726074
RQ.PER.RNK.UPPER,MG,2011,41.7061614990234
RQ.PER.RNK.UPPER,MG,2010,39.7129173278809
RQ.PER.RNK.UPPER,MG,2009,44.0191383361816
RQ.PER.RNK.UPPER,MG,2008,51.4563102722168
RQ.PER.RNK.UPPER,MG,2007,51.9417457580566
RQ.PER.RNK.UPPER,MG,2006,54.4117660522461
RQ.PER.RNK.UPPER,MG,2005,52.9411773681641
RQ.PER.RNK.UPPER,MG,2004,52.7363166809082
RQ.PER.RNK.UPPER,MG,2003,55.6756744384766
RQ.PER.RNK.UPPER,MG,2002,57.2972984313965
RQ.PER.RNK.UPPER,MG,2001,None
RQ.PER.RNK.UPPER,MG,2000,56.5217399597168
RQ.PER.RNK.UPPER,MG,1999,None
RQ.PER.RNK.UPPER,MG,1998,44.0217399597168
RQ.PER.RNK.UPPER,MG,1997,None
RQ.PER.RNK.UPPER,MG,1996,37.5
RQ.PER.RNK.UPPER,MG,1995,None
RQ.PER.RNK.UPPER,ML,2019,39.523811340332
RQ.PER.RNK.UPPER,ML,2018,39.0476188659668
RQ.PER.RNK.UPPER,ML,2017,39.523811340332
RQ.PER.RNK.UPPER,ML,2016,39.523811340332
RQ.PER.RNK.UPPER,ML,2015,41.4285697937012
RQ.PER.RNK.UPPER,ML,2014,40.3846168518066
RQ.PER.RNK.UPPER,ML,2013,45.0236968994141
RQ.PER.RNK.UPPER,ML,2012,47.3933639526367
RQ.PER.RNK.UPPER,ML,2011,49.7630348205566
RQ.PER.RNK.UPPER,ML,2010,45.4545440673828
RQ.PER.RNK.UPPER,ML,2009,48.8038291931152
RQ.PER.RNK.UPPER,ML,2008,51.4563102722168
RQ.PER.RNK.UPPER,ML,2007,50.970874786377
RQ.PER.RNK.UPPER,ML,2006,50
RQ.PER.RNK.UPPER,ML,2005,43.6274528503418
RQ.PER.RNK.UPPER,ML,2004,47.2636833190918
RQ.PER.RNK.UPPER,ML,2003,48.6486473083496
RQ.PER.RNK.UPPER,ML,2002,48.1081085205078
RQ.PER.RNK.UPPER,ML,2001,None
RQ.PER.RNK.UPPER,ML,2000,61.9565200805664
RQ.PER.RNK.UPPER,ML,1999,None
RQ.PER.RNK.UPPER,ML,1998,61.9565200805664
RQ.PER.RNK.UPPER,ML,1997,None
RQ.PER.RNK.UPPER,ML,1996,57.0652160644531
RQ.PER.RNK.UPPER,ML,1995,None
RQ.PER.RNK.UPPER,MM,2019,34.761905670166
RQ.PER.RNK.UPPER,MM,2018,35.238094329834
RQ.PER.RNK.UPPER,MM,2017,30.4761905670166
RQ.PER.RNK.UPPER,MM,2016,30.4761905670166
RQ.PER.RNK.UPPER,MM,2015,15.7142858505249
RQ.PER.RNK.UPPER,MM,2014,12.5
RQ.PER.RNK.UPPER,MM,2013,9.95260620117188
RQ.PER.RNK.UPPER,MM,2012,5.21327018737793
RQ.PER.RNK.UPPER,MM,2011,2.36966824531555
RQ.PER.RNK.UPPER,MM,2010,2.39234447479248
RQ.PER.RNK.UPPER,MM,2009,2.39234447479248
RQ.PER.RNK.UPPER,MM,2008,2.42718458175659
RQ.PER.RNK.UPPER,MM,2007,2.42718458175659
RQ.PER.RNK.UPPER,MM,2006,2.45098042488098
RQ.PER.RNK.UPPER,MM,2005,1.47058820724487
RQ.PER.RNK.UPPER,MM,2004,0.995024859905243
RQ.PER.RNK.UPPER,MM,2003,2.16216206550598
RQ.PER.RNK.UPPER,MM,2002,3.24324321746826
RQ.PER.RNK.UPPER,MM,2001,None
RQ.PER.RNK.UPPER,MM,2000,6.52173900604248
RQ.PER.RNK.UPPER,MM,1999,None
RQ.PER.RNK.UPPER,MM,1998,11.956521987915
RQ.PER.RNK.UPPER,MM,1997,None
RQ.PER.RNK.UPPER,MM,1996,11.4130430221558
RQ.PER.RNK.UPPER,MM,1995,None
RQ.PER.RNK.UPPER,MZ,2019,32.8571434020996
RQ.PER.RNK.UPPER,MZ,2018,32.8571434020996
RQ.PER.RNK.UPPER,MZ,2017,32.8571434020996
RQ.PER.RNK.UPPER,MZ,2016,34.2857131958008
RQ.PER.RNK.UPPER,MZ,2015,43.8095245361328
RQ.PER.RNK.UPPER,MZ,2014,49.038459777832
RQ.PER.RNK.UPPER,MZ,2013,46.9194297790527
RQ.PER.RNK.UPPER,MZ,2012,46.445499420166
RQ.PER.RNK.UPPER,MZ,2011,45.497631072998
RQ.PER.RNK.UPPER,MZ,2010,46.4114837646484
RQ.PER.RNK.UPPER,MZ,2009,46.8899536132813
RQ.PER.RNK.UPPER,MZ,2008,46.6019401550293
RQ.PER.RNK.UPPER,MZ,2007,39.3203887939453
RQ.PER.RNK.UPPER,MZ,2006,41.1764717102051
RQ.PER.RNK.UPPER,MZ,2005,34.3137245178223
RQ.PER.RNK.UPPER,MZ,2004,47.2636833190918
RQ.PER.RNK.UPPER,MZ,2003,45.4054069519043
RQ.PER.RNK.UPPER,MZ,2002,54.0540542602539
RQ.PER.RNK.UPPER,MZ,2001,None
RQ.PER.RNK.UPPER,MZ,2000,64.6739120483398
RQ.PER.RNK.UPPER,MZ,1999,None
RQ.PER.RNK.UPPER,MZ,1998,60.8695640563965
RQ.PER.RNK.UPPER,MZ,1997,None
RQ.PER.RNK.UPPER,MZ,1996,53.8043479919434
RQ.PER.RNK.UPPER,MZ,1995,None
RQ.PER.RNK.UPPER,MR,2019,31.9047622680664
RQ.PER.RNK.UPPER,MR,2018,29.5238094329834
RQ.PER.RNK.UPPER,MR,2017,30.4761905670166
RQ.PER.RNK.UPPER,MR,2016,32.3809509277344
RQ.PER.RNK.UPPER,MR,2015,29.0476188659668
RQ.PER.RNK.UPPER,MR,2014,32.211540222168
RQ.PER.RNK.UPPER,MR,2013,38.8625602722168
RQ.PER.RNK.UPPER,MR,2012,39.8104248046875
RQ.PER.RNK.UPPER,MR,2011,32.7014236450195
RQ.PER.RNK.UPPER,MR,2010,30.6220092773438
RQ.PER.RNK.UPPER,MR,2009,34.9282302856445
RQ.PER.RNK.UPPER,MR,2008,38.8349533081055
RQ.PER.RNK.UPPER,MR,2007,49.5145645141602
RQ.PER.RNK.UPPER,MR,2006,50
RQ.PER.RNK.UPPER,MR,2005,51.470588684082
RQ.PER.RNK.UPPER,MR,2004,61.1940307617188
RQ.PER.RNK.UPPER,MR,2003,61.6216201782227
RQ.PER.RNK.UPPER,MR,2002,71.3513488769531
RQ.PER.RNK.UPPER,MR,2001,None
RQ.PER.RNK.UPPER,MR,2000,63.5869560241699
RQ.PER.RNK.UPPER,MR,1999,None
RQ.PER.RNK.UPPER,MR,1998,59.2391319274902
RQ.PER.RNK.UPPER,MR,1997,None
RQ.PER.RNK.UPPER,MR,1996,61.9565200805664
RQ.PER.RNK.UPPER,MR,1995,None
RQ.PER.RNK.UPPER,MW,2019,33.3333320617676
RQ.PER.RNK.UPPER,MW,2018,34.2857131958008
RQ.PER.RNK.UPPER,MW,2017,31.9047622680664
RQ.PER.RNK.UPPER,MW,2016,28.0952377319336
RQ.PER.RNK.UPPER,MW,2015,30
RQ.PER.RNK.UPPER,MW,2014,32.211540222168
RQ.PER.RNK.UPPER,MW,2013,37.4407577514648
RQ.PER.RNK.UPPER,MW,2012,36.4928894042969
RQ.PER.RNK.UPPER,MW,2011,33.1753540039063
RQ.PER.RNK.UPPER,MW,2010,38.7559814453125
RQ.PER.RNK.UPPER,MW,2009,45.4545440673828
RQ.PER.RNK.UPPER,MW,2008,46.1165046691895
RQ.PER.RNK.UPPER,MW,2007,48.0582542419434
RQ.PER.RNK.UPPER,MW,2006,43.1372566223145
RQ.PER.RNK.UPPER,MW,2005,46.5686264038086
RQ.PER.RNK.UPPER,MW,2004,43.2835807800293
RQ.PER.RNK.UPPER,MW,2003,48.6486473083496
RQ.PER.RNK.UPPER,MW,2002,48.6486473083496
RQ.PER.RNK.UPPER,MW,2001,None
RQ.PER.RNK.UPPER,MW,2000,64.6739120483398
RQ.PER.RNK.UPPER,MW,1999,None
RQ.PER.RNK.UPPER,MW,1998,64.6739120483398
RQ.PER.RNK.UPPER,MW,1997,None
RQ.PER.RNK.UPPER,MW,1996,62.5
RQ.PER.RNK.UPPER,MW,1995,None
RQ.PER.RNK.UPPER,NE,2019,34.761905670166
RQ.PER.RNK.UPPER,NE,2018,36.1904754638672
RQ.PER.RNK.UPPER,NE,2017,33.8095245361328
RQ.PER.RNK.UPPER,NE,2016,36.1904754638672
RQ.PER.RNK.UPPER,NE,2015,34.2857131958008
RQ.PER.RNK.UPPER,NE,2014,34.6153831481934
RQ.PER.RNK.UPPER,NE,2013,43.1279602050781
RQ.PER.RNK.UPPER,NE,2012,41.2322273254395
RQ.PER.RNK.UPPER,NE,2011,41.2322273254395
RQ.PER.RNK.UPPER,NE,2010,41.1483268737793
RQ.PER.RNK.UPPER,NE,2009,44.9760780334473
RQ.PER.RNK.UPPER,NE,2008,49.5145645141602
RQ.PER.RNK.UPPER,NE,2007,45.6310691833496
RQ.PER.RNK.UPPER,NE,2006,45.5882339477539
RQ.PER.RNK.UPPER,NE,2005,50.4901962280273
RQ.PER.RNK.UPPER,NE,2004,41.2935333251953
RQ.PER.RNK.UPPER,NE,2003,41.6216201782227
RQ.PER.RNK.UPPER,NE,2002,40.5405387878418
RQ.PER.RNK.UPPER,NE,2001,None
RQ.PER.RNK.UPPER,NE,2000,42.3913040161133
RQ.PER.RNK.UPPER,NE,1999,None
RQ.PER.RNK.UPPER,NE,1998,48.3695640563965
RQ.PER.RNK.UPPER,NE,1997,None
RQ.PER.RNK.UPPER,NE,1996,33.6956520080566
RQ.PER.RNK.UPPER,NE,1995,None
RQ.PER.RNK.UPPER,NG,2019,28.0952377319336
RQ.PER.RNK.UPPER,NG,2018,29.5238094329834
RQ.PER.RNK.UPPER,NG,2017,28.0952377319336
RQ.PER.RNK.UPPER,NG,2016,26.6666660308838
RQ.PER.RNK.UPPER,NG,2015,29.5238094329834
RQ.PER.RNK.UPPER,NG,2014,31.730770111084
RQ.PER.RNK.UPPER,NG,2013,37.4407577514648
RQ.PER.RNK.UPPER,NG,2012,35.5450248718262
RQ.PER.RNK.UPPER,NG,2011,34.5971565246582
RQ.PER.RNK.UPPER,NG,2010,33.0143547058105
RQ.PER.RNK.UPPER,NG,2009,33.0143547058105
RQ.PER.RNK.UPPER,NG,2008,30.5825233459473
RQ.PER.RNK.UPPER,NG,2007,25.7281551361084
RQ.PER.RNK.UPPER,NG,2006,24.0196075439453
RQ.PER.RNK.UPPER,NG,2005,30.8823528289795
RQ.PER.RNK.UPPER,NG,2004,16.9154224395752
RQ.PER.RNK.UPPER,NG,2003,18.9189186096191
RQ.PER.RNK.UPPER,NG,2002,21.0810813903809
RQ.PER.RNK.UPPER,NG,2001,None
RQ.PER.RNK.UPPER,NG,2000,31.5217399597168
RQ.PER.RNK.UPPER,NG,1999,None
RQ.PER.RNK.UPPER,NG,1998,34.7826080322266
RQ.PER.RNK.UPPER,NG,1997,None
RQ.PER.RNK.UPPER,NG,1996,30.4347820281982
RQ.PER.RNK.UPPER,NG,1995,None
RQ.PER.RNK.UPPER,NI,2019,36.6666679382324
RQ.PER.RNK.UPPER,NI,2018,35.7142868041992
RQ.PER.RNK.UPPER,NI,2017,36.1904754638672
RQ.PER.RNK.UPPER,NI,2016,44.761905670166
RQ.PER.RNK.UPPER,NI,2015,48.0952377319336
RQ.PER.RNK.UPPER,NI,2014,49.519229888916
RQ.PER.RNK.UPPER,NI,2013,53.0805702209473
RQ.PER.RNK.UPPER,NI,2012,52.6066360473633
RQ.PER.RNK.UPPER,NI,2011,51.6587677001953
RQ.PER.RNK.UPPER,NI,2010,52.1531105041504
RQ.PER.RNK.UPPER,NI,2009,48.8038291931152
RQ.PER.RNK.UPPER,NI,2008,51.4563102722168
RQ.PER.RNK.UPPER,NI,2007,50
RQ.PER.RNK.UPPER,NI,2006,50.9803924560547
RQ.PER.RNK.UPPER,NI,2005,50.4901962280273
RQ.PER.RNK.UPPER,NI,2004,52.7363166809082
RQ.PER.RNK.UPPER,NI,2003,50.2702713012695
RQ.PER.RNK.UPPER,NI,2002,50.2702713012695
RQ.PER.RNK.UPPER,NI,2001,None
RQ.PER.RNK.UPPER,NI,2000,57.6086959838867
RQ.PER.RNK.UPPER,NI,1999,None
RQ.PER.RNK.UPPER,NI,1998,61.9565200805664
RQ.PER.RNK.UPPER,NI,1997,None
RQ.PER.RNK.UPPER,NI,1996,55.9782600402832
RQ.PER.RNK.UPPER,NI,1995,None
RQ.PER.RNK.UPPER,NP,2019,36.1904754638672
RQ.PER.RNK.UPPER,NP,2018,34.2857131958008
RQ.PER.RNK.UPPER,NP,2017,34.761905670166
RQ.PER.RNK.UPPER,NP,2016,34.2857131958008
RQ.PER.RNK.UPPER,NP,2015,33.8095245361328
RQ.PER.RNK.UPPER,NP,2014,32.211540222168
RQ.PER.RNK.UPPER,NP,2013,30.8056869506836
RQ.PER.RNK.UPPER,NP,2012,32.7014236450195
RQ.PER.RNK.UPPER,NP,2011,34.1232223510742
RQ.PER.RNK.UPPER,NP,2010,33.0143547058105
RQ.PER.RNK.UPPER,NP,2009,34.9282302856445
RQ.PER.RNK.UPPER,NP,2008,44.6601943969727
RQ.PER.RNK.UPPER,NP,2007,49.029125213623
RQ.PER.RNK.UPPER,NP,2006,50
RQ.PER.RNK.UPPER,NP,2005,48.0392150878906
RQ.PER.RNK.UPPER,NP,2004,48.2587051391602
RQ.PER.RNK.UPPER,NP,2003,55.1351356506348
RQ.PER.RNK.UPPER,NP,2002,50.2702713012695
RQ.PER.RNK.UPPER,NP,2001,None
RQ.PER.RNK.UPPER,NP,2000,51.0869560241699
RQ.PER.RNK.UPPER,NP,1999,None
RQ.PER.RNK.UPPER,NP,1998,59.2391319274902
RQ.PER.RNK.UPPER,NP,1997,None
RQ.PER.RNK.UPPER,NP,1996,61.9565200805664
RQ.PER.RNK.UPPER,NP,1995,None
RQ.PER.RNK.UPPER,PK,2019,38.0952377319336
RQ.PER.RNK.UPPER,PK,2018,38.0952377319336
RQ.PER.RNK.UPPER,PK,2017,39.523811340332
RQ.PER.RNK.UPPER,PK,2016,40
RQ.PER.RNK.UPPER,PK,2015,41.9047622680664
RQ.PER.RNK.UPPER,PK,2014,37.980770111084
RQ.PER.RNK.UPPER,PK,2013,36.4928894042969
RQ.PER.RNK.UPPER,PK,2012,35.5450248718262
RQ.PER.RNK.UPPER,PK,2011,36.9668235778809
RQ.PER.RNK.UPPER,PK,2010,39.7129173278809
RQ.PER.RNK.UPPER,PK,2009,41.1483268737793
RQ.PER.RNK.UPPER,PK,2008,44.6601943969727
RQ.PER.RNK.UPPER,PK,2007,49.029125213623
RQ.PER.RNK.UPPER,PK,2006,50
RQ.PER.RNK.UPPER,PK,2005,42.6470603942871
RQ.PER.RNK.UPPER,PK,2004,22.3880596160889
RQ.PER.RNK.UPPER,PK,2003,34.5945930480957
RQ.PER.RNK.UPPER,PK,2002,36.2162170410156
RQ.PER.RNK.UPPER,PK,2001,None
RQ.PER.RNK.UPPER,PK,2000,39.6739120483398
RQ.PER.RNK.UPPER,PK,1999,None
RQ.PER.RNK.UPPER,PK,1998,49.4565200805664
RQ.PER.RNK.UPPER,PK,1997,None
RQ.PER.RNK.UPPER,PK,1996,53.8043479919434
RQ.PER.RNK.UPPER,PK,1995,None
RQ.PER.RNK.UPPER,PH,2019,65.2380981445313
RQ.PER.RNK.UPPER,PH,2018,63.8095245361328
RQ.PER.RNK.UPPER,PH,2017,69.0476226806641
RQ.PER.RNK.UPPER,PH,2016,66.1904754638672
RQ.PER.RNK.UPPER,PH,2015,65.2380981445313
RQ.PER.RNK.UPPER,PH,2014,65.3846130371094
RQ.PER.RNK.UPPER,PH,2013,62.5592422485352
RQ.PER.RNK.UPPER,PH,2012,63.0331764221191
RQ.PER.RNK.UPPER,PH,2011,55.9241714477539
RQ.PER.RNK.UPPER,PH,2010,54.5454559326172
RQ.PER.RNK.UPPER,PH,2009,57.4162673950195
RQ.PER.RNK.UPPER,PH,2008,58.2524261474609
RQ.PER.RNK.UPPER,PH,2007,57.7669906616211
RQ.PER.RNK.UPPER,PH,2006,55.3921585083008
RQ.PER.RNK.UPPER,PH,2005,54.4117660522461
RQ.PER.RNK.UPPER,PH,2004,52.7363166809082
RQ.PER.RNK.UPPER,PH,2003,58.9189186096191
RQ.PER.RNK.UPPER,PH,2002,60.5405387878418
RQ.PER.RNK.UPPER,PH,2001,None
RQ.PER.RNK.UPPER,PH,2000,65.2173919677734
RQ.PER.RNK.UPPER,PH,1999,None
RQ.PER.RNK.UPPER,PH,1998,70.6521759033203
RQ.PER.RNK.UPPER,PH,1997,None
RQ.PER.RNK.UPPER,PH,1996,65.2173919677734
RQ.PER.RNK.UPPER,PH,1995,None
RQ.PER.RNK.UPPER,PG,2019,44.761905670166
RQ.PER.RNK.UPPER,PG,2018,45.238094329834
RQ.PER.RNK.UPPER,PG,2017,39.523811340332
RQ.PER.RNK.UPPER,PG,2016,43.8095245361328
RQ.PER.RNK.UPPER,PG,2015,44.2857131958008
RQ.PER.RNK.UPPER,PG,2014,51.4423065185547
RQ.PER.RNK.UPPER,PG,2013,45.0236968994141
RQ.PER.RNK.UPPER,PG,2012,45.0236968994141
RQ.PER.RNK.UPPER,PG,2011,42.6540298461914
RQ.PER.RNK.UPPER,PG,2010,42.1052627563477
RQ.PER.RNK.UPPER,PG,2009,43.0622024536133
RQ.PER.RNK.UPPER,PG,2008,38.8349533081055
RQ.PER.RNK.UPPER,PG,2007,47.0873794555664
RQ.PER.RNK.UPPER,PG,2006,37.2549018859863
RQ.PER.RNK.UPPER,PG,2005,24.5098037719727
RQ.PER.RNK.UPPER,PG,2004,34.825870513916
RQ.PER.RNK.UPPER,PG,2003,44.8648643493652
RQ.PER.RNK.UPPER,PG,2002,45.4054069519043
RQ.PER.RNK.UPPER,PG,2001,None
RQ.PER.RNK.UPPER,PG,2000,58.6956520080566
RQ.PER.RNK.UPPER,PG,1999,None
RQ.PER.RNK.UPPER,PG,1998,57.0652160644531
RQ.PER.RNK.UPPER,PG,1997,None
RQ.PER.RNK.UPPER,PG,1996,58.152172088623
RQ.PER.RNK.UPPER,PG,1995,None
RQ.PER.RNK.UPPER,KP,2019,1.90476191043854
RQ.PER.RNK.UPPER,KP,2018,2.38095235824585
RQ.PER.RNK.UPPER,KP,2017,1.90476191043854
RQ.PER.RNK.UPPER,KP,2016,2.38095235824585
RQ.PER.RNK.UPPER,KP,2015,1.90476191043854
RQ.PER.RNK.UPPER,KP,2014,2.4038462638855
RQ.PER.RNK.UPPER,KP,2013,0.947867274284363
RQ.PER.RNK.UPPER,KP,2012,0.947867274284363
RQ.PER.RNK.UPPER,KP,2011,0.947867274284363
RQ.PER.RNK.UPPER,KP,2010,1.43540668487549
RQ.PER.RNK.UPPER,KP,2009,1.91387557983398
RQ.PER.RNK.UPPER,KP,2008,2.42718458175659
RQ.PER.RNK.UPPER,KP,2007,2.42718458175659
RQ.PER.RNK.UPPER,KP,2006,1.96078431606293
RQ.PER.RNK.UPPER,KP,2005,1.47058820724487
RQ.PER.RNK.UPPER,KP,2004,1.49253726005554
RQ.PER.RNK.UPPER,KP,2003,2.16216206550598
RQ.PER.RNK.UPPER,KP,2002,5.94594573974609
RQ.PER.RNK.UPPER,KP,2001,None
RQ.PER.RNK.UPPER,KP,2000,6.52173900604248
RQ.PER.RNK.UPPER,KP,1999,None
RQ.PER.RNK.UPPER,KP,1998,6.52173900604248
RQ.PER.RNK.UPPER,KP,1997,None
RQ.PER.RNK.UPPER,KP,1996,3.80434775352478
RQ.PER.RNK.UPPER,KP,1995,None
RQ.PER.RNK.UPPER,PS,2019,71.9047622680664
RQ.PER.RNK.UPPER,PS,2018,71.9047622680664
RQ.PER.RNK.UPPER,PS,2017,71.4285736083984
RQ.PER.RNK.UPPER,PS,2016,71.4285736083984
RQ.PER.RNK.UPPER,PS,2015,71.4285736083984
RQ.PER.RNK.UPPER,PS,2014,75.961540222168
RQ.PER.RNK.UPPER,PS,2013,72.0379180908203
RQ.PER.RNK.UPPER,PS,2012,71.5639801025391
RQ.PER.RNK.UPPER,PS,2011,75.8293838500977
RQ.PER.RNK.UPPER,PS,2010,75.1196136474609
RQ.PER.RNK.UPPER,PS,2009,62.2009582519531
RQ.PER.RNK.UPPER,PS,2008,34.9514579772949
RQ.PER.RNK.UPPER,PS,2007,26.2135925292969
RQ.PER.RNK.UPPER,PS,2006,30.8823528289795
RQ.PER.RNK.UPPER,PS,2005,24.5098037719727
RQ.PER.RNK.UPPER,PS,2004,48.756217956543
RQ.PER.RNK.UPPER,PS,2003,32.4324340820313
RQ.PER.RNK.UPPER,PS,2002,40
RQ.PER.RNK.UPPER,PS,2001,None
RQ.PER.RNK.UPPER,PS,2000,41.3043479919434
RQ.PER.RNK.UPPER,PS,1999,None
RQ.PER.RNK.UPPER,PS,1998,46.7391319274902
RQ.PER.RNK.UPPER,PS,1997,None
RQ.PER.RNK.UPPER,PS,1996,45.1086959838867
RQ.PER.RNK.UPPER,PS,1995,None
RQ.PER.RNK.UPPER,RW,2019,62.8571434020996
RQ.PER.RNK.UPPER,RW,2018,63.3333320617676
RQ.PER.RNK.UPPER,RW,2017,66.1904754638672
RQ.PER.RNK.UPPER,RW,2016,64.7619018554688
RQ.PER.RNK.UPPER,RW,2015,66.1904754638672
RQ.PER.RNK.UPPER,RW,2014,67.788459777832
RQ.PER.RNK.UPPER,RW,2013,61.1374397277832
RQ.PER.RNK.UPPER,RW,2012,56.3981056213379
RQ.PER.RNK.UPPER,RW,2011,54.9763031005859
RQ.PER.RNK.UPPER,RW,2010,53.1100463867188
RQ.PER.RNK.UPPER,RW,2009,51.6746406555176
RQ.PER.RNK.UPPER,RW,2008,46.6019401550293
RQ.PER.RNK.UPPER,RW,2007,36.8932037353516
RQ.PER.RNK.UPPER,RW,2006,38.7254905700684
RQ.PER.RNK.UPPER,RW,2005,24.5098037719727
RQ.PER.RNK.UPPER,RW,2004,41.7910461425781
RQ.PER.RNK.UPPER,RW,2003,35.6756744384766
RQ.PER.RNK.UPPER,RW,2002,36.7567558288574
RQ.PER.RNK.UPPER,RW,2001,None
RQ.PER.RNK.UPPER,RW,2000,21.7391300201416
RQ.PER.RNK.UPPER,RW,1999,None
RQ.PER.RNK.UPPER,RW,1998,22.8260860443115
RQ.PER.RNK.UPPER,RW,1997,None
RQ.PER.RNK.UPPER,RW,1996,23.3695659637451
RQ.PER.RNK.UPPER,RW,1995,None
RQ.PER.RNK.UPPER,SD,2019,6.66666650772095
RQ.PER.RNK.UPPER,SD,2018,7.61904764175415
RQ.PER.RNK.UPPER,SD,2017,8.09523773193359
RQ.PER.RNK.UPPER,SD,2016,10
RQ.PER.RNK.UPPER,SD,2015,9.5238094329834
RQ.PER.RNK.UPPER,SD,2014,10.0961542129517
RQ.PER.RNK.UPPER,SD,2013,10.9004735946655
RQ.PER.RNK.UPPER,SD,2012,10.9004735946655
RQ.PER.RNK.UPPER,SD,2011,14.6919431686401
RQ.PER.RNK.UPPER,SD,2010,13.8755979537964
RQ.PER.RNK.UPPER,SD,2009,15.7894735336304
RQ.PER.RNK.UPPER,SD,2008,11.1650485992432
RQ.PER.RNK.UPPER,SD,2007,16.5048542022705
RQ.PER.RNK.UPPER,SD,2006,19.1176471710205
RQ.PER.RNK.UPPER,SD,2005,12.2549018859863
RQ.PER.RNK.UPPER,SD,2004,18.9054718017578
RQ.PER.RNK.UPPER,SD,2003,14.5945949554443
RQ.PER.RNK.UPPER,SD,2002,18.9189186096191
RQ.PER.RNK.UPPER,SD,2001,None
RQ.PER.RNK.UPPER,SD,2000,19.0217399597168
RQ.PER.RNK.UPPER,SD,1999,None
RQ.PER.RNK.UPPER,SD,1998,22.2826080322266
RQ.PER.RNK.UPPER,SD,1997,None
RQ.PER.RNK.UPPER,SD,1996,21.1956520080566
RQ.PER.RNK.UPPER,SD,1995,None
RQ.PER.RNK.UPPER,SN,2019,59.0476188659668
RQ.PER.RNK.UPPER,SN,2018,60
RQ.PER.RNK.UPPER,SN,2017,57.1428565979004
RQ.PER.RNK.UPPER,SN,2016,55.238094329834
RQ.PER.RNK.UPPER,SN,2015,52.8571434020996
RQ.PER.RNK.UPPER,SN,2014,52.8846168518066
RQ.PER.RNK.UPPER,SN,2013,58.2938385009766
RQ.PER.RNK.UPPER,SN,2012,56.3981056213379
RQ.PER.RNK.UPPER,SN,2011,53.554500579834
RQ.PER.RNK.UPPER,SN,2010,51.6746406555176
RQ.PER.RNK.UPPER,SN,2009,51.6746406555176
RQ.PER.RNK.UPPER,SN,2008,51.9417457580566
RQ.PER.RNK.UPPER,SN,2007,50
RQ.PER.RNK.UPPER,SN,2006,51.470588684082
RQ.PER.RNK.UPPER,SN,2005,53.4313735961914
RQ.PER.RNK.UPPER,SN,2004,52.7363166809082
RQ.PER.RNK.UPPER,SN,2003,55.6756744384766
RQ.PER.RNK.UPPER,SN,2002,57.2972984313965
RQ.PER.RNK.UPPER,SN,2001,None
RQ.PER.RNK.UPPER,SN,2000,63.5869560241699
RQ.PER.RNK.UPPER,SN,1999,None
RQ.PER.RNK.UPPER,SN,1998,64.6739120483398
RQ.PER.RNK.UPPER,SN,1997,None
RQ.PER.RNK.UPPER,SN,1996,64.6739120483398
RQ.PER.RNK.UPPER,SN,1995,None
RQ.PER.RNK.UPPER,SB,2019,40.476188659668
RQ.PER.RNK.UPPER,SB,2018,38.5714302062988
RQ.PER.RNK.UPPER,SB,2017,39.523811340332
RQ.PER.RNK.UPPER,SB,2016,31.9047622680664
RQ.PER.RNK.UPPER,SB,2015,32.8571434020996
RQ.PER.RNK.UPPER,SB,2014,28.365385055542
RQ.PER.RNK.UPPER,SB,2013,25.5924167633057
RQ.PER.RNK.UPPER,SB,2012,27.962085723877
RQ.PER.RNK.UPPER,SB,2011,26.0663509368896
RQ.PER.RNK.UPPER,SB,2010,20.0956935882568
RQ.PER.RNK.UPPER,SB,2009,22.0095691680908
RQ.PER.RNK.UPPER,SB,2008,20.3883495330811
RQ.PER.RNK.UPPER,SB,2007,24.2718448638916
RQ.PER.RNK.UPPER,SB,2006,25
RQ.PER.RNK.UPPER,SB,2005,25.4901962280273
RQ.PER.RNK.UPPER,SB,2004,38.8059692382813
RQ.PER.RNK.UPPER,SB,2003,None
RQ.PER.RNK.UPPER,SB,2002,None
RQ.PER.RNK.UPPER,SB,2001,None
RQ.PER.RNK.UPPER,SB,2000,None
RQ.PER.RNK.UPPER,SB,1999,None
RQ.PER.RNK.UPPER,SB,1998,None
RQ.PER.RNK.UPPER,SB,1997,None
RQ.PER.RNK.UPPER,SB,1996,None
RQ.PER.RNK.UPPER,SB,1995,None
RQ.PER.RNK.UPPER,SL,2019,28.0952377319336
RQ.PER.RNK.UPPER,SL,2018,28.5714282989502
RQ.PER.RNK.UPPER,SL,2017,27.619047164917
RQ.PER.RNK.UPPER,SL,2016,26.6666660308838
RQ.PER.RNK.UPPER,SL,2015,27.1428565979004
RQ.PER.RNK.UPPER,SL,2014,31.730770111084
RQ.PER.RNK.UPPER,SL,2013,36.0189590454102
RQ.PER.RNK.UPPER,SL,2012,36.0189590454102
RQ.PER.RNK.UPPER,SL,2011,34.1232223510742
RQ.PER.RNK.UPPER,SL,2010,33.0143547058105
RQ.PER.RNK.UPPER,SL,2009,32.5358848571777
RQ.PER.RNK.UPPER,SL,2008,24.2718448638916
RQ.PER.RNK.UPPER,SL,2007,21.8446598052979
RQ.PER.RNK.UPPER,SL,2006,20.5882358551025
RQ.PER.RNK.UPPER,SL,2005,21.0784320831299
RQ.PER.RNK.UPPER,SL,2004,20.8955230712891
RQ.PER.RNK.UPPER,SL,2003,20.5405406951904
RQ.PER.RNK.UPPER,SL,2002,18.9189186096191
RQ.PER.RNK.UPPER,SL,2001,None
RQ.PER.RNK.UPPER,SL,2000,16.3043479919434
RQ.PER.RNK.UPPER,SL,1999,None
RQ.PER.RNK.UPPER,SL,1998,20.1086959838867
RQ.PER.RNK.UPPER,SL,1997,None
RQ.PER.RNK.UPPER,SL,1996,17.3913040161133
RQ.PER.RNK.UPPER,SL,1995,None
RQ.PER.RNK.UPPER,SO,2019,2.85714292526245
RQ.PER.RNK.UPPER,SO,2018,2.85714292526245
RQ.PER.RNK.UPPER,SO,2017,2.85714292526245
RQ.PER.RNK.UPPER,SO,2016,2.38095235824585
RQ.PER.RNK.UPPER,SO,2015,2.38095235824585
RQ.PER.RNK.UPPER,SO,2014,3.36538457870483
RQ.PER.RNK.UPPER,SO,2013,1.89573454856873
RQ.PER.RNK.UPPER,SO,2012,1.89573454856873
RQ.PER.RNK.UPPER,SO,2011,1.89573454856873
RQ.PER.RNK.UPPER,SO,2010,2.39234447479248
RQ.PER.RNK.UPPER,SO,2009,1.43540668487549
RQ.PER.RNK.UPPER,SO,2008,0
RQ.PER.RNK.UPPER,SO,2007,0.970873773097992
RQ.PER.RNK.UPPER,SO,2006,0.980392158031464
RQ.PER.RNK.UPPER,SO,2005,1.47058820724487
RQ.PER.RNK.UPPER,SO,2004,0.995024859905243
RQ.PER.RNK.UPPER,SO,2003,2.16216206550598
RQ.PER.RNK.UPPER,SO,2002,3.78378367424011
RQ.PER.RNK.UPPER,SO,2001,None
RQ.PER.RNK.UPPER,SO,2000,7.60869550704956
RQ.PER.RNK.UPPER,SO,1999,None
RQ.PER.RNK.UPPER,SO,1998,7.60869550704956
RQ.PER.RNK.UPPER,SO,1997,None
RQ.PER.RNK.UPPER,SO,1996,3.26086950302124
RQ.PER.RNK.UPPER,SO,1995,None
RQ.PER.RNK.UPPER,SS,2019,4.7619047164917
RQ.PER.RNK.UPPER,SS,2018,3.33333325386047
RQ.PER.RNK.UPPER,SS,2017,3.33333325386047
RQ.PER.RNK.UPPER,SS,2016,5.7142858505249
RQ.PER.RNK.UPPER,SS,2015,6.1904764175415
RQ.PER.RNK.UPPER,SS,2014,8.17307662963867
RQ.PER.RNK.UPPER,SS,2013,12.3222751617432
RQ.PER.RNK.UPPER,SS,2012,13.2701425552368
RQ.PER.RNK.UPPER,SS,2011,11.3744077682495
RQ.PER.RNK.UPPER,SS,2010,None
RQ.PER.RNK.UPPER,SS,2009,None
RQ.PER.RNK.UPPER,SS,2008,None
RQ.PER.RNK.UPPER,SS,2007,None
RQ.PER.RNK.UPPER,SS,2006,None
RQ.PER.RNK.UPPER,SS,2005,None
RQ.PER.RNK.UPPER,SS,2004,None
RQ.PER.RNK.UPPER,SS,2003,None
RQ.PER.RNK.UPPER,SS,2002,None
RQ.PER.RNK.UPPER,SS,2001,None
RQ.PER.RNK.UPPER,SS,2000,None
RQ.PER.RNK.UPPER,SS,1999,None
RQ.PER.RNK.UPPER,SS,1998,None
RQ.PER.RNK.UPPER,SS,1997,None
RQ.PER.RNK.UPPER,SS,1996,None
RQ.PER.RNK.UPPER,SS,1995,None
RQ.PER.RNK.UPPER,ST,2019,28.0952377319336
RQ.PER.RNK.UPPER,ST,2018,29.5238094329834
RQ.PER.RNK.UPPER,ST,2017,29.5238094329834
RQ.PER.RNK.UPPER,ST,2016,30.4761905670166
RQ.PER.RNK.UPPER,ST,2015,33.8095245361328
RQ.PER.RNK.UPPER,ST,2014,33.1730766296387
RQ.PER.RNK.UPPER,ST,2013,34.5971565246582
RQ.PER.RNK.UPPER,ST,2012,34.5971565246582
RQ.PER.RNK.UPPER,ST,2011,35.5450248718262
RQ.PER.RNK.UPPER,ST,2010,32.5358848571777
RQ.PER.RNK.UPPER,ST,2009,34.9282302856445
RQ.PER.RNK.UPPER,ST,2008,36.8932037353516
RQ.PER.RNK.UPPER,ST,2007,32.5242729187012
RQ.PER.RNK.UPPER,ST,2006,40.6862754821777
RQ.PER.RNK.UPPER,ST,2005,26.9607849121094
RQ.PER.RNK.UPPER,ST,2004,29.8507461547852
RQ.PER.RNK.UPPER,ST,2003,52.972972869873
RQ.PER.RNK.UPPER,ST,2002,63.2432441711426
RQ.PER.RNK.UPPER,ST,2001,None
RQ.PER.RNK.UPPER,ST,2000,54.8913040161133
RQ.PER.RNK.UPPER,ST,1999,None
RQ.PER.RNK.UPPER,ST,1998,54.347827911377
RQ.PER.RNK.UPPER,ST,1997,None
RQ.PER.RNK.UPPER,ST,1996,53.8043479919434
RQ.PER.RNK.UPPER,ST,1995,None
RQ.PER.RNK.UPPER,SZ,2019,48.5714302062988
RQ.PER.RNK.UPPER,SZ,2018,48.5714302062988
RQ.PER.RNK.UPPER,SZ,2017,62.3809509277344
RQ.PER.RNK.UPPER,SZ,2016,62.3809509277344
RQ.PER.RNK.UPPER,SZ,2015,59.523811340332
RQ.PER.RNK.UPPER,SZ,2014,61.0576934814453
RQ.PER.RNK.UPPER,SZ,2013,61.1374397277832
RQ.PER.RNK.UPPER,SZ,2012,55.4502372741699
RQ.PER.RNK.UPPER,SZ,2011,53.554500579834
RQ.PER.RNK.UPPER,SZ,2010,53.5885162353516
RQ.PER.RNK.UPPER,SZ,2009,54.5454559326172
RQ.PER.RNK.UPPER,SZ,2008,53.3980598449707
RQ.PER.RNK.UPPER,SZ,2007,50.970874786377
RQ.PER.RNK.UPPER,SZ,2006,54.4117660522461
RQ.PER.RNK.UPPER,SZ,2005,51.470588684082
RQ.PER.RNK.UPPER,SZ,2004,52.7363166809082
RQ.PER.RNK.UPPER,SZ,2003,57.8378372192383
RQ.PER.RNK.UPPER,SZ,2002,62.1621627807617
RQ.PER.RNK.UPPER,SZ,2001,None
RQ.PER.RNK.UPPER,SZ,2000,65.2173919677734
RQ.PER.RNK.UPPER,SZ,1999,None
RQ.PER.RNK.UPPER,SZ,1998,64.6739120483398
RQ.PER.RNK.UPPER,SZ,1997,None
RQ.PER.RNK.UPPER,SZ,1996,64.1304321289063
RQ.PER.RNK.UPPER,SZ,1995,None
RQ.PER.RNK.UPPER,SY,2019,6.66666650772095
RQ.PER.RNK.UPPER,SY,2018,7.61904764175415
RQ.PER.RNK.UPPER,SY,2017,6.1904764175415
RQ.PER.RNK.UPPER,SY,2016,7.61904764175415
RQ.PER.RNK.UPPER,SY,2015,6.66666650772095
RQ.PER.RNK.UPPER,SY,2014,7.692307472229
RQ.PER.RNK.UPPER,SY,2013,9.95260620117188
RQ.PER.RNK.UPPER,SY,2012,10.9004735946655
RQ.PER.RNK.UPPER,SY,2011,28.9099521636963
RQ.PER.RNK.UPPER,SY,2010,32.5358848571777
RQ.PER.RNK.UPPER,SY,2009,29.6650714874268
RQ.PER.RNK.UPPER,SY,2008,21.3592224121094
RQ.PER.RNK.UPPER,SY,2007,16.5048542022705
RQ.PER.RNK.UPPER,SY,2006,17.1568622589111
RQ.PER.RNK.UPPER,SY,2005,24.5098037719727
RQ.PER.RNK.UPPER,SY,2004,20.8955230712891
RQ.PER.RNK.UPPER,SY,2003,22.7027034759521
RQ.PER.RNK.UPPER,SY,2002,28.1081085205078
RQ.PER.RNK.UPPER,SY,2001,None
RQ.PER.RNK.UPPER,SY,2000,21.7391300201416
RQ.PER.RNK.UPPER,SY,1999,None
RQ.PER.RNK.UPPER,SY,1998,23.9130439758301
RQ.PER.RNK.UPPER,SY,1997,None
RQ.PER.RNK.UPPER,SY,1996,25.543478012085
RQ.PER.RNK.UPPER,SY,1995,None
RQ.PER.RNK.UPPER,TD,2019,17.619047164917
RQ.PER.RNK.UPPER,TD,2018,18.0952377319336
RQ.PER.RNK.UPPER,TD,2017,15.7142858505249
RQ.PER.RNK.UPPER,TD,2016,17.619047164917
RQ.PER.RNK.UPPER,TD,2015,15.7142858505249
RQ.PER.RNK.UPPER,TD,2014,21.634614944458
RQ.PER.RNK.UPPER,TD,2013,25.5924167633057
RQ.PER.RNK.UPPER,TD,2012,24.6445503234863
RQ.PER.RNK.UPPER,TD,2011,23.6966819763184
RQ.PER.RNK.UPPER,TD,2010,22.4880390167236
RQ.PER.RNK.UPPER,TD,2009,22.9665069580078
RQ.PER.RNK.UPPER,TD,2008,19.4174766540527
RQ.PER.RNK.UPPER,TD,2007,19.9029121398926
RQ.PER.RNK.UPPER,TD,2006,21.5686283111572
RQ.PER.RNK.UPPER,TD,2005,19.1176471710205
RQ.PER.RNK.UPPER,TD,2004,32.3383102416992
RQ.PER.RNK.UPPER,TD,2003,24.8648643493652
RQ.PER.RNK.UPPER,TD,2002,33.5135116577148
RQ.PER.RNK.UPPER,TD,2001,None
RQ.PER.RNK.UPPER,TD,2000,26.6304340362549
RQ.PER.RNK.UPPER,TD,1999,None
RQ.PER.RNK.UPPER,TD,1998,27.1739139556885
RQ.PER.RNK.UPPER,TD,1997,None
RQ.PER.RNK.UPPER,TD,1996,25
RQ.PER.RNK.UPPER,TD,1995,None
RQ.PER.RNK.UPPER,TG,2019,33.8095245361328
RQ.PER.RNK.UPPER,TG,2018,35.7142868041992
RQ.PER.RNK.UPPER,TG,2017,30.4761905670166
RQ.PER.RNK.UPPER,TG,2016,30.4761905670166
RQ.PER.RNK.UPPER,TG,2015,30
RQ.PER.RNK.UPPER,TG,2014,31.730770111084
RQ.PER.RNK.UPPER,TG,2013,28.9099521636963
RQ.PER.RNK.UPPER,TG,2012,30.8056869506836
RQ.PER.RNK.UPPER,TG,2011,24.1706161499023
RQ.PER.RNK.UPPER,TG,2010,27.2727279663086
RQ.PER.RNK.UPPER,TG,2009,29.6650714874268
RQ.PER.RNK.UPPER,TG,2008,24.2718448638916
RQ.PER.RNK.UPPER,TG,2007,23.7864074707031
RQ.PER.RNK.UPPER,TG,2006,26.470588684082
RQ.PER.RNK.UPPER,TG,2005,29.4117641448975
RQ.PER.RNK.UPPER,TG,2004,29.8507461547852
RQ.PER.RNK.UPPER,TG,2003,43.2432441711426
RQ.PER.RNK.UPPER,TG,2002,40.5405387878418
RQ.PER.RNK.UPPER,TG,2001,None
RQ.PER.RNK.UPPER,TG,2000,40.7608680725098
RQ.PER.RNK.UPPER,TG,1999,None
RQ.PER.RNK.UPPER,TG,1998,52.1739120483398
RQ.PER.RNK.UPPER,TG,1997,None
RQ.PER.RNK.UPPER,TG,1996,62.5
RQ.PER.RNK.UPPER,TG,1995,None
RQ.PER.RNK.UPPER,TJ,2019,25.238094329834
RQ.PER.RNK.UPPER,TJ,2018,23.3333339691162
RQ.PER.RNK.UPPER,TJ,2017,23.8095245361328
RQ.PER.RNK.UPPER,TJ,2016,22.380952835083
RQ.PER.RNK.UPPER,TJ,2015,25.7142848968506
RQ.PER.RNK.UPPER,TJ,2014,26.4423084259033
RQ.PER.RNK.UPPER,TJ,2013,24.1706161499023
RQ.PER.RNK.UPPER,TJ,2012,25.1184825897217
RQ.PER.RNK.UPPER,TJ,2011,26.0663509368896
RQ.PER.RNK.UPPER,TJ,2010,24.8803825378418
RQ.PER.RNK.UPPER,TJ,2009,23.4449768066406
RQ.PER.RNK.UPPER,TJ,2008,21.3592224121094
RQ.PER.RNK.UPPER,TJ,2007,20.8737869262695
RQ.PER.RNK.UPPER,TJ,2006,21.5686283111572
RQ.PER.RNK.UPPER,TJ,2005,21.0784320831299
RQ.PER.RNK.UPPER,TJ,2004,20.8955230712891
RQ.PER.RNK.UPPER,TJ,2003,22.7027034759521
RQ.PER.RNK.UPPER,TJ,2002,18.9189186096191
RQ.PER.RNK.UPPER,TJ,2001,None
RQ.PER.RNK.UPPER,TJ,2000,25.543478012085
RQ.PER.RNK.UPPER,TJ,1999,None
RQ.PER.RNK.UPPER,TJ,1998,17.3913040161133
RQ.PER.RNK.UPPER,TJ,1997,None
RQ.PER.RNK.UPPER,TJ,1996,17.3913040161133
RQ.PER.RNK.UPPER,TJ,1995,None
RQ.PER.RNK.UPPER,TL,2019,36.6666679382324
RQ.PER.RNK.UPPER,TL,2018,35.7142868041992
RQ.PER.RNK.UPPER,TL,2017,39.523811340332
RQ.PER.RNK.UPPER,TL,2016,28.5714282989502
RQ.PER.RNK.UPPER,TL,2015,30
RQ.PER.RNK.UPPER,TL,2014,32.211540222168
RQ.PER.RNK.UPPER,TL,2013,28.9099521636963
RQ.PER.RNK.UPPER,TL,2012,27.488151550293
RQ.PER.RNK.UPPER,TL,2011,25.1184825897217
RQ.PER.RNK.UPPER,TL,2010,22.9665069580078
RQ.PER.RNK.UPPER,TL,2009,22.0095691680908
RQ.PER.RNK.UPPER,TL,2008,16.990291595459
RQ.PER.RNK.UPPER,TL,2007,9.70873832702637
RQ.PER.RNK.UPPER,TL,2006,12.2549018859863
RQ.PER.RNK.UPPER,TL,2005,22.5490188598633
RQ.PER.RNK.UPPER,TL,2004,25.3731346130371
RQ.PER.RNK.UPPER,TL,2003,21.0810813903809
RQ.PER.RNK.UPPER,TL,2002,28.6486492156982
RQ.PER.RNK.UPPER,TL,2001,None
RQ.PER.RNK.UPPER,TL,2000,None
RQ.PER.RNK.UPPER,TL,1999,None
RQ.PER.RNK.UPPER,TL,1998,None
RQ.PER.RNK.UPPER,TL,1997,None
RQ.PER.RNK.UPPER,TL,1996,None
RQ.PER.RNK.UPPER,TL,1995,None
RQ.PER.RNK.UPPER,TN,2019,49.523811340332
RQ.PER.RNK.UPPER,TN,2018,45.7142868041992
RQ.PER.RNK.UPPER,TN,2017,52.3809509277344
RQ.PER.RNK.UPPER,TN,2016,48.0952377319336
RQ.PER.RNK.UPPER,TN,2015,50
RQ.PER.RNK.UPPER,TN,2014,51.4423065185547
RQ.PER.RNK.UPPER,TN,2013,53.0805702209473
RQ.PER.RNK.UPPER,TN,2012,54.028434753418
RQ.PER.RNK.UPPER,TN,2011,54.028434753418
RQ.PER.RNK.UPPER,TN,2010,57.4162673950195
RQ.PER.RNK.UPPER,TN,2009,62.2009582519531
RQ.PER.RNK.UPPER,TN,2008,64.0776672363281
RQ.PER.RNK.UPPER,TN,2007,64.0776672363281
RQ.PER.RNK.UPPER,TN,2006,65.1960754394531
RQ.PER.RNK.UPPER,TN,2005,58.3333320617676
RQ.PER.RNK.UPPER,TN,2004,60.6965179443359
RQ.PER.RNK.UPPER,TN,2003,61.6216201782227
RQ.PER.RNK.UPPER,TN,2002,61.6216201782227
RQ.PER.RNK.UPPER,TN,2001,None
RQ.PER.RNK.UPPER,TN,2000,68.4782638549805
RQ.PER.RNK.UPPER,TN,1999,None
RQ.PER.RNK.UPPER,TN,1998,70.6521759033203
RQ.PER.RNK.UPPER,TN,1997,None
RQ.PER.RNK.UPPER,TN,1996,70.6521759033203
RQ.PER.RNK.UPPER,TN,1995,None
RQ.PER.RNK.UPPER,TZ,2019,36.6666679382324
RQ.PER.RNK.UPPER,TZ,2018,37.1428565979004
RQ.PER.RNK.UPPER,TZ,2017,39.0476188659668
RQ.PER.RNK.UPPER,TZ,2016,44.761905670166
RQ.PER.RNK.UPPER,TZ,2015,47.6190490722656
RQ.PER.RNK.UPPER,TZ,2014,49.519229888916
RQ.PER.RNK.UPPER,TZ,2013,50.2369651794434
RQ.PER.RNK.UPPER,TZ,2012,47.8672981262207
RQ.PER.RNK.UPPER,TZ,2011,46.445499420166
RQ.PER.RNK.UPPER,TZ,2010,45.9330139160156
RQ.PER.RNK.UPPER,TZ,2009,45.4545440673828
RQ.PER.RNK.UPPER,TZ,2008,46.1165046691895
RQ.PER.RNK.UPPER,TZ,2007,50
RQ.PER.RNK.UPPER,TZ,2006,50.4901962280273
RQ.PER.RNK.UPPER,TZ,2005,48.0392150878906
RQ.PER.RNK.UPPER,TZ,2004,47.2636833190918
RQ.PER.RNK.UPPER,TZ,2003,45.4054069519043
RQ.PER.RNK.UPPER,TZ,2002,42.1621627807617
RQ.PER.RNK.UPPER,TZ,2001,None
RQ.PER.RNK.UPPER,TZ,2000,57.6086959838867
RQ.PER.RNK.UPPER,TZ,1999,None
RQ.PER.RNK.UPPER,TZ,1998,57.0652160644531
RQ.PER.RNK.UPPER,TZ,1997,None
RQ.PER.RNK.UPPER,TZ,1996,58.152172088623
RQ.PER.RNK.UPPER,TZ,1995,None
RQ.PER.RNK.UPPER,UG,2019,46.6666679382324
RQ.PER.RNK.UPPER,UG,2018,51.9047622680664
RQ.PER.RNK.UPPER,UG,2017,53.8095245361328
RQ.PER.RNK.UPPER,UG,2016,53.3333320617676
RQ.PER.RNK.UPPER,UG,2015,51.4285697937012
RQ.PER.RNK.UPPER,UG,2014,52.8846168518066
RQ.PER.RNK.UPPER,UG,2013,53.0805702209473
RQ.PER.RNK.UPPER,UG,2012,52.6066360473633
RQ.PER.RNK.UPPER,UG,2011,54.028434753418
RQ.PER.RNK.UPPER,UG,2010,53.5885162353516
RQ.PER.RNK.UPPER,UG,2009,54.0669860839844
RQ.PER.RNK.UPPER,UG,2008,53.3980598449707
RQ.PER.RNK.UPPER,UG,2007,52.4271850585938
RQ.PER.RNK.UPPER,UG,2006,54.4117660522461
RQ.PER.RNK.UPPER,UG,2005,52.9411773681641
RQ.PER.RNK.UPPER,UG,2004,59.7014923095703
RQ.PER.RNK.UPPER,UG,2003,57.8378372192383
RQ.PER.RNK.UPPER,UG,2002,60.5405387878418
RQ.PER.RNK.UPPER,UG,2001,None
RQ.PER.RNK.UPPER,UG,2000,64.1304321289063
RQ.PER.RNK.UPPER,UG,1999,None
RQ.PER.RNK.UPPER,UG,1998,70.6521759033203
RQ.PER.RNK.UPPER,UG,1997,None
RQ.PER.RNK.UPPER,UG,1996,65.2173919677734
RQ.PER.RNK.UPPER,UG,1995,None
RQ.PER.RNK.UPPER,UZ,2019,24.2857151031494
RQ.PER.RNK.UPPER,UZ,2018,19.0476188659668
RQ.PER.RNK.UPPER,UZ,2017,14.7619047164917
RQ.PER.RNK.UPPER,UZ,2016,7.14285707473755
RQ.PER.RNK.UPPER,UZ,2015,5.7142858505249
RQ.PER.RNK.UPPER,UZ,2014,5.76923084259033
RQ.PER.RNK.UPPER,UZ,2013,8.05687236785889
RQ.PER.RNK.UPPER,UZ,2012,9.00473976135254
RQ.PER.RNK.UPPER,UZ,2011,8.53080558776855
RQ.PER.RNK.UPPER,UZ,2010,7.65550231933594
RQ.PER.RNK.UPPER,UZ,2009,9.56937789916992
RQ.PER.RNK.UPPER,UZ,2008,16.5048542022705
RQ.PER.RNK.UPPER,UZ,2007,10.1941747665405
RQ.PER.RNK.UPPER,UZ,2006,8.33333301544189
RQ.PER.RNK.UPPER,UZ,2005,10.2941179275513
RQ.PER.RNK.UPPER,UZ,2004,8.95522403717041
RQ.PER.RNK.UPPER,UZ,2003,14.5945949554443
RQ.PER.RNK.UPPER,UZ,2002,12.972972869873
RQ.PER.RNK.UPPER,UZ,2001,None
RQ.PER.RNK.UPPER,UZ,2000,4.89130449295044
RQ.PER.RNK.UPPER,UZ,1999,None
RQ.PER.RNK.UPPER,UZ,1998,8.69565200805664
RQ.PER.RNK.UPPER,UZ,1997,None
RQ.PER.RNK.UPPER,UZ,1996,17.3913040161133
RQ.PER.RNK.UPPER,UZ,1995,None
RQ.PER.RNK.UPPER,VN,2019,50
RQ.PER.RNK.UPPER,VN,2018,49.523811340332
RQ.PER.RNK.UPPER,VN,2017,48.5714302062988
RQ.PER.RNK.UPPER,VN,2016,46.6666679382324
RQ.PER.RNK.UPPER,VN,2015,45.238094329834
RQ.PER.RNK.UPPER,VN,2014,41.8269233703613
RQ.PER.RNK.UPPER,VN,2013,38.8625602722168
RQ.PER.RNK.UPPER,VN,2012,37.9146919250488
RQ.PER.RNK.UPPER,VN,2011,38.8625602722168
RQ.PER.RNK.UPPER,VN,2010,39.2344512939453
RQ.PER.RNK.UPPER,VN,2009,39.2344512939453
RQ.PER.RNK.UPPER,VN,2008,42.7184448242188
RQ.PER.RNK.UPPER,VN,2007,47.0873794555664
RQ.PER.RNK.UPPER,VN,2006,42.6470603942871
RQ.PER.RNK.UPPER,VN,2005,43.6274528503418
RQ.PER.RNK.UPPER,VN,2004,46.2686576843262
RQ.PER.RNK.UPPER,VN,2003,44.8648643493652
RQ.PER.RNK.UPPER,VN,2002,40
RQ.PER.RNK.UPPER,VN,2001,None
RQ.PER.RNK.UPPER,VN,2000,41.3043479919434
RQ.PER.RNK.UPPER,VN,1999,None
RQ.PER.RNK.UPPER,VN,1998,48.3695640563965
RQ.PER.RNK.UPPER,VN,1997,None
RQ.PER.RNK.UPPER,VN,1996,49.4565200805664
RQ.PER.RNK.UPPER,VN,1995,None
RQ.PER.RNK.UPPER,VU,2019,57.6190490722656
RQ.PER.RNK.UPPER,VU,2018,55.7142868041992
RQ.PER.RNK.UPPER,VU,2017,59.523811340332
RQ.PER.RNK.UPPER,VU,2016,60
RQ.PER.RNK.UPPER,VU,2015,55.7142868041992
RQ.PER.RNK.UPPER,VU,2014,55.288459777832
RQ.PER.RNK.UPPER,VU,2013,47.3933639526367
RQ.PER.RNK.UPPER,VU,2012,40.7582931518555
RQ.PER.RNK.UPPER,VU,2011,40.7582931518555
RQ.PER.RNK.UPPER,VU,2010,36.3636360168457
RQ.PER.RNK.UPPER,VU,2009,43.0622024536133
RQ.PER.RNK.UPPER,VU,2008,44.6601943969727
RQ.PER.RNK.UPPER,VU,2007,52.4271850585938
RQ.PER.RNK.UPPER,VU,2006,64.2156829833984
RQ.PER.RNK.UPPER,VU,2005,66.1764678955078
RQ.PER.RNK.UPPER,VU,2004,68.6567153930664
RQ.PER.RNK.UPPER,VU,2003,None
RQ.PER.RNK.UPPER,VU,2002,None
RQ.PER.RNK.UPPER,VU,2001,None
RQ.PER.RNK.UPPER,VU,2000,None
RQ.PER.RNK.UPPER,VU,1999,None
RQ.PER.RNK.UPPER,VU,1998,None
RQ.PER.RNK.UPPER,VU,1997,None
RQ.PER.RNK.UPPER,VU,1996,None
RQ.PER.RNK.UPPER,VU,1995,None
RQ.PER.RNK.UPPER,WS,2019,61.4285697937012
RQ.PER.RNK.UPPER,WS,2018,64.2857131958008
RQ.PER.RNK.UPPER,WS,2017,67.1428604125977
RQ.PER.RNK.UPPER,WS,2016,65.2380981445313
RQ.PER.RNK.UPPER,WS,2015,65.2380981445313
RQ.PER.RNK.UPPER,WS,2014,61.538459777832
RQ.PER.RNK.UPPER,WS,2013,54.9763031005859
RQ.PER.RNK.UPPER,WS,2012,53.0805702209473
RQ.PER.RNK.UPPER,WS,2011,53.554500579834
RQ.PER.RNK.UPPER,WS,2010,54.5454559326172
RQ.PER.RNK.UPPER,WS,2009,55.0239219665527
RQ.PER.RNK.UPPER,WS,2008,53.8834953308105
RQ.PER.RNK.UPPER,WS,2007,62.1359214782715
RQ.PER.RNK.UPPER,WS,2006,63.235294342041
RQ.PER.RNK.UPPER,WS,2005,60.294116973877
RQ.PER.RNK.UPPER,WS,2004,66.1691513061523
RQ.PER.RNK.UPPER,WS,2003,64.3243255615234
RQ.PER.RNK.UPPER,WS,2002,68.1081085205078
RQ.PER.RNK.UPPER,WS,2001,None
RQ.PER.RNK.UPPER,WS,2000,69.5652160644531
RQ.PER.RNK.UPPER,WS,1999,None
RQ.PER.RNK.UPPER,WS,1998,70.6521759033203
RQ.PER.RNK.UPPER,WS,1997,None
RQ.PER.RNK.UPPER,WS,1996,69.5652160644531
RQ.PER.RNK.UPPER,WS,1995,None
RQ.PER.RNK.UPPER,YE,2019,7.61904764175415
RQ.PER.RNK.UPPER,YE,2018,8.09523773193359
RQ.PER.RNK.UPPER,YE,2017,10.4761905670166
RQ.PER.RNK.UPPER,YE,2016,10.4761905670166
RQ.PER.RNK.UPPER,YE,2015,23.8095245361328
RQ.PER.RNK.UPPER,YE,2014,31.730770111084
RQ.PER.RNK.UPPER,YE,2013,36.4928894042969
RQ.PER.RNK.UPPER,YE,2012,38.8625602722168
RQ.PER.RNK.UPPER,YE,2011,31.7535552978516
RQ.PER.RNK.UPPER,YE,2010,39.7129173278809
RQ.PER.RNK.UPPER,YE,2009,39.2344512939453
RQ.PER.RNK.UPPER,YE,2008,37.3786392211914
RQ.PER.RNK.UPPER,YE,2007,39.8058242797852
RQ.PER.RNK.UPPER,YE,2006,37.2549018859863
RQ.PER.RNK.UPPER,YE,2005,30.3921566009521
RQ.PER.RNK.UPPER,YE,2004,29.8507461547852
RQ.PER.RNK.UPPER,YE,2003,37.8378372192383
RQ.PER.RNK.UPPER,YE,2002,36.2162170410156
RQ.PER.RNK.UPPER,YE,2001,None
RQ.PER.RNK.UPPER,YE,2000,41.3043479919434
RQ.PER.RNK.UPPER,YE,1999,None
RQ.PER.RNK.UPPER,YE,1998,51.6304359436035
RQ.PER.RNK.UPPER,YE,1997,None
RQ.PER.RNK.UPPER,YE,1996,58.152172088623
RQ.PER.RNK.UPPER,YE,1995,None
RQ.PER.RNK.UPPER,ZM,2019,39.523811340332
RQ.PER.RNK.UPPER,ZM,2018,42.3809509277344
RQ.PER.RNK.UPPER,ZM,2017,43.3333320617676
RQ.PER.RNK.UPPER,ZM,2016,43.3333320617676
RQ.PER.RNK.UPPER,ZM,2015,44.761905670166
RQ.PER.RNK.UPPER,ZM,2014,45.6730766296387
RQ.PER.RNK.UPPER,ZM,2013,45.0236968994141
RQ.PER.RNK.UPPER,ZM,2012,46.445499420166
RQ.PER.RNK.UPPER,ZM,2011,45.497631072998
RQ.PER.RNK.UPPER,ZM,2010,42.5837326049805
RQ.PER.RNK.UPPER,ZM,2009,44.0191383361816
RQ.PER.RNK.UPPER,ZM,2008,47.5728149414063
RQ.PER.RNK.UPPER,ZM,2007,44.1747589111328
RQ.PER.RNK.UPPER,ZM,2006,39.705883026123
RQ.PER.RNK.UPPER,ZM,2005,34.8039207458496
RQ.PER.RNK.UPPER,ZM,2004,43.2835807800293
RQ.PER.RNK.UPPER,ZM,2003,44.3243255615234
RQ.PER.RNK.UPPER,ZM,2002,40
RQ.PER.RNK.UPPER,ZM,2001,None
RQ.PER.RNK.UPPER,ZM,2000,55.9782600402832
RQ.PER.RNK.UPPER,ZM,1999,None
RQ.PER.RNK.UPPER,ZM,1998,61.4130439758301
RQ.PER.RNK.UPPER,ZM,1997,None
RQ.PER.RNK.UPPER,ZM,1996,55.9782600402832
RQ.PER.RNK.UPPER,ZM,1995,None
