DT.ODA.ODAT.XP.ZS,AF,2019,None
DT.ODA.ODAT.XP.ZS,AF,2018,None
DT.ODA.ODAT.XP.ZS,AF,2017,51.8242631547773
DT.ODA.ODAT.XP.ZS,AF,2016,51.1405891605242
DT.ODA.ODAT.XP.ZS,AF,2015,60.3365575035266
DT.ODA.ODAT.XP.ZS,AF,2014,54.0834414614975
DT.ODA.ODAT.XP.ZS,AF,2013,60.7584408172137
DT.ODA.ODAT.XP.ZS,AF,2012,79.115554154333
DT.ODA.ODAT.XP.ZS,AF,2011,63.6911968890494
DT.ODA.ODAT.XP.ZS,AF,2010,77.3116201551076
DT.ODA.ODAT.XP.ZS,AF,2009,104.797202077786
DT.ODA.ODAT.XP.ZS,AF,2008,90.6001498083632
DT.ODA.ODAT.XP.ZS,AF,2007,192.128035799715
DT.ODA.ODAT.XP.ZS,AF,2006,201.847754877105
DT.ODA.ODAT.XP.ZS,AF,2005,None
DT.ODA.ODAT.XP.ZS,AF,2004,None
DT.ODA.ODAT.XP.ZS,AF,2003,None
DT.ODA.ODAT.XP.ZS,AF,2002,None
DT.ODA.ODAT.XP.ZS,AF,2001,None
DT.ODA.ODAT.XP.ZS,AF,2000,None
DT.ODA.ODAT.XP.ZS,AF,1999,None
DT.ODA.ODAT.XP.ZS,AF,1998,None
DT.ODA.ODAT.XP.ZS,AF,1997,None
DT.ODA.ODAT.XP.ZS,AF,1996,None
DT.ODA.ODAT.XP.ZS,AF,1995,None
DT.ODA.ODAT.XP.ZS,AO,2019,0.176849142677363
DT.ODA.ODAT.XP.ZS,AO,2018,1.31157145918661
DT.ODA.ODAT.XP.ZS,AO,2017,1.81636335334086
DT.ODA.ODAT.XP.ZS,AO,2016,2.23509280714207
DT.ODA.ODAT.XP.ZS,AO,2015,2.01727175201634
DT.ODA.ODAT.XP.ZS,AO,2014,0.619018545246293
DT.ODA.ODAT.XP.ZS,AO,2013,0.764869628667379
DT.ODA.ODAT.XP.ZS,AO,2012,0.811270980379005
DT.ODA.ODAT.XP.ZS,AO,2011,0.647106510933998
DT.ODA.ODAT.XP.ZS,AO,2010,1.09412567538463
DT.ODA.ODAT.XP.ZS,AO,2009,1.21927493692253
DT.ODA.ODAT.XP.ZS,AO,2008,1.74870119948086
DT.ODA.ODAT.XP.ZS,AO,2007,1.61812312949402
DT.ODA.ODAT.XP.ZS,AO,2006,1.64020367171052
DT.ODA.ODAT.XP.ZS,AO,2005,5.38587491467953
DT.ODA.ODAT.XP.ZS,AO,2004,30.09979864887
DT.ODA.ODAT.XP.ZS,AO,2003,10.6955369796856
DT.ODA.ODAT.XP.ZS,AO,2002,12.8231517485521
DT.ODA.ODAT.XP.ZS,AO,2001,10.9041224610573
DT.ODA.ODAT.XP.ZS,AO,2000,15.1636302491849
DT.ODA.ODAT.XP.ZS,AO,1999,32.0492913180398
DT.ODA.ODAT.XP.ZS,AO,1998,None
DT.ODA.ODAT.XP.ZS,AO,1997,None
DT.ODA.ODAT.XP.ZS,AO,1996,None
DT.ODA.ODAT.XP.ZS,AO,1995,None
DT.ODA.ODAT.XP.ZS,BI,2019,129.421727714479
DT.ODA.ODAT.XP.ZS,BI,2018,None
DT.ODA.ODAT.XP.ZS,BI,2017,90.4313644214973
DT.ODA.ODAT.XP.ZS,BI,2016,159.519416786228
DT.ODA.ODAT.XP.ZS,BI,2015,63.5419990366684
DT.ODA.ODAT.XP.ZS,BI,2014,112.461669102007
DT.ODA.ODAT.XP.ZS,BI,2013,133.955162371468
DT.ODA.ODAT.XP.ZS,BI,2012,125.23260454776
DT.ODA.ODAT.XP.ZS,BI,2011,127.975390771688
DT.ODA.ODAT.XP.ZS,BI,2010,144.182693380171
DT.ODA.ODAT.XP.ZS,BI,2009,None
DT.ODA.ODAT.XP.ZS,BI,2008,None
DT.ODA.ODAT.XP.ZS,BI,2007,None
DT.ODA.ODAT.XP.ZS,BI,2006,None
DT.ODA.ODAT.XP.ZS,BI,2005,None
DT.ODA.ODAT.XP.ZS,BI,2004,None
DT.ODA.ODAT.XP.ZS,BI,2003,None
DT.ODA.ODAT.XP.ZS,BI,2002,None
DT.ODA.ODAT.XP.ZS,BI,2001,None
DT.ODA.ODAT.XP.ZS,BI,2000,None
DT.ODA.ODAT.XP.ZS,BI,1999,51.4593129049357
DT.ODA.ODAT.XP.ZS,BI,1998,40.5109963530906
DT.ODA.ODAT.XP.ZS,BI,1997,31.7407090636225
DT.ODA.ODAT.XP.ZS,BI,1996,74.6740068373689
DT.ODA.ODAT.XP.ZS,BI,1995,143.952237875715
DT.ODA.ODAT.XP.ZS,BJ,2019,None
DT.ODA.ODAT.XP.ZS,BJ,2018,None
DT.ODA.ODAT.XP.ZS,BJ,2017,None
DT.ODA.ODAT.XP.ZS,BJ,2016,None
DT.ODA.ODAT.XP.ZS,BJ,2015,None
DT.ODA.ODAT.XP.ZS,BJ,2014,None
DT.ODA.ODAT.XP.ZS,BJ,2013,None
DT.ODA.ODAT.XP.ZS,BJ,2012,None
DT.ODA.ODAT.XP.ZS,BJ,2011,None
DT.ODA.ODAT.XP.ZS,BJ,2010,None
DT.ODA.ODAT.XP.ZS,BJ,2009,None
DT.ODA.ODAT.XP.ZS,BJ,2008,None
DT.ODA.ODAT.XP.ZS,BJ,2007,None
DT.ODA.ODAT.XP.ZS,BJ,2006,None
DT.ODA.ODAT.XP.ZS,BJ,2005,None
DT.ODA.ODAT.XP.ZS,BJ,2004,None
DT.ODA.ODAT.XP.ZS,BJ,2003,None
DT.ODA.ODAT.XP.ZS,BJ,2002,None
DT.ODA.ODAT.XP.ZS,BJ,2001,None
DT.ODA.ODAT.XP.ZS,BJ,2000,None
DT.ODA.ODAT.XP.ZS,BJ,1999,None
DT.ODA.ODAT.XP.ZS,BJ,1998,None
DT.ODA.ODAT.XP.ZS,BJ,1997,None
DT.ODA.ODAT.XP.ZS,BJ,1996,None
DT.ODA.ODAT.XP.ZS,BJ,1995,None
DT.ODA.ODAT.XP.ZS,BF,2019,37.9280603409862
DT.ODA.ODAT.XP.ZS,BF,2018,43.0240718106398
DT.ODA.ODAT.XP.ZS,BF,2017,34.2036615276902
DT.ODA.ODAT.XP.ZS,BF,2016,54.5343360110728
DT.ODA.ODAT.XP.ZS,BF,2015,63.935897399833
DT.ODA.ODAT.XP.ZS,BF,2014,62.558886338878
DT.ODA.ODAT.XP.ZS,BF,2013,63.0259150917672
DT.ODA.ODAT.XP.ZS,BF,2012,70.9965477021742
DT.ODA.ODAT.XP.ZS,BF,2011,73.6575838045449
DT.ODA.ODAT.XP.ZS,BF,2010,97.530191760234
DT.ODA.ODAT.XP.ZS,BF,2009,80.9085359091928
DT.ODA.ODAT.XP.ZS,BF,2008,80.7694865692631
DT.ODA.ODAT.XP.ZS,BF,2007,82.2468501036617
DT.ODA.ODAT.XP.ZS,BF,2006,121.985734775527
DT.ODA.ODAT.XP.ZS,BF,2005,111.319519314344
DT.ODA.ODAT.XP.ZS,BF,2004,116.654207780216
DT.ODA.ODAT.XP.ZS,BF,2003,122.585501598743
DT.ODA.ODAT.XP.ZS,BF,2002,122.227858673926
DT.ODA.ODAT.XP.ZS,BF,2001,None
DT.ODA.ODAT.XP.ZS,BF,2000,None
DT.ODA.ODAT.XP.ZS,BF,1999,None
DT.ODA.ODAT.XP.ZS,BF,1998,None
DT.ODA.ODAT.XP.ZS,BF,1997,None
DT.ODA.ODAT.XP.ZS,BF,1996,None
DT.ODA.ODAT.XP.ZS,BF,1995,None
DT.ODA.ODAT.XP.ZS,BD,2019,15.0803340359732
DT.ODA.ODAT.XP.ZS,BD,2018,12.6425720522548
DT.ODA.ODAT.XP.ZS,BD,2017,16.8522143446554
DT.ODA.ODAT.XP.ZS,BD,2016,12.1454946285615
DT.ODA.ODAT.XP.ZS,BD,2015,14.7536688195857
DT.ODA.ODAT.XP.ZS,BD,2014,14.7435181827463
DT.ODA.ODAT.XP.ZS,BD,2013,18.4676221763916
DT.ODA.ODAT.XP.ZS,BD,2012,16.7640686541417
DT.ODA.ODAT.XP.ZS,BD,2011,11.3548434339265
DT.ODA.ODAT.XP.ZS,BD,2010,12.4261806844743
DT.ODA.ODAT.XP.ZS,BD,2009,9.67554042105877
DT.ODA.ODAT.XP.ZS,BD,2008,13.2207956869699
DT.ODA.ODAT.XP.ZS,BD,2007,12.8757794379025
DT.ODA.ODAT.XP.ZS,BD,2006,17.175763611197
DT.ODA.ODAT.XP.ZS,BD,2005,22.1244796224565
DT.ODA.ODAT.XP.ZS,BD,2004,28.7044945473912
DT.ODA.ODAT.XP.ZS,BD,2003,27.6149100489595
DT.ODA.ODAT.XP.ZS,BD,2002,18.7064605963589
DT.ODA.ODAT.XP.ZS,BD,2001,21.6624563758126
DT.ODA.ODAT.XP.ZS,BD,2000,None
DT.ODA.ODAT.XP.ZS,BD,1999,None
DT.ODA.ODAT.XP.ZS,BD,1998,None
DT.ODA.ODAT.XP.ZS,BD,1997,None
DT.ODA.ODAT.XP.ZS,BD,1996,None
DT.ODA.ODAT.XP.ZS,BD,1995,None
DT.ODA.ODAT.XP.ZS,BO,2019,None
DT.ODA.ODAT.XP.ZS,BO,2018,None
DT.ODA.ODAT.XP.ZS,BO,2017,None
DT.ODA.ODAT.XP.ZS,BO,2016,None
DT.ODA.ODAT.XP.ZS,BO,2015,None
DT.ODA.ODAT.XP.ZS,BO,2014,None
DT.ODA.ODAT.XP.ZS,BO,2013,None
DT.ODA.ODAT.XP.ZS,BO,2012,None
DT.ODA.ODAT.XP.ZS,BO,2011,None
DT.ODA.ODAT.XP.ZS,BO,2010,None
DT.ODA.ODAT.XP.ZS,BO,2009,None
DT.ODA.ODAT.XP.ZS,BO,2008,None
DT.ODA.ODAT.XP.ZS,BO,2007,14.841878161349
DT.ODA.ODAT.XP.ZS,BO,2006,29.4599675968984
DT.ODA.ODAT.XP.ZS,BO,2005,21.8800601472379
DT.ODA.ODAT.XP.ZS,BO,2004,29.6000419446482
DT.ODA.ODAT.XP.ZS,BO,2003,33.4508261165639
DT.ODA.ODAT.XP.ZS,BO,2002,26.3817630786286
DT.ODA.ODAT.XP.ZS,BO,2001,34.2448273308544
DT.ODA.ODAT.XP.ZS,BO,2000,24.685038154715
DT.ODA.ODAT.XP.ZS,BO,1999,30.5990256055251
DT.ODA.ODAT.XP.ZS,BO,1998,32.8584056006778
DT.ODA.ODAT.XP.ZS,BO,1997,40.2624358885013
DT.ODA.ODAT.XP.ZS,BO,1996,54.5651783464154
DT.ODA.ODAT.XP.ZS,BO,1995,57.0897402081144
DT.ODA.ODAT.XP.ZS,BT,2019,39.2712067991877
DT.ODA.ODAT.XP.ZS,BT,2018,21.5476146900294
DT.ODA.ODAT.XP.ZS,BT,2017,25.9610819460481
DT.ODA.ODAT.XP.ZS,BT,2016,12.4261850734819
DT.ODA.ODAT.XP.ZS,BT,2015,24.8248583561191
DT.ODA.ODAT.XP.ZS,BT,2014,36.7154199985972
DT.ODA.ODAT.XP.ZS,BT,2013,37.766759258856
DT.ODA.ODAT.XP.ZS,BT,2012,43.3741710715299
DT.ODA.ODAT.XP.ZS,BT,2011,29.8203941785524
DT.ODA.ODAT.XP.ZS,BT,2010,28.2581126888044
DT.ODA.ODAT.XP.ZS,BT,2009,23.8579700652712
DT.ODA.ODAT.XP.ZS,BT,2008,24.1571396866496
DT.ODA.ODAT.XP.ZS,BT,2007,27.1271258333598
DT.ODA.ODAT.XP.ZS,BT,2006,53.3467733668366
DT.ODA.ODAT.XP.ZS,BT,2005,48.6916303316901
DT.ODA.ODAT.XP.ZS,BT,2004,60.4275499287352
DT.ODA.ODAT.XP.ZS,BT,2003,63.165891387275
DT.ODA.ODAT.XP.ZS,BT,2002,60.442058827849
DT.ODA.ODAT.XP.ZS,BT,2001,56.791336389569
DT.ODA.ODAT.XP.ZS,BT,2000,55.9025360339246
DT.ODA.ODAT.XP.ZS,BT,1999,86.5434449431864
DT.ODA.ODAT.XP.ZS,BT,1998,80.8837773435097
DT.ODA.ODAT.XP.ZS,BT,1997,82.6333702795938
DT.ODA.ODAT.XP.ZS,BT,1996,77.328929989041
DT.ODA.ODAT.XP.ZS,BT,1995,113.693641852109
DT.ODA.ODAT.XP.ZS,CF,2019,306.373671256219
DT.ODA.ODAT.XP.ZS,CF,2018,285.11693906521
DT.ODA.ODAT.XP.ZS,CF,2017,284.728138343344
DT.ODA.ODAT.XP.ZS,CF,2016,307.796609873249
DT.ODA.ODAT.XP.ZS,CF,2015,308.522825570551
DT.ODA.ODAT.XP.ZS,CF,2014,389.821335091724
DT.ODA.ODAT.XP.ZS,CF,2013,None
DT.ODA.ODAT.XP.ZS,CF,2012,110.990721974747
DT.ODA.ODAT.XP.ZS,CF,2011,81.8791141079798
DT.ODA.ODAT.XP.ZS,CF,2010,74.5597532081277
DT.ODA.ODAT.XP.ZS,CF,2009,64.7492057433358
DT.ODA.ODAT.XP.ZS,CF,2008,111.966524693042
DT.ODA.ODAT.XP.ZS,CF,2007,None
DT.ODA.ODAT.XP.ZS,CF,2006,None
DT.ODA.ODAT.XP.ZS,CF,2005,None
DT.ODA.ODAT.XP.ZS,CF,2004,89.5300815037601
DT.ODA.ODAT.XP.ZS,CF,2003,None
DT.ODA.ODAT.XP.ZS,CF,2002,None
DT.ODA.ODAT.XP.ZS,CF,2001,None
DT.ODA.ODAT.XP.ZS,CF,2000,None
DT.ODA.ODAT.XP.ZS,CF,1999,None
DT.ODA.ODAT.XP.ZS,CF,1998,None
DT.ODA.ODAT.XP.ZS,CF,1997,None
DT.ODA.ODAT.XP.ZS,CF,1996,None
DT.ODA.ODAT.XP.ZS,CF,1995,None
DT.ODA.ODAT.XP.ZS,CI,2019,14.262844532699
DT.ODA.ODAT.XP.ZS,CI,2018,11.1319150164914
DT.ODA.ODAT.XP.ZS,CI,2017,10.5635938219991
DT.ODA.ODAT.XP.ZS,CI,2016,9.49291387201862
DT.ODA.ODAT.XP.ZS,CI,2015,10.5734357941519
DT.ODA.ODAT.XP.ZS,CI,2014,20.5494509467024
DT.ODA.ODAT.XP.ZS,CI,2013,29.9890575961669
DT.ODA.ODAT.XP.ZS,CI,2012,70.7625098591653
DT.ODA.ODAT.XP.ZS,CI,2011,40.7721423391613
DT.ODA.ODAT.XP.ZS,CI,2010,22.7719420269518
DT.ODA.ODAT.XP.ZS,CI,2009,62.4497042178482
DT.ODA.ODAT.XP.ZS,CI,2008,10.3944186952366
DT.ODA.ODAT.XP.ZS,CI,2007,6.09413306334253
DT.ODA.ODAT.XP.ZS,CI,2006,10.0234662404811
DT.ODA.ODAT.XP.ZS,CI,2005,3.60699563299214
DT.ODA.ODAT.XP.ZS,CI,2004,6.76310738673669
DT.ODA.ODAT.XP.ZS,CI,2003,11.5687642688129
DT.ODA.ODAT.XP.ZS,CI,2002,65.0989988925839
DT.ODA.ODAT.XP.ZS,CI,2001,13.3458970726284
DT.ODA.ODAT.XP.ZS,CI,2000,None
DT.ODA.ODAT.XP.ZS,CI,1999,None
DT.ODA.ODAT.XP.ZS,CI,1998,None
DT.ODA.ODAT.XP.ZS,CI,1997,None
DT.ODA.ODAT.XP.ZS,CI,1996,None
DT.ODA.ODAT.XP.ZS,CI,1995,None
DT.ODA.ODAT.XP.ZS,CM,2019,26.5431652349093
DT.ODA.ODAT.XP.ZS,CM,2018,25.6577612787189
DT.ODA.ODAT.XP.ZS,CM,2017,32.0195396198196
DT.ODA.ODAT.XP.ZS,CM,2016,18.8022938109208
DT.ODA.ODAT.XP.ZS,CM,2015,16.6001160672553
DT.ODA.ODAT.XP.ZS,CM,2014,18.2954132370447
DT.ODA.ODAT.XP.ZS,CM,2013,17.2351870107175
DT.ODA.ODAT.XP.ZS,CM,2012,15.5283997814265
DT.ODA.ODAT.XP.ZS,CM,2011,None
DT.ODA.ODAT.XP.ZS,CM,2010,None
DT.ODA.ODAT.XP.ZS,CM,2009,None
DT.ODA.ODAT.XP.ZS,CM,2008,None
DT.ODA.ODAT.XP.ZS,CM,2007,None
DT.ODA.ODAT.XP.ZS,CM,2006,None
DT.ODA.ODAT.XP.ZS,CM,2005,None
DT.ODA.ODAT.XP.ZS,CM,2004,None
DT.ODA.ODAT.XP.ZS,CM,2003,None
DT.ODA.ODAT.XP.ZS,CM,2002,None
DT.ODA.ODAT.XP.ZS,CM,2001,None
DT.ODA.ODAT.XP.ZS,CM,2000,None
DT.ODA.ODAT.XP.ZS,CM,1999,36.1073275147175
DT.ODA.ODAT.XP.ZS,CM,1998,43.6114811910854
DT.ODA.ODAT.XP.ZS,CM,1997,None
DT.ODA.ODAT.XP.ZS,CM,1996,None
DT.ODA.ODAT.XP.ZS,CM,1995,46.0799485975888
DT.ODA.ODAT.XP.ZS,CD,2019,67.973693641954
DT.ODA.ODAT.XP.ZS,CD,2018,53.4664430539748
DT.ODA.ODAT.XP.ZS,CD,2017,77.9316078534183
DT.ODA.ODAT.XP.ZS,CD,2016,45.8401571976955
DT.ODA.ODAT.XP.ZS,CD,2015,54.6260250274265
DT.ODA.ODAT.XP.ZS,CD,2014,54.4856533592366
DT.ODA.ODAT.XP.ZS,CD,2013,60.3826758791635
DT.ODA.ODAT.XP.ZS,CD,2012,68.2979181158941
DT.ODA.ODAT.XP.ZS,CD,2011,None
DT.ODA.ODAT.XP.ZS,CD,2010,193.000442124892
DT.ODA.ODAT.XP.ZS,CD,2009,93.0026267502144
DT.ODA.ODAT.XP.ZS,CD,2008,60.3911335554213
DT.ODA.ODAT.XP.ZS,CD,2007,52.913898670875
DT.ODA.ODAT.XP.ZS,CD,2006,105.377404697737
DT.ODA.ODAT.XP.ZS,CD,2005,119.912567401058
DT.ODA.ODAT.XP.ZS,CD,2004,181.595188374987
DT.ODA.ODAT.XP.ZS,CD,2003,787.252965190396
DT.ODA.ODAT.XP.ZS,CD,2002,180.114610104256
DT.ODA.ODAT.XP.ZS,CD,2001,58.6964521733263
DT.ODA.ODAT.XP.ZS,CD,2000,45.695603988276
DT.ODA.ODAT.XP.ZS,CD,1999,30.2109837773651
DT.ODA.ODAT.XP.ZS,CD,1998,23.0085164167944
DT.ODA.ODAT.XP.ZS,CD,1997,45.7088140395708
DT.ODA.ODAT.XP.ZS,CD,1996,51.5340409602779
DT.ODA.ODAT.XP.ZS,CD,1995,65.8652563793934
DT.ODA.ODAT.XP.ZS,CG,2019,7.78966827167632
DT.ODA.ODAT.XP.ZS,CG,2018,6.04037601739812
DT.ODA.ODAT.XP.ZS,CG,2017,5.63373042668864
DT.ODA.ODAT.XP.ZS,CG,2016,4.63820777565694
DT.ODA.ODAT.XP.ZS,CG,2015,4.79411529094622
DT.ODA.ODAT.XP.ZS,CG,2014,4.64203791992956
DT.ODA.ODAT.XP.ZS,CG,2013,7.72872732751708
DT.ODA.ODAT.XP.ZS,CG,2012,6.79566510063279
DT.ODA.ODAT.XP.ZS,CG,2011,16.3972533709907
DT.ODA.ODAT.XP.ZS,CG,2010,92.9628389644014
DT.ODA.ODAT.XP.ZS,CG,2009,20.1875810541512
DT.ODA.ODAT.XP.ZS,CG,2008,26.234207800592
DT.ODA.ODAT.XP.ZS,CG,2007,6.23065433026355
DT.ODA.ODAT.XP.ZS,CG,2006,18.0146037249019
DT.ODA.ODAT.XP.ZS,CG,2005,99.9282648141898
DT.ODA.ODAT.XP.ZS,CG,2004,8.67343401290392
DT.ODA.ODAT.XP.ZS,CG,2003,10.1167370947757
DT.ODA.ODAT.XP.ZS,CG,2002,7.02567583752449
DT.ODA.ODAT.XP.ZS,CG,2001,12.2825386038924
DT.ODA.ODAT.XP.ZS,CG,2000,None
DT.ODA.ODAT.XP.ZS,CG,1999,None
DT.ODA.ODAT.XP.ZS,CG,1998,None
DT.ODA.ODAT.XP.ZS,CG,1997,None
DT.ODA.ODAT.XP.ZS,CG,1996,None
DT.ODA.ODAT.XP.ZS,CG,1995,None
DT.ODA.ODAT.XP.ZS,KM,2019,None
DT.ODA.ODAT.XP.ZS,KM,2018,None
DT.ODA.ODAT.XP.ZS,KM,2017,None
DT.ODA.ODAT.XP.ZS,KM,2016,None
DT.ODA.ODAT.XP.ZS,KM,2015,None
DT.ODA.ODAT.XP.ZS,KM,2014,None
DT.ODA.ODAT.XP.ZS,KM,2013,None
DT.ODA.ODAT.XP.ZS,KM,2012,None
DT.ODA.ODAT.XP.ZS,KM,2011,None
DT.ODA.ODAT.XP.ZS,KM,2010,None
DT.ODA.ODAT.XP.ZS,KM,2009,None
DT.ODA.ODAT.XP.ZS,KM,2008,None
DT.ODA.ODAT.XP.ZS,KM,2007,None
DT.ODA.ODAT.XP.ZS,KM,2006,None
DT.ODA.ODAT.XP.ZS,KM,2005,None
DT.ODA.ODAT.XP.ZS,KM,2004,None
DT.ODA.ODAT.XP.ZS,KM,2003,None
DT.ODA.ODAT.XP.ZS,KM,2002,None
DT.ODA.ODAT.XP.ZS,KM,2001,None
DT.ODA.ODAT.XP.ZS,KM,2000,None
DT.ODA.ODAT.XP.ZS,KM,1999,None
DT.ODA.ODAT.XP.ZS,KM,1998,None
DT.ODA.ODAT.XP.ZS,KM,1997,None
DT.ODA.ODAT.XP.ZS,KM,1996,None
DT.ODA.ODAT.XP.ZS,KM,1995,None
DT.ODA.ODAT.XP.ZS,CV,2019,28.2550630426694
DT.ODA.ODAT.XP.ZS,CV,2018,16.9789039803529
DT.ODA.ODAT.XP.ZS,CV,2017,32.997877947803
DT.ODA.ODAT.XP.ZS,CV,2016,32.6613919706594
DT.ODA.ODAT.XP.ZS,CV,2015,45.3690868831328
DT.ODA.ODAT.XP.ZS,CV,2014,63.198929099826
DT.ODA.ODAT.XP.ZS,CV,2013,71.2516695871568
DT.ODA.ODAT.XP.ZS,CV,2012,76.2732435388092
DT.ODA.ODAT.XP.ZS,CV,2011,69.0464554791276
DT.ODA.ODAT.XP.ZS,CV,2010,99.6504047575059
DT.ODA.ODAT.XP.ZS,CV,2009,58.5195928250886
DT.ODA.ODAT.XP.ZS,CV,2008,54.5450800382505
DT.ODA.ODAT.XP.ZS,CV,2007,42.6484092382748
DT.ODA.ODAT.XP.ZS,CV,2006,46.6538309430893
DT.ODA.ODAT.XP.ZS,CV,2005,60.469188172435
DT.ODA.ODAT.XP.ZS,CV,2004,None
DT.ODA.ODAT.XP.ZS,CV,2003,None
DT.ODA.ODAT.XP.ZS,CV,2002,None
DT.ODA.ODAT.XP.ZS,CV,2001,None
DT.ODA.ODAT.XP.ZS,CV,2000,None
DT.ODA.ODAT.XP.ZS,CV,1999,None
DT.ODA.ODAT.XP.ZS,CV,1998,None
DT.ODA.ODAT.XP.ZS,CV,1997,None
DT.ODA.ODAT.XP.ZS,CV,1996,None
DT.ODA.ODAT.XP.ZS,CV,1995,None
DT.ODA.ODAT.XP.ZS,DJ,2019,None
DT.ODA.ODAT.XP.ZS,DJ,2018,None
DT.ODA.ODAT.XP.ZS,DJ,2017,None
DT.ODA.ODAT.XP.ZS,DJ,2016,None
DT.ODA.ODAT.XP.ZS,DJ,2015,None
DT.ODA.ODAT.XP.ZS,DJ,2014,None
DT.ODA.ODAT.XP.ZS,DJ,2013,None
DT.ODA.ODAT.XP.ZS,DJ,2012,None
DT.ODA.ODAT.XP.ZS,DJ,2011,None
DT.ODA.ODAT.XP.ZS,DJ,2010,None
DT.ODA.ODAT.XP.ZS,DJ,2009,None
DT.ODA.ODAT.XP.ZS,DJ,2008,None
DT.ODA.ODAT.XP.ZS,DJ,2007,None
DT.ODA.ODAT.XP.ZS,DJ,2006,None
DT.ODA.ODAT.XP.ZS,DJ,2005,None
DT.ODA.ODAT.XP.ZS,DJ,2004,None
DT.ODA.ODAT.XP.ZS,DJ,2003,None
DT.ODA.ODAT.XP.ZS,DJ,2002,None
DT.ODA.ODAT.XP.ZS,DJ,2001,None
DT.ODA.ODAT.XP.ZS,DJ,2000,None
DT.ODA.ODAT.XP.ZS,DJ,1999,None
DT.ODA.ODAT.XP.ZS,DJ,1998,None
DT.ODA.ODAT.XP.ZS,DJ,1997,None
DT.ODA.ODAT.XP.ZS,DJ,1996,None
DT.ODA.ODAT.XP.ZS,DJ,1995,None
DT.ODA.ODAT.XP.ZS,EG,2019,None
DT.ODA.ODAT.XP.ZS,EG,2018,None
DT.ODA.ODAT.XP.ZS,EG,2017,None
DT.ODA.ODAT.XP.ZS,EG,2016,None
DT.ODA.ODAT.XP.ZS,EG,2015,2.53546464772372
DT.ODA.ODAT.XP.ZS,EG,2014,3.51636368261236
DT.ODA.ODAT.XP.ZS,EG,2013,5.93503849868069
DT.ODA.ODAT.XP.ZS,EG,2012,2.26460316866557
DT.ODA.ODAT.XP.ZS,EG,2011,0.61512475512547
DT.ODA.ODAT.XP.ZS,EG,2010,0.948049366542926
DT.ODA.ODAT.XP.ZS,EG,2009,1.71705102604034
DT.ODA.ODAT.XP.ZS,EG,2008,3.5237335512543
DT.ODA.ODAT.XP.ZS,EG,2007,3.0628859896884
DT.ODA.ODAT.XP.ZS,EG,2006,2.58271157027285
DT.ODA.ODAT.XP.ZS,EG,2005,4.26358809955213
DT.ODA.ODAT.XP.ZS,EG,2004,7.09391963881188
DT.ODA.ODAT.XP.ZS,EG,2003,4.63517387319066
DT.ODA.ODAT.XP.ZS,EG,2002,5.64085894878728
DT.ODA.ODAT.XP.ZS,EG,2001,None
DT.ODA.ODAT.XP.ZS,EG,2000,None
DT.ODA.ODAT.XP.ZS,EG,1999,None
DT.ODA.ODAT.XP.ZS,EG,1998,None
DT.ODA.ODAT.XP.ZS,EG,1997,10.5723298117085
DT.ODA.ODAT.XP.ZS,EG,1996,12.0378984919685
DT.ODA.ODAT.XP.ZS,EG,1995,11.986379412403
DT.ODA.ODAT.XP.ZS,ER,2019,None
DT.ODA.ODAT.XP.ZS,ER,2018,None
DT.ODA.ODAT.XP.ZS,ER,2017,None
DT.ODA.ODAT.XP.ZS,ER,2016,None
DT.ODA.ODAT.XP.ZS,ER,2015,None
DT.ODA.ODAT.XP.ZS,ER,2014,None
DT.ODA.ODAT.XP.ZS,ER,2013,None
DT.ODA.ODAT.XP.ZS,ER,2012,None
DT.ODA.ODAT.XP.ZS,ER,2011,None
DT.ODA.ODAT.XP.ZS,ER,2010,None
DT.ODA.ODAT.XP.ZS,ER,2009,None
DT.ODA.ODAT.XP.ZS,ER,2008,None
DT.ODA.ODAT.XP.ZS,ER,2007,None
DT.ODA.ODAT.XP.ZS,ER,2006,None
DT.ODA.ODAT.XP.ZS,ER,2005,None
DT.ODA.ODAT.XP.ZS,ER,2004,None
DT.ODA.ODAT.XP.ZS,ER,2003,None
DT.ODA.ODAT.XP.ZS,ER,2002,None
DT.ODA.ODAT.XP.ZS,ER,2001,None
DT.ODA.ODAT.XP.ZS,ER,2000,None
DT.ODA.ODAT.XP.ZS,ER,1999,None
DT.ODA.ODAT.XP.ZS,ER,1998,None
DT.ODA.ODAT.XP.ZS,ER,1997,None
DT.ODA.ODAT.XP.ZS,ER,1996,None
DT.ODA.ODAT.XP.ZS,ER,1995,None
DT.ODA.ODAT.XP.ZS,ET,2019,50.2394785101011
DT.ODA.ODAT.XP.ZS,ET,2018,54.2021563952009
DT.ODA.ODAT.XP.ZS,ET,2017,44.9078598237151
DT.ODA.ODAT.XP.ZS,ET,2016,54.487190430867
DT.ODA.ODAT.XP.ZS,ET,2015,48.321114053045
DT.ODA.ODAT.XP.ZS,ET,2014,67.465046141278
DT.ODA.ODAT.XP.ZS,ET,2013,79.8540678954052
DT.ODA.ODAT.XP.ZS,ET,2012,88.4489377113289
DT.ODA.ODAT.XP.ZS,ET,2011,103.371855855609
DT.ODA.ODAT.XP.ZS,ET,2010,92.3177788148089
DT.ODA.ODAT.XP.ZS,ET,2009,70.6545261775613
DT.ODA.ODAT.XP.ZS,ET,2008,79.4717020862996
DT.ODA.ODAT.XP.ZS,ET,2007,146.925257960254
DT.ODA.ODAT.XP.ZS,ET,2006,139.918129105611
DT.ODA.ODAT.XP.ZS,ET,2005,104.742439578493
DT.ODA.ODAT.XP.ZS,ET,2004,111.745794523828
DT.ODA.ODAT.XP.ZS,ET,2003,119.256902944727
DT.ODA.ODAT.XP.ZS,ET,2002,97.8450498834978
DT.ODA.ODAT.XP.ZS,ET,2001,92.3832200143199
DT.ODA.ODAT.XP.ZS,ET,2000,None
DT.ODA.ODAT.XP.ZS,ET,1999,46.0016061234619
DT.ODA.ODAT.XP.ZS,ET,1998,52.7678040259764
DT.ODA.ODAT.XP.ZS,ET,1997,54.3740692328454
DT.ODA.ODAT.XP.ZS,ET,1996,86.0891439299124
DT.ODA.ODAT.XP.ZS,ET,1995,96.4394206152783
DT.ODA.ODAT.XP.ZS,FM,2019,99.0777503469565
DT.ODA.ODAT.XP.ZS,FM,2018,114.281781953215
DT.ODA.ODAT.XP.ZS,FM,2017,120.764399839419
DT.ODA.ODAT.XP.ZS,FM,2016,69.0171902643303
DT.ODA.ODAT.XP.ZS,FM,2015,124.518696226271
DT.ODA.ODAT.XP.ZS,FM,2014,202.477784957511
DT.ODA.ODAT.XP.ZS,FM,2013,248.107931040286
DT.ODA.ODAT.XP.ZS,FM,2012,250.957996200412
DT.ODA.ODAT.XP.ZS,FM,2011,267.615753574333
DT.ODA.ODAT.XP.ZS,FM,2010,128.014898347192
DT.ODA.ODAT.XP.ZS,FM,2009,258.997598273657
DT.ODA.ODAT.XP.ZS,FM,2008,190.121029754407
DT.ODA.ODAT.XP.ZS,FM,2007,None
DT.ODA.ODAT.XP.ZS,FM,2006,None
DT.ODA.ODAT.XP.ZS,FM,2005,None
DT.ODA.ODAT.XP.ZS,FM,2004,None
DT.ODA.ODAT.XP.ZS,FM,2003,None
DT.ODA.ODAT.XP.ZS,FM,2002,None
DT.ODA.ODAT.XP.ZS,FM,2001,None
DT.ODA.ODAT.XP.ZS,FM,2000,None
DT.ODA.ODAT.XP.ZS,FM,1999,None
DT.ODA.ODAT.XP.ZS,FM,1998,None
DT.ODA.ODAT.XP.ZS,FM,1997,None
DT.ODA.ODAT.XP.ZS,FM,1996,None
DT.ODA.ODAT.XP.ZS,FM,1995,None
DT.ODA.ODAT.XP.ZS,GH,2019,7.61275669246208
DT.ODA.ODAT.XP.ZS,GH,2018,9.0126059757581
DT.ODA.ODAT.XP.ZS,GH,2017,12.052547299597
DT.ODA.ODAT.XP.ZS,GH,2016,12.8369092430805
DT.ODA.ODAT.XP.ZS,GH,2015,20.637351743411
DT.ODA.ODAT.XP.ZS,GH,2014,11.2622867232878
DT.ODA.ODAT.XP.ZS,GH,2013,10.9645587060124
DT.ODA.ODAT.XP.ZS,GH,2012,16.2163769439524
DT.ODA.ODAT.XP.ZS,GH,2011,21.6912038846854
DT.ODA.ODAT.XP.ZS,GH,2010,26.150326900061
DT.ODA.ODAT.XP.ZS,GH,2009,28.4662599343387
DT.ODA.ODAT.XP.ZS,GH,2008,17.6383734495154
DT.ODA.ODAT.XP.ZS,GH,2007,20.8148457914477
DT.ODA.ODAT.XP.ZS,GH,2006,38.7177865310104
DT.ODA.ODAT.XP.ZS,GH,2005,47.1632486589541
DT.ODA.ODAT.XP.ZS,GH,2004,68.0483821465505
DT.ODA.ODAT.XP.ZS,GH,2003,58.6070146352131
DT.ODA.ODAT.XP.ZS,GH,2002,55.8181035628857
DT.ODA.ODAT.XP.ZS,GH,2001,64.8416285523853
DT.ODA.ODAT.XP.ZS,GH,2000,None
DT.ODA.ODAT.XP.ZS,GH,1999,None
DT.ODA.ODAT.XP.ZS,GH,1998,None
DT.ODA.ODAT.XP.ZS,GH,1997,None
DT.ODA.ODAT.XP.ZS,GH,1996,None
DT.ODA.ODAT.XP.ZS,GH,1995,None
DT.ODA.ODAT.XP.ZS,GN,2019,None
DT.ODA.ODAT.XP.ZS,GN,2018,None
DT.ODA.ODAT.XP.ZS,GN,2017,None
DT.ODA.ODAT.XP.ZS,GN,2016,None
DT.ODA.ODAT.XP.ZS,GN,2015,None
DT.ODA.ODAT.XP.ZS,GN,2014,None
DT.ODA.ODAT.XP.ZS,GN,2013,None
DT.ODA.ODAT.XP.ZS,GN,2012,None
DT.ODA.ODAT.XP.ZS,GN,2011,None
DT.ODA.ODAT.XP.ZS,GN,2010,None
DT.ODA.ODAT.XP.ZS,GN,2009,None
DT.ODA.ODAT.XP.ZS,GN,2008,None
DT.ODA.ODAT.XP.ZS,GN,2007,None
DT.ODA.ODAT.XP.ZS,GN,2006,None
DT.ODA.ODAT.XP.ZS,GN,2005,None
DT.ODA.ODAT.XP.ZS,GN,2004,None
DT.ODA.ODAT.XP.ZS,GN,2003,None
DT.ODA.ODAT.XP.ZS,GN,2002,None
DT.ODA.ODAT.XP.ZS,GN,2001,None
DT.ODA.ODAT.XP.ZS,GN,2000,None
DT.ODA.ODAT.XP.ZS,GN,1999,None
DT.ODA.ODAT.XP.ZS,GN,1998,None
DT.ODA.ODAT.XP.ZS,GN,1997,None
DT.ODA.ODAT.XP.ZS,GN,1996,None
DT.ODA.ODAT.XP.ZS,GN,1995,None
DT.ODA.ODAT.XP.ZS,GM,2019,None
DT.ODA.ODAT.XP.ZS,GM,2018,None
DT.ODA.ODAT.XP.ZS,GM,2017,None
DT.ODA.ODAT.XP.ZS,GM,2016,None
DT.ODA.ODAT.XP.ZS,GM,2015,None
DT.ODA.ODAT.XP.ZS,GM,2014,None
DT.ODA.ODAT.XP.ZS,GM,2013,None
DT.ODA.ODAT.XP.ZS,GM,2012,None
DT.ODA.ODAT.XP.ZS,GM,2011,None
DT.ODA.ODAT.XP.ZS,GM,2010,None
DT.ODA.ODAT.XP.ZS,GM,2009,None
DT.ODA.ODAT.XP.ZS,GM,2008,None
DT.ODA.ODAT.XP.ZS,GM,2007,None
DT.ODA.ODAT.XP.ZS,GM,2006,None
DT.ODA.ODAT.XP.ZS,GM,2005,None
DT.ODA.ODAT.XP.ZS,GM,2004,None
DT.ODA.ODAT.XP.ZS,GM,2003,None
DT.ODA.ODAT.XP.ZS,GM,2002,None
DT.ODA.ODAT.XP.ZS,GM,2001,None
DT.ODA.ODAT.XP.ZS,GM,2000,None
DT.ODA.ODAT.XP.ZS,GM,1999,None
DT.ODA.ODAT.XP.ZS,GM,1998,None
DT.ODA.ODAT.XP.ZS,GM,1997,None
DT.ODA.ODAT.XP.ZS,GM,1996,None
DT.ODA.ODAT.XP.ZS,GM,1995,None
DT.ODA.ODAT.XP.ZS,GW,2019,53.4910774744206
DT.ODA.ODAT.XP.ZS,GW,2018,None
DT.ODA.ODAT.XP.ZS,GW,2017,66.4854023938998
DT.ODA.ODAT.XP.ZS,GW,2016,None
DT.ODA.ODAT.XP.ZS,GW,2015,None
DT.ODA.ODAT.XP.ZS,GW,2014,None
DT.ODA.ODAT.XP.ZS,GW,2013,None
DT.ODA.ODAT.XP.ZS,GW,2012,None
DT.ODA.ODAT.XP.ZS,GW,2011,None
DT.ODA.ODAT.XP.ZS,GW,2010,None
DT.ODA.ODAT.XP.ZS,GW,2009,None
DT.ODA.ODAT.XP.ZS,GW,2008,None
DT.ODA.ODAT.XP.ZS,GW,2007,None
DT.ODA.ODAT.XP.ZS,GW,2006,None
DT.ODA.ODAT.XP.ZS,GW,2005,None
DT.ODA.ODAT.XP.ZS,GW,2004,None
DT.ODA.ODAT.XP.ZS,GW,2003,None
DT.ODA.ODAT.XP.ZS,GW,2002,None
DT.ODA.ODAT.XP.ZS,GW,2001,None
DT.ODA.ODAT.XP.ZS,GW,2000,None
DT.ODA.ODAT.XP.ZS,GW,1999,None
DT.ODA.ODAT.XP.ZS,GW,1998,None
DT.ODA.ODAT.XP.ZS,GW,1997,None
DT.ODA.ODAT.XP.ZS,GW,1996,None
DT.ODA.ODAT.XP.ZS,GW,1995,None
DT.ODA.ODAT.XP.ZS,HN,2019,None
DT.ODA.ODAT.XP.ZS,HN,2018,None
DT.ODA.ODAT.XP.ZS,HN,2017,None
DT.ODA.ODAT.XP.ZS,HN,2016,None
DT.ODA.ODAT.XP.ZS,HN,2015,11.7253138180233
DT.ODA.ODAT.XP.ZS,HN,2014,12.6588873230337
DT.ODA.ODAT.XP.ZS,HN,2013,14.1590071675912
DT.ODA.ODAT.XP.ZS,HN,2012,13.0036813897966
DT.ODA.ODAT.XP.ZS,HN,2011,9.01381821839345
DT.ODA.ODAT.XP.ZS,HN,2010,13.0580722985359
DT.ODA.ODAT.XP.ZS,HN,2009,10.7156111313815
DT.ODA.ODAT.XP.ZS,HN,2008,13.4291539498294
DT.ODA.ODAT.XP.ZS,HN,2007,13.0951285793455
DT.ODA.ODAT.XP.ZS,HN,2006,23.8433906309448
DT.ODA.ODAT.XP.ZS,HN,2005,33.4747695172045
DT.ODA.ODAT.XP.ZS,HN,2004,31.1318729228391
DT.ODA.ODAT.XP.ZS,HN,2003,18.4414482536795
DT.ODA.ODAT.XP.ZS,HN,2002,None
DT.ODA.ODAT.XP.ZS,HN,2001,None
DT.ODA.ODAT.XP.ZS,HN,2000,None
DT.ODA.ODAT.XP.ZS,HN,1999,None
DT.ODA.ODAT.XP.ZS,HN,1998,None
DT.ODA.ODAT.XP.ZS,HN,1997,None
DT.ODA.ODAT.XP.ZS,HN,1996,None
DT.ODA.ODAT.XP.ZS,HN,1995,None
DT.ODA.ODAT.XP.ZS,HT,2019,None
DT.ODA.ODAT.XP.ZS,HT,2018,None
DT.ODA.ODAT.XP.ZS,HT,2017,None
DT.ODA.ODAT.XP.ZS,HT,2016,None
DT.ODA.ODAT.XP.ZS,HT,2015,None
DT.ODA.ODAT.XP.ZS,HT,2014,None
DT.ODA.ODAT.XP.ZS,HT,2013,None
DT.ODA.ODAT.XP.ZS,HT,2012,None
DT.ODA.ODAT.XP.ZS,HT,2011,None
DT.ODA.ODAT.XP.ZS,HT,2010,None
DT.ODA.ODAT.XP.ZS,HT,2009,None
DT.ODA.ODAT.XP.ZS,HT,2008,None
DT.ODA.ODAT.XP.ZS,HT,2007,None
DT.ODA.ODAT.XP.ZS,HT,2006,None
DT.ODA.ODAT.XP.ZS,HT,2005,None
DT.ODA.ODAT.XP.ZS,HT,2004,None
DT.ODA.ODAT.XP.ZS,HT,2003,None
DT.ODA.ODAT.XP.ZS,HT,2002,None
DT.ODA.ODAT.XP.ZS,HT,2001,None
DT.ODA.ODAT.XP.ZS,HT,2000,None
DT.ODA.ODAT.XP.ZS,HT,1999,None
DT.ODA.ODAT.XP.ZS,HT,1998,None
DT.ODA.ODAT.XP.ZS,HT,1997,None
DT.ODA.ODAT.XP.ZS,HT,1996,None
DT.ODA.ODAT.XP.ZS,HT,1995,None
DT.ODA.ODAT.XP.ZS,IN,2019,None
DT.ODA.ODAT.XP.ZS,IN,2018,0.58153108764083
DT.ODA.ODAT.XP.ZS,IN,2017,0.772489897242743
DT.ODA.ODAT.XP.ZS,IN,2016,0.764434815287284
DT.ODA.ODAT.XP.ZS,IN,2015,0.997651496763495
DT.ODA.ODAT.XP.ZS,IN,2014,0.99114576444336
DT.ODA.ODAT.XP.ZS,IN,2013,0.795101901388104
DT.ODA.ODAT.XP.ZS,IN,2012,0.569213850048225
DT.ODA.ODAT.XP.ZS,IN,2011,1.23798213744629
DT.ODA.ODAT.XP.ZS,IN,2010,1.02376094530339
DT.ODA.ODAT.XP.ZS,IN,2009,0.877945860313313
DT.ODA.ODAT.XP.ZS,IN,2008,0.934745856653067
DT.ODA.ODAT.XP.ZS,IN,2007,0.666471182558822
DT.ODA.ODAT.XP.ZS,IN,2006,0.968753887337165
DT.ODA.ODAT.XP.ZS,IN,2005,1.50697795178788
DT.ODA.ODAT.XP.ZS,IN,2004,0.725226955027942
DT.ODA.ODAT.XP.ZS,IN,2003,0.761526358224419
DT.ODA.ODAT.XP.ZS,IN,2002,2.10276880752693
DT.ODA.ODAT.XP.ZS,IN,2001,2.29194556396917
DT.ODA.ODAT.XP.ZS,IN,2000,1.91658173434782
DT.ODA.ODAT.XP.ZS,IN,1999,2.19474568682065
DT.ODA.ODAT.XP.ZS,IN,1998,2.65036461818008
DT.ODA.ODAT.XP.ZS,IN,1997,2.71183200906354
DT.ODA.ODAT.XP.ZS,IN,1996,3.4418982462968
DT.ODA.ODAT.XP.ZS,IN,1995,3.37620583466165
DT.ODA.ODAT.XP.ZS,JO,2019,23.0270394315678
DT.ODA.ODAT.XP.ZS,JO,2018,22.1527515295563
DT.ODA.ODAT.XP.ZS,JO,2017,28.018416252982
DT.ODA.ODAT.XP.ZS,JO,2016,26.445728084753
DT.ODA.ODAT.XP.ZS,JO,2015,21.577651308275
DT.ODA.ODAT.XP.ZS,JO,2014,26.6291704920899
DT.ODA.ODAT.XP.ZS,JO,2013,15.4889276958846
DT.ODA.ODAT.XP.ZS,JO,2012,12.671924630709
DT.ODA.ODAT.XP.ZS,JO,2011,11.4370687216354
DT.ODA.ODAT.XP.ZS,JO,2010,13.4094101123596
DT.ODA.ODAT.XP.ZS,JO,2009,10.2118304149792
DT.ODA.ODAT.XP.ZS,JO,2008,10.6701366659558
DT.ODA.ODAT.XP.ZS,JO,2007,10.9363240954859
DT.ODA.ODAT.XP.ZS,JO,2006,11.6302539965587
DT.ODA.ODAT.XP.ZS,JO,2005,15.8175759849906
DT.ODA.ODAT.XP.ZS,JO,2004,16.4862733233053
DT.ODA.ODAT.XP.ZS,JO,2003,43.9784301119957
DT.ODA.ODAT.XP.ZS,JO,2002,20.7234811566858
DT.ODA.ODAT.XP.ZS,JO,2001,18.5895281320976
DT.ODA.ODAT.XP.ZS,JO,2000,24.1525457835707
DT.ODA.ODAT.XP.ZS,JO,1999,19.9469133975127
DT.ODA.ODAT.XP.ZS,JO,1998,18.3444826687276
DT.ODA.ODAT.XP.ZS,JO,1997,23.0941449564301
DT.ODA.ODAT.XP.ZS,JO,1996,25.5092273455038
DT.ODA.ODAT.XP.ZS,JO,1995,30.7342776939883
DT.ODA.ODAT.XP.ZS,KE,2019,16.809808060643
DT.ODA.ODAT.XP.ZS,KE,2018,11.4306686261573
DT.ODA.ODAT.XP.ZS,KE,2017,12.0314036383691
DT.ODA.ODAT.XP.ZS,KE,2016,13.1813139937459
DT.ODA.ODAT.XP.ZS,KE,2015,16.9602421920232
DT.ODA.ODAT.XP.ZS,KE,2014,18.974569019859
DT.ODA.ODAT.XP.ZS,KE,2013,None
DT.ODA.ODAT.XP.ZS,KE,2012,None
DT.ODA.ODAT.XP.ZS,KE,2011,None
DT.ODA.ODAT.XP.ZS,KE,2010,None
DT.ODA.ODAT.XP.ZS,KE,2009,None
DT.ODA.ODAT.XP.ZS,KE,2008,None
DT.ODA.ODAT.XP.ZS,KE,2007,None
DT.ODA.ODAT.XP.ZS,KE,2006,None
DT.ODA.ODAT.XP.ZS,KE,2005,None
DT.ODA.ODAT.XP.ZS,KE,2004,None
DT.ODA.ODAT.XP.ZS,KE,2003,None
DT.ODA.ODAT.XP.ZS,KE,2002,None
DT.ODA.ODAT.XP.ZS,KE,2001,None
DT.ODA.ODAT.XP.ZS,KE,2000,None
DT.ODA.ODAT.XP.ZS,KE,1999,None
DT.ODA.ODAT.XP.ZS,KE,1998,None
DT.ODA.ODAT.XP.ZS,KE,1997,None
DT.ODA.ODAT.XP.ZS,KE,1996,None
DT.ODA.ODAT.XP.ZS,KE,1995,None
DT.ODA.ODAT.XP.ZS,KG,2019,20.3798255894001
DT.ODA.ODAT.XP.ZS,KG,2018,20.8229718285564
DT.ODA.ODAT.XP.ZS,KG,2017,23.1720586823186
DT.ODA.ODAT.XP.ZS,KG,2016,28.2036157683814
DT.ODA.ODAT.XP.ZS,KG,2015,42.5836663336142
DT.ODA.ODAT.XP.ZS,KG,2014,32.2719334173343
DT.ODA.ODAT.XP.ZS,KG,2013,None
DT.ODA.ODAT.XP.ZS,KG,2012,None
DT.ODA.ODAT.XP.ZS,KG,2011,None
DT.ODA.ODAT.XP.ZS,KG,2010,None
DT.ODA.ODAT.XP.ZS,KG,2009,None
DT.ODA.ODAT.XP.ZS,KG,2008,None
DT.ODA.ODAT.XP.ZS,KG,2007,None
DT.ODA.ODAT.XP.ZS,KG,2006,None
DT.ODA.ODAT.XP.ZS,KG,2005,None
DT.ODA.ODAT.XP.ZS,KG,2004,None
DT.ODA.ODAT.XP.ZS,KG,2003,None
DT.ODA.ODAT.XP.ZS,KG,2002,None
DT.ODA.ODAT.XP.ZS,KG,2001,None
DT.ODA.ODAT.XP.ZS,KG,2000,None
DT.ODA.ODAT.XP.ZS,KG,1999,None
DT.ODA.ODAT.XP.ZS,KG,1998,None
DT.ODA.ODAT.XP.ZS,KG,1997,None
DT.ODA.ODAT.XP.ZS,KG,1996,None
DT.ODA.ODAT.XP.ZS,KG,1995,None
DT.ODA.ODAT.XP.ZS,KH,2019,22.6127201100774
DT.ODA.ODAT.XP.ZS,KH,2018,21.9572247751469
DT.ODA.ODAT.XP.ZS,KH,2017,27.0104298526528
DT.ODA.ODAT.XP.ZS,KH,2016,28.0161886151513
DT.ODA.ODAT.XP.ZS,KH,2015,31.2314921698229
DT.ODA.ODAT.XP.ZS,KH,2014,38.5917733698537
DT.ODA.ODAT.XP.ZS,KH,2013,44.7452266666614
DT.ODA.ODAT.XP.ZS,KH,2012,54.3524060990602
DT.ODA.ODAT.XP.ZS,KH,2011,48.802914731285
DT.ODA.ODAT.XP.ZS,KH,2010,56.973391306173
DT.ODA.ODAT.XP.ZS,KH,2009,53.330761341644
DT.ODA.ODAT.XP.ZS,KH,2008,65.3680758989024
DT.ODA.ODAT.XP.ZS,KH,2007,82.3607599853029
DT.ODA.ODAT.XP.ZS,KH,2006,76.256742064248
DT.ODA.ODAT.XP.ZS,KH,2005,94.8089780536641
DT.ODA.ODAT.XP.ZS,KH,2004,93.2173443594498
DT.ODA.ODAT.XP.ZS,KH,2003,102.393874835978
DT.ODA.ODAT.XP.ZS,KH,2002,101.349450593899
DT.ODA.ODAT.XP.ZS,KH,2001,None
DT.ODA.ODAT.XP.ZS,KH,2000,None
DT.ODA.ODAT.XP.ZS,KH,1999,None
DT.ODA.ODAT.XP.ZS,KH,1998,None
DT.ODA.ODAT.XP.ZS,KH,1997,None
DT.ODA.ODAT.XP.ZS,KH,1996,None
DT.ODA.ODAT.XP.ZS,KH,1995,None
DT.ODA.ODAT.XP.ZS,KI,2019,37.2618048098375
DT.ODA.ODAT.XP.ZS,KI,2018,55.5357997051534
DT.ODA.ODAT.XP.ZS,KI,2017,53.7387362053267
DT.ODA.ODAT.XP.ZS,KI,2016,47.9944304530716
DT.ODA.ODAT.XP.ZS,KI,2015,57.7271801710396
DT.ODA.ODAT.XP.ZS,KI,2014,72.8961095532231
DT.ODA.ODAT.XP.ZS,KI,2013,53.5132017989307
DT.ODA.ODAT.XP.ZS,KI,2012,51.0348193703157
DT.ODA.ODAT.XP.ZS,KI,2011,55.552336357309
DT.ODA.ODAT.XP.ZS,KI,2010,None
DT.ODA.ODAT.XP.ZS,KI,2009,None
DT.ODA.ODAT.XP.ZS,KI,2008,None
DT.ODA.ODAT.XP.ZS,KI,2007,None
DT.ODA.ODAT.XP.ZS,KI,2006,None
DT.ODA.ODAT.XP.ZS,KI,2005,None
DT.ODA.ODAT.XP.ZS,KI,2004,None
DT.ODA.ODAT.XP.ZS,KI,2003,None
DT.ODA.ODAT.XP.ZS,KI,2002,None
DT.ODA.ODAT.XP.ZS,KI,2001,None
DT.ODA.ODAT.XP.ZS,KI,2000,None
DT.ODA.ODAT.XP.ZS,KI,1999,None
DT.ODA.ODAT.XP.ZS,KI,1998,None
DT.ODA.ODAT.XP.ZS,KI,1997,None
DT.ODA.ODAT.XP.ZS,KI,1996,None
DT.ODA.ODAT.XP.ZS,KI,1995,None
DT.ODA.ODAT.XP.ZS,LA,2019,26.644827438712
DT.ODA.ODAT.XP.ZS,LA,2018,26.3620750890135
DT.ODA.ODAT.XP.ZS,LA,2017,22.8110837562207
DT.ODA.ODAT.XP.ZS,LA,2016,18.1021277882845
DT.ODA.ODAT.XP.ZS,LA,2015,21.9273031918657
DT.ODA.ODAT.XP.ZS,LA,2014,23.0700323618402
DT.ODA.ODAT.XP.ZS,LA,2013,21.0111399890014
DT.ODA.ODAT.XP.ZS,LA,2012,36.680000293134
DT.ODA.ODAT.XP.ZS,LA,2011,39.5675083049901
DT.ODA.ODAT.XP.ZS,LA,2010,49.490898932034
DT.ODA.ODAT.XP.ZS,LA,2009,50.9762134037724
DT.ODA.ODAT.XP.ZS,LA,2008,71.1821301625174
DT.ODA.ODAT.XP.ZS,LA,2007,None
DT.ODA.ODAT.XP.ZS,LA,2006,None
DT.ODA.ODAT.XP.ZS,LA,2005,None
DT.ODA.ODAT.XP.ZS,LA,2004,None
DT.ODA.ODAT.XP.ZS,LA,2003,None
DT.ODA.ODAT.XP.ZS,LA,2002,None
DT.ODA.ODAT.XP.ZS,LA,2001,None
DT.ODA.ODAT.XP.ZS,LA,2000,None
DT.ODA.ODAT.XP.ZS,LA,1999,None
DT.ODA.ODAT.XP.ZS,LA,1998,None
DT.ODA.ODAT.XP.ZS,LA,1997,None
DT.ODA.ODAT.XP.ZS,LA,1996,None
DT.ODA.ODAT.XP.ZS,LA,1995,None
DT.ODA.ODAT.XP.ZS,LB,2019,8.20885242399728
DT.ODA.ODAT.XP.ZS,LB,2018,8.82785188738569
DT.ODA.ODAT.XP.ZS,LB,2017,9.45705654580809
DT.ODA.ODAT.XP.ZS,LB,2016,8.54263174161133
DT.ODA.ODAT.XP.ZS,LB,2015,8.44611330439847
DT.ODA.ODAT.XP.ZS,LB,2014,6.57854290589478
DT.ODA.ODAT.XP.ZS,LB,2013,4.96754063728644
DT.ODA.ODAT.XP.ZS,LB,2012,6.03230598144792
DT.ODA.ODAT.XP.ZS,LB,2011,4.51147478838851
DT.ODA.ODAT.XP.ZS,LB,2010,4.47993409679562
DT.ODA.ODAT.XP.ZS,LB,2009,5.40704016094556
DT.ODA.ODAT.XP.ZS,LB,2008,12.0100033000221
DT.ODA.ODAT.XP.ZS,LB,2007,12.4896168405083
DT.ODA.ODAT.XP.ZS,LB,2006,11.7274979511901
DT.ODA.ODAT.XP.ZS,LB,2005,3.9981000428918
DT.ODA.ODAT.XP.ZS,LB,2004,4.69440118225386
DT.ODA.ODAT.XP.ZS,LB,2003,8.73634708907828
DT.ODA.ODAT.XP.ZS,LB,2002,3.75724005522655
DT.ODA.ODAT.XP.ZS,LB,2001,3.88608248805091
DT.ODA.ODAT.XP.ZS,LB,2000,3.82035204726624
DT.ODA.ODAT.XP.ZS,LB,1999,3.98655332550178
DT.ODA.ODAT.XP.ZS,LB,1998,7.54870014873775
DT.ODA.ODAT.XP.ZS,LB,1997,None
DT.ODA.ODAT.XP.ZS,LB,1996,None
DT.ODA.ODAT.XP.ZS,LB,1995,None
DT.ODA.ODAT.XP.ZS,LR,2019,None
DT.ODA.ODAT.XP.ZS,LR,2018,None
DT.ODA.ODAT.XP.ZS,LR,2017,None
DT.ODA.ODAT.XP.ZS,LR,2016,None
DT.ODA.ODAT.XP.ZS,LR,2015,None
DT.ODA.ODAT.XP.ZS,LR,2014,None
DT.ODA.ODAT.XP.ZS,LR,2013,None
DT.ODA.ODAT.XP.ZS,LR,2012,None
DT.ODA.ODAT.XP.ZS,LR,2011,None
DT.ODA.ODAT.XP.ZS,LR,2010,None
DT.ODA.ODAT.XP.ZS,LR,2009,None
DT.ODA.ODAT.XP.ZS,LR,2008,None
DT.ODA.ODAT.XP.ZS,LR,2007,None
DT.ODA.ODAT.XP.ZS,LR,2006,None
DT.ODA.ODAT.XP.ZS,LR,2005,None
DT.ODA.ODAT.XP.ZS,LR,2004,None
DT.ODA.ODAT.XP.ZS,LR,2003,None
DT.ODA.ODAT.XP.ZS,LR,2002,None
DT.ODA.ODAT.XP.ZS,LR,2001,None
DT.ODA.ODAT.XP.ZS,LR,2000,None
DT.ODA.ODAT.XP.ZS,LR,1999,None
DT.ODA.ODAT.XP.ZS,LR,1998,None
DT.ODA.ODAT.XP.ZS,LR,1997,None
DT.ODA.ODAT.XP.ZS,LR,1996,None
DT.ODA.ODAT.XP.ZS,LR,1995,None
DT.ODA.ODAT.XP.ZS,LK,2019,1.35155101881978
DT.ODA.ODAT.XP.ZS,LK,2018,-1.71208661595401
DT.ODA.ODAT.XP.ZS,LK,2017,2.18519833862003
DT.ODA.ODAT.XP.ZS,LK,2016,2.70955597232953
DT.ODA.ODAT.XP.ZS,LK,2015,3.05871216820359
DT.ODA.ODAT.XP.ZS,LK,2014,4.19416228699072
DT.ODA.ODAT.XP.ZS,LK,2013,3.69855097632287
DT.ODA.ODAT.XP.ZS,LK,2012,4.62401310332136
DT.ODA.ODAT.XP.ZS,LK,2011,5.80429222103732
DT.ODA.ODAT.XP.ZS,LK,2010,5.84409720064548
DT.ODA.ODAT.XP.ZS,LK,2009,5.28287255021336
DT.ODA.ODAT.XP.ZS,LK,2008,7.00626654855474
DT.ODA.ODAT.XP.ZS,LK,2007,6.68264508219057
DT.ODA.ODAT.XP.ZS,LK,2006,11.4539918111507
DT.ODA.ODAT.XP.ZS,LK,2005,21.0948094592139
DT.ODA.ODAT.XP.ZS,LK,2004,9.54214825502147
DT.ODA.ODAT.XP.ZS,LK,2003,13.6014358465148
DT.ODA.ODAT.XP.ZS,LK,2002,6.59658608438244
DT.ODA.ODAT.XP.ZS,LK,2001,7.09122952371207
DT.ODA.ODAT.XP.ZS,LK,2000,5.92476799323516
DT.ODA.ODAT.XP.ZS,LK,1999,5.47744606918009
DT.ODA.ODAT.XP.ZS,LK,1998,9.35262805248673
DT.ODA.ODAT.XP.ZS,LK,1997,7.36533360750009
DT.ODA.ODAT.XP.ZS,LK,1996,10.0160655735244
DT.ODA.ODAT.XP.ZS,LK,1995,13.9434235640197
DT.ODA.ODAT.XP.ZS,LS,2019,14.9446321685886
DT.ODA.ODAT.XP.ZS,LS,2018,15.3251354951861
DT.ODA.ODAT.XP.ZS,LS,2017,15.8994845331078
DT.ODA.ODAT.XP.ZS,LS,2016,13.0598138165634
DT.ODA.ODAT.XP.ZS,LS,2015,9.58402119968622
DT.ODA.ODAT.XP.ZS,LS,2014,11.4563677258729
DT.ODA.ODAT.XP.ZS,LS,2013,31.7194514871852
DT.ODA.ODAT.XP.ZS,LS,2012,27.8366339971878
DT.ODA.ODAT.XP.ZS,LS,2011,24.4008293200146
DT.ODA.ODAT.XP.ZS,LS,2010,26.9330521049937
DT.ODA.ODAT.XP.ZS,LS,2009,12.221585911475
DT.ODA.ODAT.XP.ZS,LS,2008,15.167442294679
DT.ODA.ODAT.XP.ZS,LS,2007,16.8150992521209
DT.ODA.ODAT.XP.ZS,LS,2006,10.8561721068002
DT.ODA.ODAT.XP.ZS,LS,2005,12.1678666959016
DT.ODA.ODAT.XP.ZS,LS,2004,19.5790892106692
DT.ODA.ODAT.XP.ZS,LS,2003,20.1419485040814
DT.ODA.ODAT.XP.ZS,LS,2002,28.7505136613132
DT.ODA.ODAT.XP.ZS,LS,2001,20.0401114697148
DT.ODA.ODAT.XP.ZS,LS,2000,12.3909595026834
DT.ODA.ODAT.XP.ZS,LS,1999,10.0310155150297
DT.ODA.ODAT.XP.ZS,LS,1998,16.8543942865361
DT.ODA.ODAT.XP.ZS,LS,1997,27.9546571053224
DT.ODA.ODAT.XP.ZS,LS,1996,36.4232899000543
DT.ODA.ODAT.XP.ZS,LS,1995,34.6282649846761
DT.ODA.ODAT.XP.ZS,MA,2019,2.4932792428141
DT.ODA.ODAT.XP.ZS,MA,2018,2.81131566734488
DT.ODA.ODAT.XP.ZS,MA,2017,9.03000824835595
DT.ODA.ODAT.XP.ZS,MA,2016,8.11814606059065
DT.ODA.ODAT.XP.ZS,MA,2015,5.96290196456006
DT.ODA.ODAT.XP.ZS,MA,2014,7.39823305093569
DT.ODA.ODAT.XP.ZS,MA,2013,6.75313684593908
DT.ODA.ODAT.XP.ZS,MA,2012,5.0265148591956
DT.ODA.ODAT.XP.ZS,MA,2011,4.83428200870637
DT.ODA.ODAT.XP.ZS,MA,2010,3.90378650277415
DT.ODA.ODAT.XP.ZS,MA,2009,4.34851872512944
DT.ODA.ODAT.XP.ZS,MA,2008,5.85198183411852
DT.ODA.ODAT.XP.ZS,MA,2007,6.01695307932886
DT.ODA.ODAT.XP.ZS,MA,2006,6.32664523738245
DT.ODA.ODAT.XP.ZS,MA,2005,4.17943318859759
DT.ODA.ODAT.XP.ZS,MA,2004,5.52537531147855
DT.ODA.ODAT.XP.ZS,MA,2003,4.83941279188905
DT.ODA.ODAT.XP.ZS,MA,2002,3.50601176718637
DT.ODA.ODAT.XP.ZS,MA,2001,None
DT.ODA.ODAT.XP.ZS,MA,2000,None
DT.ODA.ODAT.XP.ZS,MA,1999,7.49302422592914
DT.ODA.ODAT.XP.ZS,MA,1998,5.996171018363
DT.ODA.ODAT.XP.ZS,MA,1997,5.68864701894386
DT.ODA.ODAT.XP.ZS,MA,1996,None
DT.ODA.ODAT.XP.ZS,MA,1995,5.71670751588108
DT.ODA.ODAT.XP.ZS,MG,2019,51.2388760482063
DT.ODA.ODAT.XP.ZS,MG,2018,55.8052748306598
DT.ODA.ODAT.XP.ZS,MG,2017,55.8349542695358
DT.ODA.ODAT.XP.ZS,MG,2016,56.3042368249849
DT.ODA.ODAT.XP.ZS,MG,2015,62.5972261533864
DT.ODA.ODAT.XP.ZS,MG,2014,47.6652542881966
DT.ODA.ODAT.XP.ZS,MG,2013,42.734297894633
DT.ODA.ODAT.XP.ZS,MG,2012,36.3432304540153
DT.ODA.ODAT.XP.ZS,MG,2011,43.3342542561011
DT.ODA.ODAT.XP.ZS,MG,2010,55.7693670174505
DT.ODA.ODAT.XP.ZS,MG,2009,53.726016643111
DT.ODA.ODAT.XP.ZS,MG,2008,62.1366357531517
DT.ODA.ODAT.XP.ZS,MG,2007,83.4017266723735
DT.ODA.ODAT.XP.ZS,MG,2006,122.62425518673
DT.ODA.ODAT.XP.ZS,MG,2005,164.624756957473
DT.ODA.ODAT.XP.ZS,MG,2004,227.792966963174
DT.ODA.ODAT.XP.ZS,MG,2003,88.7723899097698
DT.ODA.ODAT.XP.ZS,MG,2002,None
DT.ODA.ODAT.XP.ZS,MG,2001,None
DT.ODA.ODAT.XP.ZS,MG,2000,None
DT.ODA.ODAT.XP.ZS,MG,1999,None
DT.ODA.ODAT.XP.ZS,MG,1998,None
DT.ODA.ODAT.XP.ZS,MG,1997,None
DT.ODA.ODAT.XP.ZS,MG,1996,None
DT.ODA.ODAT.XP.ZS,MG,1995,None
DT.ODA.ODAT.XP.ZS,ML,2019,81.7255431128223
DT.ODA.ODAT.XP.ZS,ML,2018,73.7199078736938
DT.ODA.ODAT.XP.ZS,ML,2017,70.7705039365406
DT.ODA.ODAT.XP.ZS,ML,2016,69.7695267541246
DT.ODA.ODAT.XP.ZS,ML,2015,74.690656076084
DT.ODA.ODAT.XP.ZS,ML,2014,66.3908892388303
DT.ODA.ODAT.XP.ZS,ML,2013,79.6243254050182
DT.ODA.ODAT.XP.ZS,ML,2012,66.7419067623483
DT.ODA.ODAT.XP.ZS,ML,2011,79.6795793814529
DT.ODA.ODAT.XP.ZS,ML,2010,79.8916124055616
DT.ODA.ODAT.XP.ZS,ML,2009,62.0395387430422
DT.ODA.ODAT.XP.ZS,ML,2008,72.5009230675868
DT.ODA.ODAT.XP.ZS,ML,2007,81.7896110100094
DT.ODA.ODAT.XP.ZS,ML,2006,94.3845423036674
DT.ODA.ODAT.XP.ZS,ML,2005,90.3735423581629
DT.ODA.ODAT.XP.ZS,ML,2004,78.5532951955328
DT.ODA.ODAT.XP.ZS,ML,2003,91.192570956435
DT.ODA.ODAT.XP.ZS,ML,2002,92.0469193504865
DT.ODA.ODAT.XP.ZS,ML,2001,92.080150331342
DT.ODA.ODAT.XP.ZS,ML,2000,102.181973907968
DT.ODA.ODAT.XP.ZS,ML,1999,None
DT.ODA.ODAT.XP.ZS,ML,1998,None
DT.ODA.ODAT.XP.ZS,ML,1997,None
DT.ODA.ODAT.XP.ZS,ML,1996,None
DT.ODA.ODAT.XP.ZS,ML,1995,None
DT.ODA.ODAT.XP.ZS,MM,2019,19.7642138243851
DT.ODA.ODAT.XP.ZS,MM,2018,39.5317737770379
DT.ODA.ODAT.XP.ZS,MM,2017,13.8003401501561
DT.ODA.ODAT.XP.ZS,MM,2016,15.8178158324778
DT.ODA.ODAT.XP.ZS,MM,2015,11.5044892330434
DT.ODA.ODAT.XP.ZS,MM,2014,12.8083239400125
DT.ODA.ODAT.XP.ZS,MM,2013,46.5329692805653
DT.ODA.ODAT.XP.ZS,MM,2012,7.97840638816119
DT.ODA.ODAT.XP.ZS,MM,2011,None
DT.ODA.ODAT.XP.ZS,MM,2010,None
DT.ODA.ODAT.XP.ZS,MM,2009,None
DT.ODA.ODAT.XP.ZS,MM,2008,None
DT.ODA.ODAT.XP.ZS,MM,2007,None
DT.ODA.ODAT.XP.ZS,MM,2006,None
DT.ODA.ODAT.XP.ZS,MM,2005,43.0577001504893
DT.ODA.ODAT.XP.ZS,MM,2004,32.059143127958
DT.ODA.ODAT.XP.ZS,MM,2003,39.0634555348659
DT.ODA.ODAT.XP.ZS,MM,2002,None
DT.ODA.ODAT.XP.ZS,MM,2001,None
DT.ODA.ODAT.XP.ZS,MM,2000,None
DT.ODA.ODAT.XP.ZS,MM,1999,None
DT.ODA.ODAT.XP.ZS,MM,1998,None
DT.ODA.ODAT.XP.ZS,MM,1997,None
DT.ODA.ODAT.XP.ZS,MM,1996,None
DT.ODA.ODAT.XP.ZS,MM,1995,None
DT.ODA.ODAT.XP.ZS,MZ,2019,59.2240404287496
DT.ODA.ODAT.XP.ZS,MZ,2018,61.7981248986044
DT.ODA.ODAT.XP.ZS,MZ,2017,77.249937093598
DT.ODA.ODAT.XP.ZS,MZ,2016,68.6197417535041
DT.ODA.ODAT.XP.ZS,MZ,2015,None
DT.ODA.ODAT.XP.ZS,MZ,2014,None
DT.ODA.ODAT.XP.ZS,MZ,2013,None
DT.ODA.ODAT.XP.ZS,MZ,2012,55.8103924130426
DT.ODA.ODAT.XP.ZS,MZ,2011,66.3464997777463
DT.ODA.ODAT.XP.ZS,MZ,2010,86.7843060659116
DT.ODA.ODAT.XP.ZS,MZ,2009,None
DT.ODA.ODAT.XP.ZS,MZ,2008,None
DT.ODA.ODAT.XP.ZS,MZ,2007,None
DT.ODA.ODAT.XP.ZS,MZ,2006,None
DT.ODA.ODAT.XP.ZS,MZ,2005,None
DT.ODA.ODAT.XP.ZS,MZ,2004,None
DT.ODA.ODAT.XP.ZS,MZ,2003,None
DT.ODA.ODAT.XP.ZS,MZ,2002,None
DT.ODA.ODAT.XP.ZS,MZ,2001,None
DT.ODA.ODAT.XP.ZS,MZ,2000,None
DT.ODA.ODAT.XP.ZS,MZ,1999,None
DT.ODA.ODAT.XP.ZS,MZ,1998,None
DT.ODA.ODAT.XP.ZS,MZ,1997,None
DT.ODA.ODAT.XP.ZS,MZ,1996,None
DT.ODA.ODAT.XP.ZS,MZ,1995,None
DT.ODA.ODAT.XP.ZS,MR,2019,None
DT.ODA.ODAT.XP.ZS,MR,2018,None
DT.ODA.ODAT.XP.ZS,MR,2017,None
DT.ODA.ODAT.XP.ZS,MR,2016,None
DT.ODA.ODAT.XP.ZS,MR,2015,None
DT.ODA.ODAT.XP.ZS,MR,2014,None
DT.ODA.ODAT.XP.ZS,MR,2013,None
DT.ODA.ODAT.XP.ZS,MR,2012,None
DT.ODA.ODAT.XP.ZS,MR,2011,None
DT.ODA.ODAT.XP.ZS,MR,2010,None
DT.ODA.ODAT.XP.ZS,MR,2009,None
DT.ODA.ODAT.XP.ZS,MR,2008,None
DT.ODA.ODAT.XP.ZS,MR,2007,None
DT.ODA.ODAT.XP.ZS,MR,2006,None
DT.ODA.ODAT.XP.ZS,MR,2005,None
DT.ODA.ODAT.XP.ZS,MR,2004,None
DT.ODA.ODAT.XP.ZS,MR,2003,None
DT.ODA.ODAT.XP.ZS,MR,2002,None
DT.ODA.ODAT.XP.ZS,MR,2001,None
DT.ODA.ODAT.XP.ZS,MR,2000,None
DT.ODA.ODAT.XP.ZS,MR,1999,None
DT.ODA.ODAT.XP.ZS,MR,1998,None
DT.ODA.ODAT.XP.ZS,MR,1997,None
DT.ODA.ODAT.XP.ZS,MR,1996,None
DT.ODA.ODAT.XP.ZS,MR,1995,None
DT.ODA.ODAT.XP.ZS,MW,2019,71.6739896178722
DT.ODA.ODAT.XP.ZS,MW,2018,86.7825463788038
DT.ODA.ODAT.XP.ZS,MW,2017,128.340034471963
DT.ODA.ODAT.XP.ZS,MW,2016,127.31593474205
DT.ODA.ODAT.XP.ZS,MW,2015,88.2134130329832
DT.ODA.ODAT.XP.ZS,MW,2014,75.218186903401
DT.ODA.ODAT.XP.ZS,MW,2013,108.536180966758
DT.ODA.ODAT.XP.ZS,MW,2012,112.4235742709
DT.ODA.ODAT.XP.ZS,MW,2011,54.7120609223896
DT.ODA.ODAT.XP.ZS,MW,2010,79.0560116247036
DT.ODA.ODAT.XP.ZS,MW,2009,48.9583377616372
DT.ODA.ODAT.XP.ZS,MW,2008,None
DT.ODA.ODAT.XP.ZS,MW,2007,None
DT.ODA.ODAT.XP.ZS,MW,2006,None
DT.ODA.ODAT.XP.ZS,MW,2005,None
DT.ODA.ODAT.XP.ZS,MW,2004,None
DT.ODA.ODAT.XP.ZS,MW,2003,None
DT.ODA.ODAT.XP.ZS,MW,2002,None
DT.ODA.ODAT.XP.ZS,MW,2001,None
DT.ODA.ODAT.XP.ZS,MW,2000,None
DT.ODA.ODAT.XP.ZS,MW,1999,None
DT.ODA.ODAT.XP.ZS,MW,1998,None
DT.ODA.ODAT.XP.ZS,MW,1997,None
DT.ODA.ODAT.XP.ZS,MW,1996,None
DT.ODA.ODAT.XP.ZS,MW,1995,None
DT.ODA.ODAT.XP.ZS,NE,2019,None
DT.ODA.ODAT.XP.ZS,NE,2018,None
DT.ODA.ODAT.XP.ZS,NE,2017,None
DT.ODA.ODAT.XP.ZS,NE,2016,None
DT.ODA.ODAT.XP.ZS,NE,2015,None
DT.ODA.ODAT.XP.ZS,NE,2014,None
DT.ODA.ODAT.XP.ZS,NE,2013,None
DT.ODA.ODAT.XP.ZS,NE,2012,None
DT.ODA.ODAT.XP.ZS,NE,2011,None
DT.ODA.ODAT.XP.ZS,NE,2010,None
DT.ODA.ODAT.XP.ZS,NE,2009,None
DT.ODA.ODAT.XP.ZS,NE,2008,None
DT.ODA.ODAT.XP.ZS,NE,2007,None
DT.ODA.ODAT.XP.ZS,NE,2006,None
DT.ODA.ODAT.XP.ZS,NE,2005,None
DT.ODA.ODAT.XP.ZS,NE,2004,None
DT.ODA.ODAT.XP.ZS,NE,2003,None
DT.ODA.ODAT.XP.ZS,NE,2002,None
DT.ODA.ODAT.XP.ZS,NE,2001,None
DT.ODA.ODAT.XP.ZS,NE,2000,None
DT.ODA.ODAT.XP.ZS,NE,1999,None
DT.ODA.ODAT.XP.ZS,NE,1998,None
DT.ODA.ODAT.XP.ZS,NE,1997,None
DT.ODA.ODAT.XP.ZS,NE,1996,None
DT.ODA.ODAT.XP.ZS,NE,1995,None
DT.ODA.ODAT.XP.ZS,NG,2019,None
DT.ODA.ODAT.XP.ZS,NG,2018,None
DT.ODA.ODAT.XP.ZS,NG,2017,None
DT.ODA.ODAT.XP.ZS,NG,2016,None
DT.ODA.ODAT.XP.ZS,NG,2015,None
DT.ODA.ODAT.XP.ZS,NG,2014,None
DT.ODA.ODAT.XP.ZS,NG,2013,None
DT.ODA.ODAT.XP.ZS,NG,2012,None
DT.ODA.ODAT.XP.ZS,NG,2011,None
DT.ODA.ODAT.XP.ZS,NG,2010,None
DT.ODA.ODAT.XP.ZS,NG,2009,None
DT.ODA.ODAT.XP.ZS,NG,2008,None
DT.ODA.ODAT.XP.ZS,NG,2007,None
DT.ODA.ODAT.XP.ZS,NG,2006,None
DT.ODA.ODAT.XP.ZS,NG,2005,None
DT.ODA.ODAT.XP.ZS,NG,2004,None
DT.ODA.ODAT.XP.ZS,NG,2003,None
DT.ODA.ODAT.XP.ZS,NG,2002,None
DT.ODA.ODAT.XP.ZS,NG,2001,None
DT.ODA.ODAT.XP.ZS,NG,2000,None
DT.ODA.ODAT.XP.ZS,NG,1999,None
DT.ODA.ODAT.XP.ZS,NG,1998,None
DT.ODA.ODAT.XP.ZS,NG,1997,None
DT.ODA.ODAT.XP.ZS,NG,1996,None
DT.ODA.ODAT.XP.ZS,NG,1995,None
DT.ODA.ODAT.XP.ZS,NI,2019,18.575843109204
DT.ODA.ODAT.XP.ZS,NI,2018,16.1256425414027
DT.ODA.ODAT.XP.ZS,NI,2017,24.6994302629491
DT.ODA.ODAT.XP.ZS,NI,2016,19.7870449952327
DT.ODA.ODAT.XP.ZS,NI,2015,22.5418691898505
DT.ODA.ODAT.XP.ZS,NI,2014,23.578645973487
DT.ODA.ODAT.XP.ZS,NI,2013,29.9141907245483
DT.ODA.ODAT.XP.ZS,NI,2012,33.1889745043552
DT.ODA.ODAT.XP.ZS,NI,2011,36.6588406574089
DT.ODA.ODAT.XP.ZS,NI,2010,38.9246895746888
DT.ODA.ODAT.XP.ZS,NI,2009,46.0118667044656
DT.ODA.ODAT.XP.ZS,NI,2008,49.0608257239786
DT.ODA.ODAT.XP.ZS,NI,2007,62.0304642056312
DT.ODA.ODAT.XP.ZS,NI,2006,61.1720044093053
DT.ODA.ODAT.XP.ZS,NI,2005,75.6919438075271
DT.ODA.ODAT.XP.ZS,NI,2004,147.584705637071
DT.ODA.ODAT.XP.ZS,NI,2003,105.331531641533
DT.ODA.ODAT.XP.ZS,NI,2002,65.2760759418448
DT.ODA.ODAT.XP.ZS,NI,2001,106.947980137056
DT.ODA.ODAT.XP.ZS,NI,2000,77.390081600934
DT.ODA.ODAT.XP.ZS,NI,1999,97.0537078234666
DT.ODA.ODAT.XP.ZS,NI,1998,95.0715167376117
DT.ODA.ODAT.XP.ZS,NI,1997,71.4240703751843
DT.ODA.ODAT.XP.ZS,NI,1996,189.798961712899
DT.ODA.ODAT.XP.ZS,NI,1995,126.098660810972
DT.ODA.ODAT.XP.ZS,NP,2019,17.9629743907124
DT.ODA.ODAT.XP.ZS,NP,2018,21.7510292170352
DT.ODA.ODAT.XP.ZS,NP,2017,26.0024133054363
DT.ODA.ODAT.XP.ZS,NP,2016,30.5095433653133
DT.ODA.ODAT.XP.ZS,NP,2015,35.9281173755558
DT.ODA.ODAT.XP.ZS,NP,2014,28.6245156480302
DT.ODA.ODAT.XP.ZS,NP,2013,31.0519514138233
DT.ODA.ODAT.XP.ZS,NP,2012,25.6255478844592
DT.ODA.ODAT.XP.ZS,NP,2011,24.9196318172253
DT.ODA.ODAT.XP.ZS,NP,2010,30.6688814498251
DT.ODA.ODAT.XP.ZS,NP,2009,None
DT.ODA.ODAT.XP.ZS,NP,2008,None
DT.ODA.ODAT.XP.ZS,NP,2007,None
DT.ODA.ODAT.XP.ZS,NP,2006,None
DT.ODA.ODAT.XP.ZS,NP,2005,None
DT.ODA.ODAT.XP.ZS,NP,2004,40.4679675237181
DT.ODA.ODAT.XP.ZS,NP,2003,None
DT.ODA.ODAT.XP.ZS,NP,2002,None
DT.ODA.ODAT.XP.ZS,NP,2001,None
DT.ODA.ODAT.XP.ZS,NP,2000,None
DT.ODA.ODAT.XP.ZS,NP,1999,None
DT.ODA.ODAT.XP.ZS,NP,1998,None
DT.ODA.ODAT.XP.ZS,NP,1997,None
DT.ODA.ODAT.XP.ZS,NP,1996,None
DT.ODA.ODAT.XP.ZS,NP,1995,None
DT.ODA.ODAT.XP.ZS,PK,2019,None
DT.ODA.ODAT.XP.ZS,PK,2018,None
DT.ODA.ODAT.XP.ZS,PK,2017,None
DT.ODA.ODAT.XP.ZS,PK,2016,None
DT.ODA.ODAT.XP.ZS,PK,2015,None
DT.ODA.ODAT.XP.ZS,PK,2014,None
DT.ODA.ODAT.XP.ZS,PK,2013,None
DT.ODA.ODAT.XP.ZS,PK,2012,None
DT.ODA.ODAT.XP.ZS,PK,2011,None
DT.ODA.ODAT.XP.ZS,PK,2010,None
DT.ODA.ODAT.XP.ZS,PK,2009,None
DT.ODA.ODAT.XP.ZS,PK,2008,None
DT.ODA.ODAT.XP.ZS,PK,2007,None
DT.ODA.ODAT.XP.ZS,PK,2006,None
DT.ODA.ODAT.XP.ZS,PK,2005,None
DT.ODA.ODAT.XP.ZS,PK,2004,None
DT.ODA.ODAT.XP.ZS,PK,2003,None
DT.ODA.ODAT.XP.ZS,PK,2002,None
DT.ODA.ODAT.XP.ZS,PK,2001,None
DT.ODA.ODAT.XP.ZS,PK,2000,4.32421699843605
DT.ODA.ODAT.XP.ZS,PK,1999,5.13008974797688
DT.ODA.ODAT.XP.ZS,PK,1998,6.90358681183816
DT.ODA.ODAT.XP.ZS,PK,1997,5.53201565260377
DT.ODA.ODAT.XP.ZS,PK,1996,None
DT.ODA.ODAT.XP.ZS,PK,1995,None
DT.ODA.ODAT.XP.ZS,PH,2019,1.58530140416859
DT.ODA.ODAT.XP.ZS,PH,2018,1.11045501504764
DT.ODA.ODAT.XP.ZS,PH,2017,0.358882371900053
DT.ODA.ODAT.XP.ZS,PH,2016,0.662609582398977
DT.ODA.ODAT.XP.ZS,PH,2015,1.24688503480994
DT.ODA.ODAT.XP.ZS,PH,2014,1.77608617053743
DT.ODA.ODAT.XP.ZS,PH,2013,0.512221759269112
DT.ODA.ODAT.XP.ZS,PH,2012,-0.00949873744784094
DT.ODA.ODAT.XP.ZS,PH,2011,-0.429033010835632
DT.ODA.ODAT.XP.ZS,PH,2010,2.02649410985584
DT.ODA.ODAT.XP.ZS,PH,2009,1.35260076122834
DT.ODA.ODAT.XP.ZS,PH,2008,0.355892964724724
DT.ODA.ODAT.XP.ZS,PH,2007,2.96943524454139
DT.ODA.ODAT.XP.ZS,PH,2006,3.19812905207253
DT.ODA.ODAT.XP.ZS,PH,2005,3.31460373831534
DT.ODA.ODAT.XP.ZS,PH,2004,3.21001053838282
DT.ODA.ODAT.XP.ZS,PH,2003,5.10730764102399
DT.ODA.ODAT.XP.ZS,PH,2002,4.04035832026759
DT.ODA.ODAT.XP.ZS,PH,2001,4.28016516314879
DT.ODA.ODAT.XP.ZS,PH,2000,4.20706782954101
DT.ODA.ODAT.XP.ZS,PH,1999,None
DT.ODA.ODAT.XP.ZS,PH,1998,None
DT.ODA.ODAT.XP.ZS,PH,1997,None
DT.ODA.ODAT.XP.ZS,PH,1996,None
DT.ODA.ODAT.XP.ZS,PH,1995,None
DT.ODA.ODAT.XP.ZS,PG,2019,13.7018004065563
DT.ODA.ODAT.XP.ZS,PG,2018,17.9035825797764
DT.ODA.ODAT.XP.ZS,PG,2017,14.122797620978
DT.ODA.ODAT.XP.ZS,PG,2016,13.9264950350106
DT.ODA.ODAT.XP.ZS,PG,2015,13.4573286862966
DT.ODA.ODAT.XP.ZS,PG,2014,11.5261171941509
DT.ODA.ODAT.XP.ZS,PG,2013,None
DT.ODA.ODAT.XP.ZS,PG,2012,None
DT.ODA.ODAT.XP.ZS,PG,2011,None
DT.ODA.ODAT.XP.ZS,PG,2010,None
DT.ODA.ODAT.XP.ZS,PG,2009,None
DT.ODA.ODAT.XP.ZS,PG,2008,None
DT.ODA.ODAT.XP.ZS,PG,2007,None
DT.ODA.ODAT.XP.ZS,PG,2006,None
DT.ODA.ODAT.XP.ZS,PG,2005,None
DT.ODA.ODAT.XP.ZS,PG,2004,None
DT.ODA.ODAT.XP.ZS,PG,2003,None
DT.ODA.ODAT.XP.ZS,PG,2002,30.7223680319578
DT.ODA.ODAT.XP.ZS,PG,2001,24.8279951776614
DT.ODA.ODAT.XP.ZS,PG,2000,25.9891223615271
DT.ODA.ODAT.XP.ZS,PG,1999,20.8274857708163
DT.ODA.ODAT.XP.ZS,PG,1998,39.3255954303417
DT.ODA.ODAT.XP.ZS,PG,1997,25.1506350448098
DT.ODA.ODAT.XP.ZS,PG,1996,28.5288453291205
DT.ODA.ODAT.XP.ZS,PG,1995,31.497188911655
DT.ODA.ODAT.XP.ZS,KP,2019,None
DT.ODA.ODAT.XP.ZS,KP,2018,None
DT.ODA.ODAT.XP.ZS,KP,2017,None
DT.ODA.ODAT.XP.ZS,KP,2016,None
DT.ODA.ODAT.XP.ZS,KP,2015,None
DT.ODA.ODAT.XP.ZS,KP,2014,None
DT.ODA.ODAT.XP.ZS,KP,2013,None
DT.ODA.ODAT.XP.ZS,KP,2012,None
DT.ODA.ODAT.XP.ZS,KP,2011,None
DT.ODA.ODAT.XP.ZS,KP,2010,None
DT.ODA.ODAT.XP.ZS,KP,2009,None
DT.ODA.ODAT.XP.ZS,KP,2008,None
DT.ODA.ODAT.XP.ZS,KP,2007,None
DT.ODA.ODAT.XP.ZS,KP,2006,None
DT.ODA.ODAT.XP.ZS,KP,2005,None
DT.ODA.ODAT.XP.ZS,KP,2004,None
DT.ODA.ODAT.XP.ZS,KP,2003,None
DT.ODA.ODAT.XP.ZS,KP,2002,None
DT.ODA.ODAT.XP.ZS,KP,2001,None
DT.ODA.ODAT.XP.ZS,KP,2000,None
DT.ODA.ODAT.XP.ZS,KP,1999,None
DT.ODA.ODAT.XP.ZS,KP,1998,None
DT.ODA.ODAT.XP.ZS,KP,1997,None
DT.ODA.ODAT.XP.ZS,KP,1996,None
DT.ODA.ODAT.XP.ZS,KP,1995,None
DT.ODA.ODAT.XP.ZS,PS,2019,54.7653707176106
DT.ODA.ODAT.XP.ZS,PS,2018,57.3054612542826
DT.ODA.ODAT.XP.ZS,PS,2017,178.323942275034
DT.ODA.ODAT.XP.ZS,PS,2016,233.230504995396
DT.ODA.ODAT.XP.ZS,PS,2015,192.978563162411
DT.ODA.ODAT.XP.ZS,PS,2014,238.950762924464
DT.ODA.ODAT.XP.ZS,PS,2013,275.90631616548
DT.ODA.ODAT.XP.ZS,PS,2012,246.540176104928
DT.ODA.ODAT.XP.ZS,PS,2011,276.255215066983
DT.ODA.ODAT.XP.ZS,PS,2010,305.659310751081
DT.ODA.ODAT.XP.ZS,PS,2009,339.200704857958
DT.ODA.ODAT.XP.ZS,PS,2008,291.896465707047
DT.ODA.ODAT.XP.ZS,PS,2007,315.194795836584
DT.ODA.ODAT.XP.ZS,PS,2006,263.756911595117
DT.ODA.ODAT.XP.ZS,PS,2005,243.159849114265
DT.ODA.ODAT.XP.ZS,PS,2004,None
DT.ODA.ODAT.XP.ZS,PS,2003,None
DT.ODA.ODAT.XP.ZS,PS,2002,None
DT.ODA.ODAT.XP.ZS,PS,2001,None
DT.ODA.ODAT.XP.ZS,PS,2000,None
DT.ODA.ODAT.XP.ZS,PS,1999,None
DT.ODA.ODAT.XP.ZS,PS,1998,None
DT.ODA.ODAT.XP.ZS,PS,1997,None
DT.ODA.ODAT.XP.ZS,PS,1996,None
DT.ODA.ODAT.XP.ZS,PS,1995,None
DT.ODA.ODAT.XP.ZS,RW,2019,58.3506838174257
DT.ODA.ODAT.XP.ZS,RW,2018,62.1722749255572
DT.ODA.ODAT.XP.ZS,RW,2017,71.2674649918385
DT.ODA.ODAT.XP.ZS,RW,2016,71.6750640071583
DT.ODA.ODAT.XP.ZS,RW,2015,75.2822213212983
DT.ODA.ODAT.XP.ZS,RW,2014,72.1259810965835
DT.ODA.ODAT.XP.ZS,RW,2013,None
DT.ODA.ODAT.XP.ZS,RW,2012,None
DT.ODA.ODAT.XP.ZS,RW,2011,None
DT.ODA.ODAT.XP.ZS,RW,2010,None
DT.ODA.ODAT.XP.ZS,RW,2009,None
DT.ODA.ODAT.XP.ZS,RW,2008,None
DT.ODA.ODAT.XP.ZS,RW,2007,None
DT.ODA.ODAT.XP.ZS,RW,2006,None
DT.ODA.ODAT.XP.ZS,RW,2005,None
DT.ODA.ODAT.XP.ZS,RW,2004,None
DT.ODA.ODAT.XP.ZS,RW,2003,None
DT.ODA.ODAT.XP.ZS,RW,2002,None
DT.ODA.ODAT.XP.ZS,RW,2001,None
DT.ODA.ODAT.XP.ZS,RW,2000,None
DT.ODA.ODAT.XP.ZS,RW,1999,None
DT.ODA.ODAT.XP.ZS,RW,1998,None
DT.ODA.ODAT.XP.ZS,RW,1997,None
DT.ODA.ODAT.XP.ZS,RW,1996,None
DT.ODA.ODAT.XP.ZS,RW,1995,None
DT.ODA.ODAT.XP.ZS,SD,2019,None
DT.ODA.ODAT.XP.ZS,SD,2018,None
DT.ODA.ODAT.XP.ZS,SD,2017,None
DT.ODA.ODAT.XP.ZS,SD,2016,19.5133859680554
DT.ODA.ODAT.XP.ZS,SD,2015,17.5009937631933
DT.ODA.ODAT.XP.ZS,SD,2014,15.4518389896297
DT.ODA.ODAT.XP.ZS,SD,2013,30.4145807420981
DT.ODA.ODAT.XP.ZS,SD,2012,31.2680753700574
DT.ODA.ODAT.XP.ZS,SD,2011,None
DT.ODA.ODAT.XP.ZS,SD,2010,24.314794364725
DT.ODA.ODAT.XP.ZS,SD,2009,28.9493446364068
DT.ODA.ODAT.XP.ZS,SD,2008,None
DT.ODA.ODAT.XP.ZS,SD,2007,None
DT.ODA.ODAT.XP.ZS,SD,2006,None
DT.ODA.ODAT.XP.ZS,SD,2005,None
DT.ODA.ODAT.XP.ZS,SD,2004,None
DT.ODA.ODAT.XP.ZS,SD,2003,None
DT.ODA.ODAT.XP.ZS,SD,2002,None
DT.ODA.ODAT.XP.ZS,SD,2001,None
DT.ODA.ODAT.XP.ZS,SD,2000,None
DT.ODA.ODAT.XP.ZS,SD,1999,30.3852856248329
DT.ODA.ODAT.XP.ZS,SD,1998,27.7182196126746
DT.ODA.ODAT.XP.ZS,SD,1997,None
DT.ODA.ODAT.XP.ZS,SD,1996,None
DT.ODA.ODAT.XP.ZS,SD,1995,None
DT.ODA.ODAT.XP.ZS,SN,2019,28.9392775962923
DT.ODA.ODAT.XP.ZS,SN,2018,21.7746172336561
DT.ODA.ODAT.XP.ZS,SN,2017,21.857956308512
DT.ODA.ODAT.XP.ZS,SN,2016,20.9724077130589
DT.ODA.ODAT.XP.ZS,SN,2015,26.7294961225199
DT.ODA.ODAT.XP.ZS,SN,2014,None
DT.ODA.ODAT.XP.ZS,SN,2013,None
DT.ODA.ODAT.XP.ZS,SN,2012,None
DT.ODA.ODAT.XP.ZS,SN,2011,None
DT.ODA.ODAT.XP.ZS,SN,2010,None
DT.ODA.ODAT.XP.ZS,SN,2009,None
DT.ODA.ODAT.XP.ZS,SN,2008,None
DT.ODA.ODAT.XP.ZS,SN,2007,None
DT.ODA.ODAT.XP.ZS,SN,2006,None
DT.ODA.ODAT.XP.ZS,SN,2005,None
DT.ODA.ODAT.XP.ZS,SN,2004,None
DT.ODA.ODAT.XP.ZS,SN,2003,None
DT.ODA.ODAT.XP.ZS,SN,2002,None
DT.ODA.ODAT.XP.ZS,SN,2001,None
DT.ODA.ODAT.XP.ZS,SN,2000,None
DT.ODA.ODAT.XP.ZS,SN,1999,None
DT.ODA.ODAT.XP.ZS,SN,1998,None
DT.ODA.ODAT.XP.ZS,SN,1997,None
DT.ODA.ODAT.XP.ZS,SN,1996,None
DT.ODA.ODAT.XP.ZS,SN,1995,None
DT.ODA.ODAT.XP.ZS,SB,2019,47.706591446804
DT.ODA.ODAT.XP.ZS,SB,2018,43.8967666230538
DT.ODA.ODAT.XP.ZS,SB,2017,42.0381955707452
DT.ODA.ODAT.XP.ZS,SB,2016,42.7705908704664
DT.ODA.ODAT.XP.ZS,SB,2015,47.3666828092019
DT.ODA.ODAT.XP.ZS,SB,2014,49.7800586542014
DT.ODA.ODAT.XP.ZS,SB,2013,73.8963155268214
DT.ODA.ODAT.XP.ZS,SB,2012,101.77611882541
DT.ODA.ODAT.XP.ZS,SB,2011,123.279941862812
DT.ODA.ODAT.XP.ZS,SB,2010,None
DT.ODA.ODAT.XP.ZS,SB,2009,None
DT.ODA.ODAT.XP.ZS,SB,2008,None
DT.ODA.ODAT.XP.ZS,SB,2007,None
DT.ODA.ODAT.XP.ZS,SB,2006,None
DT.ODA.ODAT.XP.ZS,SB,2005,None
DT.ODA.ODAT.XP.ZS,SB,2004,None
DT.ODA.ODAT.XP.ZS,SB,2003,None
DT.ODA.ODAT.XP.ZS,SB,2002,None
DT.ODA.ODAT.XP.ZS,SB,2001,None
DT.ODA.ODAT.XP.ZS,SB,2000,None
DT.ODA.ODAT.XP.ZS,SB,1999,None
DT.ODA.ODAT.XP.ZS,SB,1998,None
DT.ODA.ODAT.XP.ZS,SB,1997,None
DT.ODA.ODAT.XP.ZS,SB,1996,None
DT.ODA.ODAT.XP.ZS,SB,1995,None
DT.ODA.ODAT.XP.ZS,SL,2019,None
DT.ODA.ODAT.XP.ZS,SL,2018,None
DT.ODA.ODAT.XP.ZS,SL,2017,None
DT.ODA.ODAT.XP.ZS,SL,2016,None
DT.ODA.ODAT.XP.ZS,SL,2015,None
DT.ODA.ODAT.XP.ZS,SL,2014,None
DT.ODA.ODAT.XP.ZS,SL,2013,None
DT.ODA.ODAT.XP.ZS,SL,2012,None
DT.ODA.ODAT.XP.ZS,SL,2011,None
DT.ODA.ODAT.XP.ZS,SL,2010,None
DT.ODA.ODAT.XP.ZS,SL,2009,None
DT.ODA.ODAT.XP.ZS,SL,2008,None
DT.ODA.ODAT.XP.ZS,SL,2007,None
DT.ODA.ODAT.XP.ZS,SL,2006,None
DT.ODA.ODAT.XP.ZS,SL,2005,None
DT.ODA.ODAT.XP.ZS,SL,2004,None
DT.ODA.ODAT.XP.ZS,SL,2003,None
DT.ODA.ODAT.XP.ZS,SL,2002,None
DT.ODA.ODAT.XP.ZS,SL,2001,None
DT.ODA.ODAT.XP.ZS,SL,2000,None
DT.ODA.ODAT.XP.ZS,SL,1999,None
DT.ODA.ODAT.XP.ZS,SL,1998,None
DT.ODA.ODAT.XP.ZS,SL,1997,None
DT.ODA.ODAT.XP.ZS,SL,1996,None
DT.ODA.ODAT.XP.ZS,SL,1995,None
DT.ODA.ODAT.XP.ZS,SO,2019,14345450.2416485
DT.ODA.ODAT.XP.ZS,SO,2018,14588019.267093
DT.ODA.ODAT.XP.ZS,SO,2017,16997827.3844317
DT.ODA.ODAT.XP.ZS,SO,2016,None
DT.ODA.ODAT.XP.ZS,SO,2015,None
DT.ODA.ODAT.XP.ZS,SO,2014,None
DT.ODA.ODAT.XP.ZS,SO,2013,None
DT.ODA.ODAT.XP.ZS,SO,2012,None
DT.ODA.ODAT.XP.ZS,SO,2011,None
DT.ODA.ODAT.XP.ZS,SO,2010,None
DT.ODA.ODAT.XP.ZS,SO,2009,None
DT.ODA.ODAT.XP.ZS,SO,2008,None
DT.ODA.ODAT.XP.ZS,SO,2007,None
DT.ODA.ODAT.XP.ZS,SO,2006,None
DT.ODA.ODAT.XP.ZS,SO,2005,None
DT.ODA.ODAT.XP.ZS,SO,2004,None
DT.ODA.ODAT.XP.ZS,SO,2003,None
DT.ODA.ODAT.XP.ZS,SO,2002,None
DT.ODA.ODAT.XP.ZS,SO,2001,None
DT.ODA.ODAT.XP.ZS,SO,2000,None
DT.ODA.ODAT.XP.ZS,SO,1999,None
DT.ODA.ODAT.XP.ZS,SO,1998,None
DT.ODA.ODAT.XP.ZS,SO,1997,None
DT.ODA.ODAT.XP.ZS,SO,1996,None
DT.ODA.ODAT.XP.ZS,SO,1995,None
DT.ODA.ODAT.XP.ZS,SS,2019,None
DT.ODA.ODAT.XP.ZS,SS,2018,None
DT.ODA.ODAT.XP.ZS,SS,2017,None
DT.ODA.ODAT.XP.ZS,SS,2016,None
DT.ODA.ODAT.XP.ZS,SS,2015,None
DT.ODA.ODAT.XP.ZS,SS,2014,None
DT.ODA.ODAT.XP.ZS,SS,2013,None
DT.ODA.ODAT.XP.ZS,SS,2012,None
DT.ODA.ODAT.XP.ZS,SS,2011,None
DT.ODA.ODAT.XP.ZS,SS,2010,None
DT.ODA.ODAT.XP.ZS,SS,2009,None
DT.ODA.ODAT.XP.ZS,SS,2008,None
DT.ODA.ODAT.XP.ZS,SS,2007,None
DT.ODA.ODAT.XP.ZS,SS,2006,None
DT.ODA.ODAT.XP.ZS,SS,2005,None
DT.ODA.ODAT.XP.ZS,SS,2004,None
DT.ODA.ODAT.XP.ZS,SS,2003,None
DT.ODA.ODAT.XP.ZS,SS,2002,None
DT.ODA.ODAT.XP.ZS,SS,2001,None
DT.ODA.ODAT.XP.ZS,SS,2000,None
DT.ODA.ODAT.XP.ZS,SS,1999,None
DT.ODA.ODAT.XP.ZS,SS,1998,None
DT.ODA.ODAT.XP.ZS,SS,1997,None
DT.ODA.ODAT.XP.ZS,SS,1996,None
DT.ODA.ODAT.XP.ZS,SS,1995,None
DT.ODA.ODAT.XP.ZS,ST,2019,None
DT.ODA.ODAT.XP.ZS,ST,2018,None
DT.ODA.ODAT.XP.ZS,ST,2017,None
DT.ODA.ODAT.XP.ZS,ST,2016,None
DT.ODA.ODAT.XP.ZS,ST,2015,None
DT.ODA.ODAT.XP.ZS,ST,2014,None
DT.ODA.ODAT.XP.ZS,ST,2013,None
DT.ODA.ODAT.XP.ZS,ST,2012,None
DT.ODA.ODAT.XP.ZS,ST,2011,None
DT.ODA.ODAT.XP.ZS,ST,2010,None
DT.ODA.ODAT.XP.ZS,ST,2009,None
DT.ODA.ODAT.XP.ZS,ST,2008,None
DT.ODA.ODAT.XP.ZS,ST,2007,None
DT.ODA.ODAT.XP.ZS,ST,2006,None
DT.ODA.ODAT.XP.ZS,ST,2005,None
DT.ODA.ODAT.XP.ZS,ST,2004,None
DT.ODA.ODAT.XP.ZS,ST,2003,None
DT.ODA.ODAT.XP.ZS,ST,2002,None
DT.ODA.ODAT.XP.ZS,ST,2001,None
DT.ODA.ODAT.XP.ZS,ST,2000,None
DT.ODA.ODAT.XP.ZS,ST,1999,None
DT.ODA.ODAT.XP.ZS,ST,1998,None
DT.ODA.ODAT.XP.ZS,ST,1997,None
DT.ODA.ODAT.XP.ZS,ST,1996,None
DT.ODA.ODAT.XP.ZS,ST,1995,None
DT.ODA.ODAT.XP.ZS,SZ,2019,6.04263486021735
DT.ODA.ODAT.XP.ZS,SZ,2018,9.76068615148646
DT.ODA.ODAT.XP.ZS,SZ,2017,12.2180900334477
DT.ODA.ODAT.XP.ZS,SZ,2016,14.2683750660953
DT.ODA.ODAT.XP.ZS,SZ,2015,8.87076920441766
DT.ODA.ODAT.XP.ZS,SZ,2014,7.96568223828175
DT.ODA.ODAT.XP.ZS,SZ,2013,None
DT.ODA.ODAT.XP.ZS,SZ,2012,8.21313140709437
DT.ODA.ODAT.XP.ZS,SZ,2011,11.5834625545746
DT.ODA.ODAT.XP.ZS,SZ,2010,8.31723927112079
DT.ODA.ODAT.XP.ZS,SZ,2009,6.0421042480786
DT.ODA.ODAT.XP.ZS,SZ,2008,8.19219597026228
DT.ODA.ODAT.XP.ZS,SZ,2007,6.83448764164369
DT.ODA.ODAT.XP.ZS,SZ,2006,4.74939278611817
DT.ODA.ODAT.XP.ZS,SZ,2005,7.0382762682503
DT.ODA.ODAT.XP.ZS,SZ,2004,4.04133621069622
DT.ODA.ODAT.XP.ZS,SZ,2003,7.85364309825816
DT.ODA.ODAT.XP.ZS,SZ,2002,8.09705790837164
DT.ODA.ODAT.XP.ZS,SZ,2001,11.1753961833562
DT.ODA.ODAT.XP.ZS,SZ,2000,4.62010242891889
DT.ODA.ODAT.XP.ZS,SZ,1999,8.17796098036538
DT.ODA.ODAT.XP.ZS,SZ,1998,None
DT.ODA.ODAT.XP.ZS,SZ,1997,None
DT.ODA.ODAT.XP.ZS,SZ,1996,None
DT.ODA.ODAT.XP.ZS,SZ,1995,None
DT.ODA.ODAT.XP.ZS,SY,2019,None
DT.ODA.ODAT.XP.ZS,SY,2018,None
DT.ODA.ODAT.XP.ZS,SY,2017,None
DT.ODA.ODAT.XP.ZS,SY,2016,None
DT.ODA.ODAT.XP.ZS,SY,2015,None
DT.ODA.ODAT.XP.ZS,SY,2014,None
DT.ODA.ODAT.XP.ZS,SY,2013,None
DT.ODA.ODAT.XP.ZS,SY,2012,None
DT.ODA.ODAT.XP.ZS,SY,2011,None
DT.ODA.ODAT.XP.ZS,SY,2010,None
DT.ODA.ODAT.XP.ZS,SY,2009,None
DT.ODA.ODAT.XP.ZS,SY,2008,None
DT.ODA.ODAT.XP.ZS,SY,2007,None
DT.ODA.ODAT.XP.ZS,SY,2006,None
DT.ODA.ODAT.XP.ZS,SY,2005,None
DT.ODA.ODAT.XP.ZS,SY,2004,None
DT.ODA.ODAT.XP.ZS,SY,2003,None
DT.ODA.ODAT.XP.ZS,SY,2002,None
DT.ODA.ODAT.XP.ZS,SY,2001,None
DT.ODA.ODAT.XP.ZS,SY,2000,None
DT.ODA.ODAT.XP.ZS,SY,1999,None
DT.ODA.ODAT.XP.ZS,SY,1998,None
DT.ODA.ODAT.XP.ZS,SY,1997,None
DT.ODA.ODAT.XP.ZS,SY,1996,None
DT.ODA.ODAT.XP.ZS,SY,1995,None
DT.ODA.ODAT.XP.ZS,TD,2019,None
DT.ODA.ODAT.XP.ZS,TD,2018,None
DT.ODA.ODAT.XP.ZS,TD,2017,None
DT.ODA.ODAT.XP.ZS,TD,2016,None
DT.ODA.ODAT.XP.ZS,TD,2015,None
DT.ODA.ODAT.XP.ZS,TD,2014,None
DT.ODA.ODAT.XP.ZS,TD,2013,None
DT.ODA.ODAT.XP.ZS,TD,2012,None
DT.ODA.ODAT.XP.ZS,TD,2011,None
DT.ODA.ODAT.XP.ZS,TD,2010,None
DT.ODA.ODAT.XP.ZS,TD,2009,None
DT.ODA.ODAT.XP.ZS,TD,2008,None
DT.ODA.ODAT.XP.ZS,TD,2007,None
DT.ODA.ODAT.XP.ZS,TD,2006,None
DT.ODA.ODAT.XP.ZS,TD,2005,None
DT.ODA.ODAT.XP.ZS,TD,2004,None
DT.ODA.ODAT.XP.ZS,TD,2003,None
DT.ODA.ODAT.XP.ZS,TD,2002,None
DT.ODA.ODAT.XP.ZS,TD,2001,None
DT.ODA.ODAT.XP.ZS,TD,2000,None
DT.ODA.ODAT.XP.ZS,TD,1999,None
DT.ODA.ODAT.XP.ZS,TD,1998,None
DT.ODA.ODAT.XP.ZS,TD,1997,None
DT.ODA.ODAT.XP.ZS,TD,1996,None
DT.ODA.ODAT.XP.ZS,TD,1995,None
DT.ODA.ODAT.XP.ZS,TG,2019,43.0992614196208
DT.ODA.ODAT.XP.ZS,TG,2018,35.1437507042242
DT.ODA.ODAT.XP.ZS,TG,2017,46.909620043036
DT.ODA.ODAT.XP.ZS,TG,2016,20.3613984831224
DT.ODA.ODAT.XP.ZS,TG,2015,26.8135488095173
DT.ODA.ODAT.XP.ZS,TG,2014,28.5545926718223
DT.ODA.ODAT.XP.ZS,TG,2013,29.2931267256855
DT.ODA.ODAT.XP.ZS,TG,2012,36.1673835079125
DT.ODA.ODAT.XP.ZS,TG,2011,92.5468289053874
DT.ODA.ODAT.XP.ZS,TG,2010,82.9347466892053
DT.ODA.ODAT.XP.ZS,TG,2009,97.9052928895122
DT.ODA.ODAT.XP.ZS,TG,2008,64.2532773403707
DT.ODA.ODAT.XP.ZS,TG,2007,27.9768041985688
DT.ODA.ODAT.XP.ZS,TG,2006,20.8803723620074
DT.ODA.ODAT.XP.ZS,TG,2005,24.3318159224585
DT.ODA.ODAT.XP.ZS,TG,2004,21.929505235545
DT.ODA.ODAT.XP.ZS,TG,2003,None
DT.ODA.ODAT.XP.ZS,TG,2002,None
DT.ODA.ODAT.XP.ZS,TG,2001,None
DT.ODA.ODAT.XP.ZS,TG,2000,None
DT.ODA.ODAT.XP.ZS,TG,1999,None
DT.ODA.ODAT.XP.ZS,TG,1998,None
DT.ODA.ODAT.XP.ZS,TG,1997,None
DT.ODA.ODAT.XP.ZS,TG,1996,None
DT.ODA.ODAT.XP.ZS,TG,1995,None
DT.ODA.ODAT.XP.ZS,TJ,2019,None
DT.ODA.ODAT.XP.ZS,TJ,2018,None
DT.ODA.ODAT.XP.ZS,TJ,2017,None
DT.ODA.ODAT.XP.ZS,TJ,2016,None
DT.ODA.ODAT.XP.ZS,TJ,2015,None
DT.ODA.ODAT.XP.ZS,TJ,2014,None
DT.ODA.ODAT.XP.ZS,TJ,2013,None
DT.ODA.ODAT.XP.ZS,TJ,2012,None
DT.ODA.ODAT.XP.ZS,TJ,2011,None
DT.ODA.ODAT.XP.ZS,TJ,2010,None
DT.ODA.ODAT.XP.ZS,TJ,2009,None
DT.ODA.ODAT.XP.ZS,TJ,2008,None
DT.ODA.ODAT.XP.ZS,TJ,2007,None
DT.ODA.ODAT.XP.ZS,TJ,2006,None
DT.ODA.ODAT.XP.ZS,TJ,2005,None
DT.ODA.ODAT.XP.ZS,TJ,2004,80.2042689262952
DT.ODA.ODAT.XP.ZS,TJ,2003,76.7392657500919
DT.ODA.ODAT.XP.ZS,TJ,2002,None
DT.ODA.ODAT.XP.ZS,TJ,2001,158.712778213793
DT.ODA.ODAT.XP.ZS,TJ,2000,145.034502378154
DT.ODA.ODAT.XP.ZS,TJ,1999,103.573876733112
DT.ODA.ODAT.XP.ZS,TJ,1998,107.089184374229
DT.ODA.ODAT.XP.ZS,TJ,1997,None
DT.ODA.ODAT.XP.ZS,TJ,1996,None
DT.ODA.ODAT.XP.ZS,TJ,1995,None
DT.ODA.ODAT.XP.ZS,TL,2019,23.0621056919012
DT.ODA.ODAT.XP.ZS,TL,2018,23.4373419493569
DT.ODA.ODAT.XP.ZS,TL,2017,25.6514089585597
DT.ODA.ODAT.XP.ZS,TL,2016,19.4539839092434
DT.ODA.ODAT.XP.ZS,TL,2015,18.2162609500438
DT.ODA.ODAT.XP.ZS,TL,2014,25.591969613244
DT.ODA.ODAT.XP.ZS,TL,2013,29.4431800642472
DT.ODA.ODAT.XP.ZS,TL,2012,31.2731816734097
DT.ODA.ODAT.XP.ZS,TL,2011,37.4568243686865
DT.ODA.ODAT.XP.ZS,TL,2010,39.3234138296433
DT.ODA.ODAT.XP.ZS,TL,2009,None
DT.ODA.ODAT.XP.ZS,TL,2008,None
DT.ODA.ODAT.XP.ZS,TL,2007,None
DT.ODA.ODAT.XP.ZS,TL,2006,None
DT.ODA.ODAT.XP.ZS,TL,2005,None
DT.ODA.ODAT.XP.ZS,TL,2004,None
DT.ODA.ODAT.XP.ZS,TL,2003,None
DT.ODA.ODAT.XP.ZS,TL,2002,None
DT.ODA.ODAT.XP.ZS,TL,2001,None
DT.ODA.ODAT.XP.ZS,TL,2000,None
DT.ODA.ODAT.XP.ZS,TL,1999,None
DT.ODA.ODAT.XP.ZS,TL,1998,None
DT.ODA.ODAT.XP.ZS,TL,1997,None
DT.ODA.ODAT.XP.ZS,TL,1996,None
DT.ODA.ODAT.XP.ZS,TL,1995,None
DT.ODA.ODAT.XP.ZS,TN,2019,None
DT.ODA.ODAT.XP.ZS,TN,2018,None
DT.ODA.ODAT.XP.ZS,TN,2017,None
DT.ODA.ODAT.XP.ZS,TN,2016,None
DT.ODA.ODAT.XP.ZS,TN,2015,None
DT.ODA.ODAT.XP.ZS,TN,2014,None
DT.ODA.ODAT.XP.ZS,TN,2013,None
DT.ODA.ODAT.XP.ZS,TN,2012,6.39859831257759
DT.ODA.ODAT.XP.ZS,TN,2011,5.84303283970518
DT.ODA.ODAT.XP.ZS,TN,2010,4.45291548596408
DT.ODA.ODAT.XP.ZS,TN,2009,4.10924549930808
DT.ODA.ODAT.XP.ZS,TN,2008,3.10715413432527
DT.ODA.ODAT.XP.ZS,TN,2007,3.22641896625525
DT.ODA.ODAT.XP.ZS,TN,2006,4.91557354761586
DT.ODA.ODAT.XP.ZS,TN,2005,4.36458947248695
DT.ODA.ODAT.XP.ZS,TN,2004,4.15151522626254
DT.ODA.ODAT.XP.ZS,TN,2003,4.33123257107756
DT.ODA.ODAT.XP.ZS,TN,2002,3.6589584416081
DT.ODA.ODAT.XP.ZS,TN,2001,6.68339540326303
DT.ODA.ODAT.XP.ZS,TN,2000,4.1474485335308
DT.ODA.ODAT.XP.ZS,TN,1999,4.42961959511734
DT.ODA.ODAT.XP.ZS,TN,1998,2.77915629781822
DT.ODA.ODAT.XP.ZS,TN,1997,3.7454522936398
DT.ODA.ODAT.XP.ZS,TN,1996,2.31174606350266
DT.ODA.ODAT.XP.ZS,TN,1995,1.4735516373758
DT.ODA.ODAT.XP.ZS,TZ,2019,None
DT.ODA.ODAT.XP.ZS,TZ,2018,29.5514811819865
DT.ODA.ODAT.XP.ZS,TZ,2017,30.836939613971
DT.ODA.ODAT.XP.ZS,TZ,2016,34.8331326495689
DT.ODA.ODAT.XP.ZS,TZ,2015,36.6600210906322
DT.ODA.ODAT.XP.ZS,TZ,2014,32.9765608466551
DT.ODA.ODAT.XP.ZS,TZ,2013,50.7109377520114
DT.ODA.ODAT.XP.ZS,TZ,2012,50.7763753610989
DT.ODA.ODAT.XP.ZS,TZ,2011,49.0098326989633
DT.ODA.ODAT.XP.ZS,TZ,2010,70.0916049076265
DT.ODA.ODAT.XP.ZS,TZ,2009,50.9672593263643
DT.ODA.ODAT.XP.ZS,TZ,2008,None
DT.ODA.ODAT.XP.ZS,TZ,2007,None
DT.ODA.ODAT.XP.ZS,TZ,2006,None
DT.ODA.ODAT.XP.ZS,TZ,2005,None
DT.ODA.ODAT.XP.ZS,TZ,2004,None
DT.ODA.ODAT.XP.ZS,TZ,2003,None
DT.ODA.ODAT.XP.ZS,TZ,2002,None
DT.ODA.ODAT.XP.ZS,TZ,2001,None
DT.ODA.ODAT.XP.ZS,TZ,2000,None
DT.ODA.ODAT.XP.ZS,TZ,1999,None
DT.ODA.ODAT.XP.ZS,TZ,1998,None
DT.ODA.ODAT.XP.ZS,TZ,1997,None
DT.ODA.ODAT.XP.ZS,TZ,1996,None
DT.ODA.ODAT.XP.ZS,TZ,1995,None
DT.ODA.ODAT.XP.ZS,UG,2019,42.4833593550531
DT.ODA.ODAT.XP.ZS,UG,2018,49.9232114830711
DT.ODA.ODAT.XP.ZS,UG,2017,58.124195819795
DT.ODA.ODAT.XP.ZS,UG,2016,53.3496197254427
DT.ODA.ODAT.XP.ZS,UG,2015,47.0030540502698
DT.ODA.ODAT.XP.ZS,UG,2014,None
DT.ODA.ODAT.XP.ZS,UG,2013,None
DT.ODA.ODAT.XP.ZS,UG,2012,None
DT.ODA.ODAT.XP.ZS,UG,2011,None
DT.ODA.ODAT.XP.ZS,UG,2010,None
DT.ODA.ODAT.XP.ZS,UG,2009,None
DT.ODA.ODAT.XP.ZS,UG,2008,None
DT.ODA.ODAT.XP.ZS,UG,2007,None
DT.ODA.ODAT.XP.ZS,UG,2006,None
DT.ODA.ODAT.XP.ZS,UG,2005,None
DT.ODA.ODAT.XP.ZS,UG,2004,None
DT.ODA.ODAT.XP.ZS,UG,2003,None
DT.ODA.ODAT.XP.ZS,UG,2002,None
DT.ODA.ODAT.XP.ZS,UG,2001,None
DT.ODA.ODAT.XP.ZS,UG,2000,None
DT.ODA.ODAT.XP.ZS,UG,1999,None
DT.ODA.ODAT.XP.ZS,UG,1998,None
DT.ODA.ODAT.XP.ZS,UG,1997,None
DT.ODA.ODAT.XP.ZS,UG,1996,None
DT.ODA.ODAT.XP.ZS,UG,1995,None
DT.ODA.ODAT.XP.ZS,UZ,2019,11.423182032474
DT.ODA.ODAT.XP.ZS,UZ,2018,12.2602071470025
DT.ODA.ODAT.XP.ZS,UZ,2017,7.21350256061693
DT.ODA.ODAT.XP.ZS,UZ,2016,4.13877574266391
DT.ODA.ODAT.XP.ZS,UZ,2015,3.47309196437425
DT.ODA.ODAT.XP.ZS,UZ,2014,2.68276170435849
DT.ODA.ODAT.XP.ZS,UZ,2013,2.66243908772142
DT.ODA.ODAT.XP.ZS,UZ,2012,2.65835002300525
DT.ODA.ODAT.XP.ZS,UZ,2011,1.66935189231357
DT.ODA.ODAT.XP.ZS,UZ,2010,None
DT.ODA.ODAT.XP.ZS,UZ,2009,None
DT.ODA.ODAT.XP.ZS,UZ,2008,None
DT.ODA.ODAT.XP.ZS,UZ,2007,None
DT.ODA.ODAT.XP.ZS,UZ,2006,None
DT.ODA.ODAT.XP.ZS,UZ,2005,None
DT.ODA.ODAT.XP.ZS,UZ,2004,None
DT.ODA.ODAT.XP.ZS,UZ,2003,None
DT.ODA.ODAT.XP.ZS,UZ,2002,None
DT.ODA.ODAT.XP.ZS,UZ,2001,None
DT.ODA.ODAT.XP.ZS,UZ,2000,None
DT.ODA.ODAT.XP.ZS,UZ,1999,None
DT.ODA.ODAT.XP.ZS,UZ,1998,None
DT.ODA.ODAT.XP.ZS,UZ,1997,None
DT.ODA.ODAT.XP.ZS,UZ,1996,None
DT.ODA.ODAT.XP.ZS,UZ,1995,None
DT.ODA.ODAT.XP.ZS,VN,2019,None
DT.ODA.ODAT.XP.ZS,VN,2018,None
DT.ODA.ODAT.XP.ZS,VN,2017,None
DT.ODA.ODAT.XP.ZS,VN,2016,None
DT.ODA.ODAT.XP.ZS,VN,2015,None
DT.ODA.ODAT.XP.ZS,VN,2014,None
DT.ODA.ODAT.XP.ZS,VN,2013,None
DT.ODA.ODAT.XP.ZS,VN,2012,None
DT.ODA.ODAT.XP.ZS,VN,2011,None
DT.ODA.ODAT.XP.ZS,VN,2010,None
DT.ODA.ODAT.XP.ZS,VN,2009,None
DT.ODA.ODAT.XP.ZS,VN,2008,None
DT.ODA.ODAT.XP.ZS,VN,2007,None
DT.ODA.ODAT.XP.ZS,VN,2006,None
DT.ODA.ODAT.XP.ZS,VN,2005,None
DT.ODA.ODAT.XP.ZS,VN,2004,None
DT.ODA.ODAT.XP.ZS,VN,2003,None
DT.ODA.ODAT.XP.ZS,VN,2002,None
DT.ODA.ODAT.XP.ZS,VN,2001,None
DT.ODA.ODAT.XP.ZS,VN,2000,None
DT.ODA.ODAT.XP.ZS,VN,1999,None
DT.ODA.ODAT.XP.ZS,VN,1998,None
DT.ODA.ODAT.XP.ZS,VN,1997,None
DT.ODA.ODAT.XP.ZS,VN,1996,None
DT.ODA.ODAT.XP.ZS,VN,1995,None
DT.ODA.ODAT.XP.ZS,VU,2019,50.0887583938183
DT.ODA.ODAT.XP.ZS,VU,2018,55.8690576328734
DT.ODA.ODAT.XP.ZS,VU,2017,55.9936139964501
DT.ODA.ODAT.XP.ZS,VU,2016,64.7026873294055
DT.ODA.ODAT.XP.ZS,VU,2015,106.166062247482
DT.ODA.ODAT.XP.ZS,VU,2014,56.4461815683363
DT.ODA.ODAT.XP.ZS,VU,2013,55.0239013475439
DT.ODA.ODAT.XP.ZS,VU,2012,59.9378942368134
DT.ODA.ODAT.XP.ZS,VU,2011,53.2241469129881
DT.ODA.ODAT.XP.ZS,VU,2010,70.2121375930957
DT.ODA.ODAT.XP.ZS,VU,2009,81.6641371349014
DT.ODA.ODAT.XP.ZS,VU,2008,None
DT.ODA.ODAT.XP.ZS,VU,2007,None
DT.ODA.ODAT.XP.ZS,VU,2006,None
DT.ODA.ODAT.XP.ZS,VU,2005,None
DT.ODA.ODAT.XP.ZS,VU,2004,None
DT.ODA.ODAT.XP.ZS,VU,2003,None
DT.ODA.ODAT.XP.ZS,VU,2002,None
DT.ODA.ODAT.XP.ZS,VU,2001,None
DT.ODA.ODAT.XP.ZS,VU,2000,None
DT.ODA.ODAT.XP.ZS,VU,1999,61.6720317904164
DT.ODA.ODAT.XP.ZS,VU,1998,58.768415091392
DT.ODA.ODAT.XP.ZS,VU,1997,48.8262899227783
DT.ODA.ODAT.XP.ZS,VU,1996,52.9893848855046
DT.ODA.ODAT.XP.ZS,VU,1995,86.4928287308803
DT.ODA.ODAT.XP.ZS,WS,2019,50.3156763899801
DT.ODA.ODAT.XP.ZS,WS,2018,56.1870293988174
DT.ODA.ODAT.XP.ZS,WS,2017,63.0444139826894
DT.ODA.ODAT.XP.ZS,WS,2016,42.0326247500823
DT.ODA.ODAT.XP.ZS,WS,2015,39.7567800005353
DT.ODA.ODAT.XP.ZS,WS,2014,38.38798293914
DT.ODA.ODAT.XP.ZS,WS,2013,49.2716904599667
DT.ODA.ODAT.XP.ZS,WS,2012,52.6621186048415
DT.ODA.ODAT.XP.ZS,WS,2011,None
DT.ODA.ODAT.XP.ZS,WS,2010,None
DT.ODA.ODAT.XP.ZS,WS,2009,None
DT.ODA.ODAT.XP.ZS,WS,2008,None
DT.ODA.ODAT.XP.ZS,WS,2007,None
DT.ODA.ODAT.XP.ZS,WS,2006,None
DT.ODA.ODAT.XP.ZS,WS,2005,None
DT.ODA.ODAT.XP.ZS,WS,2004,None
DT.ODA.ODAT.XP.ZS,WS,2003,None
DT.ODA.ODAT.XP.ZS,WS,2002,None
DT.ODA.ODAT.XP.ZS,WS,2001,None
DT.ODA.ODAT.XP.ZS,WS,2000,None
DT.ODA.ODAT.XP.ZS,WS,1999,None
DT.ODA.ODAT.XP.ZS,WS,1998,None
DT.ODA.ODAT.XP.ZS,WS,1997,None
DT.ODA.ODAT.XP.ZS,WS,1996,None
DT.ODA.ODAT.XP.ZS,WS,1995,None
DT.ODA.ODAT.XP.ZS,YE,2019,None
DT.ODA.ODAT.XP.ZS,YE,2018,None
DT.ODA.ODAT.XP.ZS,YE,2017,None
DT.ODA.ODAT.XP.ZS,YE,2016,None
DT.ODA.ODAT.XP.ZS,YE,2015,None
DT.ODA.ODAT.XP.ZS,YE,2014,None
DT.ODA.ODAT.XP.ZS,YE,2013,None
DT.ODA.ODAT.XP.ZS,YE,2012,None
DT.ODA.ODAT.XP.ZS,YE,2011,None
DT.ODA.ODAT.XP.ZS,YE,2010,None
DT.ODA.ODAT.XP.ZS,YE,2009,None
DT.ODA.ODAT.XP.ZS,YE,2008,None
DT.ODA.ODAT.XP.ZS,YE,2007,None
DT.ODA.ODAT.XP.ZS,YE,2006,None
DT.ODA.ODAT.XP.ZS,YE,2005,None
DT.ODA.ODAT.XP.ZS,YE,2004,None
DT.ODA.ODAT.XP.ZS,YE,2003,None
DT.ODA.ODAT.XP.ZS,YE,2002,None
DT.ODA.ODAT.XP.ZS,YE,2001,None
DT.ODA.ODAT.XP.ZS,YE,2000,None
DT.ODA.ODAT.XP.ZS,YE,1999,None
DT.ODA.ODAT.XP.ZS,YE,1998,None
DT.ODA.ODAT.XP.ZS,YE,1997,None
DT.ODA.ODAT.XP.ZS,YE,1996,None
DT.ODA.ODAT.XP.ZS,YE,1995,None
DT.ODA.ODAT.XP.ZS,ZM,2019,18.5208601359857
DT.ODA.ODAT.XP.ZS,ZM,2018,18.9045256374137
DT.ODA.ODAT.XP.ZS,ZM,2017,19.2210120522942
DT.ODA.ODAT.XP.ZS,ZM,2016,20.5782846218733
DT.ODA.ODAT.XP.ZS,ZM,2015,16.1556665052032
DT.ODA.ODAT.XP.ZS,ZM,2014,18.1479667312617
DT.ODA.ODAT.XP.ZS,ZM,2013,22.8794935703418
DT.ODA.ODAT.XP.ZS,ZM,2012,22.7013365997422
DT.ODA.ODAT.XP.ZS,ZM,2011,30.390672692818
DT.ODA.ODAT.XP.ZS,ZM,2010,30.9251535007826
DT.ODA.ODAT.XP.ZS,ZM,2009,55.2603648431645
DT.ODA.ODAT.XP.ZS,ZM,2008,35.9924480829361
DT.ODA.ODAT.XP.ZS,ZM,2007,45.1021573825991
DT.ODA.ODAT.XP.ZS,ZM,2006,80.9623717351303
DT.ODA.ODAT.XP.ZS,ZM,2005,71.0181754989223
DT.ODA.ODAT.XP.ZS,ZM,2004,103.973308916306
DT.ODA.ODAT.XP.ZS,ZM,2003,99.8328035242019
DT.ODA.ODAT.XP.ZS,ZM,2002,136.401913445988
DT.ODA.ODAT.XP.ZS,ZM,2001,98.8506267024974
DT.ODA.ODAT.XP.ZS,ZM,2000,None
DT.ODA.ODAT.XP.ZS,ZM,1999,114.172410698974
DT.ODA.ODAT.XP.ZS,ZM,1998,50.184185708688
DT.ODA.ODAT.XP.ZS,ZM,1997,None
DT.ODA.ODAT.XP.ZS,ZM,1996,None
DT.ODA.ODAT.XP.ZS,ZM,1995,None
