PV.PER.RNK.LOWER,AF,2023,None
PV.PER.RNK.LOWER,AF,2022,0
PV.PER.RNK.LOWER,AF,2021,0
PV.PER.RNK.LOWER,AF,2020,0
PV.PER.RNK.LOWER,AF,2019,0
PV.PER.RNK.LOWER,AF,2018,0
PV.PER.RNK.LOWER,AF,2017,0
PV.PER.RNK.LOWER,AF,2016,0
PV.PER.RNK.LOWER,AF,2015,0
PV.PER.RNK.LOWER,AF,2014,0
PV.PER.RNK.LOWER,AF,2013,0
PV.PER.RNK.LOWER,AF,2012,0
PV.PER.RNK.LOWER,AF,2011,0
PV.PER.RNK.LOWER,AF,2010,0
PV.PER.RNK.LOWER,AF,2009,0
PV.PER.RNK.LOWER,AF,2008,0
PV.PER.RNK.LOWER,AF,2007,0
PV.PER.RNK.LOWER,AF,2006,0.483091801404953
PV.PER.RNK.LOWER,AF,2005,0.485436886548996
PV.PER.RNK.LOWER,AF,2004,0.485436886548996
PV.PER.RNK.LOWER,AF,2003,0
PV.PER.RNK.LOWER,AF,2002,0
PV.PER.RNK.LOWER,AF,2001,None
PV.PER.RNK.LOWER,AF,2000,0
PV.PER.RNK.LOWER,AF,1999,None
PV.PER.RNK.LOWER,AF,1998,0
PV.PER.RNK.LOWER,AF,1997,None
PV.PER.RNK.LOWER,AF,1996,0
PV.PER.RNK.LOWER,AF,1995,None
PV.PER.RNK.LOWER,AO,2023,None
PV.PER.RNK.LOWER,AO,2022,14.1509437561035
PV.PER.RNK.LOWER,AO,2021,13.2075471878052
PV.PER.RNK.LOWER,AO,2020,15.0943393707275
PV.PER.RNK.LOWER,AO,2019,20.2830181121826
PV.PER.RNK.LOWER,AO,2018,21.2264156341553
PV.PER.RNK.LOWER,AO,2017,19.5238094329834
PV.PER.RNK.LOWER,AO,2016,21.9047622680664
PV.PER.RNK.LOWER,AO,2015,19.5238094329834
PV.PER.RNK.LOWER,AO,2014,23.3333339691162
PV.PER.RNK.LOWER,AO,2013,21.3270149230957
PV.PER.RNK.LOWER,AO,2012,21.8009471893311
PV.PER.RNK.LOWER,AO,2011,20.8530807495117
PV.PER.RNK.LOWER,AO,2010,25.5924167633057
PV.PER.RNK.LOWER,AO,2009,20.8530807495117
PV.PER.RNK.LOWER,AO,2008,18.75
PV.PER.RNK.LOWER,AO,2007,14.9758453369141
PV.PER.RNK.LOWER,AO,2006,17.3913040161133
PV.PER.RNK.LOWER,AO,2005,11.1650485992432
PV.PER.RNK.LOWER,AO,2004,7.28155326843262
PV.PER.RNK.LOWER,AO,2003,9.04522609710693
PV.PER.RNK.LOWER,AO,2002,1.05820107460022
PV.PER.RNK.LOWER,AO,2001,None
PV.PER.RNK.LOWER,AO,2000,0
PV.PER.RNK.LOWER,AO,1999,None
PV.PER.RNK.LOWER,AO,1998,0
PV.PER.RNK.LOWER,AO,1997,None
PV.PER.RNK.LOWER,AO,1996,0
PV.PER.RNK.LOWER,AO,1995,None
PV.PER.RNK.LOWER,BI,2023,None
PV.PER.RNK.LOWER,BI,2022,8.01886749267578
PV.PER.RNK.LOWER,BI,2021,6.60377359390259
PV.PER.RNK.LOWER,BI,2020,4.24528312683105
PV.PER.RNK.LOWER,BI,2019,4.24528312683105
PV.PER.RNK.LOWER,BI,2018,5.18867921829224
PV.PER.RNK.LOWER,BI,2017,1.90476191043854
PV.PER.RNK.LOWER,BI,2016,2.85714292526245
PV.PER.RNK.LOWER,BI,2015,2.38095235824585
PV.PER.RNK.LOWER,BI,2014,10.4761905670166
PV.PER.RNK.LOWER,BI,2013,5.21327018737793
PV.PER.RNK.LOWER,BI,2012,2.36966824531555
PV.PER.RNK.LOWER,BI,2011,1.89573454856873
PV.PER.RNK.LOWER,BI,2010,3.3175356388092
PV.PER.RNK.LOWER,BI,2009,5.21327018737793
PV.PER.RNK.LOWER,BI,2008,2.4038462638855
PV.PER.RNK.LOWER,BI,2007,6.28019332885742
PV.PER.RNK.LOWER,BI,2006,4.34782600402832
PV.PER.RNK.LOWER,BI,2005,1.94174754619598
PV.PER.RNK.LOWER,BI,2004,0
PV.PER.RNK.LOWER,BI,2003,0
PV.PER.RNK.LOWER,BI,2002,0
PV.PER.RNK.LOWER,BI,2001,None
PV.PER.RNK.LOWER,BI,2000,0
PV.PER.RNK.LOWER,BI,1999,None
PV.PER.RNK.LOWER,BI,1998,0
PV.PER.RNK.LOWER,BI,1997,None
PV.PER.RNK.LOWER,BI,1996,0
PV.PER.RNK.LOWER,BI,1995,None
PV.PER.RNK.LOWER,BJ,2023,None
PV.PER.RNK.LOWER,BJ,2022,18.8679237365723
PV.PER.RNK.LOWER,BJ,2021,18.8679237365723
PV.PER.RNK.LOWER,BJ,2020,17.4528293609619
PV.PER.RNK.LOWER,BJ,2019,18.3962268829346
PV.PER.RNK.LOWER,BJ,2018,28.7735843658447
PV.PER.RNK.LOWER,BJ,2017,32.3809509277344
PV.PER.RNK.LOWER,BJ,2016,32.3809509277344
PV.PER.RNK.LOWER,BJ,2015,33.3333320617676
PV.PER.RNK.LOWER,BJ,2014,34.2857131958008
PV.PER.RNK.LOWER,BJ,2013,42.6540298461914
PV.PER.RNK.LOWER,BJ,2012,43.1279602050781
PV.PER.RNK.LOWER,BJ,2011,41.2322273254395
PV.PER.RNK.LOWER,BJ,2010,40.2843589782715
PV.PER.RNK.LOWER,BJ,2009,43.1279602050781
PV.PER.RNK.LOWER,BJ,2008,42.3076934814453
PV.PER.RNK.LOWER,BJ,2007,41.5458946228027
PV.PER.RNK.LOWER,BJ,2006,49.2753639221191
PV.PER.RNK.LOWER,BJ,2005,42.2330093383789
PV.PER.RNK.LOWER,BJ,2004,35.9223289489746
PV.PER.RNK.LOWER,BJ,2003,47.2361793518066
PV.PER.RNK.LOWER,BJ,2002,48.1481475830078
PV.PER.RNK.LOWER,BJ,2001,None
PV.PER.RNK.LOWER,BJ,2000,47.6190490722656
PV.PER.RNK.LOWER,BJ,1999,None
PV.PER.RNK.LOWER,BJ,1998,45.2127647399902
PV.PER.RNK.LOWER,BJ,1997,None
PV.PER.RNK.LOWER,BJ,1996,56.9148941040039
PV.PER.RNK.LOWER,BJ,1995,None
PV.PER.RNK.LOWER,BF,2023,None
PV.PER.RNK.LOWER,BF,2022,3.77358484268188
PV.PER.RNK.LOWER,BF,2021,4.71698093414307
PV.PER.RNK.LOWER,BF,2020,4.24528312683105
PV.PER.RNK.LOWER,BF,2019,6.13207530975342
PV.PER.RNK.LOWER,BF,2018,8.01886749267578
PV.PER.RNK.LOWER,BF,2017,9.5238094329834
PV.PER.RNK.LOWER,BF,2016,10.9523811340332
PV.PER.RNK.LOWER,BF,2015,17.1428565979004
PV.PER.RNK.LOWER,BF,2014,10.9523811340332
PV.PER.RNK.LOWER,BF,2013,14.2180099487305
PV.PER.RNK.LOWER,BF,2012,18.4834117889404
PV.PER.RNK.LOWER,BF,2011,18.4834117889404
PV.PER.RNK.LOWER,BF,2010,27.014217376709
PV.PER.RNK.LOWER,BF,2009,31.2796211242676
PV.PER.RNK.LOWER,BF,2008,35.0961532592773
PV.PER.RNK.LOWER,BF,2007,39.613525390625
PV.PER.RNK.LOWER,BF,2006,38.164249420166
PV.PER.RNK.LOWER,BF,2005,28.1553401947021
PV.PER.RNK.LOWER,BF,2004,26.2135925292969
PV.PER.RNK.LOWER,BF,2003,29.6482410430908
PV.PER.RNK.LOWER,BF,2002,20.1058197021484
PV.PER.RNK.LOWER,BF,2001,None
PV.PER.RNK.LOWER,BF,2000,26.9841270446777
PV.PER.RNK.LOWER,BF,1999,None
PV.PER.RNK.LOWER,BF,1998,21.2765960693359
PV.PER.RNK.LOWER,BF,1997,None
PV.PER.RNK.LOWER,BF,1996,18.0851058959961
PV.PER.RNK.LOWER,BF,1995,None
PV.PER.RNK.LOWER,BD,2023,None
PV.PER.RNK.LOWER,BD,2022,9.90566062927246
PV.PER.RNK.LOWER,BD,2021,9.90566062927246
PV.PER.RNK.LOWER,BD,2020,10.3773584365845
PV.PER.RNK.LOWER,BD,2019,10.8490562438965
PV.PER.RNK.LOWER,BD,2018,9.90566062927246
PV.PER.RNK.LOWER,BD,2017,8.5714282989502
PV.PER.RNK.LOWER,BD,2016,8.5714282989502
PV.PER.RNK.LOWER,BD,2015,7.61904764175415
PV.PER.RNK.LOWER,BD,2014,9.0476188659668
PV.PER.RNK.LOWER,BD,2013,4.26540279388428
PV.PER.RNK.LOWER,BD,2012,5.21327018737793
PV.PER.RNK.LOWER,BD,2011,4.7393364906311
PV.PER.RNK.LOWER,BD,2010,4.26540279388428
PV.PER.RNK.LOWER,BD,2009,4.26540279388428
PV.PER.RNK.LOWER,BD,2008,4.32692289352417
PV.PER.RNK.LOWER,BD,2007,3.86473441123962
PV.PER.RNK.LOWER,BD,2006,2.89855074882507
PV.PER.RNK.LOWER,BD,2005,0.485436886548996
PV.PER.RNK.LOWER,BD,2004,4.36893224716187
PV.PER.RNK.LOWER,BD,2003,6.03015089035034
PV.PER.RNK.LOWER,BD,2002,10.0529098510742
PV.PER.RNK.LOWER,BD,2001,None
PV.PER.RNK.LOWER,BD,2000,12.1693124771118
PV.PER.RNK.LOWER,BD,1999,None
PV.PER.RNK.LOWER,BD,1998,18.0851058959961
PV.PER.RNK.LOWER,BD,1997,None
PV.PER.RNK.LOWER,BD,1996,12.2340421676636
PV.PER.RNK.LOWER,BD,1995,None
PV.PER.RNK.LOWER,BO,2023,None
PV.PER.RNK.LOWER,BO,2022,22.1698112487793
PV.PER.RNK.LOWER,BO,2021,23.5849056243896
PV.PER.RNK.LOWER,BO,2020,18.3962268829346
PV.PER.RNK.LOWER,BO,2019,12.7358493804932
PV.PER.RNK.LOWER,BO,2018,23.5849056243896
PV.PER.RNK.LOWER,BO,2017,24.2857151031494
PV.PER.RNK.LOWER,BO,2016,24.761905670166
PV.PER.RNK.LOWER,BO,2015,25.7142848968506
PV.PER.RNK.LOWER,BO,2014,23.8095245361328
PV.PER.RNK.LOWER,BO,2013,23.222749710083
PV.PER.RNK.LOWER,BO,2012,20.3791465759277
PV.PER.RNK.LOWER,BO,2011,20.3791465759277
PV.PER.RNK.LOWER,BO,2010,21.3270149230957
PV.PER.RNK.LOWER,BO,2009,18.9573459625244
PV.PER.RNK.LOWER,BO,2008,14.4230766296387
PV.PER.RNK.LOWER,BO,2007,11.1111106872559
PV.PER.RNK.LOWER,BO,2006,13.5265703201294
PV.PER.RNK.LOWER,BO,2005,9.70873832702637
PV.PER.RNK.LOWER,BO,2004,15.5339803695679
PV.PER.RNK.LOWER,BO,2003,11.0552759170532
PV.PER.RNK.LOWER,BO,2002,21.6931209564209
PV.PER.RNK.LOWER,BO,2001,None
PV.PER.RNK.LOWER,BO,2000,21.1640205383301
PV.PER.RNK.LOWER,BO,1999,None
PV.PER.RNK.LOWER,BO,1998,19.1489353179932
PV.PER.RNK.LOWER,BO,1997,None
PV.PER.RNK.LOWER,BO,1996,22.8723411560059
PV.PER.RNK.LOWER,BO,1995,None
PV.PER.RNK.LOWER,BT,2023,None
PV.PER.RNK.LOWER,BT,2022,59.9056587219238
PV.PER.RNK.LOWER,BT,2021,58.0188674926758
PV.PER.RNK.LOWER,BT,2020,66.5094375610352
PV.PER.RNK.LOWER,BT,2019,67.9245300292969
PV.PER.RNK.LOWER,BT,2018,68.8679275512695
PV.PER.RNK.LOWER,BT,2017,70.476188659668
PV.PER.RNK.LOWER,BT,2016,71.4285736083984
PV.PER.RNK.LOWER,BT,2015,64.7619018554688
PV.PER.RNK.LOWER,BT,2014,69.523811340332
PV.PER.RNK.LOWER,BT,2013,60.1895751953125
PV.PER.RNK.LOWER,BT,2012,57.8199043273926
PV.PER.RNK.LOWER,BT,2011,59.2417068481445
PV.PER.RNK.LOWER,BT,2010,54.028434753418
PV.PER.RNK.LOWER,BT,2009,53.554500579834
PV.PER.RNK.LOWER,BT,2008,52.8846168518066
PV.PER.RNK.LOWER,BT,2007,44.9275360107422
PV.PER.RNK.LOWER,BT,2006,68.1159439086914
PV.PER.RNK.LOWER,BT,2005,67.4757308959961
PV.PER.RNK.LOWER,BT,2004,66.5048522949219
PV.PER.RNK.LOWER,BT,2003,58.2914581298828
PV.PER.RNK.LOWER,BT,2002,46.0317459106445
PV.PER.RNK.LOWER,BT,2001,None
PV.PER.RNK.LOWER,BT,2000,35.4497337341309
PV.PER.RNK.LOWER,BT,1999,None
PV.PER.RNK.LOWER,BT,1998,36.7021293640137
PV.PER.RNK.LOWER,BT,1997,None
PV.PER.RNK.LOWER,BT,1996,45.7446823120117
PV.PER.RNK.LOWER,BT,1995,None
PV.PER.RNK.LOWER,CF,2023,None
PV.PER.RNK.LOWER,CF,2022,0
PV.PER.RNK.LOWER,CF,2021,0.943396210670471
PV.PER.RNK.LOWER,CF,2020,0.943396210670471
PV.PER.RNK.LOWER,CF,2019,1.88679242134094
PV.PER.RNK.LOWER,CF,2018,0.943396210670471
PV.PER.RNK.LOWER,CF,2017,1.90476191043854
PV.PER.RNK.LOWER,CF,2016,4.2857141494751
PV.PER.RNK.LOWER,CF,2015,2.38095235824585
PV.PER.RNK.LOWER,CF,2014,0
PV.PER.RNK.LOWER,CF,2013,0.947867274284363
PV.PER.RNK.LOWER,CF,2012,2.36966824531555
PV.PER.RNK.LOWER,CF,2011,1.89573454856873
PV.PER.RNK.LOWER,CF,2010,1.42180097103119
PV.PER.RNK.LOWER,CF,2009,1.42180097103119
PV.PER.RNK.LOWER,CF,2008,1.92307686805725
PV.PER.RNK.LOWER,CF,2007,2.4154589176178
PV.PER.RNK.LOWER,CF,2006,0.483091801404953
PV.PER.RNK.LOWER,CF,2005,2.91262125968933
PV.PER.RNK.LOWER,CF,2004,3.88349509239197
PV.PER.RNK.LOWER,CF,2003,2.51256275177002
PV.PER.RNK.LOWER,CF,2002,0
PV.PER.RNK.LOWER,CF,2001,None
PV.PER.RNK.LOWER,CF,2000,5.29100513458252
PV.PER.RNK.LOWER,CF,1999,None
PV.PER.RNK.LOWER,CF,1998,5.31914901733398
PV.PER.RNK.LOWER,CF,1997,None
PV.PER.RNK.LOWER,CF,1996,3.72340416908264
PV.PER.RNK.LOWER,CF,1995,None
PV.PER.RNK.LOWER,CI,2023,None
PV.PER.RNK.LOWER,CI,2022,16.0377349853516
PV.PER.RNK.LOWER,CI,2021,13.2075471878052
PV.PER.RNK.LOWER,CI,2020,10.3773584365845
PV.PER.RNK.LOWER,CI,2019,8.96226406097412
PV.PER.RNK.LOWER,CI,2018,11.3207550048828
PV.PER.RNK.LOWER,CI,2017,8.5714282989502
PV.PER.RNK.LOWER,CI,2016,10.9523811340332
PV.PER.RNK.LOWER,CI,2015,10.4761905670166
PV.PER.RNK.LOWER,CI,2014,8.09523773193359
PV.PER.RNK.LOWER,CI,2013,7.5829381942749
PV.PER.RNK.LOWER,CI,2012,6.16113758087158
PV.PER.RNK.LOWER,CI,2011,4.7393364906311
PV.PER.RNK.LOWER,CI,2010,3.79146909713745
PV.PER.RNK.LOWER,CI,2009,6.16113758087158
PV.PER.RNK.LOWER,CI,2008,1.92307686805725
PV.PER.RNK.LOWER,CI,2007,2.4154589176178
PV.PER.RNK.LOWER,CI,2006,0.483091801404953
PV.PER.RNK.LOWER,CI,2005,0
PV.PER.RNK.LOWER,CI,2004,0.485436886548996
PV.PER.RNK.LOWER,CI,2003,1.00502514839172
PV.PER.RNK.LOWER,CI,2002,0
PV.PER.RNK.LOWER,CI,2001,None
PV.PER.RNK.LOWER,CI,2000,5.29100513458252
PV.PER.RNK.LOWER,CI,1999,None
PV.PER.RNK.LOWER,CI,1998,19.680850982666
PV.PER.RNK.LOWER,CI,1997,None
PV.PER.RNK.LOWER,CI,1996,26.0638294219971
PV.PER.RNK.LOWER,CI,1995,None
PV.PER.RNK.LOWER,CM,2023,None
PV.PER.RNK.LOWER,CM,2022,8.01886749267578
PV.PER.RNK.LOWER,CM,2021,6.13207530975342
PV.PER.RNK.LOWER,CM,2020,4.24528312683105
PV.PER.RNK.LOWER,CM,2019,4.24528312683105
PV.PER.RNK.LOWER,CM,2018,6.60377359390259
PV.PER.RNK.LOWER,CM,2017,8.5714282989502
PV.PER.RNK.LOWER,CM,2016,9.0476188659668
PV.PER.RNK.LOWER,CM,2015,9.0476188659668
PV.PER.RNK.LOWER,CM,2014,8.09523773193359
PV.PER.RNK.LOWER,CM,2013,18.4834117889404
PV.PER.RNK.LOWER,CM,2012,18.0094795227051
PV.PER.RNK.LOWER,CM,2011,15.6398105621338
PV.PER.RNK.LOWER,CM,2010,13.2701425552368
PV.PER.RNK.LOWER,CM,2009,19.9052124023438
PV.PER.RNK.LOWER,CM,2008,15.865385055542
PV.PER.RNK.LOWER,CM,2007,23.6714973449707
PV.PER.RNK.LOWER,CM,2006,26.0869560241699
PV.PER.RNK.LOWER,CM,2005,26.2135925292969
PV.PER.RNK.LOWER,CM,2004,20.3883495330811
PV.PER.RNK.LOWER,CM,2003,21.608039855957
PV.PER.RNK.LOWER,CM,2002,15.8730154037476
PV.PER.RNK.LOWER,CM,2001,None
PV.PER.RNK.LOWER,CM,2000,14.8148145675659
PV.PER.RNK.LOWER,CM,1999,None
PV.PER.RNK.LOWER,CM,1998,10.638298034668
PV.PER.RNK.LOWER,CM,1997,None
PV.PER.RNK.LOWER,CM,1996,7.44680833816528
PV.PER.RNK.LOWER,CM,1995,None
PV.PER.RNK.LOWER,CD,2023,None
PV.PER.RNK.LOWER,CD,2022,2.35849046707153
PV.PER.RNK.LOWER,CD,2021,4.71698093414307
PV.PER.RNK.LOWER,CD,2020,3.77358484268188
PV.PER.RNK.LOWER,CD,2019,4.24528312683105
PV.PER.RNK.LOWER,CD,2018,2.35849046707153
PV.PER.RNK.LOWER,CD,2017,0.476190477609634
PV.PER.RNK.LOWER,CD,2016,0.952380955219269
PV.PER.RNK.LOWER,CD,2015,0.952380955219269
PV.PER.RNK.LOWER,CD,2014,1.90476191043854
PV.PER.RNK.LOWER,CD,2013,0.947867274284363
PV.PER.RNK.LOWER,CD,2012,0.947867274284363
PV.PER.RNK.LOWER,CD,2011,0.473933637142181
PV.PER.RNK.LOWER,CD,2010,0.947867274284363
PV.PER.RNK.LOWER,CD,2009,1.42180097103119
PV.PER.RNK.LOWER,CD,2008,1.44230771064758
PV.PER.RNK.LOWER,CD,2007,0.483091801404953
PV.PER.RNK.LOWER,CD,2006,0
PV.PER.RNK.LOWER,CD,2005,0.485436886548996
PV.PER.RNK.LOWER,CD,2004,0.485436886548996
PV.PER.RNK.LOWER,CD,2003,0
PV.PER.RNK.LOWER,CD,2002,0
PV.PER.RNK.LOWER,CD,2001,None
PV.PER.RNK.LOWER,CD,2000,0
PV.PER.RNK.LOWER,CD,1999,None
PV.PER.RNK.LOWER,CD,1998,0
PV.PER.RNK.LOWER,CD,1997,None
PV.PER.RNK.LOWER,CD,1996,0
PV.PER.RNK.LOWER,CD,1995,None
PV.PER.RNK.LOWER,CG,2023,None
PV.PER.RNK.LOWER,CG,2022,30.6603775024414
PV.PER.RNK.LOWER,CG,2021,24.056604385376
PV.PER.RNK.LOWER,CG,2020,24.056604385376
PV.PER.RNK.LOWER,CG,2019,22.6415100097656
PV.PER.RNK.LOWER,CG,2018,20.7547168731689
PV.PER.RNK.LOWER,CG,2017,16.1904754638672
PV.PER.RNK.LOWER,CG,2016,16.1904754638672
PV.PER.RNK.LOWER,CG,2015,19.0476188659668
PV.PER.RNK.LOWER,CG,2014,22.8571434020996
PV.PER.RNK.LOWER,CG,2013,19.4312801361084
PV.PER.RNK.LOWER,CG,2012,19.9052124023438
PV.PER.RNK.LOWER,CG,2011,21.3270149230957
PV.PER.RNK.LOWER,CG,2010,23.222749710083
PV.PER.RNK.LOWER,CG,2009,24.1706161499023
PV.PER.RNK.LOWER,CG,2008,13.4615383148193
PV.PER.RNK.LOWER,CG,2007,12.5603866577148
PV.PER.RNK.LOWER,CG,2006,11.5942029953003
PV.PER.RNK.LOWER,CG,2005,6.31067943572998
PV.PER.RNK.LOWER,CG,2004,4.85436916351318
PV.PER.RNK.LOWER,CG,2003,5.52763795852661
PV.PER.RNK.LOWER,CG,2002,0.52910053730011
PV.PER.RNK.LOWER,CG,2001,None
PV.PER.RNK.LOWER,CG,2000,8.99470901489258
PV.PER.RNK.LOWER,CG,1999,None
PV.PER.RNK.LOWER,CG,1998,3.72340416908264
PV.PER.RNK.LOWER,CG,1997,None
PV.PER.RNK.LOWER,CG,1996,3.72340416908264
PV.PER.RNK.LOWER,CG,1995,None
PV.PER.RNK.LOWER,KM,2023,None
PV.PER.RNK.LOWER,KM,2022,21.698112487793
PV.PER.RNK.LOWER,KM,2021,22.6415100097656
PV.PER.RNK.LOWER,KM,2020,20.2830181121826
PV.PER.RNK.LOWER,KM,2019,23.5849056243896
PV.PER.RNK.LOWER,KM,2018,19.3396224975586
PV.PER.RNK.LOWER,KM,2017,30
PV.PER.RNK.LOWER,KM,2016,31.4285717010498
PV.PER.RNK.LOWER,KM,2015,22.8571434020996
PV.PER.RNK.LOWER,KM,2014,25.7142848968506
PV.PER.RNK.LOWER,KM,2013,21.8009471893311
PV.PER.RNK.LOWER,KM,2012,18.4834117889404
PV.PER.RNK.LOWER,KM,2011,13.7440757751465
PV.PER.RNK.LOWER,KM,2010,13.7440757751465
PV.PER.RNK.LOWER,KM,2009,11.3744077682495
PV.PER.RNK.LOWER,KM,2008,8.65384578704834
PV.PER.RNK.LOWER,KM,2007,7.72946882247925
PV.PER.RNK.LOWER,KM,2006,17.3913040161133
PV.PER.RNK.LOWER,KM,2005,16.990291595459
PV.PER.RNK.LOWER,KM,2004,22.3300971984863
PV.PER.RNK.LOWER,KM,2003,13.5678396224976
PV.PER.RNK.LOWER,KM,2002,32.2751312255859
PV.PER.RNK.LOWER,KM,2001,None
PV.PER.RNK.LOWER,KM,2000,24.8677253723145
PV.PER.RNK.LOWER,KM,1999,None
PV.PER.RNK.LOWER,KM,1998,38.2978706359863
PV.PER.RNK.LOWER,KM,1997,None
PV.PER.RNK.LOWER,KM,1996,37.2340431213379
PV.PER.RNK.LOWER,KM,1995,None
PV.PER.RNK.LOWER,CV,2023,None
PV.PER.RNK.LOWER,CV,2022,62.2641525268555
PV.PER.RNK.LOWER,CV,2021,59.9056587219238
PV.PER.RNK.LOWER,CV,2020,60.8490562438965
PV.PER.RNK.LOWER,CV,2019,60.3773574829102
PV.PER.RNK.LOWER,CV,2018,62.2641525268555
PV.PER.RNK.LOWER,CV,2017,60
PV.PER.RNK.LOWER,CV,2016,63.3333320617676
PV.PER.RNK.LOWER,CV,2015,60.9523811340332
PV.PER.RNK.LOWER,CV,2014,44.2857131958008
PV.PER.RNK.LOWER,CV,2013,59.7156410217285
PV.PER.RNK.LOWER,CV,2012,59.7156410217285
PV.PER.RNK.LOWER,CV,2011,54.502368927002
PV.PER.RNK.LOWER,CV,2010,57.8199043273926
PV.PER.RNK.LOWER,CV,2009,54.028434753418
PV.PER.RNK.LOWER,CV,2008,55.288459777832
PV.PER.RNK.LOWER,CV,2007,56.5217399597168
PV.PER.RNK.LOWER,CV,2006,59.4202880859375
PV.PER.RNK.LOWER,CV,2005,50.4854354858398
PV.PER.RNK.LOWER,CV,2004,61.6504859924316
PV.PER.RNK.LOWER,CV,2003,58.2914581298828
PV.PER.RNK.LOWER,CV,2002,47.0899467468262
PV.PER.RNK.LOWER,CV,2001,None
PV.PER.RNK.LOWER,CV,2000,57.6719589233398
PV.PER.RNK.LOWER,CV,1999,None
PV.PER.RNK.LOWER,CV,1998,52.1276588439941
PV.PER.RNK.LOWER,CV,1997,None
PV.PER.RNK.LOWER,CV,1996,47.8723411560059
PV.PER.RNK.LOWER,CV,1995,None
PV.PER.RNK.LOWER,DJ,2023,None
PV.PER.RNK.LOWER,DJ,2022,16.0377349853516
PV.PER.RNK.LOWER,DJ,2021,16.0377349853516
PV.PER.RNK.LOWER,DJ,2020,16.9811325073242
PV.PER.RNK.LOWER,DJ,2019,19.8113212585449
PV.PER.RNK.LOWER,DJ,2018,28.7735843658447
PV.PER.RNK.LOWER,DJ,2017,11.9047622680664
PV.PER.RNK.LOWER,DJ,2016,13.8095235824585
PV.PER.RNK.LOWER,DJ,2015,20.4761905670166
PV.PER.RNK.LOWER,DJ,2014,10.4761905670166
PV.PER.RNK.LOWER,DJ,2013,27.488151550293
PV.PER.RNK.LOWER,DJ,2012,37.9146919250488
PV.PER.RNK.LOWER,DJ,2011,37.9146919250488
PV.PER.RNK.LOWER,DJ,2010,37.9146919250488
PV.PER.RNK.LOWER,DJ,2009,44.5497627258301
PV.PER.RNK.LOWER,DJ,2008,36.0576934814453
PV.PER.RNK.LOWER,DJ,2007,25.1207733154297
PV.PER.RNK.LOWER,DJ,2006,22.2222213745117
PV.PER.RNK.LOWER,DJ,2005,7.76699018478394
PV.PER.RNK.LOWER,DJ,2004,18.9320392608643
PV.PER.RNK.LOWER,DJ,2003,9.04522609710693
PV.PER.RNK.LOWER,DJ,2002,19.0476188659668
PV.PER.RNK.LOWER,DJ,2001,None
PV.PER.RNK.LOWER,DJ,2000,17.9894180297852
PV.PER.RNK.LOWER,DJ,1999,None
PV.PER.RNK.LOWER,DJ,1998,7.44680833816528
PV.PER.RNK.LOWER,DJ,1997,None
PV.PER.RNK.LOWER,DJ,1996,14.361701965332
PV.PER.RNK.LOWER,DJ,1995,None
PV.PER.RNK.LOWER,EG,2023,None
PV.PER.RNK.LOWER,EG,2022,9.90566062927246
PV.PER.RNK.LOWER,EG,2021,9.43396186828613
PV.PER.RNK.LOWER,EG,2020,8.01886749267578
PV.PER.RNK.LOWER,EG,2019,8.49056625366211
PV.PER.RNK.LOWER,EG,2018,7.54716968536377
PV.PER.RNK.LOWER,EG,2017,7.14285707473755
PV.PER.RNK.LOWER,EG,2016,6.66666650772095
PV.PER.RNK.LOWER,EG,2015,6.66666650772095
PV.PER.RNK.LOWER,EG,2014,6.1904764175415
PV.PER.RNK.LOWER,EG,2013,3.79146909713745
PV.PER.RNK.LOWER,EG,2012,5.21327018737793
PV.PER.RNK.LOWER,EG,2011,4.26540279388428
PV.PER.RNK.LOWER,EG,2010,10.4265403747559
PV.PER.RNK.LOWER,EG,2009,16.1137447357178
PV.PER.RNK.LOWER,EG,2008,16.8269233703613
PV.PER.RNK.LOWER,EG,2007,17.3913040161133
PV.PER.RNK.LOWER,EG,2006,13.5265703201294
PV.PER.RNK.LOWER,EG,2005,16.990291595459
PV.PER.RNK.LOWER,EG,2004,12.62135887146
PV.PER.RNK.LOWER,EG,2003,16.0804023742676
PV.PER.RNK.LOWER,EG,2002,20.1058197021484
PV.PER.RNK.LOWER,EG,2001,None
PV.PER.RNK.LOWER,EG,2000,30.1587295532227
PV.PER.RNK.LOWER,EG,1999,None
PV.PER.RNK.LOWER,EG,1998,26.5957450866699
PV.PER.RNK.LOWER,EG,1997,None
PV.PER.RNK.LOWER,EG,1996,13.297872543335
PV.PER.RNK.LOWER,EG,1995,None
PV.PER.RNK.LOWER,ER,2023,None
PV.PER.RNK.LOWER,ER,2022,10.3773584365845
PV.PER.RNK.LOWER,ER,2021,8.96226406097412
PV.PER.RNK.LOWER,ER,2020,10.3773584365845
PV.PER.RNK.LOWER,ER,2019,12.7358493804932
PV.PER.RNK.LOWER,ER,2018,13.6792449951172
PV.PER.RNK.LOWER,ER,2017,11.9047622680664
PV.PER.RNK.LOWER,ER,2016,13.3333330154419
PV.PER.RNK.LOWER,ER,2015,9.0476188659668
PV.PER.RNK.LOWER,ER,2014,10
PV.PER.RNK.LOWER,ER,2013,12.7962083816528
PV.PER.RNK.LOWER,ER,2012,15.6398105621338
PV.PER.RNK.LOWER,ER,2011,12.7962083816528
PV.PER.RNK.LOWER,ER,2010,10.4265403747559
PV.PER.RNK.LOWER,ER,2009,14.2180099487305
PV.PER.RNK.LOWER,ER,2008,13.4615383148193
PV.PER.RNK.LOWER,ER,2007,9.17874431610107
PV.PER.RNK.LOWER,ER,2006,11.5942029953003
PV.PER.RNK.LOWER,ER,2005,11.1650485992432
PV.PER.RNK.LOWER,ER,2004,15.0485439300537
PV.PER.RNK.LOWER,ER,2003,12.0603017807007
PV.PER.RNK.LOWER,ER,2002,19.0476188659668
PV.PER.RNK.LOWER,ER,2001,None
PV.PER.RNK.LOWER,ER,2000,8.99470901489258
PV.PER.RNK.LOWER,ER,1999,None
PV.PER.RNK.LOWER,ER,1998,7.44680833816528
PV.PER.RNK.LOWER,ER,1997,None
PV.PER.RNK.LOWER,ER,1996,5.85106372833252
PV.PER.RNK.LOWER,ER,1995,None
PV.PER.RNK.LOWER,ET,2023,None
PV.PER.RNK.LOWER,ET,2022,2.35849046707153
PV.PER.RNK.LOWER,ET,2021,0.943396210670471
PV.PER.RNK.LOWER,ET,2020,3.77358484268188
PV.PER.RNK.LOWER,ET,2019,6.13207530975342
PV.PER.RNK.LOWER,ET,2018,6.60377359390259
PV.PER.RNK.LOWER,ET,2017,3.80952382087708
PV.PER.RNK.LOWER,ET,2016,5.7142858505249
PV.PER.RNK.LOWER,ET,2015,6.66666650772095
PV.PER.RNK.LOWER,ET,2014,7.14285707473755
PV.PER.RNK.LOWER,ET,2013,4.7393364906311
PV.PER.RNK.LOWER,ET,2012,4.7393364906311
PV.PER.RNK.LOWER,ET,2011,3.79146909713745
PV.PER.RNK.LOWER,ET,2010,3.3175356388092
PV.PER.RNK.LOWER,ET,2009,2.84360194206238
PV.PER.RNK.LOWER,ET,2008,1.92307686805725
PV.PER.RNK.LOWER,ET,2007,2.4154589176178
PV.PER.RNK.LOWER,ET,2006,1.44927537441254
PV.PER.RNK.LOWER,ET,2005,0.970873773097992
PV.PER.RNK.LOWER,ET,2004,4.36893224716187
PV.PER.RNK.LOWER,ET,2003,4.52261304855347
PV.PER.RNK.LOWER,ET,2002,3.70370364189148
PV.PER.RNK.LOWER,ET,2001,None
PV.PER.RNK.LOWER,ET,2000,8.99470901489258
PV.PER.RNK.LOWER,ET,1999,None
PV.PER.RNK.LOWER,ET,1998,12.7659578323364
PV.PER.RNK.LOWER,ET,1997,None
PV.PER.RNK.LOWER,ET,1996,6.38297891616821
PV.PER.RNK.LOWER,ET,1995,None
PV.PER.RNK.LOWER,FM,2023,None
PV.PER.RNK.LOWER,FM,2022,73.5849075317383
PV.PER.RNK.LOWER,FM,2021,72.1698150634766
PV.PER.RNK.LOWER,FM,2020,70.7547149658203
PV.PER.RNK.LOWER,FM,2019,66.9811325073242
PV.PER.RNK.LOWER,FM,2018,77.8301849365234
PV.PER.RNK.LOWER,FM,2017,70.476188659668
PV.PER.RNK.LOWER,FM,2016,65.7142868041992
PV.PER.RNK.LOWER,FM,2015,64.7619018554688
PV.PER.RNK.LOWER,FM,2014,65.7142868041992
PV.PER.RNK.LOWER,FM,2013,65.4028472900391
PV.PER.RNK.LOWER,FM,2012,69.1943130493164
PV.PER.RNK.LOWER,FM,2011,64.4549789428711
PV.PER.RNK.LOWER,FM,2010,68.7203826904297
PV.PER.RNK.LOWER,FM,2009,72.0379180908203
PV.PER.RNK.LOWER,FM,2008,69.2307662963867
PV.PER.RNK.LOWER,FM,2007,68.5990371704102
PV.PER.RNK.LOWER,FM,2006,63.7681159973145
PV.PER.RNK.LOWER,FM,2005,65.0485458374023
PV.PER.RNK.LOWER,FM,2004,62.1359214782715
PV.PER.RNK.LOWER,FM,2003,36.6834182739258
PV.PER.RNK.LOWER,FM,2002,None
PV.PER.RNK.LOWER,FM,2001,None
PV.PER.RNK.LOWER,FM,2000,None
PV.PER.RNK.LOWER,FM,1999,None
PV.PER.RNK.LOWER,FM,1998,None
PV.PER.RNK.LOWER,FM,1997,None
PV.PER.RNK.LOWER,FM,1996,None
PV.PER.RNK.LOWER,FM,1995,None
PV.PER.RNK.LOWER,GH,2023,None
PV.PER.RNK.LOWER,GH,2022,27.3584899902344
PV.PER.RNK.LOWER,GH,2021,34.9056587219238
PV.PER.RNK.LOWER,GH,2020,40.0943412780762
PV.PER.RNK.LOWER,GH,2019,38.2075462341309
PV.PER.RNK.LOWER,GH,2018,32.0754699707031
PV.PER.RNK.LOWER,GH,2017,35.238094329834
PV.PER.RNK.LOWER,GH,2016,27.619047164917
PV.PER.RNK.LOWER,GH,2015,33.3333320617676
PV.PER.RNK.LOWER,GH,2014,29.5238094329834
PV.PER.RNK.LOWER,GH,2013,36.4928894042969
PV.PER.RNK.LOWER,GH,2012,37.9146919250488
PV.PER.RNK.LOWER,GH,2011,39.3364944458008
PV.PER.RNK.LOWER,GH,2010,33.1753540039063
PV.PER.RNK.LOWER,GH,2009,31.2796211242676
PV.PER.RNK.LOWER,GH,2008,29.8076915740967
PV.PER.RNK.LOWER,GH,2007,28.019323348999
PV.PER.RNK.LOWER,GH,2006,31.4009666442871
PV.PER.RNK.LOWER,GH,2005,36.8932037353516
PV.PER.RNK.LOWER,GH,2004,29.6116504669189
PV.PER.RNK.LOWER,GH,2003,30.1507530212402
PV.PER.RNK.LOWER,GH,2002,25.9259262084961
PV.PER.RNK.LOWER,GH,2001,None
PV.PER.RNK.LOWER,GH,2000,19.5767192840576
PV.PER.RNK.LOWER,GH,1999,None
PV.PER.RNK.LOWER,GH,1998,22.340425491333
PV.PER.RNK.LOWER,GH,1997,None
PV.PER.RNK.LOWER,GH,1996,20.7446804046631
PV.PER.RNK.LOWER,GH,1995,None
PV.PER.RNK.LOWER,GN,2023,None
PV.PER.RNK.LOWER,GN,2022,12.2641506195068
PV.PER.RNK.LOWER,GN,2021,10.3773584365845
PV.PER.RNK.LOWER,GN,2020,12.7358493804932
PV.PER.RNK.LOWER,GN,2019,11.7924528121948
PV.PER.RNK.LOWER,GN,2018,11.3207550048828
PV.PER.RNK.LOWER,GN,2017,13.3333330154419
PV.PER.RNK.LOWER,GN,2016,20.4761905670166
PV.PER.RNK.LOWER,GN,2015,21.9047622680664
PV.PER.RNK.LOWER,GN,2014,8.5714282989502
PV.PER.RNK.LOWER,GN,2013,7.5829381942749
PV.PER.RNK.LOWER,GN,2012,6.16113758087158
PV.PER.RNK.LOWER,GN,2011,4.26540279388428
PV.PER.RNK.LOWER,GN,2010,3.3175356388092
PV.PER.RNK.LOWER,GN,2009,1.42180097103119
PV.PER.RNK.LOWER,GN,2008,0.961538434028625
PV.PER.RNK.LOWER,GN,2007,0
PV.PER.RNK.LOWER,GN,2006,0.483091801404953
PV.PER.RNK.LOWER,GN,2005,6.31067943572998
PV.PER.RNK.LOWER,GN,2004,5.82524251937866
PV.PER.RNK.LOWER,GN,2003,10.5527639389038
PV.PER.RNK.LOWER,GN,2002,1.05820107460022
PV.PER.RNK.LOWER,GN,2001,None
PV.PER.RNK.LOWER,GN,2000,0
PV.PER.RNK.LOWER,GN,1999,None
PV.PER.RNK.LOWER,GN,1998,12.2340421676636
PV.PER.RNK.LOWER,GN,1997,None
PV.PER.RNK.LOWER,GN,1996,4.25531911849976
PV.PER.RNK.LOWER,GN,1995,None
PV.PER.RNK.LOWER,GM,2023,None
PV.PER.RNK.LOWER,GM,2022,33.4905662536621
PV.PER.RNK.LOWER,GM,2021,33.4905662536621
PV.PER.RNK.LOWER,GM,2020,42.4528312683105
PV.PER.RNK.LOWER,GM,2019,40.0943412780762
PV.PER.RNK.LOWER,GM,2018,29.7169818878174
PV.PER.RNK.LOWER,GM,2017,29.5238094329834
PV.PER.RNK.LOWER,GM,2016,19.0476188659668
PV.PER.RNK.LOWER,GM,2015,34.2857131958008
PV.PER.RNK.LOWER,GM,2014,29.0476188659668
PV.PER.RNK.LOWER,GM,2013,30.3317527770996
PV.PER.RNK.LOWER,GM,2012,35.0710906982422
PV.PER.RNK.LOWER,GM,2011,30.8056869506836
PV.PER.RNK.LOWER,GM,2010,33.1753540039063
PV.PER.RNK.LOWER,GM,2009,32.7014236450195
PV.PER.RNK.LOWER,GM,2008,29.8076915740967
PV.PER.RNK.LOWER,GM,2007,30.4347820281982
PV.PER.RNK.LOWER,GM,2006,29.468599319458
PV.PER.RNK.LOWER,GM,2005,35.9223289489746
PV.PER.RNK.LOWER,GM,2004,31.5533981323242
PV.PER.RNK.LOWER,GM,2003,37.6884422302246
PV.PER.RNK.LOWER,GM,2002,50.2645492553711
PV.PER.RNK.LOWER,GM,2001,None
PV.PER.RNK.LOWER,GM,2000,40.7407417297363
PV.PER.RNK.LOWER,GM,1999,None
PV.PER.RNK.LOWER,GM,1998,47.3404273986816
PV.PER.RNK.LOWER,GM,1997,None
PV.PER.RNK.LOWER,GM,1996,43.0851058959961
PV.PER.RNK.LOWER,GM,1995,None
PV.PER.RNK.LOWER,GW,2023,None
PV.PER.RNK.LOWER,GW,2022,16.9811325073242
PV.PER.RNK.LOWER,GW,2021,20.2830181121826
PV.PER.RNK.LOWER,GW,2020,12.2641506195068
PV.PER.RNK.LOWER,GW,2019,13.6792449951172
PV.PER.RNK.LOWER,GW,2018,12.7358493804932
PV.PER.RNK.LOWER,GW,2017,16.1904754638672
PV.PER.RNK.LOWER,GW,2016,17.1428565979004
PV.PER.RNK.LOWER,GW,2015,17.619047164917
PV.PER.RNK.LOWER,GW,2014,11.9047622680664
PV.PER.RNK.LOWER,GW,2013,8.05687236785889
PV.PER.RNK.LOWER,GW,2012,7.5829381942749
PV.PER.RNK.LOWER,GW,2011,11.3744077682495
PV.PER.RNK.LOWER,GW,2010,12.3222751617432
PV.PER.RNK.LOWER,GW,2009,14.2180099487305
PV.PER.RNK.LOWER,GW,2008,12.5
PV.PER.RNK.LOWER,GW,2007,16.9082126617432
PV.PER.RNK.LOWER,GW,2006,16.425121307373
PV.PER.RNK.LOWER,GW,2005,16.5048542022705
PV.PER.RNK.LOWER,GW,2004,18.9320392608643
PV.PER.RNK.LOWER,GW,2003,19.0954780578613
PV.PER.RNK.LOWER,GW,2002,12.6984128952026
PV.PER.RNK.LOWER,GW,2001,None
PV.PER.RNK.LOWER,GW,2000,17.4603176116943
PV.PER.RNK.LOWER,GW,1999,None
PV.PER.RNK.LOWER,GW,1998,0
PV.PER.RNK.LOWER,GW,1997,None
PV.PER.RNK.LOWER,GW,1996,2.12765955924988
PV.PER.RNK.LOWER,GW,1995,None
PV.PER.RNK.LOWER,HN,2023,None
PV.PER.RNK.LOWER,HN,2022,15.0943393707275
PV.PER.RNK.LOWER,HN,2021,15.0943393707275
PV.PER.RNK.LOWER,HN,2020,18.3962268829346
PV.PER.RNK.LOWER,HN,2019,14.6226415634155
PV.PER.RNK.LOWER,HN,2018,16.5094337463379
PV.PER.RNK.LOWER,HN,2017,16.1904754638672
PV.PER.RNK.LOWER,HN,2016,20
PV.PER.RNK.LOWER,HN,2015,20.9523811340332
PV.PER.RNK.LOWER,HN,2014,17.1428565979004
PV.PER.RNK.LOWER,HN,2013,19.9052124023438
PV.PER.RNK.LOWER,HN,2012,21.8009471893311
PV.PER.RNK.LOWER,HN,2011,20.3791465759277
PV.PER.RNK.LOWER,HN,2010,19.4312801361084
PV.PER.RNK.LOWER,HN,2009,21.8009471893311
PV.PER.RNK.LOWER,HN,2008,15.865385055542
PV.PER.RNK.LOWER,HN,2007,18.3574886322021
PV.PER.RNK.LOWER,HN,2006,15.9420289993286
PV.PER.RNK.LOWER,HN,2005,16.990291595459
PV.PER.RNK.LOWER,HN,2004,19.4174766540527
PV.PER.RNK.LOWER,HN,2003,21.608039855957
PV.PER.RNK.LOWER,HN,2002,23.8095245361328
PV.PER.RNK.LOWER,HN,2001,None
PV.PER.RNK.LOWER,HN,2000,25.9259262084961
PV.PER.RNK.LOWER,HN,1999,None
PV.PER.RNK.LOWER,HN,1998,29.2553195953369
PV.PER.RNK.LOWER,HN,1997,None
PV.PER.RNK.LOWER,HN,1996,14.8936166763306
PV.PER.RNK.LOWER,HN,1995,None
PV.PER.RNK.LOWER,HT,2023,None
PV.PER.RNK.LOWER,HT,2022,7.54716968536377
PV.PER.RNK.LOWER,HT,2021,8.49056625366211
PV.PER.RNK.LOWER,HT,2020,10.3773584365845
PV.PER.RNK.LOWER,HT,2019,11.7924528121948
PV.PER.RNK.LOWER,HT,2018,13.6792449951172
PV.PER.RNK.LOWER,HT,2017,13.3333330154419
PV.PER.RNK.LOWER,HT,2016,12.380952835083
PV.PER.RNK.LOWER,HT,2015,13.8095235824585
PV.PER.RNK.LOWER,HT,2014,13.8095235824585
PV.PER.RNK.LOWER,HT,2013,17.5355453491211
PV.PER.RNK.LOWER,HT,2012,13.7440757751465
PV.PER.RNK.LOWER,HT,2011,9.47867298126221
PV.PER.RNK.LOWER,HT,2010,9.95260620117188
PV.PER.RNK.LOWER,HT,2009,9.95260620117188
PV.PER.RNK.LOWER,HT,2008,6.73076915740967
PV.PER.RNK.LOWER,HT,2007,7.24637699127197
PV.PER.RNK.LOWER,HT,2006,5.31400966644287
PV.PER.RNK.LOWER,HT,2005,0.485436886548996
PV.PER.RNK.LOWER,HT,2004,0.970873773097992
PV.PER.RNK.LOWER,HT,2003,4.52261304855347
PV.PER.RNK.LOWER,HT,2002,3.17460322380066
PV.PER.RNK.LOWER,HT,2001,None
PV.PER.RNK.LOWER,HT,2000,12.1693124771118
PV.PER.RNK.LOWER,HT,1999,None
PV.PER.RNK.LOWER,HT,1998,7.97872352600098
PV.PER.RNK.LOWER,HT,1997,None
PV.PER.RNK.LOWER,HT,1996,8.51063823699951
PV.PER.RNK.LOWER,HT,1995,None
PV.PER.RNK.LOWER,IN,2023,None
PV.PER.RNK.LOWER,IN,2022,15.5660381317139
PV.PER.RNK.LOWER,IN,2021,13.6792449951172
PV.PER.RNK.LOWER,IN,2020,11.3207550048828
PV.PER.RNK.LOWER,IN,2019,11.7924528121948
PV.PER.RNK.LOWER,IN,2018,9.90566062927246
PV.PER.RNK.LOWER,IN,2017,11.9047622680664
PV.PER.RNK.LOWER,IN,2016,10.4761905670166
PV.PER.RNK.LOWER,IN,2015,9.0476188659668
PV.PER.RNK.LOWER,IN,2014,8.5714282989502
PV.PER.RNK.LOWER,IN,2013,7.5829381942749
PV.PER.RNK.LOWER,IN,2012,6.16113758087158
PV.PER.RNK.LOWER,IN,2011,5.21327018737793
PV.PER.RNK.LOWER,IN,2010,4.7393364906311
PV.PER.RNK.LOWER,IN,2009,5.21327018737793
PV.PER.RNK.LOWER,IN,2008,9.61538505554199
PV.PER.RNK.LOWER,IN,2007,8.69565200805664
PV.PER.RNK.LOWER,IN,2006,8.69565200805664
PV.PER.RNK.LOWER,IN,2005,7.76699018478394
PV.PER.RNK.LOWER,IN,2004,4.85436916351318
PV.PER.RNK.LOWER,IN,2003,4.02010059356689
PV.PER.RNK.LOWER,IN,2002,5.29100513458252
PV.PER.RNK.LOWER,IN,2001,None
PV.PER.RNK.LOWER,IN,2000,8.99470901489258
PV.PER.RNK.LOWER,IN,1999,None
PV.PER.RNK.LOWER,IN,1998,6.38297891616821
PV.PER.RNK.LOWER,IN,1997,None
PV.PER.RNK.LOWER,IN,1996,6.91489362716675
PV.PER.RNK.LOWER,IN,1995,None
PV.PER.RNK.LOWER,JO,2023,None
PV.PER.RNK.LOWER,JO,2022,22.1698112487793
PV.PER.RNK.LOWER,JO,2021,23.5849056243896
PV.PER.RNK.LOWER,JO,2020,23.5849056243896
PV.PER.RNK.LOWER,JO,2019,23.5849056243896
PV.PER.RNK.LOWER,JO,2018,20.2830181121826
PV.PER.RNK.LOWER,JO,2017,18.5714282989502
PV.PER.RNK.LOWER,JO,2016,17.1428565979004
PV.PER.RNK.LOWER,JO,2015,17.1428565979004
PV.PER.RNK.LOWER,JO,2014,17.1428565979004
PV.PER.RNK.LOWER,JO,2013,17.5355453491211
PV.PER.RNK.LOWER,JO,2012,19.4312801361084
PV.PER.RNK.LOWER,JO,2011,19.4312801361084
PV.PER.RNK.LOWER,JO,2010,24.1706161499023
PV.PER.RNK.LOWER,JO,2009,20.8530807495117
PV.PER.RNK.LOWER,JO,2008,19.7115383148193
PV.PER.RNK.LOWER,JO,2007,23.6714973449707
PV.PER.RNK.LOWER,JO,2006,13.5265703201294
PV.PER.RNK.LOWER,JO,2005,28.1553401947021
PV.PER.RNK.LOWER,JO,2004,23.3009700775146
PV.PER.RNK.LOWER,JO,2003,29.1457290649414
PV.PER.RNK.LOWER,JO,2002,20.1058197021484
PV.PER.RNK.LOWER,JO,2001,None
PV.PER.RNK.LOWER,JO,2000,29.100528717041
PV.PER.RNK.LOWER,JO,1999,None
PV.PER.RNK.LOWER,JO,1998,30.319149017334
PV.PER.RNK.LOWER,JO,1997,None
PV.PER.RNK.LOWER,JO,1996,23.4042549133301
PV.PER.RNK.LOWER,JO,1995,None
PV.PER.RNK.LOWER,KE,2023,None
PV.PER.RNK.LOWER,KE,2022,10.8490562438965
PV.PER.RNK.LOWER,KE,2021,9.43396186828613
PV.PER.RNK.LOWER,KE,2020,10.3773584365845
PV.PER.RNK.LOWER,KE,2019,8.49056625366211
PV.PER.RNK.LOWER,KE,2018,7.54716968536377
PV.PER.RNK.LOWER,KE,2017,8.5714282989502
PV.PER.RNK.LOWER,KE,2016,7.14285707473755
PV.PER.RNK.LOWER,KE,2015,7.61904764175415
PV.PER.RNK.LOWER,KE,2014,7.61904764175415
PV.PER.RNK.LOWER,KE,2013,7.5829381942749
PV.PER.RNK.LOWER,KE,2012,5.68720388412476
PV.PER.RNK.LOWER,KE,2011,5.21327018737793
PV.PER.RNK.LOWER,KE,2010,8.05687236785889
PV.PER.RNK.LOWER,KE,2009,5.21327018737793
PV.PER.RNK.LOWER,KE,2008,7.692307472229
PV.PER.RNK.LOWER,KE,2007,7.72946882247925
PV.PER.RNK.LOWER,KE,2006,8.21256065368652
PV.PER.RNK.LOWER,KE,2005,5.33980560302734
PV.PER.RNK.LOWER,KE,2004,5.82524251937866
PV.PER.RNK.LOWER,KE,2003,5.52763795852661
PV.PER.RNK.LOWER,KE,2002,5.29100513458252
PV.PER.RNK.LOWER,KE,2001,None
PV.PER.RNK.LOWER,KE,2000,7.93650770187378
PV.PER.RNK.LOWER,KE,1999,None
PV.PER.RNK.LOWER,KE,1998,10.1063833236694
PV.PER.RNK.LOWER,KE,1997,None
PV.PER.RNK.LOWER,KE,1996,9.57446765899658
PV.PER.RNK.LOWER,KE,1995,None
PV.PER.RNK.LOWER,KG,2023,None
PV.PER.RNK.LOWER,KG,2022,15.5660381317139
PV.PER.RNK.LOWER,KG,2021,18.3962268829346
PV.PER.RNK.LOWER,KG,2020,18.3962268829346
PV.PER.RNK.LOWER,KG,2019,22.6415100097656
PV.PER.RNK.LOWER,KG,2018,16.0377349853516
PV.PER.RNK.LOWER,KG,2017,20.4761905670166
PV.PER.RNK.LOWER,KG,2016,13.8095235824585
PV.PER.RNK.LOWER,KG,2015,9.5238094329834
PV.PER.RNK.LOWER,KG,2014,10
PV.PER.RNK.LOWER,KG,2013,9.47867298126221
PV.PER.RNK.LOWER,KG,2012,10.4265403747559
PV.PER.RNK.LOWER,KG,2011,5.68720388412476
PV.PER.RNK.LOWER,KG,2010,9.00473976135254
PV.PER.RNK.LOWER,KG,2009,14.6919431686401
PV.PER.RNK.LOWER,KG,2008,15.865385055542
PV.PER.RNK.LOWER,KG,2007,9.17874431610107
PV.PER.RNK.LOWER,KG,2006,5.31400966644287
PV.PER.RNK.LOWER,KG,2005,5.33980560302734
PV.PER.RNK.LOWER,KG,2004,4.85436916351318
PV.PER.RNK.LOWER,KG,2003,5.52763795852661
PV.PER.RNK.LOWER,KG,2002,12.6984128952026
PV.PER.RNK.LOWER,KG,2001,None
PV.PER.RNK.LOWER,KG,2000,19.0476188659668
PV.PER.RNK.LOWER,KG,1999,None
PV.PER.RNK.LOWER,KG,1998,18.6170215606689
PV.PER.RNK.LOWER,KG,1997,None
PV.PER.RNK.LOWER,KG,1996,19.680850982666
PV.PER.RNK.LOWER,KG,1995,None
PV.PER.RNK.LOWER,KH,2023,None
PV.PER.RNK.LOWER,KH,2022,29.7169818878174
PV.PER.RNK.LOWER,KH,2021,27.3584899902344
PV.PER.RNK.LOWER,KH,2020,24.056604385376
PV.PER.RNK.LOWER,KH,2019,27.8301887512207
PV.PER.RNK.LOWER,KH,2018,37.7358474731445
PV.PER.RNK.LOWER,KH,2017,34.761905670166
PV.PER.RNK.LOWER,KH,2016,40.476188659668
PV.PER.RNK.LOWER,KH,2015,35.7142868041992
PV.PER.RNK.LOWER,KH,2014,35.238094329834
PV.PER.RNK.LOWER,KH,2013,27.488151550293
PV.PER.RNK.LOWER,KH,2012,31.7535552978516
PV.PER.RNK.LOWER,KH,2011,23.6966819763184
PV.PER.RNK.LOWER,KH,2010,18.4834117889404
PV.PER.RNK.LOWER,KH,2009,16.5876770019531
PV.PER.RNK.LOWER,KH,2008,21.634614944458
PV.PER.RNK.LOWER,KH,2007,20.2898559570313
PV.PER.RNK.LOWER,KH,2006,23.1884059906006
PV.PER.RNK.LOWER,KH,2005,21.3592224121094
PV.PER.RNK.LOWER,KH,2004,18.9320392608643
PV.PER.RNK.LOWER,KH,2003,15.0753765106201
PV.PER.RNK.LOWER,KH,2002,13.7566137313843
PV.PER.RNK.LOWER,KH,2001,None
PV.PER.RNK.LOWER,KH,2000,10.582010269165
PV.PER.RNK.LOWER,KH,1999,None
PV.PER.RNK.LOWER,KH,1998,4.25531911849976
PV.PER.RNK.LOWER,KH,1997,None
PV.PER.RNK.LOWER,KH,1996,5.85106372833252
PV.PER.RNK.LOWER,KH,1995,None
PV.PER.RNK.LOWER,KI,2023,None
PV.PER.RNK.LOWER,KI,2022,69.8113174438477
PV.PER.RNK.LOWER,KI,2021,66.9811325073242
PV.PER.RNK.LOWER,KI,2020,68.8679275512695
PV.PER.RNK.LOWER,KI,2019,67.9245300292969
PV.PER.RNK.LOWER,KI,2018,64.1509399414063
PV.PER.RNK.LOWER,KI,2017,59.0476188659668
PV.PER.RNK.LOWER,KI,2016,58.5714302062988
PV.PER.RNK.LOWER,KI,2015,58.5714302062988
PV.PER.RNK.LOWER,KI,2014,59.0476188659668
PV.PER.RNK.LOWER,KI,2013,67.7725143432617
PV.PER.RNK.LOWER,KI,2012,70.1421813964844
PV.PER.RNK.LOWER,KI,2011,68.7203826904297
PV.PER.RNK.LOWER,KI,2010,78.1990509033203
PV.PER.RNK.LOWER,KI,2009,78.6729888916016
PV.PER.RNK.LOWER,KI,2008,71.6346130371094
PV.PER.RNK.LOWER,KI,2007,72.4637680053711
PV.PER.RNK.LOWER,KI,2006,68.1159439086914
PV.PER.RNK.LOWER,KI,2005,68.4466018676758
PV.PER.RNK.LOWER,KI,2004,63.5922317504883
PV.PER.RNK.LOWER,KI,2003,52.7638206481934
PV.PER.RNK.LOWER,KI,2002,None
PV.PER.RNK.LOWER,KI,2001,None
PV.PER.RNK.LOWER,KI,2000,None
PV.PER.RNK.LOWER,KI,1999,None
PV.PER.RNK.LOWER,KI,1998,None
PV.PER.RNK.LOWER,KI,1997,None
PV.PER.RNK.LOWER,KI,1996,None
PV.PER.RNK.LOWER,KI,1995,None
PV.PER.RNK.LOWER,LA,2023,None
PV.PER.RNK.LOWER,LA,2022,57.5471687316895
PV.PER.RNK.LOWER,LA,2021,55.6603775024414
PV.PER.RNK.LOWER,LA,2020,56.1320762634277
PV.PER.RNK.LOWER,LA,2019,52.8301887512207
PV.PER.RNK.LOWER,LA,2018,49.5283012390137
PV.PER.RNK.LOWER,LA,2017,46.1904754638672
PV.PER.RNK.LOWER,LA,2016,52.3809509277344
PV.PER.RNK.LOWER,LA,2015,54.2857131958008
PV.PER.RNK.LOWER,LA,2014,52.3809509277344
PV.PER.RNK.LOWER,LA,2013,36.0189590454102
PV.PER.RNK.LOWER,LA,2012,35.5450248718262
PV.PER.RNK.LOWER,LA,2011,30.3317527770996
PV.PER.RNK.LOWER,LA,2010,24.1706161499023
PV.PER.RNK.LOWER,LA,2009,25.5924167633057
PV.PER.RNK.LOWER,LA,2008,29.8076915740967
PV.PER.RNK.LOWER,LA,2007,24.6376819610596
PV.PER.RNK.LOWER,LA,2006,27.0531406402588
PV.PER.RNK.LOWER,LA,2005,16.990291595459
PV.PER.RNK.LOWER,LA,2004,15.5339803695679
PV.PER.RNK.LOWER,LA,2003,4.52261304855347
PV.PER.RNK.LOWER,LA,2002,21.1640205383301
PV.PER.RNK.LOWER,LA,2001,None
PV.PER.RNK.LOWER,LA,2000,11.1111106872559
PV.PER.RNK.LOWER,LA,1999,None
PV.PER.RNK.LOWER,LA,1998,18.6170215606689
PV.PER.RNK.LOWER,LA,1997,None
PV.PER.RNK.LOWER,LA,1996,31.9148941040039
PV.PER.RNK.LOWER,LA,1995,None
PV.PER.RNK.LOWER,LB,2023,None
PV.PER.RNK.LOWER,LB,2022,6.60377359390259
PV.PER.RNK.LOWER,LB,2021,5.18867921829224
PV.PER.RNK.LOWER,LB,2020,4.24528312683105
PV.PER.RNK.LOWER,LB,2019,4.24528312683105
PV.PER.RNK.LOWER,LB,2018,5.18867921829224
PV.PER.RNK.LOWER,LB,2017,5.2380952835083
PV.PER.RNK.LOWER,LB,2016,5.7142858505249
PV.PER.RNK.LOWER,LB,2015,4.7619047164917
PV.PER.RNK.LOWER,LB,2014,5.7142858505249
PV.PER.RNK.LOWER,LB,2013,3.79146909713745
PV.PER.RNK.LOWER,LB,2012,3.79146909713745
PV.PER.RNK.LOWER,LB,2011,3.3175356388092
PV.PER.RNK.LOWER,LB,2010,3.3175356388092
PV.PER.RNK.LOWER,LB,2009,4.26540279388428
PV.PER.RNK.LOWER,LB,2008,1.92307686805725
PV.PER.RNK.LOWER,LB,2007,0.483091801404953
PV.PER.RNK.LOWER,LB,2006,0.966183602809906
PV.PER.RNK.LOWER,LB,2005,7.76699018478394
PV.PER.RNK.LOWER,LB,2004,13.5922327041626
PV.PER.RNK.LOWER,LB,2003,20.6030158996582
PV.PER.RNK.LOWER,LB,2002,20.1058197021484
PV.PER.RNK.LOWER,LB,2001,None
PV.PER.RNK.LOWER,LB,2000,17.4603176116943
PV.PER.RNK.LOWER,LB,1999,None
PV.PER.RNK.LOWER,LB,1998,10.638298034668
PV.PER.RNK.LOWER,LB,1997,None
PV.PER.RNK.LOWER,LB,1996,9.57446765899658
PV.PER.RNK.LOWER,LB,1995,None
PV.PER.RNK.LOWER,LR,2023,None
PV.PER.RNK.LOWER,LR,2022,22.1698112487793
PV.PER.RNK.LOWER,LR,2021,23.5849056243896
PV.PER.RNK.LOWER,LR,2020,22.6415100097656
PV.PER.RNK.LOWER,LR,2019,21.698112487793
PV.PER.RNK.LOWER,LR,2018,26.4150943756104
PV.PER.RNK.LOWER,LR,2017,22.8571434020996
PV.PER.RNK.LOWER,LR,2016,19.5238094329834
PV.PER.RNK.LOWER,LR,2015,10.9523811340332
PV.PER.RNK.LOWER,LR,2014,14.2857141494751
PV.PER.RNK.LOWER,LR,2013,19.4312801361084
PV.PER.RNK.LOWER,LR,2012,20.3791465759277
PV.PER.RNK.LOWER,LR,2011,19.9052124023438
PV.PER.RNK.LOWER,LR,2010,18.9573459625244
PV.PER.RNK.LOWER,LR,2009,9.00473976135254
PV.PER.RNK.LOWER,LR,2008,8.17307662963867
PV.PER.RNK.LOWER,LR,2007,7.72946882247925
PV.PER.RNK.LOWER,LR,2006,5.31400966644287
PV.PER.RNK.LOWER,LR,2005,3.88349509239197
PV.PER.RNK.LOWER,LR,2004,4.36893224716187
PV.PER.RNK.LOWER,LR,2003,0
PV.PER.RNK.LOWER,LR,2002,0
PV.PER.RNK.LOWER,LR,2001,None
PV.PER.RNK.LOWER,LR,2000,0
PV.PER.RNK.LOWER,LR,1999,None
PV.PER.RNK.LOWER,LR,1998,0.531914889812469
PV.PER.RNK.LOWER,LR,1997,None
PV.PER.RNK.LOWER,LR,1996,0
PV.PER.RNK.LOWER,LR,1995,None
PV.PER.RNK.LOWER,LK,2023,None
PV.PER.RNK.LOWER,LK,2022,12.7358493804932
PV.PER.RNK.LOWER,LK,2021,18.8679237365723
PV.PER.RNK.LOWER,LK,2020,27.8301887512207
PV.PER.RNK.LOWER,LK,2019,23.5849056243896
PV.PER.RNK.LOWER,LK,2018,28.7735843658447
PV.PER.RNK.LOWER,LK,2017,30
PV.PER.RNK.LOWER,LK,2016,32.8571434020996
PV.PER.RNK.LOWER,LK,2015,37.1428565979004
PV.PER.RNK.LOWER,LK,2014,23.8095245361328
PV.PER.RNK.LOWER,LK,2013,17.5355453491211
PV.PER.RNK.LOWER,LK,2012,15.6398105621338
PV.PER.RNK.LOWER,LK,2011,14.2180099487305
PV.PER.RNK.LOWER,LK,2010,9.95260620117188
PV.PER.RNK.LOWER,LK,2009,5.21327018737793
PV.PER.RNK.LOWER,LK,2008,1.92307686805725
PV.PER.RNK.LOWER,LK,2007,2.89855074882507
PV.PER.RNK.LOWER,LK,2006,5.31400966644287
PV.PER.RNK.LOWER,LK,2005,6.31067943572998
PV.PER.RNK.LOWER,LK,2004,7.76699018478394
PV.PER.RNK.LOWER,LK,2003,11.0552759170532
PV.PER.RNK.LOWER,LK,2002,13.7566137313843
PV.PER.RNK.LOWER,LK,2001,None
PV.PER.RNK.LOWER,LK,2000,0
PV.PER.RNK.LOWER,LK,1999,None
PV.PER.RNK.LOWER,LK,1998,3.72340416908264
PV.PER.RNK.LOWER,LK,1997,None
PV.PER.RNK.LOWER,LK,1996,2.12765955924988
PV.PER.RNK.LOWER,LK,1995,None
PV.PER.RNK.LOWER,LS,2023,None
PV.PER.RNK.LOWER,LS,2022,25.4716987609863
PV.PER.RNK.LOWER,LS,2021,24.056604385376
PV.PER.RNK.LOWER,LS,2020,22.6415100097656
PV.PER.RNK.LOWER,LS,2019,18.3962268829346
PV.PER.RNK.LOWER,LS,2018,25.943395614624
PV.PER.RNK.LOWER,LS,2017,25.7142848968506
PV.PER.RNK.LOWER,LS,2016,24.761905670166
PV.PER.RNK.LOWER,LS,2015,21.9047622680664
PV.PER.RNK.LOWER,LS,2014,23.3333339691162
PV.PER.RNK.LOWER,LS,2013,42.6540298461914
PV.PER.RNK.LOWER,LS,2012,40.2843589782715
PV.PER.RNK.LOWER,LS,2011,41.2322273254395
PV.PER.RNK.LOWER,LS,2010,45.0236968994141
PV.PER.RNK.LOWER,LS,2009,40.2843589782715
PV.PER.RNK.LOWER,LS,2008,23.0769233703613
PV.PER.RNK.LOWER,LS,2007,18.3574886322021
PV.PER.RNK.LOWER,LS,2006,26.57004737854
PV.PER.RNK.LOWER,LS,2005,26.2135925292969
PV.PER.RNK.LOWER,LS,2004,36.4077682495117
PV.PER.RNK.LOWER,LS,2003,29.6482410430908
PV.PER.RNK.LOWER,LS,2002,23.280424118042
PV.PER.RNK.LOWER,LS,2001,None
PV.PER.RNK.LOWER,LS,2000,25.9259262084961
PV.PER.RNK.LOWER,LS,1999,None
PV.PER.RNK.LOWER,LS,1998,18.6170215606689
PV.PER.RNK.LOWER,LS,1997,None
PV.PER.RNK.LOWER,LS,1996,26.5957450866699
PV.PER.RNK.LOWER,LS,1995,None
PV.PER.RNK.LOWER,MA,2023,None
PV.PER.RNK.LOWER,MA,2022,20.7547168731689
PV.PER.RNK.LOWER,MA,2021,18.8679237365723
PV.PER.RNK.LOWER,MA,2020,20.2830181121826
PV.PER.RNK.LOWER,MA,2019,20.2830181121826
PV.PER.RNK.LOWER,MA,2018,21.2264156341553
PV.PER.RNK.LOWER,MA,2017,20.4761905670166
PV.PER.RNK.LOWER,MA,2016,22.8571434020996
PV.PER.RNK.LOWER,MA,2015,21.9047622680664
PV.PER.RNK.LOWER,MA,2014,20.9523811340332
PV.PER.RNK.LOWER,MA,2013,19.4312801361084
PV.PER.RNK.LOWER,MA,2012,20.3791465759277
PV.PER.RNK.LOWER,MA,2011,20.3791465759277
PV.PER.RNK.LOWER,MA,2010,22.274881362915
PV.PER.RNK.LOWER,MA,2009,19.9052124023438
PV.PER.RNK.LOWER,MA,2008,15.865385055542
PV.PER.RNK.LOWER,MA,2007,18.3574886322021
PV.PER.RNK.LOWER,MA,2006,19.8067626953125
PV.PER.RNK.LOWER,MA,2005,17.4757289886475
PV.PER.RNK.LOWER,MA,2004,21.8446598052979
PV.PER.RNK.LOWER,MA,2003,21.608039855957
PV.PER.RNK.LOWER,MA,2002,23.8095245361328
PV.PER.RNK.LOWER,MA,2001,None
PV.PER.RNK.LOWER,MA,2000,26.4550266265869
PV.PER.RNK.LOWER,MA,1999,None
PV.PER.RNK.LOWER,MA,1998,34.5744667053223
PV.PER.RNK.LOWER,MA,1997,None
PV.PER.RNK.LOWER,MA,1996,21.2765960693359
PV.PER.RNK.LOWER,MA,1995,None
PV.PER.RNK.LOWER,MG,2023,None
PV.PER.RNK.LOWER,MG,2022,16.0377349853516
PV.PER.RNK.LOWER,MG,2021,17.9245281219482
PV.PER.RNK.LOWER,MG,2020,16.0377349853516
PV.PER.RNK.LOWER,MG,2019,22.6415100097656
PV.PER.RNK.LOWER,MG,2018,14.6226415634155
PV.PER.RNK.LOWER,MG,2017,22.8571434020996
PV.PER.RNK.LOWER,MG,2016,23.8095245361328
PV.PER.RNK.LOWER,MG,2015,21.4285717010498
PV.PER.RNK.LOWER,MG,2014,16.6666660308838
PV.PER.RNK.LOWER,MG,2013,17.0616111755371
PV.PER.RNK.LOWER,MG,2012,19.4312801361084
PV.PER.RNK.LOWER,MG,2011,14.6919431686401
PV.PER.RNK.LOWER,MG,2010,9.95260620117188
PV.PER.RNK.LOWER,MG,2009,14.6919431686401
PV.PER.RNK.LOWER,MG,2008,17.7884616851807
PV.PER.RNK.LOWER,MG,2007,34.2995185852051
PV.PER.RNK.LOWER,MG,2006,39.613525390625
PV.PER.RNK.LOWER,MG,2005,29.1262130737305
PV.PER.RNK.LOWER,MG,2004,36.4077682495117
PV.PER.RNK.LOWER,MG,2003,47.2361793518066
PV.PER.RNK.LOWER,MG,2002,20.1058197021484
PV.PER.RNK.LOWER,MG,2001,None
PV.PER.RNK.LOWER,MG,2000,30.1587295532227
PV.PER.RNK.LOWER,MG,1999,None
PV.PER.RNK.LOWER,MG,1998,30.319149017334
PV.PER.RNK.LOWER,MG,1997,None
PV.PER.RNK.LOWER,MG,1996,29.7872333526611
PV.PER.RNK.LOWER,MG,1995,None
PV.PER.RNK.LOWER,ML,2023,None
PV.PER.RNK.LOWER,ML,2022,0
PV.PER.RNK.LOWER,ML,2021,0
PV.PER.RNK.LOWER,ML,2020,1.41509437561035
PV.PER.RNK.LOWER,ML,2019,1.41509437561035
PV.PER.RNK.LOWER,ML,2018,1.41509437561035
PV.PER.RNK.LOWER,ML,2017,3.33333325386047
PV.PER.RNK.LOWER,ML,2016,5.7142858505249
PV.PER.RNK.LOWER,ML,2015,4.7619047164917
PV.PER.RNK.LOWER,ML,2014,5.2380952835083
PV.PER.RNK.LOWER,ML,2013,3.3175356388092
PV.PER.RNK.LOWER,ML,2012,1.89573454856873
PV.PER.RNK.LOWER,ML,2011,14.6919431686401
PV.PER.RNK.LOWER,ML,2010,26.0663509368896
PV.PER.RNK.LOWER,ML,2009,28.9099521636963
PV.PER.RNK.LOWER,ML,2008,37.5
PV.PER.RNK.LOWER,ML,2007,37.6811599731445
PV.PER.RNK.LOWER,ML,2006,42.9951705932617
PV.PER.RNK.LOWER,ML,2005,36.4077682495117
PV.PER.RNK.LOWER,ML,2004,43.6893196105957
PV.PER.RNK.LOWER,ML,2003,36.6834182739258
PV.PER.RNK.LOWER,ML,2002,39.1534385681152
PV.PER.RNK.LOWER,ML,2001,None
PV.PER.RNK.LOWER,ML,2000,31.7460308074951
PV.PER.RNK.LOWER,ML,1999,None
PV.PER.RNK.LOWER,ML,1998,36.1702117919922
PV.PER.RNK.LOWER,ML,1997,None
PV.PER.RNK.LOWER,ML,1996,35.638298034668
PV.PER.RNK.LOWER,ML,1995,None
PV.PER.RNK.LOWER,MM,2023,None
PV.PER.RNK.LOWER,MM,2022,0
PV.PER.RNK.LOWER,MM,2021,1.41509437561035
PV.PER.RNK.LOWER,MM,2020,4.24528312683105
PV.PER.RNK.LOWER,MM,2019,5.66037750244141
PV.PER.RNK.LOWER,MM,2018,7.07547187805176
PV.PER.RNK.LOWER,MM,2017,8.5714282989502
PV.PER.RNK.LOWER,MM,2016,10.9523811340332
PV.PER.RNK.LOWER,MM,2015,8.5714282989502
PV.PER.RNK.LOWER,MM,2014,8.09523773193359
PV.PER.RNK.LOWER,MM,2013,7.5829381942749
PV.PER.RNK.LOWER,MM,2012,9.00473976135254
PV.PER.RNK.LOWER,MM,2011,5.68720388412476
PV.PER.RNK.LOWER,MM,2010,4.26540279388428
PV.PER.RNK.LOWER,MM,2009,5.21327018737793
PV.PER.RNK.LOWER,MM,2008,9.13461494445801
PV.PER.RNK.LOWER,MM,2007,9.17874431610107
PV.PER.RNK.LOWER,MM,2006,12.5603866577148
PV.PER.RNK.LOWER,MM,2005,10.6796112060547
PV.PER.RNK.LOWER,MM,2004,7.76699018478394
PV.PER.RNK.LOWER,MM,2003,5.52763795852661
PV.PER.RNK.LOWER,MM,2002,2.64550256729126
PV.PER.RNK.LOWER,MM,2001,None
PV.PER.RNK.LOWER,MM,2000,1.05820107460022
PV.PER.RNK.LOWER,MM,1999,None
PV.PER.RNK.LOWER,MM,1998,3.72340416908264
PV.PER.RNK.LOWER,MM,1997,None
PV.PER.RNK.LOWER,MM,1996,3.72340416908264
PV.PER.RNK.LOWER,MM,1995,None
PV.PER.RNK.LOWER,MZ,2023,None
PV.PER.RNK.LOWER,MZ,2022,8.01886749267578
PV.PER.RNK.LOWER,MZ,2021,7.54716968536377
PV.PER.RNK.LOWER,MZ,2020,7.54716968536377
PV.PER.RNK.LOWER,MZ,2019,12.2641506195068
PV.PER.RNK.LOWER,MZ,2018,12.2641506195068
PV.PER.RNK.LOWER,MZ,2017,9.5238094329834
PV.PER.RNK.LOWER,MZ,2016,8.5714282989502
PV.PER.RNK.LOWER,MZ,2015,19.5238094329834
PV.PER.RNK.LOWER,MZ,2014,23.3333339691162
PV.PER.RNK.LOWER,MZ,2013,25.5924167633057
PV.PER.RNK.LOWER,MZ,2012,45.497631072998
PV.PER.RNK.LOWER,MZ,2011,43.6018943786621
PV.PER.RNK.LOWER,MZ,2010,45.0236968994141
PV.PER.RNK.LOWER,MZ,2009,52.1327018737793
PV.PER.RNK.LOWER,MZ,2008,43.75
PV.PER.RNK.LOWER,MZ,2007,41.5458946228027
PV.PER.RNK.LOWER,MZ,2006,48.7922706604004
PV.PER.RNK.LOWER,MZ,2005,36.4077682495117
PV.PER.RNK.LOWER,MZ,2004,29.6116504669189
PV.PER.RNK.LOWER,MZ,2003,37.6884422302246
PV.PER.RNK.LOWER,MZ,2002,31.7460308074951
PV.PER.RNK.LOWER,MZ,2001,None
PV.PER.RNK.LOWER,MZ,2000,25.3968257904053
PV.PER.RNK.LOWER,MZ,1999,None
PV.PER.RNK.LOWER,MZ,1998,30.319149017334
PV.PER.RNK.LOWER,MZ,1997,None
PV.PER.RNK.LOWER,MZ,1996,23.4042549133301
PV.PER.RNK.LOWER,MZ,1995,None
PV.PER.RNK.LOWER,MR,2023,None
PV.PER.RNK.LOWER,MR,2022,16.0377349853516
PV.PER.RNK.LOWER,MR,2021,16.9811325073242
PV.PER.RNK.LOWER,MR,2020,12.7358493804932
PV.PER.RNK.LOWER,MR,2019,14.6226415634155
PV.PER.RNK.LOWER,MR,2018,13.2075471878052
PV.PER.RNK.LOWER,MR,2017,13.8095235824585
PV.PER.RNK.LOWER,MR,2016,11.4285717010498
PV.PER.RNK.LOWER,MR,2015,15.2380952835083
PV.PER.RNK.LOWER,MR,2014,15.2380952835083
PV.PER.RNK.LOWER,MR,2013,7.5829381942749
PV.PER.RNK.LOWER,MR,2012,7.10900497436523
PV.PER.RNK.LOWER,MR,2011,5.21327018737793
PV.PER.RNK.LOWER,MR,2010,9.00473976135254
PV.PER.RNK.LOWER,MR,2009,11.3744077682495
PV.PER.RNK.LOWER,MR,2008,14.9038457870483
PV.PER.RNK.LOWER,MR,2007,23.6714973449707
PV.PER.RNK.LOWER,MR,2006,39.613525390625
PV.PER.RNK.LOWER,MR,2005,24.2718448638916
PV.PER.RNK.LOWER,MR,2004,23.3009700775146
PV.PER.RNK.LOWER,MR,2003,29.1457290649414
PV.PER.RNK.LOWER,MR,2002,31.7460308074951
PV.PER.RNK.LOWER,MR,2001,None
PV.PER.RNK.LOWER,MR,2000,32.2751312255859
PV.PER.RNK.LOWER,MR,1999,None
PV.PER.RNK.LOWER,MR,1998,33.5106391906738
PV.PER.RNK.LOWER,MR,1997,None
PV.PER.RNK.LOWER,MR,1996,31.9148941040039
PV.PER.RNK.LOWER,MR,1995,None
PV.PER.RNK.LOWER,MW,2023,None
PV.PER.RNK.LOWER,MW,2022,25.4716987609863
PV.PER.RNK.LOWER,MW,2021,28.301887512207
PV.PER.RNK.LOWER,MW,2020,26.4150943756104
PV.PER.RNK.LOWER,MW,2019,22.6415100097656
PV.PER.RNK.LOWER,MW,2018,19.3396224975586
PV.PER.RNK.LOWER,MW,2017,25.238094329834
PV.PER.RNK.LOWER,MW,2016,28.0952377319336
PV.PER.RNK.LOWER,MW,2015,35.238094329834
PV.PER.RNK.LOWER,MW,2014,36.6666679382324
PV.PER.RNK.LOWER,MW,2013,26.0663509368896
PV.PER.RNK.LOWER,MW,2012,35.5450248718262
PV.PER.RNK.LOWER,MW,2011,30.3317527770996
PV.PER.RNK.LOWER,MW,2010,32.2274894714355
PV.PER.RNK.LOWER,MW,2009,31.2796211242676
PV.PER.RNK.LOWER,MW,2008,28.8461532592773
PV.PER.RNK.LOWER,MW,2007,32.8502426147461
PV.PER.RNK.LOWER,MW,2006,33.8164253234863
PV.PER.RNK.LOWER,MW,2005,35.9223289489746
PV.PER.RNK.LOWER,MW,2004,32.5242729187012
PV.PER.RNK.LOWER,MW,2003,30.1507530212402
PV.PER.RNK.LOWER,MW,2002,29.100528717041
PV.PER.RNK.LOWER,MW,2001,None
PV.PER.RNK.LOWER,MW,2000,19.5767192840576
PV.PER.RNK.LOWER,MW,1999,None
PV.PER.RNK.LOWER,MW,1998,25
PV.PER.RNK.LOWER,MW,1997,None
PV.PER.RNK.LOWER,MW,1996,14.8936166763306
PV.PER.RNK.LOWER,MW,1995,None
PV.PER.RNK.LOWER,NE,2023,None
PV.PER.RNK.LOWER,NE,2022,6.60377359390259
PV.PER.RNK.LOWER,NE,2021,5.18867921829224
PV.PER.RNK.LOWER,NE,2020,3.77358484268188
PV.PER.RNK.LOWER,NE,2019,5.18867921829224
PV.PER.RNK.LOWER,NE,2018,6.60377359390259
PV.PER.RNK.LOWER,NE,2017,8.09523773193359
PV.PER.RNK.LOWER,NE,2016,8.5714282989502
PV.PER.RNK.LOWER,NE,2015,9.0476188659668
PV.PER.RNK.LOWER,NE,2014,8.09523773193359
PV.PER.RNK.LOWER,NE,2013,6.16113758087158
PV.PER.RNK.LOWER,NE,2012,7.10900497436523
PV.PER.RNK.LOWER,NE,2011,11.8483409881592
PV.PER.RNK.LOWER,NE,2010,8.05687236785889
PV.PER.RNK.LOWER,NE,2009,8.05687236785889
PV.PER.RNK.LOWER,NE,2008,13.4615383148193
PV.PER.RNK.LOWER,NE,2007,18.3574886322021
PV.PER.RNK.LOWER,NE,2006,25.1207733154297
PV.PER.RNK.LOWER,NE,2005,18.4466018676758
PV.PER.RNK.LOWER,NE,2004,17.9611644744873
PV.PER.RNK.LOWER,NE,2003,29.1457290649414
PV.PER.RNK.LOWER,NE,2002,22.7513236999512
PV.PER.RNK.LOWER,NE,2001,None
PV.PER.RNK.LOWER,NE,2000,30.1587295532227
PV.PER.RNK.LOWER,NE,1999,None
PV.PER.RNK.LOWER,NE,1998,18.0851058959961
PV.PER.RNK.LOWER,NE,1997,None
PV.PER.RNK.LOWER,NE,1996,23.4042549133301
PV.PER.RNK.LOWER,NE,1995,None
PV.PER.RNK.LOWER,NG,2023,None
PV.PER.RNK.LOWER,NG,2022,3.77358484268188
PV.PER.RNK.LOWER,NG,2021,3.77358484268188
PV.PER.RNK.LOWER,NG,2020,2.35849046707153
PV.PER.RNK.LOWER,NG,2019,2.8301887512207
PV.PER.RNK.LOWER,NG,2018,1.41509437561035
PV.PER.RNK.LOWER,NG,2017,2.38095235824585
PV.PER.RNK.LOWER,NG,2016,4.2857141494751
PV.PER.RNK.LOWER,NG,2015,2.38095235824585
PV.PER.RNK.LOWER,NG,2014,2.38095235824585
PV.PER.RNK.LOWER,NG,2013,1.42180097103119
PV.PER.RNK.LOWER,NG,2012,1.89573454856873
PV.PER.RNK.LOWER,NG,2011,1.89573454856873
PV.PER.RNK.LOWER,NG,2010,0.947867274284363
PV.PER.RNK.LOWER,NG,2009,1.42180097103119
PV.PER.RNK.LOWER,NG,2008,1.92307686805725
PV.PER.RNK.LOWER,NG,2007,0.966183602809906
PV.PER.RNK.LOWER,NG,2006,0.483091801404953
PV.PER.RNK.LOWER,NG,2005,1.45631062984467
PV.PER.RNK.LOWER,NG,2004,2.42718458175659
PV.PER.RNK.LOWER,NG,2003,2.51256275177002
PV.PER.RNK.LOWER,NG,2002,1.05820107460022
PV.PER.RNK.LOWER,NG,2001,None
PV.PER.RNK.LOWER,NG,2000,1.58730161190033
PV.PER.RNK.LOWER,NG,1999,None
PV.PER.RNK.LOWER,NG,1998,13.297872543335
PV.PER.RNK.LOWER,NG,1997,None
PV.PER.RNK.LOWER,NG,1996,6.38297891616821
PV.PER.RNK.LOWER,NG,1995,None
PV.PER.RNK.LOWER,NI,2023,None
PV.PER.RNK.LOWER,NI,2022,19.3396224975586
PV.PER.RNK.LOWER,NI,2021,17.9245281219482
PV.PER.RNK.LOWER,NI,2020,15.0943393707275
PV.PER.RNK.LOWER,NI,2019,9.90566062927246
PV.PER.RNK.LOWER,NI,2018,10.3773584365845
PV.PER.RNK.LOWER,NI,2017,30
PV.PER.RNK.LOWER,NI,2016,30
PV.PER.RNK.LOWER,NI,2015,30.9523811340332
PV.PER.RNK.LOWER,NI,2014,30.4761905670166
PV.PER.RNK.LOWER,NI,2013,25.1184825897217
PV.PER.RNK.LOWER,NI,2012,23.222749710083
PV.PER.RNK.LOWER,NI,2011,25.5924167633057
PV.PER.RNK.LOWER,NI,2010,18.9573459625244
PV.PER.RNK.LOWER,NI,2009,21.8009471893311
PV.PER.RNK.LOWER,NI,2008,24.0384616851807
PV.PER.RNK.LOWER,NI,2007,27.0531406402588
PV.PER.RNK.LOWER,NI,2006,25.1207733154297
PV.PER.RNK.LOWER,NI,2005,22.8155345916748
PV.PER.RNK.LOWER,NI,2004,21.3592224121094
PV.PER.RNK.LOWER,NI,2003,22.1105518341064
PV.PER.RNK.LOWER,NI,2002,26.9841270446777
PV.PER.RNK.LOWER,NI,2001,None
PV.PER.RNK.LOWER,NI,2000,26.4550266265869
PV.PER.RNK.LOWER,NI,1999,None
PV.PER.RNK.LOWER,NI,1998,15.957447052002
PV.PER.RNK.LOWER,NI,1997,None
PV.PER.RNK.LOWER,NI,1996,13.8297872543335
PV.PER.RNK.LOWER,NI,1995,None
PV.PER.RNK.LOWER,NP,2023,None
PV.PER.RNK.LOWER,NP,2022,23.1132068634033
PV.PER.RNK.LOWER,NP,2021,26.4150943756104
PV.PER.RNK.LOWER,NP,2020,25.943395614624
PV.PER.RNK.LOWER,NP,2019,18.8679237365723
PV.PER.RNK.LOWER,NP,2018,15.5660381317139
PV.PER.RNK.LOWER,NP,2017,14.7619047164917
PV.PER.RNK.LOWER,NP,2016,10.9523811340332
PV.PER.RNK.LOWER,NP,2015,9.0476188659668
PV.PER.RNK.LOWER,NP,2014,12.380952835083
PV.PER.RNK.LOWER,NP,2013,7.5829381942749
PV.PER.RNK.LOWER,NP,2012,5.21327018737793
PV.PER.RNK.LOWER,NP,2011,4.26540279388428
PV.PER.RNK.LOWER,NP,2010,3.79146909713745
PV.PER.RNK.LOWER,NP,2009,2.84360194206238
PV.PER.RNK.LOWER,NP,2008,1.92307686805725
PV.PER.RNK.LOWER,NP,2007,1.93236720561981
PV.PER.RNK.LOWER,NP,2006,0.483091801404953
PV.PER.RNK.LOWER,NP,2005,0.485436886548996
PV.PER.RNK.LOWER,NP,2004,0.485436886548996
PV.PER.RNK.LOWER,NP,2003,0
PV.PER.RNK.LOWER,NP,2002,0
PV.PER.RNK.LOWER,NP,2001,None
PV.PER.RNK.LOWER,NP,2000,3.70370364189148
PV.PER.RNK.LOWER,NP,1999,None
PV.PER.RNK.LOWER,NP,1998,10.1063833236694
PV.PER.RNK.LOWER,NP,1997,None
PV.PER.RNK.LOWER,NP,1996,20.7446804046631
PV.PER.RNK.LOWER,NP,1995,None
PV.PER.RNK.LOWER,PK,2023,None
PV.PER.RNK.LOWER,PK,2022,2.35849046707153
PV.PER.RNK.LOWER,PK,2021,4.24528312683105
PV.PER.RNK.LOWER,PK,2020,3.30188679695129
PV.PER.RNK.LOWER,PK,2019,0.943396210670471
PV.PER.RNK.LOWER,PK,2018,0.943396210670471
PV.PER.RNK.LOWER,PK,2017,0.476190477609634
PV.PER.RNK.LOWER,PK,2016,0
PV.PER.RNK.LOWER,PK,2015,0
PV.PER.RNK.LOWER,PK,2014,0
PV.PER.RNK.LOWER,PK,2013,0
PV.PER.RNK.LOWER,PK,2012,0
PV.PER.RNK.LOWER,PK,2011,0
PV.PER.RNK.LOWER,PK,2010,0
PV.PER.RNK.LOWER,PK,2009,0
PV.PER.RNK.LOWER,PK,2008,0
PV.PER.RNK.LOWER,PK,2007,0
PV.PER.RNK.LOWER,PK,2006,0.483091801404953
PV.PER.RNK.LOWER,PK,2005,0.970873773097992
PV.PER.RNK.LOWER,PK,2004,3.39805817604065
PV.PER.RNK.LOWER,PK,2003,3.01507544517517
PV.PER.RNK.LOWER,PK,2002,1.05820107460022
PV.PER.RNK.LOWER,PK,2001,None
PV.PER.RNK.LOWER,PK,2000,6.87830686569214
PV.PER.RNK.LOWER,PK,1999,None
PV.PER.RNK.LOWER,PK,1998,7.44680833816528
PV.PER.RNK.LOWER,PK,1997,None
PV.PER.RNK.LOWER,PK,1996,5.85106372833252
PV.PER.RNK.LOWER,PK,1995,None
PV.PER.RNK.LOWER,PH,2023,None
PV.PER.RNK.LOWER,PH,2022,13.2075471878052
PV.PER.RNK.LOWER,PH,2021,10.3773584365845
PV.PER.RNK.LOWER,PH,2020,12.2641506195068
PV.PER.RNK.LOWER,PH,2019,11.7924528121948
PV.PER.RNK.LOWER,PH,2018,8.01886749267578
PV.PER.RNK.LOWER,PH,2017,8.5714282989502
PV.PER.RNK.LOWER,PH,2016,7.14285707473755
PV.PER.RNK.LOWER,PH,2015,10
PV.PER.RNK.LOWER,PH,2014,13.3333330154419
PV.PER.RNK.LOWER,PH,2013,7.5829381942749
PV.PER.RNK.LOWER,PH,2012,7.10900497436523
PV.PER.RNK.LOWER,PH,2011,5.21327018737793
PV.PER.RNK.LOWER,PH,2010,3.3175356388092
PV.PER.RNK.LOWER,PH,2009,2.36966824531555
PV.PER.RNK.LOWER,PH,2008,1.92307686805725
PV.PER.RNK.LOWER,PH,2007,3.86473441123962
PV.PER.RNK.LOWER,PH,2006,1.93236720561981
PV.PER.RNK.LOWER,PH,2005,6.31067943572998
PV.PER.RNK.LOWER,PH,2004,2.42718458175659
PV.PER.RNK.LOWER,PH,2003,3.51758790016174
PV.PER.RNK.LOWER,PH,2002,12.6984128952026
PV.PER.RNK.LOWER,PH,2001,None
PV.PER.RNK.LOWER,PH,2000,4.23280429840088
PV.PER.RNK.LOWER,PH,1999,None
PV.PER.RNK.LOWER,PH,1998,18.6170215606689
PV.PER.RNK.LOWER,PH,1997,None
PV.PER.RNK.LOWER,PH,1996,14.8936166763306
PV.PER.RNK.LOWER,PH,1995,None
PV.PER.RNK.LOWER,PG,2023,None
PV.PER.RNK.LOWER,PG,2022,14.1509437561035
PV.PER.RNK.LOWER,PG,2021,17.4528293609619
PV.PER.RNK.LOWER,PG,2020,14.1509437561035
PV.PER.RNK.LOWER,PG,2019,12.7358493804932
PV.PER.RNK.LOWER,PG,2018,13.2075471878052
PV.PER.RNK.LOWER,PG,2017,13.3333330154419
PV.PER.RNK.LOWER,PG,2016,16.6666660308838
PV.PER.RNK.LOWER,PG,2015,21.4285717010498
PV.PER.RNK.LOWER,PG,2014,23.3333339691162
PV.PER.RNK.LOWER,PG,2013,18.0094795227051
PV.PER.RNK.LOWER,PG,2012,17.5355453491211
PV.PER.RNK.LOWER,PG,2011,13.2701425552368
PV.PER.RNK.LOWER,PG,2010,12.3222751617432
PV.PER.RNK.LOWER,PG,2009,12.7962083816528
PV.PER.RNK.LOWER,PG,2008,15.865385055542
PV.PER.RNK.LOWER,PG,2007,13.043478012085
PV.PER.RNK.LOWER,PG,2006,12.0772943496704
PV.PER.RNK.LOWER,PG,2005,10.6796112060547
PV.PER.RNK.LOWER,PG,2004,17.4757289886475
PV.PER.RNK.LOWER,PG,2003,19.0954780578613
PV.PER.RNK.LOWER,PG,2002,17.4603176116943
PV.PER.RNK.LOWER,PG,2001,None
PV.PER.RNK.LOWER,PG,2000,21.6931209564209
PV.PER.RNK.LOWER,PG,1999,None
PV.PER.RNK.LOWER,PG,1998,23.9361705780029
PV.PER.RNK.LOWER,PG,1997,None
PV.PER.RNK.LOWER,PG,1996,9.04255294799805
PV.PER.RNK.LOWER,PG,1995,None
PV.PER.RNK.LOWER,KP,2023,None
PV.PER.RNK.LOWER,KP,2022,17.4528293609619
PV.PER.RNK.LOWER,KP,2021,17.9245281219482
PV.PER.RNK.LOWER,KP,2020,20.2830181121826
PV.PER.RNK.LOWER,KP,2019,22.6415100097656
PV.PER.RNK.LOWER,KP,2018,20.7547168731689
PV.PER.RNK.LOWER,KP,2017,17.1428565979004
PV.PER.RNK.LOWER,KP,2016,13.3333330154419
PV.PER.RNK.LOWER,KP,2015,7.61904764175415
PV.PER.RNK.LOWER,KP,2014,8.09523773193359
PV.PER.RNK.LOWER,KP,2013,19.4312801361084
PV.PER.RNK.LOWER,KP,2012,33.6492881774902
PV.PER.RNK.LOWER,KP,2011,23.222749710083
PV.PER.RNK.LOWER,KP,2010,22.274881362915
PV.PER.RNK.LOWER,KP,2009,28.9099521636963
PV.PER.RNK.LOWER,KP,2008,43.75
PV.PER.RNK.LOWER,KP,2007,42.9951705932617
PV.PER.RNK.LOWER,KP,2006,29.468599319458
PV.PER.RNK.LOWER,KP,2005,30.5825233459473
PV.PER.RNK.LOWER,KP,2004,35.4368934631348
PV.PER.RNK.LOWER,KP,2003,35.1758804321289
PV.PER.RNK.LOWER,KP,2002,30.1587295532227
PV.PER.RNK.LOWER,KP,2001,None
PV.PER.RNK.LOWER,KP,2000,25.9259262084961
PV.PER.RNK.LOWER,KP,1999,None
PV.PER.RNK.LOWER,KP,1998,15.957447052002
PV.PER.RNK.LOWER,KP,1997,None
PV.PER.RNK.LOWER,KP,1996,11.702127456665
PV.PER.RNK.LOWER,KP,1995,None
PV.PER.RNK.LOWER,PS,2023,None
PV.PER.RNK.LOWER,PS,2022,2.35849046707153
PV.PER.RNK.LOWER,PS,2021,3.30188679695129
PV.PER.RNK.LOWER,PS,2020,2.35849046707153
PV.PER.RNK.LOWER,PS,2019,2.8301887512207
PV.PER.RNK.LOWER,PS,2018,3.30188679695129
PV.PER.RNK.LOWER,PS,2017,3.80952382087708
PV.PER.RNK.LOWER,PS,2016,2.38095235824585
PV.PER.RNK.LOWER,PS,2015,0.952380955219269
PV.PER.RNK.LOWER,PS,2014,4.2857141494751
PV.PER.RNK.LOWER,PS,2013,1.89573454856873
PV.PER.RNK.LOWER,PS,2012,1.89573454856873
PV.PER.RNK.LOWER,PS,2011,1.89573454856873
PV.PER.RNK.LOWER,PS,2010,1.42180097103119
PV.PER.RNK.LOWER,PS,2009,1.42180097103119
PV.PER.RNK.LOWER,PS,2008,0.961538434028625
PV.PER.RNK.LOWER,PS,2007,0.483091801404953
PV.PER.RNK.LOWER,PS,2006,0.483091801404953
PV.PER.RNK.LOWER,PS,2005,0.970873773097992
PV.PER.RNK.LOWER,PS,2004,4.36893224716187
PV.PER.RNK.LOWER,PS,2003,4.52261304855347
PV.PER.RNK.LOWER,PS,2002,0
PV.PER.RNK.LOWER,PS,2001,None
PV.PER.RNK.LOWER,PS,2000,0.52910053730011
PV.PER.RNK.LOWER,PS,1999,None
PV.PER.RNK.LOWER,PS,1998,3.72340416908264
PV.PER.RNK.LOWER,PS,1997,None
PV.PER.RNK.LOWER,PS,1996,2.12765955924988
PV.PER.RNK.LOWER,PS,1995,None
PV.PER.RNK.LOWER,RW,2023,None
PV.PER.RNK.LOWER,RW,2022,31.6037731170654
PV.PER.RNK.LOWER,RW,2021,34.9056587219238
PV.PER.RNK.LOWER,RW,2020,34.9056587219238
PV.PER.RNK.LOWER,RW,2019,33.0188674926758
PV.PER.RNK.LOWER,RW,2018,37.2641525268555
PV.PER.RNK.LOWER,RW,2017,33.8095245361328
PV.PER.RNK.LOWER,RW,2016,30.4761905670166
PV.PER.RNK.LOWER,RW,2015,33.3333320617676
PV.PER.RNK.LOWER,RW,2014,23.8095245361328
PV.PER.RNK.LOWER,RW,2013,28.4360198974609
PV.PER.RNK.LOWER,RW,2012,25.1184825897217
PV.PER.RNK.LOWER,RW,2011,27.488151550293
PV.PER.RNK.LOWER,RW,2010,23.222749710083
PV.PER.RNK.LOWER,RW,2009,16.5876770019531
PV.PER.RNK.LOWER,RW,2008,19.7115383148193
PV.PER.RNK.LOWER,RW,2007,19.3236713409424
PV.PER.RNK.LOWER,RW,2006,13.5265703201294
PV.PER.RNK.LOWER,RW,2005,6.31067943572998
PV.PER.RNK.LOWER,RW,2004,4.36893224716187
PV.PER.RNK.LOWER,RW,2003,5.52763795852661
PV.PER.RNK.LOWER,RW,2002,0
PV.PER.RNK.LOWER,RW,2001,None
PV.PER.RNK.LOWER,RW,2000,0.52910053730011
PV.PER.RNK.LOWER,RW,1999,None
PV.PER.RNK.LOWER,RW,1998,0
PV.PER.RNK.LOWER,RW,1997,None
PV.PER.RNK.LOWER,RW,1996,0
PV.PER.RNK.LOWER,RW,1995,None
PV.PER.RNK.LOWER,SD,2023,None
PV.PER.RNK.LOWER,SD,2022,2.35849046707153
PV.PER.RNK.LOWER,SD,2021,1.88679242134094
PV.PER.RNK.LOWER,SD,2020,3.77358484268188
PV.PER.RNK.LOWER,SD,2019,4.24528312683105
PV.PER.RNK.LOWER,SD,2018,3.30188679695129
PV.PER.RNK.LOWER,SD,2017,2.85714292526245
PV.PER.RNK.LOWER,SD,2016,0.476190477609634
PV.PER.RNK.LOWER,SD,2015,0.952380955219269
PV.PER.RNK.LOWER,SD,2014,0
PV.PER.RNK.LOWER,SD,2013,0.947867274284363
PV.PER.RNK.LOWER,SD,2012,0.947867274284363
PV.PER.RNK.LOWER,SD,2011,0
PV.PER.RNK.LOWER,SD,2010,0
PV.PER.RNK.LOWER,SD,2009,0
PV.PER.RNK.LOWER,SD,2008,0
PV.PER.RNK.LOWER,SD,2007,0
PV.PER.RNK.LOWER,SD,2006,0.483091801404953
PV.PER.RNK.LOWER,SD,2005,0.485436886548996
PV.PER.RNK.LOWER,SD,2004,3.39805817604065
PV.PER.RNK.LOWER,SD,2003,0
PV.PER.RNK.LOWER,SD,2002,0
PV.PER.RNK.LOWER,SD,2001,None
PV.PER.RNK.LOWER,SD,2000,0
PV.PER.RNK.LOWER,SD,1999,None
PV.PER.RNK.LOWER,SD,1998,0
PV.PER.RNK.LOWER,SD,1997,None
PV.PER.RNK.LOWER,SD,1996,0
PV.PER.RNK.LOWER,SD,1995,None
PV.PER.RNK.LOWER,SN,2023,None
PV.PER.RNK.LOWER,SN,2022,25.4716987609863
PV.PER.RNK.LOWER,SN,2021,25.943395614624
PV.PER.RNK.LOWER,SN,2020,25.943395614624
PV.PER.RNK.LOWER,SN,2019,33.4905662536621
PV.PER.RNK.LOWER,SN,2018,29.2452831268311
PV.PER.RNK.LOWER,SN,2017,30
PV.PER.RNK.LOWER,SN,2016,24.761905670166
PV.PER.RNK.LOWER,SN,2015,29.5238094329834
PV.PER.RNK.LOWER,SN,2014,28.5714282989502
PV.PER.RNK.LOWER,SN,2013,31.7535552978516
PV.PER.RNK.LOWER,SN,2012,32.2274894714355
PV.PER.RNK.LOWER,SN,2011,25.5924167633057
PV.PER.RNK.LOWER,SN,2010,21.3270149230957
PV.PER.RNK.LOWER,SN,2009,25.1184825897217
PV.PER.RNK.LOWER,SN,2008,26.9230766296387
PV.PER.RNK.LOWER,SN,2007,24.6376819610596
PV.PER.RNK.LOWER,SN,2006,25.1207733154297
PV.PER.RNK.LOWER,SN,2005,25.7281551361084
PV.PER.RNK.LOWER,SN,2004,29.6116504669189
PV.PER.RNK.LOWER,SN,2003,25.6281414031982
PV.PER.RNK.LOWER,SN,2002,21.6931209564209
PV.PER.RNK.LOWER,SN,2001,None
PV.PER.RNK.LOWER,SN,2000,13.7566137313843
PV.PER.RNK.LOWER,SN,1999,None
PV.PER.RNK.LOWER,SN,1998,7.97872352600098
PV.PER.RNK.LOWER,SN,1997,None
PV.PER.RNK.LOWER,SN,1996,11.1702127456665
PV.PER.RNK.LOWER,SN,1995,None
PV.PER.RNK.LOWER,SB,2023,None
PV.PER.RNK.LOWER,SB,2022,44.3396224975586
PV.PER.RNK.LOWER,SB,2021,50.9433975219727
PV.PER.RNK.LOWER,SB,2020,51.886791229248
PV.PER.RNK.LOWER,SB,2019,50.4716987609863
PV.PER.RNK.LOWER,SB,2018,44.8113212585449
PV.PER.RNK.LOWER,SB,2017,38.0952377319336
PV.PER.RNK.LOWER,SB,2016,49.0476188659668
PV.PER.RNK.LOWER,SB,2015,54.2857131958008
PV.PER.RNK.LOWER,SB,2014,47.6190490722656
PV.PER.RNK.LOWER,SB,2013,36.4928894042969
PV.PER.RNK.LOWER,SB,2012,36.9668235778809
PV.PER.RNK.LOWER,SB,2011,36.4928894042969
PV.PER.RNK.LOWER,SB,2010,39.3364944458008
PV.PER.RNK.LOWER,SB,2009,32.7014236450195
PV.PER.RNK.LOWER,SB,2008,30.769229888916
PV.PER.RNK.LOWER,SB,2007,33.3333320617676
PV.PER.RNK.LOWER,SB,2006,27.0531406402588
PV.PER.RNK.LOWER,SB,2005,26.2135925292969
PV.PER.RNK.LOWER,SB,2004,26.2135925292969
PV.PER.RNK.LOWER,SB,2003,29.1457290649414
PV.PER.RNK.LOWER,SB,2002,10.582010269165
PV.PER.RNK.LOWER,SB,2001,None
PV.PER.RNK.LOWER,SB,2000,5.8201060295105
PV.PER.RNK.LOWER,SB,1999,None
PV.PER.RNK.LOWER,SB,1998,52.1276588439941
PV.PER.RNK.LOWER,SB,1997,None
PV.PER.RNK.LOWER,SB,1996,47.8723411560059
PV.PER.RNK.LOWER,SB,1995,None
PV.PER.RNK.LOWER,SL,2023,None
PV.PER.RNK.LOWER,SL,2022,27.3584899902344
PV.PER.RNK.LOWER,SL,2021,28.301887512207
PV.PER.RNK.LOWER,SL,2020,21.698112487793
PV.PER.RNK.LOWER,SL,2019,28.301887512207
PV.PER.RNK.LOWER,SL,2018,30.1886787414551
PV.PER.RNK.LOWER,SL,2017,30
PV.PER.RNK.LOWER,SL,2016,25.7142848968506
PV.PER.RNK.LOWER,SL,2015,30
PV.PER.RNK.LOWER,SL,2014,29.5238094329834
PV.PER.RNK.LOWER,SL,2013,26.0663509368896
PV.PER.RNK.LOWER,SL,2012,24.6445503234863
PV.PER.RNK.LOWER,SL,2011,28.4360198974609
PV.PER.RNK.LOWER,SL,2010,25.1184825897217
PV.PER.RNK.LOWER,SL,2009,21.3270149230957
PV.PER.RNK.LOWER,SL,2008,21.634614944458
PV.PER.RNK.LOWER,SL,2007,27.0531406402588
PV.PER.RNK.LOWER,SL,2006,22.2222213745117
PV.PER.RNK.LOWER,SL,2005,18.4466018676758
PV.PER.RNK.LOWER,SL,2004,17.4757289886475
PV.PER.RNK.LOWER,SL,2003,6.03015089035034
PV.PER.RNK.LOWER,SL,2002,12.6984128952026
PV.PER.RNK.LOWER,SL,2001,None
PV.PER.RNK.LOWER,SL,2000,0
PV.PER.RNK.LOWER,SL,1999,None
PV.PER.RNK.LOWER,SL,1998,0
PV.PER.RNK.LOWER,SL,1997,None
PV.PER.RNK.LOWER,SL,1996,2.12765955924988
PV.PER.RNK.LOWER,SL,1995,None
PV.PER.RNK.LOWER,SO,2023,None
PV.PER.RNK.LOWER,SO,2022,0
PV.PER.RNK.LOWER,SO,2021,0
PV.PER.RNK.LOWER,SO,2020,0
PV.PER.RNK.LOWER,SO,2019,0
PV.PER.RNK.LOWER,SO,2018,0.943396210670471
PV.PER.RNK.LOWER,SO,2017,0.476190477609634
PV.PER.RNK.LOWER,SO,2016,0.476190477609634
PV.PER.RNK.LOWER,SO,2015,0
PV.PER.RNK.LOWER,SO,2014,0
PV.PER.RNK.LOWER,SO,2013,0
PV.PER.RNK.LOWER,SO,2012,0
PV.PER.RNK.LOWER,SO,2011,0
PV.PER.RNK.LOWER,SO,2010,0
PV.PER.RNK.LOWER,SO,2009,0
PV.PER.RNK.LOWER,SO,2008,0
PV.PER.RNK.LOWER,SO,2007,0
PV.PER.RNK.LOWER,SO,2006,0
PV.PER.RNK.LOWER,SO,2005,0
PV.PER.RNK.LOWER,SO,2004,0
PV.PER.RNK.LOWER,SO,2003,0
PV.PER.RNK.LOWER,SO,2002,0
PV.PER.RNK.LOWER,SO,2001,None
PV.PER.RNK.LOWER,SO,2000,0
PV.PER.RNK.LOWER,SO,1999,None
PV.PER.RNK.LOWER,SO,1998,0
PV.PER.RNK.LOWER,SO,1997,None
PV.PER.RNK.LOWER,SO,1996,0
PV.PER.RNK.LOWER,SO,1995,None
PV.PER.RNK.LOWER,SS,2023,None
PV.PER.RNK.LOWER,SS,2022,0
PV.PER.RNK.LOWER,SS,2021,0
PV.PER.RNK.LOWER,SS,2020,0.471698105335236
PV.PER.RNK.LOWER,SS,2019,0
PV.PER.RNK.LOWER,SS,2018,0
PV.PER.RNK.LOWER,SS,2017,0
PV.PER.RNK.LOWER,SS,2016,0
PV.PER.RNK.LOWER,SS,2015,0
PV.PER.RNK.LOWER,SS,2014,0
PV.PER.RNK.LOWER,SS,2013,1.89573454856873
PV.PER.RNK.LOWER,SS,2012,5.21327018737793
PV.PER.RNK.LOWER,SS,2011,2.36966824531555
PV.PER.RNK.LOWER,SS,2010,None
PV.PER.RNK.LOWER,SS,2009,None
PV.PER.RNK.LOWER,SS,2008,None
PV.PER.RNK.LOWER,SS,2007,None
PV.PER.RNK.LOWER,SS,2006,None
PV.PER.RNK.LOWER,SS,2005,None
PV.PER.RNK.LOWER,SS,2004,None
PV.PER.RNK.LOWER,SS,2003,None
PV.PER.RNK.LOWER,SS,2002,None
PV.PER.RNK.LOWER,SS,2001,None
PV.PER.RNK.LOWER,SS,2000,None
PV.PER.RNK.LOWER,SS,1999,None
PV.PER.RNK.LOWER,SS,1998,None
PV.PER.RNK.LOWER,SS,1997,None
PV.PER.RNK.LOWER,SS,1996,None
PV.PER.RNK.LOWER,SS,1995,None
PV.PER.RNK.LOWER,ST,2023,None
PV.PER.RNK.LOWER,ST,2022,51.886791229248
PV.PER.RNK.LOWER,ST,2021,51.4150924682617
PV.PER.RNK.LOWER,ST,2020,49.5283012390137
PV.PER.RNK.LOWER,ST,2019,51.4150924682617
PV.PER.RNK.LOWER,ST,2018,52.8301887512207
PV.PER.RNK.LOWER,ST,2017,38.5714302062988
PV.PER.RNK.LOWER,ST,2016,39.523811340332
PV.PER.RNK.LOWER,ST,2015,36.6666679382324
PV.PER.RNK.LOWER,ST,2014,36.6666679382324
PV.PER.RNK.LOWER,ST,2013,35.5450248718262
PV.PER.RNK.LOWER,ST,2012,33.6492881774902
PV.PER.RNK.LOWER,ST,2011,30.3317527770996
PV.PER.RNK.LOWER,ST,2010,33.1753540039063
PV.PER.RNK.LOWER,ST,2009,32.7014236450195
PV.PER.RNK.LOWER,ST,2008,31.25
PV.PER.RNK.LOWER,ST,2007,39.613525390625
PV.PER.RNK.LOWER,ST,2006,40.0966186523438
PV.PER.RNK.LOWER,ST,2005,43.6893196105957
PV.PER.RNK.LOWER,ST,2004,43.6893196105957
PV.PER.RNK.LOWER,ST,2003,35.1758804321289
PV.PER.RNK.LOWER,ST,2002,41.2698402404785
PV.PER.RNK.LOWER,ST,2001,None
PV.PER.RNK.LOWER,ST,2000,62.4338607788086
PV.PER.RNK.LOWER,ST,1999,None
PV.PER.RNK.LOWER,ST,1998,60.1063842773438
PV.PER.RNK.LOWER,ST,1997,None
PV.PER.RNK.LOWER,ST,1996,56.9148941040039
PV.PER.RNK.LOWER,ST,1995,None
PV.PER.RNK.LOWER,SZ,2023,None
PV.PER.RNK.LOWER,SZ,2022,22.1698112487793
PV.PER.RNK.LOWER,SZ,2021,19.3396224975586
PV.PER.RNK.LOWER,SZ,2020,30.6603775024414
PV.PER.RNK.LOWER,SZ,2019,22.6415100097656
PV.PER.RNK.LOWER,SZ,2018,19.3396224975586
PV.PER.RNK.LOWER,SZ,2017,22.8571434020996
PV.PER.RNK.LOWER,SZ,2016,16.6666660308838
PV.PER.RNK.LOWER,SZ,2015,19.5238094329834
PV.PER.RNK.LOWER,SZ,2014,18.5714282989502
PV.PER.RNK.LOWER,SZ,2013,19.4312801361084
PV.PER.RNK.LOWER,SZ,2012,20.8530807495117
PV.PER.RNK.LOWER,SZ,2011,19.4312801361084
PV.PER.RNK.LOWER,SZ,2010,26.5402851104736
PV.PER.RNK.LOWER,SZ,2009,28.4360198974609
PV.PER.RNK.LOWER,SZ,2008,25.480770111084
PV.PER.RNK.LOWER,SZ,2007,28.5024147033691
PV.PER.RNK.LOWER,SZ,2006,22.7053146362305
PV.PER.RNK.LOWER,SZ,2005,16.990291595459
PV.PER.RNK.LOWER,SZ,2004,26.2135925292969
PV.PER.RNK.LOWER,SZ,2003,29.1457290649414
PV.PER.RNK.LOWER,SZ,2002,26.9841270446777
PV.PER.RNK.LOWER,SZ,2001,None
PV.PER.RNK.LOWER,SZ,2000,24.8677253723145
PV.PER.RNK.LOWER,SZ,1999,None
PV.PER.RNK.LOWER,SZ,1998,21.8085098266602
PV.PER.RNK.LOWER,SZ,1997,None
PV.PER.RNK.LOWER,SZ,1996,18.6170215606689
PV.PER.RNK.LOWER,SZ,1995,None
PV.PER.RNK.LOWER,SY,2023,None
PV.PER.RNK.LOWER,SY,2022,0
PV.PER.RNK.LOWER,SY,2021,0
PV.PER.RNK.LOWER,SY,2020,0
PV.PER.RNK.LOWER,SY,2019,0
PV.PER.RNK.LOWER,SY,2018,0
PV.PER.RNK.LOWER,SY,2017,0
PV.PER.RNK.LOWER,SY,2016,0
PV.PER.RNK.LOWER,SY,2015,0
PV.PER.RNK.LOWER,SY,2014,0
PV.PER.RNK.LOWER,SY,2013,0
PV.PER.RNK.LOWER,SY,2012,0
PV.PER.RNK.LOWER,SY,2011,1.89573454856873
PV.PER.RNK.LOWER,SY,2010,12.3222751617432
PV.PER.RNK.LOWER,SY,2009,18.9573459625244
PV.PER.RNK.LOWER,SY,2008,20.1923084259033
PV.PER.RNK.LOWER,SY,2007,22.7053146362305
PV.PER.RNK.LOWER,SY,2006,25.1207733154297
PV.PER.RNK.LOWER,SY,2005,19.4174766540527
PV.PER.RNK.LOWER,SY,2004,21.8446598052979
PV.PER.RNK.LOWER,SY,2003,30.6532669067383
PV.PER.RNK.LOWER,SY,2002,39.1534385681152
PV.PER.RNK.LOWER,SY,2001,None
PV.PER.RNK.LOWER,SY,2000,23.280424118042
PV.PER.RNK.LOWER,SY,1999,None
PV.PER.RNK.LOWER,SY,1998,26.0638294219971
PV.PER.RNK.LOWER,SY,1997,None
PV.PER.RNK.LOWER,SY,1996,19.1489353179932
PV.PER.RNK.LOWER,SY,1995,None
PV.PER.RNK.LOWER,TD,2023,None
PV.PER.RNK.LOWER,TD,2022,6.60377359390259
PV.PER.RNK.LOWER,TD,2021,5.66037750244141
PV.PER.RNK.LOWER,TD,2020,7.07547187805176
PV.PER.RNK.LOWER,TD,2019,5.18867921829224
PV.PER.RNK.LOWER,TD,2018,5.66037750244141
PV.PER.RNK.LOWER,TD,2017,7.61904764175415
PV.PER.RNK.LOWER,TD,2016,7.14285707473755
PV.PER.RNK.LOWER,TD,2015,9.0476188659668
PV.PER.RNK.LOWER,TD,2014,6.1904764175415
PV.PER.RNK.LOWER,TD,2013,7.5829381942749
PV.PER.RNK.LOWER,TD,2012,7.5829381942749
PV.PER.RNK.LOWER,TD,2011,5.21327018737793
PV.PER.RNK.LOWER,TD,2010,4.26540279388428
PV.PER.RNK.LOWER,TD,2009,2.36966824531555
PV.PER.RNK.LOWER,TD,2008,1.92307686805725
PV.PER.RNK.LOWER,TD,2007,2.4154589176178
PV.PER.RNK.LOWER,TD,2006,0.483091801404953
PV.PER.RNK.LOWER,TD,2005,3.39805817604065
PV.PER.RNK.LOWER,TD,2004,3.39805817604065
PV.PER.RNK.LOWER,TD,2003,4.02010059356689
PV.PER.RNK.LOWER,TD,2002,0.52910053730011
PV.PER.RNK.LOWER,TD,2001,None
PV.PER.RNK.LOWER,TD,2000,4.7619047164917
PV.PER.RNK.LOWER,TD,1999,None
PV.PER.RNK.LOWER,TD,1998,4.25531911849976
PV.PER.RNK.LOWER,TD,1997,None
PV.PER.RNK.LOWER,TD,1996,5.85106372833252
PV.PER.RNK.LOWER,TD,1995,None
PV.PER.RNK.LOWER,TG,2023,None
PV.PER.RNK.LOWER,TG,2022,12.7358493804932
PV.PER.RNK.LOWER,TG,2021,13.2075471878052
PV.PER.RNK.LOWER,TG,2020,10.8490562438965
PV.PER.RNK.LOWER,TG,2019,11.7924528121948
PV.PER.RNK.LOWER,TG,2018,11.3207550048828
PV.PER.RNK.LOWER,TG,2017,10.9523811340332
PV.PER.RNK.LOWER,TG,2016,25.238094329834
PV.PER.RNK.LOWER,TG,2015,25.7142848968506
PV.PER.RNK.LOWER,TG,2014,28.5714282989502
PV.PER.RNK.LOWER,TG,2013,21.8009471893311
PV.PER.RNK.LOWER,TG,2012,21.8009471893311
PV.PER.RNK.LOWER,TG,2011,28.4360198974609
PV.PER.RNK.LOWER,TG,2010,25.5924167633057
PV.PER.RNK.LOWER,TG,2009,26.0663509368896
PV.PER.RNK.LOWER,TG,2008,25
PV.PER.RNK.LOWER,TG,2007,20.2898559570313
PV.PER.RNK.LOWER,TG,2006,17.3913040161133
PV.PER.RNK.LOWER,TG,2005,3.88349509239197
PV.PER.RNK.LOWER,TG,2004,20.8737869262695
PV.PER.RNK.LOWER,TG,2003,25.6281414031982
PV.PER.RNK.LOWER,TG,2002,26.9841270446777
PV.PER.RNK.LOWER,TG,2001,None
PV.PER.RNK.LOWER,TG,2000,19.0476188659668
PV.PER.RNK.LOWER,TG,1999,None
PV.PER.RNK.LOWER,TG,1998,11.702127456665
PV.PER.RNK.LOWER,TG,1997,None
PV.PER.RNK.LOWER,TG,1996,14.8936166763306
PV.PER.RNK.LOWER,TG,1995,None
PV.PER.RNK.LOWER,TJ,2023,None
PV.PER.RNK.LOWER,TJ,2022,12.7358493804932
PV.PER.RNK.LOWER,TJ,2021,13.2075471878052
PV.PER.RNK.LOWER,TJ,2020,15.5660381317139
PV.PER.RNK.LOWER,TJ,2019,16.0377349853516
PV.PER.RNK.LOWER,TJ,2018,12.2641506195068
PV.PER.RNK.LOWER,TJ,2017,13.3333330154419
PV.PER.RNK.LOWER,TJ,2016,10.9523811340332
PV.PER.RNK.LOWER,TJ,2015,9.0476188659668
PV.PER.RNK.LOWER,TJ,2014,12.380952835083
PV.PER.RNK.LOWER,TJ,2013,7.5829381942749
PV.PER.RNK.LOWER,TJ,2012,6.16113758087158
PV.PER.RNK.LOWER,TJ,2011,6.16113758087158
PV.PER.RNK.LOWER,TJ,2010,9.00473976135254
PV.PER.RNK.LOWER,TJ,2009,9.00473976135254
PV.PER.RNK.LOWER,TJ,2008,11.5384616851807
PV.PER.RNK.LOWER,TJ,2007,12.5603866577148
PV.PER.RNK.LOWER,TJ,2006,5.31400966644287
PV.PER.RNK.LOWER,TJ,2005,3.88349509239197
PV.PER.RNK.LOWER,TJ,2004,4.36893224716187
PV.PER.RNK.LOWER,TJ,2003,5.52763795852661
PV.PER.RNK.LOWER,TJ,2002,5.29100513458252
PV.PER.RNK.LOWER,TJ,2001,None
PV.PER.RNK.LOWER,TJ,2000,0.52910053730011
PV.PER.RNK.LOWER,TJ,1999,None
PV.PER.RNK.LOWER,TJ,1998,0
PV.PER.RNK.LOWER,TJ,1997,None
PV.PER.RNK.LOWER,TJ,1996,0
PV.PER.RNK.LOWER,TJ,1995,None
PV.PER.RNK.LOWER,TL,2023,None
PV.PER.RNK.LOWER,TL,2022,41.9811325073242
PV.PER.RNK.LOWER,TL,2021,39.1509437561035
PV.PER.RNK.LOWER,TL,2020,40.5660362243652
PV.PER.RNK.LOWER,TL,2019,41.5094337463379
PV.PER.RNK.LOWER,TL,2018,40.0943412780762
PV.PER.RNK.LOWER,TL,2017,32.3809509277344
PV.PER.RNK.LOWER,TL,2016,31.4285717010498
PV.PER.RNK.LOWER,TL,2015,22.8571434020996
PV.PER.RNK.LOWER,TL,2014,28.0952377319336
PV.PER.RNK.LOWER,TL,2013,20.3791465759277
PV.PER.RNK.LOWER,TL,2012,23.6966819763184
PV.PER.RNK.LOWER,TL,2011,19.4312801361084
PV.PER.RNK.LOWER,TL,2010,18.4834117889404
PV.PER.RNK.LOWER,TL,2009,15.1658763885498
PV.PER.RNK.LOWER,TL,2008,11.5384616851807
PV.PER.RNK.LOWER,TL,2007,8.21256065368652
PV.PER.RNK.LOWER,TL,2006,7.72946882247925
PV.PER.RNK.LOWER,TL,2005,13.5922327041626
PV.PER.RNK.LOWER,TL,2004,23.3009700775146
PV.PER.RNK.LOWER,TL,2003,21.608039855957
PV.PER.RNK.LOWER,TL,2002,15.8730154037476
PV.PER.RNK.LOWER,TL,2001,None
PV.PER.RNK.LOWER,TL,2000,30.1587295532227
PV.PER.RNK.LOWER,TL,1999,None
PV.PER.RNK.LOWER,TL,1998,None
PV.PER.RNK.LOWER,TL,1997,None
PV.PER.RNK.LOWER,TL,1996,None
PV.PER.RNK.LOWER,TL,1995,None
PV.PER.RNK.LOWER,TN,2023,None
PV.PER.RNK.LOWER,TN,2022,14.1509437561035
PV.PER.RNK.LOWER,TN,2021,11.3207550048828
PV.PER.RNK.LOWER,TN,2020,15.0943393707275
PV.PER.RNK.LOWER,TN,2019,11.7924528121948
PV.PER.RNK.LOWER,TN,2018,11.3207550048828
PV.PER.RNK.LOWER,TN,2017,9.0476188659668
PV.PER.RNK.LOWER,TN,2016,8.5714282989502
PV.PER.RNK.LOWER,TN,2015,9.0476188659668
PV.PER.RNK.LOWER,TN,2014,10
PV.PER.RNK.LOWER,TN,2013,10.4265403747559
PV.PER.RNK.LOWER,TN,2012,15.6398105621338
PV.PER.RNK.LOWER,TN,2011,22.274881362915
PV.PER.RNK.LOWER,TN,2010,29.8578205108643
PV.PER.RNK.LOWER,TN,2009,32.7014236450195
PV.PER.RNK.LOWER,TN,2008,34.1346168518066
PV.PER.RNK.LOWER,TN,2007,37.1980667114258
PV.PER.RNK.LOWER,TN,2006,40.0966186523438
PV.PER.RNK.LOWER,TN,2005,33.980583190918
PV.PER.RNK.LOWER,TN,2004,34.4660186767578
PV.PER.RNK.LOWER,TN,2003,38.6934661865234
PV.PER.RNK.LOWER,TN,2002,31.7460308074951
PV.PER.RNK.LOWER,TN,2001,None
PV.PER.RNK.LOWER,TN,2000,36.5079383850098
PV.PER.RNK.LOWER,TN,1999,None
PV.PER.RNK.LOWER,TN,1998,34.5744667053223
PV.PER.RNK.LOWER,TN,1997,None
PV.PER.RNK.LOWER,TN,1996,34.042552947998
PV.PER.RNK.LOWER,TN,1995,None
PV.PER.RNK.LOWER,TZ,2023,None
PV.PER.RNK.LOWER,TZ,2022,22.1698112487793
PV.PER.RNK.LOWER,TZ,2021,20.2830181121826
PV.PER.RNK.LOWER,TZ,2020,16.9811325073242
PV.PER.RNK.LOWER,TZ,2019,19.8113212585449
PV.PER.RNK.LOWER,TZ,2018,14.6226415634155
PV.PER.RNK.LOWER,TZ,2017,15.2380952835083
PV.PER.RNK.LOWER,TZ,2016,19.5238094329834
PV.PER.RNK.LOWER,TZ,2015,21.4285717010498
PV.PER.RNK.LOWER,TZ,2014,15.2380952835083
PV.PER.RNK.LOWER,TZ,2013,27.014217376709
PV.PER.RNK.LOWER,TZ,2012,36.9668235778809
PV.PER.RNK.LOWER,TZ,2011,32.7014236450195
PV.PER.RNK.LOWER,TZ,2010,32.2274894714355
PV.PER.RNK.LOWER,TZ,2009,32.7014236450195
PV.PER.RNK.LOWER,TZ,2008,24.0384616851807
PV.PER.RNK.LOWER,TZ,2007,19.8067626953125
PV.PER.RNK.LOWER,TZ,2006,22.2222213745117
PV.PER.RNK.LOWER,TZ,2005,16.990291595459
PV.PER.RNK.LOWER,TZ,2004,15.5339803695679
PV.PER.RNK.LOWER,TZ,2003,10.5527639389038
PV.PER.RNK.LOWER,TZ,2002,23.280424118042
PV.PER.RNK.LOWER,TZ,2001,None
PV.PER.RNK.LOWER,TZ,2000,12.1693124771118
PV.PER.RNK.LOWER,TZ,1999,None
PV.PER.RNK.LOWER,TZ,1998,16.4893608093262
PV.PER.RNK.LOWER,TZ,1997,None
PV.PER.RNK.LOWER,TZ,1996,10.638298034668
PV.PER.RNK.LOWER,TZ,1995,None
PV.PER.RNK.LOWER,UG,2023,None
PV.PER.RNK.LOWER,UG,2022,12.2641506195068
PV.PER.RNK.LOWER,UG,2021,10.3773584365845
PV.PER.RNK.LOWER,UG,2020,11.3207550048828
PV.PER.RNK.LOWER,UG,2019,12.7358493804932
PV.PER.RNK.LOWER,UG,2018,13.2075471878052
PV.PER.RNK.LOWER,UG,2017,15.2380952835083
PV.PER.RNK.LOWER,UG,2016,13.3333330154419
PV.PER.RNK.LOWER,UG,2015,10.9523811340332
PV.PER.RNK.LOWER,UG,2014,9.0476188659668
PV.PER.RNK.LOWER,UG,2013,12.3222751617432
PV.PER.RNK.LOWER,UG,2012,12.3222751617432
PV.PER.RNK.LOWER,UG,2011,9.95260620117188
PV.PER.RNK.LOWER,UG,2010,9.95260620117188
PV.PER.RNK.LOWER,UG,2009,9.95260620117188
PV.PER.RNK.LOWER,UG,2008,12.0192308425903
PV.PER.RNK.LOWER,UG,2007,10.6280193328857
PV.PER.RNK.LOWER,UG,2006,8.21256065368652
PV.PER.RNK.LOWER,UG,2005,3.88349509239197
PV.PER.RNK.LOWER,UG,2004,4.36893224716187
PV.PER.RNK.LOWER,UG,2003,3.01507544517517
PV.PER.RNK.LOWER,UG,2002,2.64550256729126
PV.PER.RNK.LOWER,UG,2001,None
PV.PER.RNK.LOWER,UG,2000,5.29100513458252
PV.PER.RNK.LOWER,UG,1999,None
PV.PER.RNK.LOWER,UG,1998,7.44680833816528
PV.PER.RNK.LOWER,UG,1997,None
PV.PER.RNK.LOWER,UG,1996,2.12765955924988
PV.PER.RNK.LOWER,UG,1995,None
PV.PER.RNK.LOWER,UZ,2023,None
PV.PER.RNK.LOWER,UZ,2022,24.056604385376
PV.PER.RNK.LOWER,UZ,2021,23.5849056243896
PV.PER.RNK.LOWER,UZ,2020,18.3962268829346
PV.PER.RNK.LOWER,UZ,2019,22.6415100097656
PV.PER.RNK.LOWER,UZ,2018,22.6415100097656
PV.PER.RNK.LOWER,UZ,2017,25.238094329834
PV.PER.RNK.LOWER,UZ,2016,23.3333339691162
PV.PER.RNK.LOWER,UZ,2015,21.9047622680664
PV.PER.RNK.LOWER,UZ,2014,24.2857151031494
PV.PER.RNK.LOWER,UZ,2013,18.0094795227051
PV.PER.RNK.LOWER,UZ,2012,18.9573459625244
PV.PER.RNK.LOWER,UZ,2011,16.1137447357178
PV.PER.RNK.LOWER,UZ,2010,13.2701425552368
PV.PER.RNK.LOWER,UZ,2009,9.95260620117188
PV.PER.RNK.LOWER,UZ,2008,8.65384578704834
PV.PER.RNK.LOWER,UZ,2007,7.24637699127197
PV.PER.RNK.LOWER,UZ,2006,0.966183602809906
PV.PER.RNK.LOWER,UZ,2005,0.485436886548996
PV.PER.RNK.LOWER,UZ,2004,3.88349509239197
PV.PER.RNK.LOWER,UZ,2003,4.52261304855347
PV.PER.RNK.LOWER,UZ,2002,7.40740728378296
PV.PER.RNK.LOWER,UZ,2001,None
PV.PER.RNK.LOWER,UZ,2000,1.58730161190033
PV.PER.RNK.LOWER,UZ,1999,None
PV.PER.RNK.LOWER,UZ,1998,10.1063833236694
PV.PER.RNK.LOWER,UZ,1997,None
PV.PER.RNK.LOWER,UZ,1996,9.04255294799805
PV.PER.RNK.LOWER,UZ,1995,None
PV.PER.RNK.LOWER,VN,2023,None
PV.PER.RNK.LOWER,VN,2022,30.6603775024414
PV.PER.RNK.LOWER,VN,2021,28.7735843658447
PV.PER.RNK.LOWER,VN,2020,33.0188674926758
PV.PER.RNK.LOWER,VN,2019,33.9622650146484
PV.PER.RNK.LOWER,VN,2018,35.3773574829102
PV.PER.RNK.LOWER,VN,2017,40
PV.PER.RNK.LOWER,VN,2016,41.9047622680664
PV.PER.RNK.LOWER,VN,2015,36.6666679382324
PV.PER.RNK.LOWER,VN,2014,30.9523811340332
PV.PER.RNK.LOWER,VN,2013,41.7061614990234
PV.PER.RNK.LOWER,VN,2012,41.2322273254395
PV.PER.RNK.LOWER,VN,2011,39.3364944458008
PV.PER.RNK.LOWER,VN,2010,36.0189590454102
PV.PER.RNK.LOWER,VN,2009,40.7582931518555
PV.PER.RNK.LOWER,VN,2008,36.0576934814453
PV.PER.RNK.LOWER,VN,2007,38.6473426818848
PV.PER.RNK.LOWER,VN,2006,45.4106292724609
PV.PER.RNK.LOWER,VN,2005,47.5728149414063
PV.PER.RNK.LOWER,VN,2004,34.4660186767578
PV.PER.RNK.LOWER,VN,2003,35.1758804321289
PV.PER.RNK.LOWER,VN,2002,42.3280410766602
PV.PER.RNK.LOWER,VN,2001,None
PV.PER.RNK.LOWER,VN,2000,40.2116394042969
PV.PER.RNK.LOWER,VN,1999,None
PV.PER.RNK.LOWER,VN,1998,35.1063842773438
PV.PER.RNK.LOWER,VN,1997,None
PV.PER.RNK.LOWER,VN,1996,44.680850982666
PV.PER.RNK.LOWER,VN,1995,None
PV.PER.RNK.LOWER,VU,2023,None
PV.PER.RNK.LOWER,VU,2022,62.2641525268555
PV.PER.RNK.LOWER,VU,2021,58.4905662536621
PV.PER.RNK.LOWER,VU,2020,58.4905662536621
PV.PER.RNK.LOWER,VU,2019,62.7358474731445
PV.PER.RNK.LOWER,VU,2018,57.0754699707031
PV.PER.RNK.LOWER,VU,2017,53.3333320617676
PV.PER.RNK.LOWER,VU,2016,47.6190490722656
PV.PER.RNK.LOWER,VU,2015,45.7142868041992
PV.PER.RNK.LOWER,VU,2014,53.8095245361328
PV.PER.RNK.LOWER,VU,2013,64.9289093017578
PV.PER.RNK.LOWER,VU,2012,69.1943130493164
PV.PER.RNK.LOWER,VU,2011,63.5071105957031
PV.PER.RNK.LOWER,VU,2010,71.5639801025391
PV.PER.RNK.LOWER,VU,2009,70.6161117553711
PV.PER.RNK.LOWER,VU,2008,67.3076934814453
PV.PER.RNK.LOWER,VU,2007,69.0821228027344
PV.PER.RNK.LOWER,VU,2006,68.1159439086914
PV.PER.RNK.LOWER,VU,2005,68.4466018676758
PV.PER.RNK.LOWER,VU,2004,46.1165046691895
PV.PER.RNK.LOWER,VU,2003,38.6934661865234
PV.PER.RNK.LOWER,VU,2002,48.1481475830078
PV.PER.RNK.LOWER,VU,2001,None
PV.PER.RNK.LOWER,VU,2000,57.6719589233398
PV.PER.RNK.LOWER,VU,1999,None
PV.PER.RNK.LOWER,VU,1998,52.1276588439941
PV.PER.RNK.LOWER,VU,1997,None
PV.PER.RNK.LOWER,VU,1996,47.8723411560059
PV.PER.RNK.LOWER,VU,1995,None
PV.PER.RNK.LOWER,WS,2023,None
PV.PER.RNK.LOWER,WS,2022,68.8679275512695
PV.PER.RNK.LOWER,WS,2021,67.9245300292969
PV.PER.RNK.LOWER,WS,2020,71.2264175415039
PV.PER.RNK.LOWER,WS,2019,70.7547149658203
PV.PER.RNK.LOWER,WS,2018,69.8113174438477
PV.PER.RNK.LOWER,WS,2017,70.476188659668
PV.PER.RNK.LOWER,WS,2016,71.9047622680664
PV.PER.RNK.LOWER,WS,2015,70.476188659668
PV.PER.RNK.LOWER,WS,2014,69.523811340332
PV.PER.RNK.LOWER,WS,2013,63.9810409545898
PV.PER.RNK.LOWER,WS,2012,63.0331764221191
PV.PER.RNK.LOWER,WS,2011,62.0853080749512
PV.PER.RNK.LOWER,WS,2010,52.6066360473633
PV.PER.RNK.LOWER,WS,2009,60.6635055541992
PV.PER.RNK.LOWER,WS,2008,66.8269195556641
PV.PER.RNK.LOWER,WS,2007,61.835750579834
PV.PER.RNK.LOWER,WS,2006,63.2850227355957
PV.PER.RNK.LOWER,WS,2005,65.0485458374023
PV.PER.RNK.LOWER,WS,2004,65.5339813232422
PV.PER.RNK.LOWER,WS,2003,69.8492431640625
PV.PER.RNK.LOWER,WS,2002,59.7883605957031
PV.PER.RNK.LOWER,WS,2001,None
PV.PER.RNK.LOWER,WS,2000,69.8412704467773
PV.PER.RNK.LOWER,WS,1999,None
PV.PER.RNK.LOWER,WS,1998,67.5531921386719
PV.PER.RNK.LOWER,WS,1997,None
PV.PER.RNK.LOWER,WS,1996,63.2978706359863
PV.PER.RNK.LOWER,WS,1995,None
PV.PER.RNK.LOWER,YE,2023,None
PV.PER.RNK.LOWER,YE,2022,0
PV.PER.RNK.LOWER,YE,2021,0
PV.PER.RNK.LOWER,YE,2020,0
PV.PER.RNK.LOWER,YE,2019,0
PV.PER.RNK.LOWER,YE,2018,0
PV.PER.RNK.LOWER,YE,2017,0
PV.PER.RNK.LOWER,YE,2016,0
PV.PER.RNK.LOWER,YE,2015,0
PV.PER.RNK.LOWER,YE,2014,0
PV.PER.RNK.LOWER,YE,2013,0
PV.PER.RNK.LOWER,YE,2012,0
PV.PER.RNK.LOWER,YE,2011,0
PV.PER.RNK.LOWER,YE,2010,0
PV.PER.RNK.LOWER,YE,2009,0
PV.PER.RNK.LOWER,YE,2008,1.92307686805725
PV.PER.RNK.LOWER,YE,2007,3.86473441123962
PV.PER.RNK.LOWER,YE,2006,7.24637699127197
PV.PER.RNK.LOWER,YE,2005,3.88349509239197
PV.PER.RNK.LOWER,YE,2004,3.39805817604065
PV.PER.RNK.LOWER,YE,2003,4.02010059356689
PV.PER.RNK.LOWER,YE,2002,3.70370364189148
PV.PER.RNK.LOWER,YE,2001,None
PV.PER.RNK.LOWER,YE,2000,5.8201060295105
PV.PER.RNK.LOWER,YE,1999,None
PV.PER.RNK.LOWER,YE,1998,6.38297891616821
PV.PER.RNK.LOWER,YE,1997,None
PV.PER.RNK.LOWER,YE,1996,3.72340416908264
PV.PER.RNK.LOWER,YE,1995,None
PV.PER.RNK.LOWER,ZM,2023,None
PV.PER.RNK.LOWER,ZM,2022,36.3207550048828
PV.PER.RNK.LOWER,ZM,2021,34.4339637756348
PV.PER.RNK.LOWER,ZM,2020,25.943395614624
PV.PER.RNK.LOWER,ZM,2019,26.8867931365967
PV.PER.RNK.LOWER,ZM,2018,37.2641525268555
PV.PER.RNK.LOWER,ZM,2017,38.5714302062988
PV.PER.RNK.LOWER,ZM,2016,37.6190490722656
PV.PER.RNK.LOWER,ZM,2015,40.476188659668
PV.PER.RNK.LOWER,ZM,2014,38.5714302062988
PV.PER.RNK.LOWER,ZM,2013,47.8672981262207
PV.PER.RNK.LOWER,ZM,2012,56.8720397949219
PV.PER.RNK.LOWER,ZM,2011,49.2891006469727
PV.PER.RNK.LOWER,ZM,2010,50.7108993530273
PV.PER.RNK.LOWER,ZM,2009,51.1848335266113
PV.PER.RNK.LOWER,ZM,2008,45.1923065185547
PV.PER.RNK.LOWER,ZM,2007,40.5797119140625
PV.PER.RNK.LOWER,ZM,2006,42.512077331543
PV.PER.RNK.LOWER,ZM,2005,35.9223289489746
PV.PER.RNK.LOWER,ZM,2004,35.9223289489746
PV.PER.RNK.LOWER,ZM,2003,36.6834182739258
PV.PER.RNK.LOWER,ZM,2002,21.6931209564209
PV.PER.RNK.LOWER,ZM,2001,None
PV.PER.RNK.LOWER,ZM,2000,30.1587295532227
PV.PER.RNK.LOWER,ZM,1999,None
