NY.GDP.MKTP.KN,AF,2023,None
NY.GDP.MKTP.KN,AF,2022,1032712000000
NY.GDP.MKTP.KN,AF,2021,1101444000000
NY.GDP.MKTP.KN,AF,2020,1389639000000
NY.GDP.MKTP.KN,AF,2019,1423097453800
NY.GDP.MKTP.KN,AF,2018,1369526989300
NY.GDP.MKTP.KN,AF,2017,1353431600000
NY.GDP.MKTP.KN,AF,2016,1318530066900
NY.GDP.MKTP.KN,AF,2015,1289385894400
NY.GDP.MKTP.KN,AF,2014,1270940547900
NY.GDP.MKTP.KN,AF,2013,1237231635500
NY.GDP.MKTP.KN,AF,2012,1171612605100
NY.GDP.MKTP.KN,AF,2011,1039103183900
NY.GDP.MKTP.KN,AF,2010,1034691726300
NY.GDP.MKTP.KN,AF,2009,904747846400
NY.GDP.MKTP.KN,AF,2008,745319967200
NY.GDP.MKTP.KN,AF,2007,717171116900
NY.GDP.MKTP.KN,AF,2006,630057371400
NY.GDP.MKTP.KN,AF,2005,598019077900
NY.GDP.MKTP.KN,AF,2004,537643271700
NY.GDP.MKTP.KN,AF,2003,530146376400
NY.GDP.MKTP.KN,AF,2002,487122375000
NY.GDP.MKTP.KN,AF,2001,378788779626.55
NY.GDP.MKTP.KN,AF,2000,418236762617.895
NY.GDP.MKTP.KN,AF,1999,None
NY.GDP.MKTP.KN,AF,1998,None
NY.GDP.MKTP.KN,AF,1997,None
NY.GDP.MKTP.KN,AF,1996,None
NY.GDP.MKTP.KN,AF,1995,None
NY.GDP.MKTP.KN,AO,2023,1536285000000
NY.GDP.MKTP.KN,AO,2022,1523246000000
NY.GDP.MKTP.KN,AO,2021,1478228000000
NY.GDP.MKTP.KN,AO,2020,1460711000000
NY.GDP.MKTP.KN,AO,2019,1547990000000
NY.GDP.MKTP.KN,AO,2018,1558938000000
NY.GDP.MKTP.KN,AO,2017,1579733000000
NY.GDP.MKTP.KN,AO,2016,1582061000000
NY.GDP.MKTP.KN,AO,2015,1623961000000
NY.GDP.MKTP.KN,AO,2014,1608781000000
NY.GDP.MKTP.KN,AO,2013,1534766000000
NY.GDP.MKTP.KN,AO,2012,1462314000000
NY.GDP.MKTP.KN,AO,2011,1347232000000
NY.GDP.MKTP.KN,AO,2010,1302025000000
NY.GDP.MKTP.KN,AO,2009,1247169784300
NY.GDP.MKTP.KN,AO,2008,1236535578300
NY.GDP.MKTP.KN,AO,2007,1112292505500
NY.GDP.MKTP.KN,AO,2006,975609600400
NY.GDP.MKTP.KN,AO,2005,874593994100
NY.GDP.MKTP.KN,AO,2004,760318172800
NY.GDP.MKTP.KN,AO,2003,685280011500
NY.GDP.MKTP.KN,AO,2002,665385000000
NY.GDP.MKTP.KN,AO,2001,585387734200
NY.GDP.MKTP.KN,AO,2000,561760112000
NY.GDP.MKTP.KN,AO,1999,545109078000
NY.GDP.MKTP.KN,AO,1998,533471453100
NY.GDP.MKTP.KN,AO,1997,509566922500
NY.GDP.MKTP.KN,AO,1996,475013148600
NY.GDP.MKTP.KN,AO,1995,418350244600
NY.GDP.MKTP.KN,BI,2023,1925554034300
NY.GDP.MKTP.KN,BI,2022,1874930889100
NY.GDP.MKTP.KN,BI,2021,1840892791700
NY.GDP.MKTP.KN,BI,2020,1785541020100
NY.GDP.MKTP.KN,BI,2019,1779718548200
NY.GDP.MKTP.KN,BI,2018,1748034284900
NY.GDP.MKTP.KN,BI,2017,1720337954800
NY.GDP.MKTP.KN,BI,2016,1711779038000
NY.GDP.MKTP.KN,BI,2015,1722111724000
NY.GDP.MKTP.KN,BI,2014,1791999714300
NY.GDP.MKTP.KN,BI,2013,1719098749500
NY.GDP.MKTP.KN,BI,2012,1638419845000
NY.GDP.MKTP.KN,BI,2011,1568665880000
NY.GDP.MKTP.KN,BI,2010,1507859921000
NY.GDP.MKTP.KN,BI,2009,1434360970000
NY.GDP.MKTP.KN,BI,2008,1381680992000
NY.GDP.MKTP.KN,BI,2007,1317621950000
NY.GDP.MKTP.KN,BI,2006,1273656000000
NY.GDP.MKTP.KN,BI,2005,1208244000000
NY.GDP.MKTP.KN,BI,2004,1197466798800
NY.GDP.MKTP.KN,BI,2003,1142254142700
NY.GDP.MKTP.KN,BI,2002,1156405398900
NY.GDP.MKTP.KN,BI,2001,1107174662600
NY.GDP.MKTP.KN,BI,2000,1084871791200
NY.GDP.MKTP.KN,BI,1999,1094248009100
NY.GDP.MKTP.KN,BI,1998,1105412677100
NY.GDP.MKTP.KN,BI,1997,1055286565300
NY.GDP.MKTP.KN,BI,1996,1072336719100
NY.GDP.MKTP.KN,BI,1995,1165583390300
NY.GDP.MKTP.KN,BJ,2023,10541933935800
NY.GDP.MKTP.KN,BJ,2022,9912227787000
NY.GDP.MKTP.KN,BJ,2021,9328870657100
NY.GDP.MKTP.KN,BJ,2020,8705922576800
NY.GDP.MKTP.KN,BJ,2019,8383267995300
NY.GDP.MKTP.KN,BJ,2018,7844677051900
NY.GDP.MKTP.KN,BJ,2017,7352276451000
NY.GDP.MKTP.KN,BJ,2016,6957668000000
NY.GDP.MKTP.KN,BJ,2015,6732814000000
NY.GDP.MKTP.KN,BJ,2014,6615186000000
NY.GDP.MKTP.KN,BJ,2013,6219754000000
NY.GDP.MKTP.KN,BJ,2012,5802473000000
NY.GDP.MKTP.KN,BJ,2011,5536118000000
NY.GDP.MKTP.KN,BJ,2010,5376764000000
NY.GDP.MKTP.KN,BJ,2009,5265449000000
NY.GDP.MKTP.KN,BJ,2008,5146096000000
NY.GDP.MKTP.KN,BJ,2007,4905876000000
NY.GDP.MKTP.KN,BJ,2006,4628781000000
NY.GDP.MKTP.KN,BJ,2005,4453160000000
NY.GDP.MKTP.KN,BJ,2004,4378155000000
NY.GDP.MKTP.KN,BJ,2003,4192443000000
NY.GDP.MKTP.KN,BJ,2002,4052879000000
NY.GDP.MKTP.KN,BJ,2001,3873052000000
NY.GDP.MKTP.KN,BJ,2000,3676955000000
NY.GDP.MKTP.KN,BJ,1999,3473488000000
NY.GDP.MKTP.KN,BJ,1998,3297361124900
NY.GDP.MKTP.KN,BJ,1997,3171728571200
NY.GDP.MKTP.KN,BJ,1996,2999704846100
NY.GDP.MKTP.KN,BJ,1995,2875365859400
NY.GDP.MKTP.KN,BF,2023,10158102892221.9
NY.GDP.MKTP.KN,BF,2022,9866050050531.7
NY.GDP.MKTP.KN,BF,2021,9693704187292.57
NY.GDP.MKTP.KN,BF,2020,9064691192785.97
NY.GDP.MKTP.KN,BF,2019,8886013662681.35
NY.GDP.MKTP.KN,BF,2018,8391803173100
NY.GDP.MKTP.KN,BF,2017,7871898218300
NY.GDP.MKTP.KN,BF,2016,7412090000000
NY.GDP.MKTP.KN,BF,2015,6995311000000
NY.GDP.MKTP.KN,BF,2014,6731359012200
NY.GDP.MKTP.KN,BF,2013,6452183014400
NY.GDP.MKTP.KN,BF,2012,6098899108900
NY.GDP.MKTP.KN,BF,2011,5729211839000
NY.GDP.MKTP.KN,BF,2010,5373357850900
NY.GDP.MKTP.KN,BF,2009,4954856702100
NY.GDP.MKTP.KN,BF,2008,4812318201800
NY.GDP.MKTP.KN,BF,2007,4548505271700
NY.GDP.MKTP.KN,BF,2006,4368883895900
NY.GDP.MKTP.KN,BF,2005,4111768255300
NY.GDP.MKTP.KN,BF,2004,3784002735400
NY.GDP.MKTP.KN,BF,2003,3621802063500
NY.GDP.MKTP.KN,BF,2002,3359664450100
NY.GDP.MKTP.KN,BF,2001,3219519912800
NY.GDP.MKTP.KN,BF,2000,3019807772100
NY.GDP.MKTP.KN,BF,1999,2963836493800
NY.GDP.MKTP.KN,BF,1998,2759746665200
NY.GDP.MKTP.KN,BF,1997,2571806273200
NY.GDP.MKTP.KN,BF,1996,2419001919700
NY.GDP.MKTP.KN,BF,1995,2178991578400
NY.GDP.MKTP.KN,BD,2023,32104329000000
NY.GDP.MKTP.KN,BD,2022,30351496000000
NY.GDP.MKTP.KN,BD,2021,28339444000000
NY.GDP.MKTP.KN,BD,2020,26500649000000
NY.GDP.MKTP.KN,BD,2019,25617358000000
NY.GDP.MKTP.KN,BD,2018,23745739000000
NY.GDP.MKTP.KN,BD,2017,22126229000000
NY.GDP.MKTP.KN,BD,2016,20758211000000
NY.GDP.MKTP.KN,BD,2015,19379644230000
NY.GDP.MKTP.KN,BD,2014,18187859308000
NY.GDP.MKTP.KN,BD,2013,17148479770000
NY.GDP.MKTP.KN,BD,2012,16175734863000
NY.GDP.MKTP.KN,BD,2011,15185423715000
NY.GDP.MKTP.KN,BD,2010,14263384467000
NY.GDP.MKTP.KN,BD,2009,13510602323000
NY.GDP.MKTP.KN,BD,2008,12861712858000
NY.GDP.MKTP.KN,BD,2007,12132113084000
NY.GDP.MKTP.KN,BD,2006,11332217269000
NY.GDP.MKTP.KN,BD,2005,10623431981000
NY.GDP.MKTP.KN,BD,2004,9971687947300
NY.GDP.MKTP.KN,BD,2003,9475230145500
NY.GDP.MKTP.KN,BD,2002,9046466756300
NY.GDP.MKTP.KN,BD,2001,8712505617700
NY.GDP.MKTP.KN,BD,2000,8291521224200
NY.GDP.MKTP.KN,BD,1999,7874690640400
NY.GDP.MKTP.KN,BD,1998,7523338947400
NY.GDP.MKTP.KN,BD,1997,7153024924800
NY.GDP.MKTP.KN,BD,1996,6845661795600
NY.GDP.MKTP.KN,BD,1995,6549436092000
NY.GDP.MKTP.KN,BO,2023,50627640039.9708
NY.GDP.MKTP.KN,BO,2022,49420074400
NY.GDP.MKTP.KN,BO,2021,47700159100
NY.GDP.MKTP.KN,BO,2020,44952918700
NY.GDP.MKTP.KN,BO,2019,49256932500
NY.GDP.MKTP.KN,BO,2018,48188730200
NY.GDP.MKTP.KN,BO,2017,46235899800
NY.GDP.MKTP.KN,BO,2016,44374306100
NY.GDP.MKTP.KN,BO,2015,42559598500
NY.GDP.MKTP.KN,BO,2014,40588155800
NY.GDP.MKTP.KN,BO,2013,38486569900
NY.GDP.MKTP.KN,BO,2012,36037460000
NY.GDP.MKTP.KN,BO,2011,34281468700
NY.GDP.MKTP.KN,BO,2010,32585679800
NY.GDP.MKTP.KN,BO,2009,31294252800
NY.GDP.MKTP.KN,BO,2008,30277826300
NY.GDP.MKTP.KN,BO,2007,28524027100
NY.GDP.MKTP.KN,BO,2006,27278912700
NY.GDP.MKTP.KN,BO,2005,26030239800
NY.GDP.MKTP.KN,BO,2004,24928062200
NY.GDP.MKTP.KN,BO,2003,23929416900
NY.GDP.MKTP.KN,BO,2002,23297736100
NY.GDP.MKTP.KN,BO,2001,22732699900
NY.GDP.MKTP.KN,BO,2000,22356265300
NY.GDP.MKTP.KN,BO,1999,21809328600
NY.GDP.MKTP.KN,BO,1998,21716623500
NY.GDP.MKTP.KN,BO,1997,20676718000
NY.GDP.MKTP.KN,BO,1996,19700704000
NY.GDP.MKTP.KN,BO,1995,18877396200
NY.GDP.MKTP.KN,BT,2023,None
NY.GDP.MKTP.KN,BT,2022,182201400900
NY.GDP.MKTP.KN,BT,2021,173172419800
NY.GDP.MKTP.KN,BT,2020,165840023100
NY.GDP.MKTP.KN,BT,2019,184714928600
NY.GDP.MKTP.KN,BT,2018,174662823700
NY.GDP.MKTP.KN,BT,2017,168753299400
NY.GDP.MKTP.KN,BT,2016,163034745800
NY.GDP.MKTP.KN,BT,2015,150400288700
NY.GDP.MKTP.KN,BT,2014,141130215000
NY.GDP.MKTP.KN,BT,2013,133497034000
NY.GDP.MKTP.KN,BT,2012,131319164000
NY.GDP.MKTP.KN,BT,2011,124952232200
NY.GDP.MKTP.KN,BT,2010,115367875400
NY.GDP.MKTP.KN,BT,2009,103069725700
NY.GDP.MKTP.KN,BT,2008,95729661200
NY.GDP.MKTP.KN,BT,2007,91581523100
NY.GDP.MKTP.KN,BT,2006,78878337500
NY.GDP.MKTP.KN,BT,2005,74666543200
NY.GDP.MKTP.KN,BT,2004,69824186000
NY.GDP.MKTP.KN,BT,2003,66399778600
NY.GDP.MKTP.KN,BT,2002,61603022000
NY.GDP.MKTP.KN,BT,2001,55777719900
NY.GDP.MKTP.KN,BT,2000,51969220800
NY.GDP.MKTP.KN,BT,1999,50282218039.5676
NY.GDP.MKTP.KN,BT,1998,46564519865.6954
NY.GDP.MKTP.KN,BT,1997,43964448811.8679
NY.GDP.MKTP.KN,BT,1996,41722356717.1872
NY.GDP.MKTP.KN,BT,1995,39522842169.6614
NY.GDP.MKTP.KN,CF,2023,788773996000
NY.GDP.MKTP.KN,CF,2022,781968900300
NY.GDP.MKTP.KN,CF,2021,778062172300
NY.GDP.MKTP.KN,CF,2020,770488883000
NY.GDP.MKTP.KN,CF,2019,763616336000
NY.GDP.MKTP.KN,CF,2018,740656000000
NY.GDP.MKTP.KN,CF,2017,713614000000
NY.GDP.MKTP.KN,CF,2016,682706000000
NY.GDP.MKTP.KN,CF,2015,651746000000
NY.GDP.MKTP.KN,CF,2014,624654000000
NY.GDP.MKTP.KN,CF,2013,624148000000
NY.GDP.MKTP.KN,CF,2012,981241000000
NY.GDP.MKTP.KN,CF,2011,934037000000
NY.GDP.MKTP.KN,CF,2010,896435000000
NY.GDP.MKTP.KN,CF,2009,856760000000
NY.GDP.MKTP.KN,CF,2008,789006000000
NY.GDP.MKTP.KN,CF,2007,773125000000
NY.GDP.MKTP.KN,CF,2006,739072000000
NY.GDP.MKTP.KN,CF,2005,705416000000
NY.GDP.MKTP.KN,CF,2004,699067000000
NY.GDP.MKTP.KN,CF,2003,659529000000
NY.GDP.MKTP.KN,CF,2002,697158000000
NY.GDP.MKTP.KN,CF,2001,672825000000
NY.GDP.MKTP.KN,CF,2000,644069000000
NY.GDP.MKTP.KN,CF,1999,660512000000
NY.GDP.MKTP.KN,CF,1998,637560000000
NY.GDP.MKTP.KN,CF,1997,608939000000
NY.GDP.MKTP.KN,CF,1996,578290000000
NY.GDP.MKTP.KN,CF,1995,602386000000
NY.GDP.MKTP.KN,CI,2023,42563475415400
NY.GDP.MKTP.KN,CI,2022,39952224764600
NY.GDP.MKTP.KN,CI,2021,37613474968000
NY.GDP.MKTP.KN,CI,2020,35131987099059.2
NY.GDP.MKTP.KN,CI,2019,34887866720042
NY.GDP.MKTP.KN,CI,2018,32690609361705.9
NY.GDP.MKTP.KN,CI,2017,31180492564878
NY.GDP.MKTP.KN,CI,2016,29029207000000
NY.GDP.MKTP.KN,CI,2015,27086367000000
NY.GDP.MKTP.KN,CI,2014,25268323876000
NY.GDP.MKTP.KN,CI,2013,23103101241000
NY.GDP.MKTP.KN,CI,2012,20858664486000
NY.GDP.MKTP.KN,CI,2011,19381699200000
NY.GDP.MKTP.KN,CI,2010,20481655714000
NY.GDP.MKTP.KN,CI,2009,19168956129000
NY.GDP.MKTP.KN,CI,2008,18502260197000
NY.GDP.MKTP.KN,CI,2007,17657749041000
NY.GDP.MKTP.KN,CI,2006,17465380145000
NY.GDP.MKTP.KN,CI,2005,16987095131000
NY.GDP.MKTP.KN,CI,2004,16819561273000
NY.GDP.MKTP.KN,CI,2003,16300387694000
NY.GDP.MKTP.KN,CI,2002,17108933044000
NY.GDP.MKTP.KN,CI,2001,17589211110000
NY.GDP.MKTP.KN,CI,2000,17976425562000
NY.GDP.MKTP.KN,CI,1999,18024332338000
NY.GDP.MKTP.KN,CI,1998,17816439436000
NY.GDP.MKTP.KN,CI,1997,17087830419000
NY.GDP.MKTP.KN,CI,1996,15584141530000
NY.GDP.MKTP.KN,CI,1995,14466015804000
NY.GDP.MKTP.KN,CM,2023,24908488981200
NY.GDP.MKTP.KN,CM,2022,23951992620600
NY.GDP.MKTP.KN,CM,2021,23123523858900
NY.GDP.MKTP.KN,CM,2020,22376407505000
NY.GDP.MKTP.KN,CM,2019,22318394651000
NY.GDP.MKTP.KN,CM,2018,21568863700000
NY.GDP.MKTP.KN,CM,2017,20748167000000
NY.GDP.MKTP.KN,CM,2016,20038566000000
NY.GDP.MKTP.KN,CM,2015,19169095281000
NY.GDP.MKTP.KN,CM,2014,18141050479000
NY.GDP.MKTP.KN,CM,2013,17159555131000
NY.GDP.MKTP.KN,CM,2012,16343129339000
NY.GDP.MKTP.KN,CM,2011,15620527080000
NY.GDP.MKTP.KN,CM,2010,15109930600000
NY.GDP.MKTP.KN,CM,2009,14684231110000
NY.GDP.MKTP.KN,CM,2008,14315010936000
NY.GDP.MKTP.KN,CM,2007,13918652545000
NY.GDP.MKTP.KN,CM,2006,13341296082000
NY.GDP.MKTP.KN,CM,2005,12851699873000
NY.GDP.MKTP.KN,CM,2004,12571571295000
NY.GDP.MKTP.KN,CM,2003,11743769120000
NY.GDP.MKTP.KN,CM,2002,11136479763000
NY.GDP.MKTP.KN,CM,2001,10659261754000
NY.GDP.MKTP.KN,CM,2000,10217433253000
NY.GDP.MKTP.KN,CM,1999,9840311407600
NY.GDP.MKTP.KN,CM,1998,9415547419400
NY.GDP.MKTP.KN,CM,1997,8990689265100
NY.GDP.MKTP.KN,CM,1996,8601282230600
NY.GDP.MKTP.KN,CM,1995,8253395649200
NY.GDP.MKTP.KN,CD,2023,16175222747506.9
NY.GDP.MKTP.KN,CD,2022,14899681500000
NY.GDP.MKTP.KN,CD,2021,13678913985600
NY.GDP.MKTP.KN,CD,2020,12880314640800
NY.GDP.MKTP.KN,CD,2019,12660599711000
NY.GDP.MKTP.KN,CD,2018,12128808596000
NY.GDP.MKTP.KN,CD,2017,11461614156000
NY.GDP.MKTP.KN,CD,2016,11049794113000
NY.GDP.MKTP.KN,CD,2015,10790877906000
NY.GDP.MKTP.KN,CD,2014,10092840210000
NY.GDP.MKTP.KN,CD,2013,9219707361000
NY.GDP.MKTP.KN,CD,2012,8498839481600
NY.GDP.MKTP.KN,CD,2011,7936395175500
NY.GDP.MKTP.KN,CD,2010,7425889698100
NY.GDP.MKTP.KN,CD,2009,6933087465100
NY.GDP.MKTP.KN,CD,2008,6740637937300
NY.GDP.MKTP.KN,CD,2007,6345569490100
NY.GDP.MKTP.KN,CD,2006,5971768000000
NY.GDP.MKTP.KN,CD,2005,5670065000000
NY.GDP.MKTP.KN,CD,2004,5342306425600
NY.GDP.MKTP.KN,CD,2003,5005047602600
NY.GDP.MKTP.KN,CD,2002,4740624018400
NY.GDP.MKTP.KN,CD,2001,4604882884000
NY.GDP.MKTP.KN,CD,2000,4703668051600
NY.GDP.MKTP.KN,CD,1999,5052868092900
NY.GDP.MKTP.KN,CD,1998,5278257104700
NY.GDP.MKTP.KN,CD,1997,5365399457000
NY.GDP.MKTP.KN,CD,1996,5684712401600
NY.GDP.MKTP.KN,CD,1995,5743478098200
NY.GDP.MKTP.KN,CG,2023,4596129000000
NY.GDP.MKTP.KN,CG,2022,4510127000000
NY.GDP.MKTP.KN,CG,2021,4444554000000
NY.GDP.MKTP.KN,CG,2020,4399891868900
NY.GDP.MKTP.KN,CG,2019,4694108146400
NY.GDP.MKTP.KN,CG,2018,4641910922300
NY.GDP.MKTP.KN,CG,2017,4751398237700
NY.GDP.MKTP.KN,CG,2016,5032982203300
NY.GDP.MKTP.KN,CG,2015,5511685507200
NY.GDP.MKTP.KN,CG,2014,5488895991900
NY.GDP.MKTP.KN,CG,2013,5146834035400
NY.GDP.MKTP.KN,CG,2012,5183764962900
NY.GDP.MKTP.KN,CG,2011,4714778704800
NY.GDP.MKTP.KN,CG,2010,4613019220600
NY.GDP.MKTP.KN,CG,2009,4196275920700
NY.GDP.MKTP.KN,CG,2008,3758847929300
NY.GDP.MKTP.KN,CG,2007,3535863108400
NY.GDP.MKTP.KN,CG,2006,3786288000000
NY.GDP.MKTP.KN,CG,2005,3506269000000
NY.GDP.MKTP.KN,CG,2004,3253904044900
NY.GDP.MKTP.KN,CG,2003,3144578629900
NY.GDP.MKTP.KN,CG,2002,3119211205700
NY.GDP.MKTP.KN,CG,2001,2982554436900
NY.GDP.MKTP.KN,CG,2000,2873294486200
NY.GDP.MKTP.KN,CG,1999,2670944271800
NY.GDP.MKTP.KN,CG,1998,2741741503300
NY.GDP.MKTP.KN,CG,1997,2642959497400
NY.GDP.MKTP.KN,CG,1996,2659576856800
NY.GDP.MKTP.KN,CG,1995,2550162600700
NY.GDP.MKTP.KN,KM,2023,447117488500
NY.GDP.MKTP.KN,KM,2022,435358059900
NY.GDP.MKTP.KN,KM,2021,425205519200
NY.GDP.MKTP.KN,KM,2020,416410123000
NY.GDP.MKTP.KN,KM,2019,417226037000
NY.GDP.MKTP.KN,KM,2018,410006719700
NY.GDP.MKTP.KN,KM,2017,395597282000
NY.GDP.MKTP.KN,KM,2016,381057048600
NY.GDP.MKTP.KN,KM,2015,368810880400
NY.GDP.MKTP.KN,KM,2014,364627326000
NY.GDP.MKTP.KN,KM,2013,357104359900
NY.GDP.MKTP.KN,KM,2012,341837070900
NY.GDP.MKTP.KN,KM,2011,331338896600
NY.GDP.MKTP.KN,KM,2010,318156078200
NY.GDP.MKTP.KN,KM,2009,306574412000
NY.GDP.MKTP.KN,KM,2008,296951000000
NY.GDP.MKTP.KN,KM,2007,285627000000
NY.GDP.MKTP.KN,KM,2006,283360000000
NY.GDP.MKTP.KN,KM,2005,276053000000
NY.GDP.MKTP.KN,KM,2004,268436000000
NY.GDP.MKTP.KN,KM,2003,263380000000
NY.GDP.MKTP.KN,KM,2002,257953000000
NY.GDP.MKTP.KN,KM,2001,252092000000
NY.GDP.MKTP.KN,KM,2000,246345000000
NY.GDP.MKTP.KN,KM,1999,222237000000
NY.GDP.MKTP.KN,KM,1998,218041000000
NY.GDP.MKTP.KN,KM,1997,215280000000
NY.GDP.MKTP.KN,KM,1996,206940000000
NY.GDP.MKTP.KN,KM,1995,209648000000
NY.GDP.MKTP.KN,CV,2023,220127556481.583
NY.GDP.MKTP.KN,CV,2022,209347948300.656
NY.GDP.MKTP.KN,CV,2021,178260890072.05
NY.GDP.MKTP.KN,CV,2020,166546772679.622
NY.GDP.MKTP.KN,CV,2019,210300338316.799
NY.GDP.MKTP.KN,CV,2018,196638253944.386
NY.GDP.MKTP.KN,CV,2017,189609497000
NY.GDP.MKTP.KN,CV,2016,181355440000
NY.GDP.MKTP.KN,CV,2015,173910814000
NY.GDP.MKTP.KN,CV,2014,172298058500
NY.GDP.MKTP.KN,CV,2013,171106019600
NY.GDP.MKTP.KN,CV,2012,170031190000
NY.GDP.MKTP.KN,CV,2011,168208402200
NY.GDP.MKTP.KN,CV,2010,161856009900
NY.GDP.MKTP.KN,CV,2009,158937255700
NY.GDP.MKTP.KN,CV,2008,161363495800
NY.GDP.MKTP.KN,CV,2007,150752042500
NY.GDP.MKTP.KN,CV,2006,130894453400
NY.GDP.MKTP.KN,CV,2005,121216806100
NY.GDP.MKTP.KN,CV,2004,113379496100
NY.GDP.MKTP.KN,CV,2003,102887938300
NY.GDP.MKTP.KN,CV,2002,98763325700
NY.GDP.MKTP.KN,CV,2001,93836094500
NY.GDP.MKTP.KN,CV,2000,91787709900
NY.GDP.MKTP.KN,CV,1999,80314840300
NY.GDP.MKTP.KN,CV,1998,72210868400
NY.GDP.MKTP.KN,CV,1997,64177577600
NY.GDP.MKTP.KN,CV,1996,57756017500
NY.GDP.MKTP.KN,CV,1995,51870516500
NY.GDP.MKTP.KN,DJ,2023,611828989300
NY.GDP.MKTP.KN,DJ,2022,573536000000
NY.GDP.MKTP.KN,DJ,2021,552919956600
NY.GDP.MKTP.KN,DJ,2020,528996878200
NY.GDP.MKTP.KN,DJ,2019,522123832000
NY.GDP.MKTP.KN,DJ,2018,494692487500
NY.GDP.MKTP.KN,DJ,2017,472150074600
NY.GDP.MKTP.KN,DJ,2016,447713464000
NY.GDP.MKTP.KN,DJ,2015,417941671800
NY.GDP.MKTP.KN,DJ,2014,388688548300
NY.GDP.MKTP.KN,DJ,2013,363051509000
NY.GDP.MKTP.KN,DJ,2012,None
NY.GDP.MKTP.KN,DJ,2011,None
NY.GDP.MKTP.KN,DJ,2010,None
NY.GDP.MKTP.KN,DJ,2009,None
NY.GDP.MKTP.KN,DJ,2008,None
NY.GDP.MKTP.KN,DJ,2007,None
NY.GDP.MKTP.KN,DJ,2006,None
NY.GDP.MKTP.KN,DJ,2005,None
NY.GDP.MKTP.KN,DJ,2004,None
NY.GDP.MKTP.KN,DJ,2003,None
NY.GDP.MKTP.KN,DJ,2002,None
NY.GDP.MKTP.KN,DJ,2001,None
NY.GDP.MKTP.KN,DJ,2000,None
NY.GDP.MKTP.KN,DJ,1999,None
NY.GDP.MKTP.KN,DJ,1998,None
NY.GDP.MKTP.KN,DJ,1997,None
NY.GDP.MKTP.KN,DJ,1996,None
NY.GDP.MKTP.KN,DJ,1995,None
NY.GDP.MKTP.KN,EG,2023,8137300000000
NY.GDP.MKTP.KN,EG,2022,7842500000000
NY.GDP.MKTP.KN,EG,2021,7357780763088.61
NY.GDP.MKTP.KN,EG,2020,7123375685182.79
NY.GDP.MKTP.KN,EG,2019,6879154365700
NY.GDP.MKTP.KN,EG,2018,6517307393500
NY.GDP.MKTP.KN,EG,2017,6187447829000
NY.GDP.MKTP.KN,EG,2016,5939120092500
NY.GDP.MKTP.KN,EG,2015,5691721262700
NY.GDP.MKTP.KN,EG,2014,5453301864800
NY.GDP.MKTP.KN,EG,2013,5298793709500
NY.GDP.MKTP.KN,EG,2012,5185467086600
NY.GDP.MKTP.KN,EG,2011,5072542163200
NY.GDP.MKTP.KN,EG,2010,4984585564600
NY.GDP.MKTP.KN,EG,2009,4740576936100
NY.GDP.MKTP.KN,EG,2008,4528913637400
NY.GDP.MKTP.KN,EG,2007,4226456430400
NY.GDP.MKTP.KN,EG,2006,3946719745800
NY.GDP.MKTP.KN,EG,2005,3693914232700
NY.GDP.MKTP.KN,EG,2004,3535802193600
NY.GDP.MKTP.KN,EG,2003,3396802598800
NY.GDP.MKTP.KN,EG,2002,3291684155200
NY.GDP.MKTP.KN,EG,2001,3214842851900
NY.GDP.MKTP.KN,EG,2000,3105070776000
NY.GDP.MKTP.KN,EG,1999,2919122557300
NY.GDP.MKTP.KN,EG,1998,2752501560300
NY.GDP.MKTP.KN,EG,1997,2607140507500
NY.GDP.MKTP.KN,EG,1996,2471402324700
NY.GDP.MKTP.KN,EG,1995,2353969146400
NY.GDP.MKTP.KN,ER,2023,None
NY.GDP.MKTP.KN,ER,2022,None
NY.GDP.MKTP.KN,ER,2021,None
NY.GDP.MKTP.KN,ER,2020,None
NY.GDP.MKTP.KN,ER,2019,None
NY.GDP.MKTP.KN,ER,2018,None
NY.GDP.MKTP.KN,ER,2017,None
NY.GDP.MKTP.KN,ER,2016,None
NY.GDP.MKTP.KN,ER,2015,None
NY.GDP.MKTP.KN,ER,2014,None
NY.GDP.MKTP.KN,ER,2013,None
NY.GDP.MKTP.KN,ER,2012,None
NY.GDP.MKTP.KN,ER,2011,31749400000
NY.GDP.MKTP.KN,ER,2010,29213708500
NY.GDP.MKTP.KN,ER,2009,28586467000
NY.GDP.MKTP.KN,ER,2008,27519666700
NY.GDP.MKTP.KN,ER,2007,30503869400
NY.GDP.MKTP.KN,ER,2006,30074756100
NY.GDP.MKTP.KN,ER,2005,30369098600
NY.GDP.MKTP.KN,ER,2004,29606884300
NY.GDP.MKTP.KN,ER,2003,29183221100
NY.GDP.MKTP.KN,ER,2002,29979326900
NY.GDP.MKTP.KN,ER,2001,29104608500
NY.GDP.MKTP.KN,ER,2000,26761520800
NY.GDP.MKTP.KN,ER,1999,27629640200
NY.GDP.MKTP.KN,ER,1998,27625916200
NY.GDP.MKTP.KN,ER,1997,27144752900
NY.GDP.MKTP.KN,ER,1996,25155299600
NY.GDP.MKTP.KN,ER,1995,23023583200
NY.GDP.MKTP.KN,ET,2023,2499229000000
NY.GDP.MKTP.KN,ET,2022,2346735000000
NY.GDP.MKTP.KN,ET,2021,2228170139000
NY.GDP.MKTP.KN,ET,2020,2109180096000
NY.GDP.MKTP.KN,ET,2019,1988675679000
NY.GDP.MKTP.KN,ET,2018,1835179678000
NY.GDP.MKTP.KN,ET,2017,1718073265000
NY.GDP.MKTP.KN,ET,2016,1568097451000
NY.GDP.MKTP.KN,ET,2015,1432922916200
NY.GDP.MKTP.KN,ET,2014,1298026040000
NY.GDP.MKTP.KN,ET,2013,1177267871000
NY.GDP.MKTP.KN,ET,2012,1064608160500
NY.GDP.MKTP.KN,ET,2011,979870781100
NY.GDP.MKTP.KN,ET,2010,881350780100
NY.GDP.MKTP.KN,ET,2009,783071136800
NY.GDP.MKTP.KN,ET,2008,719717611200
NY.GDP.MKTP.KN,ET,2007,649631929600
NY.GDP.MKTP.KN,ET,2006,582858667300
NY.GDP.MKTP.KN,ET,2005,525880906400
NY.GDP.MKTP.KN,ET,2004,470297540800
NY.GDP.MKTP.KN,ET,2003,414094181000
NY.GDP.MKTP.KN,ET,2002,423241962300
NY.GDP.MKTP.KN,ET,2001,416926666900
NY.GDP.MKTP.KN,ET,2000,384969194800
NY.GDP.MKTP.KN,ET,1999,362927800200
NY.GDP.MKTP.KN,ET,1998,345112585300
NY.GDP.MKTP.KN,ET,1997,357474552700
NY.GDP.MKTP.KN,ET,1996,346612053800
NY.GDP.MKTP.KN,ET,1995,308301921300
NY.GDP.MKTP.KN,FM,2023,257000000
NY.GDP.MKTP.KN,FM,2022,255000000
NY.GDP.MKTP.KN,FM,2021,257000000
NY.GDP.MKTP.KN,FM,2020,250000000
NY.GDP.MKTP.KN,FM,2019,255000000
NY.GDP.MKTP.KN,FM,2018,245000000
NY.GDP.MKTP.KN,FM,2017,245000000
NY.GDP.MKTP.KN,FM,2016,243000000
NY.GDP.MKTP.KN,FM,2015,241829300
NY.GDP.MKTP.KN,FM,2014,231146000
NY.GDP.MKTP.KN,FM,2013,236601500
NY.GDP.MKTP.KN,FM,2012,245640500
NY.GDP.MKTP.KN,FM,2011,250313400
NY.GDP.MKTP.KN,FM,2010,242578600
NY.GDP.MKTP.KN,FM,2009,237218900
NY.GDP.MKTP.KN,FM,2008,234653900
NY.GDP.MKTP.KN,FM,2007,240445000
NY.GDP.MKTP.KN,FM,2006,244942600
NY.GDP.MKTP.KN,FM,2005,245141300
NY.GDP.MKTP.KN,FM,2004,240236000
NY.GDP.MKTP.KN,FM,2003,247870800
NY.GDP.MKTP.KN,FM,2002,244034300
NY.GDP.MKTP.KN,FM,2001,242706700
NY.GDP.MKTP.KN,FM,2000,237557400
NY.GDP.MKTP.KN,FM,1999,226603600
NY.GDP.MKTP.KN,FM,1998,223531300
NY.GDP.MKTP.KN,FM,1997,217336100
NY.GDP.MKTP.KN,FM,1996,231358600
NY.GDP.MKTP.KN,FM,1995,238963300
NY.GDP.MKTP.KN,GH,2023,186594785900
NY.GDP.MKTP.KN,GH,2022,181257151000
NY.GDP.MKTP.KN,GH,2021,174592089900
NY.GDP.MKTP.KN,GH,2020,166157176600
NY.GDP.MKTP.KN,GH,2019,165307592000
NY.GDP.MKTP.KN,GH,2018,155207065700
NY.GDP.MKTP.KN,GH,2017,146145906000
NY.GDP.MKTP.KN,GH,2016,135158975000
NY.GDP.MKTP.KN,GH,2015,130748228300
NY.GDP.MKTP.KN,GH,2014,128032957400
NY.GDP.MKTP.KN,GH,2013,124477578800
NY.GDP.MKTP.KN,GH,2012,115995387100
NY.GDP.MKTP.KN,GH,2011,106132698900
NY.GDP.MKTP.KN,GH,2010,93060390800
NY.GDP.MKTP.KN,GH,2009,86247117000
NY.GDP.MKTP.KN,GH,2008,82261947600
NY.GDP.MKTP.KN,GH,2007,75366100900
NY.GDP.MKTP.KN,GH,2006,72226543700
NY.GDP.MKTP.KN,GH,2005,67882145700
NY.GDP.MKTP.KN,GH,2004,64100229700
NY.GDP.MKTP.KN,GH,2003,60700975100
NY.GDP.MKTP.KN,GH,2002,57700546600
NY.GDP.MKTP.KN,GH,2001,55215834300
NY.GDP.MKTP.KN,GH,2000,53092148300
NY.GDP.MKTP.KN,GH,1999,51197828600
NY.GDP.MKTP.KN,GH,1998,49040067200
NY.GDP.MKTP.KN,GH,1997,46838475800
NY.GDP.MKTP.KN,GH,1996,44952124000
NY.GDP.MKTP.KN,GH,1995,42974250800
NY.GDP.MKTP.KN,GN,2023,82427962994814
NY.GDP.MKTP.KN,GN,2022,76990896647300
NY.GDP.MKTP.KN,GN,2021,73534762796000
NY.GDP.MKTP.KN,GN,2020,70774555145000
NY.GDP.MKTP.KN,GN,2019,67455561821000
NY.GDP.MKTP.KN,GN,2018,63868142863000
NY.GDP.MKTP.KN,GN,2017,60049876325000
NY.GDP.MKTP.KN,GN,2016,54442314974000
NY.GDP.MKTP.KN,GN,2015,49126517645000
NY.GDP.MKTP.KN,GN,2014,47316240595000
NY.GDP.MKTP.KN,GN,2013,45629521110000
NY.GDP.MKTP.KN,GN,2012,43897464521000
NY.GDP.MKTP.KN,GN,2011,41445825311000
NY.GDP.MKTP.KN,GN,2010,39243443549000
NY.GDP.MKTP.KN,GN,2009,37441257061000
NY.GDP.MKTP.KN,GN,2008,37866360749000
NY.GDP.MKTP.KN,GN,2007,36363453346000
NY.GDP.MKTP.KN,GN,2006,34042608356000
NY.GDP.MKTP.KN,GN,2005,33642397681000
NY.GDP.MKTP.KN,GN,2004,32663386946000
NY.GDP.MKTP.KN,GN,2003,31916503326000
NY.GDP.MKTP.KN,GN,2002,31522907901000
NY.GDP.MKTP.KN,GN,2001,29974825239000
NY.GDP.MKTP.KN,GN,2000,28916943266000
NY.GDP.MKTP.KN,GN,1999,28210809616000
NY.GDP.MKTP.KN,GN,1998,27174901283000
NY.GDP.MKTP.KN,GN,1997,26219433343000
NY.GDP.MKTP.KN,GN,1996,24927774897000
NY.GDP.MKTP.KN,GN,1995,23863104569000
NY.GDP.MKTP.KN,GM,2023,72250303600
NY.GDP.MKTP.KN,GM,2022,68616382300
NY.GDP.MKTP.KN,GM,2021,65400121203.3336
NY.GDP.MKTP.KN,GM,2020,62134358700
NY.GDP.MKTP.KN,GM,2019,61769002900
NY.GDP.MKTP.KN,GM,2018,58150827500
NY.GDP.MKTP.KN,GM,2017,54227525500
NY.GDP.MKTP.KN,GM,2016,51732660400
NY.GDP.MKTP.KN,GM,2015,50746473900
NY.GDP.MKTP.KN,GM,2014,48767454600
NY.GDP.MKTP.KN,GM,2013,49463596600
NY.GDP.MKTP.KN,GM,2012,48082303200
NY.GDP.MKTP.KN,GM,2011,45687558200
NY.GDP.MKTP.KN,GM,2010,49730901400
NY.GDP.MKTP.KN,GM,2009,46956550700
NY.GDP.MKTP.KN,GM,2008,44022155200
NY.GDP.MKTP.KN,GM,2007,41430313900
NY.GDP.MKTP.KN,GM,2006,40206723000
NY.GDP.MKTP.KN,GM,2005,40431351900
NY.GDP.MKTP.KN,GM,2004,41405087500
NY.GDP.MKTP.KN,GM,2003,38678269500
NY.GDP.MKTP.KN,GM,2002,36191887000
NY.GDP.MKTP.KN,GM,2001,37407635200
NY.GDP.MKTP.KN,GM,2000,35356933000
NY.GDP.MKTP.KN,GM,1999,33513680500
NY.GDP.MKTP.KN,GM,1998,31497820300
NY.GDP.MKTP.KN,GM,1997,30432677000
NY.GDP.MKTP.KN,GM,1996,29011131800
NY.GDP.MKTP.KN,GM,1995,28380087600
NY.GDP.MKTP.KN,GW,2023,956331200933.414
NY.GDP.MKTP.KN,GW,2022,917359192745.06
NY.GDP.MKTP.KN,GW,2021,880383184976.082
NY.GDP.MKTP.KN,GW,2020,827428173849.779
NY.GDP.MKTP.KN,GW,2019,815200171280.57
NY.GDP.MKTP.KN,GW,2018,780095163904.706
NY.GDP.MKTP.KN,GW,2017,751815955617.629
NY.GDP.MKTP.KN,GW,2016,717457000000
NY.GDP.MKTP.KN,GW,2015,681303000000
NY.GDP.MKTP.KN,GW,2014,641926645945.879
NY.GDP.MKTP.KN,GW,2013,635794246737.952
NY.GDP.MKTP.KN,GW,2012,615745142118.173
NY.GDP.MKTP.KN,GW,2011,626475856507.65
NY.GDP.MKTP.KN,GW,2010,579613836277.825
NY.GDP.MKTP.KN,GW,2009,548848864536.564
NY.GDP.MKTP.KN,GW,2008,535734349795.727
NY.GDP.MKTP.KN,GW,2007,512543915204.225
NY.GDP.MKTP.KN,GW,2006,499751152864.944
NY.GDP.MKTP.KN,GW,2005,486771370267.87
NY.GDP.MKTP.KN,GW,2004,456805945835.382
NY.GDP.MKTP.KN,GW,2003,451514683512.373
NY.GDP.MKTP.KN,GW,2002,452809406187.781
NY.GDP.MKTP.KN,GW,2001,436847285773.835
NY.GDP.MKTP.KN,GW,2000,416894817983.26
NY.GDP.MKTP.KN,GW,1999,412357735916.981
NY.GDP.MKTP.KN,GW,1998,353000608525.572
NY.GDP.MKTP.KN,GW,1997,455165905322.492
NY.GDP.MKTP.KN,GW,1996,427385826593.889
NY.GDP.MKTP.KN,GW,1995,382962210222.341
NY.GDP.MKTP.KN,HN,2023,243777100000
NY.GDP.MKTP.KN,HN,2022,235345600000
NY.GDP.MKTP.KN,HN,2021,225981900000
NY.GDP.MKTP.KN,HN,2020,200756300000
NY.GDP.MKTP.KN,HN,2019,220526700000
NY.GDP.MKTP.KN,HN,2018,215022900000
NY.GDP.MKTP.KN,HN,2017,207061400000
NY.GDP.MKTP.KN,HN,2016,197496800000
NY.GDP.MKTP.KN,HN,2015,190096400000
NY.GDP.MKTP.KN,HN,2014,183066500000
NY.GDP.MKTP.KN,HN,2013,177634300000
NY.GDP.MKTP.KN,HN,2012,172810200000
NY.GDP.MKTP.KN,HN,2011,165958300000
NY.GDP.MKTP.KN,HN,2010,159827800000
NY.GDP.MKTP.KN,HN,2009,154078900000
NY.GDP.MKTP.KN,HN,2008,157918900000
NY.GDP.MKTP.KN,HN,2007,151507700000
NY.GDP.MKTP.KN,HN,2006,142678300000
NY.GDP.MKTP.KN,HN,2005,133885700000
NY.GDP.MKTP.KN,HN,2004,126247000000
NY.GDP.MKTP.KN,HN,2003,118840500000
NY.GDP.MKTP.KN,HN,2002,113671800000
NY.GDP.MKTP.KN,HN,2001,109558600000
NY.GDP.MKTP.KN,HN,2000,106654200000
NY.GDP.MKTP.KN,HN,1999,99406207000
NY.GDP.MKTP.KN,HN,1998,100142909400
NY.GDP.MKTP.KN,HN,1997,96672153800
NY.GDP.MKTP.KN,HN,1996,92422490900
NY.GDP.MKTP.KN,HN,1995,90725224900
NY.GDP.MKTP.KN,HT,2023,592719000000
NY.GDP.MKTP.KN,HT,2022,603976421100
NY.GDP.MKTP.KN,HT,2021,614309000000
NY.GDP.MKTP.KN,HT,2020,625558034100
NY.GDP.MKTP.KN,HT,2019,646942762500
NY.GDP.MKTP.KN,HT,2018,658285663000
NY.GDP.MKTP.KN,HT,2017,647486807100
NY.GDP.MKTP.KN,HT,2016,631631151300
NY.GDP.MKTP.KN,HT,2015,620386837900
NY.GDP.MKTP.KN,HT,2014,611821339100
NY.GDP.MKTP.KN,HT,2013,594643442800
NY.GDP.MKTP.KN,HT,2012,569992497800
NY.GDP.MKTP.KN,HT,2011,567143032800
NY.GDP.MKTP.KN,HT,2010,539631468200
NY.GDP.MKTP.KN,HT,2009,571955605200
NY.GDP.MKTP.KN,HT,2008,540139350600
NY.GDP.MKTP.KN,HT,2007,526154007100
NY.GDP.MKTP.KN,HT,2006,502503528100
NY.GDP.MKTP.KN,HT,2005,493769968800
NY.GDP.MKTP.KN,HT,2004,479052641100
NY.GDP.MKTP.KN,HT,2003,485450179100
NY.GDP.MKTP.KN,HT,2002,469121106700
NY.GDP.MKTP.KN,HT,2001,464238156300
NY.GDP.MKTP.KN,HT,2000,465834795200
NY.GDP.MKTP.KN,HT,1999,461816716100
NY.GDP.MKTP.KN,HT,1998,449630611400
NY.GDP.MKTP.KN,HT,1997,440029862400
NY.GDP.MKTP.KN,HT,1996,428441739000
NY.GDP.MKTP.KN,HT,1995,411406335200
NY.GDP.MKTP.KN,IN,2023,172902810747248
NY.GDP.MKTP.KN,IN,2022,160714285725169
NY.GDP.MKTP.KN,IN,2021,150218462664264
NY.GDP.MKTP.KN,IN,2020,136948692443488
NY.GDP.MKTP.KN,IN,2019,145346407754897
NY.GDP.MKTP.KN,IN,2018,139929139362789
NY.GDP.MKTP.KN,IN,2017,131445821447391
NY.GDP.MKTP.KN,IN,2016,123081932232684
NY.GDP.MKTP.KN,IN,2015,113694931359595
NY.GDP.MKTP.KN,IN,2014,105276736344243
NY.GDP.MKTP.KN,IN,2013,98013698221771.1
NY.GDP.MKTP.KN,IN,2012,92130167685994.3
NY.GDP.MKTP.KN,IN,2011,87363288108910.2
NY.GDP.MKTP.KN,IN,2010,83012348442500
NY.GDP.MKTP.KN,IN,2009,76510780097400
NY.GDP.MKTP.KN,IN,2008,70934025841100
NY.GDP.MKTP.KN,IN,2007,68810066843300
NY.GDP.MKTP.KN,IN,2006,63913752464600
NY.GDP.MKTP.KN,IN,2005,59146140270900
NY.GDP.MKTP.KN,IN,2004,54803799258700
NY.GDP.MKTP.KN,IN,2003,50780492988000
NY.GDP.MKTP.KN,IN,2002,47079838114000
NY.GDP.MKTP.KN,IN,2001,45354561777000
NY.GDP.MKTP.KN,IN,2000,43267358976000
NY.GDP.MKTP.KN,IN,1999,41666935662000
NY.GDP.MKTP.KN,IN,1998,38280717009000
NY.GDP.MKTP.KN,IN,1997,36051163170000
NY.GDP.MKTP.KN,IN,1996,34647981972000
NY.GDP.MKTP.KN,IN,1995,32215839966000
NY.GDP.MKTP.KN,JO,2023,32431451279.5296
NY.GDP.MKTP.KN,JO,2022,31604830900
NY.GDP.MKTP.KN,JO,2021,30855633500
NY.GDP.MKTP.KN,JO,2020,29767442400
NY.GDP.MKTP.KN,JO,2019,30099363700
NY.GDP.MKTP.KN,JO,2018,29581324000
NY.GDP.MKTP.KN,JO,2017,29024326100
NY.GDP.MKTP.KN,JO,2016,28323711300
NY.GDP.MKTP.KN,JO,2015,27769928700
NY.GDP.MKTP.KN,JO,2014,27093530900
NY.GDP.MKTP.KN,JO,2013,26206676500
NY.GDP.MKTP.KN,JO,2012,25540093500
NY.GDP.MKTP.KN,JO,2011,24934348900
NY.GDP.MKTP.KN,JO,2010,24270034400
NY.GDP.MKTP.KN,JO,2009,23720934100
NY.GDP.MKTP.KN,JO,2008,22586265600
NY.GDP.MKTP.KN,JO,2007,21065271600
NY.GDP.MKTP.KN,JO,2006,19473116500
NY.GDP.MKTP.KN,JO,2005,18015154500
NY.GDP.MKTP.KN,JO,2004,16658087600
NY.GDP.MKTP.KN,JO,2003,15343571000
NY.GDP.MKTP.KN,JO,2002,14730535100
NY.GDP.MKTP.KN,JO,2001,13925132200
NY.GDP.MKTP.KN,JO,2000,13228021100
NY.GDP.MKTP.KN,JO,1999,12689271200
NY.GDP.MKTP.KN,JO,1998,12273265100
NY.GDP.MKTP.KN,JO,1997,11914383300
NY.GDP.MKTP.KN,JO,1996,11532822700
NY.GDP.MKTP.KN,JO,1995,11297050900
NY.GDP.MKTP.KN,KE,2023,10385844000000
NY.GDP.MKTP.KN,KE,2022,9851329000000
NY.GDP.MKTP.KN,KE,2021,9395942000000
NY.GDP.MKTP.KN,KE,2020,8733060000000
NY.GDP.MKTP.KN,KE,2019,8756946000000
NY.GDP.MKTP.KN,KE,2018,8330891000000
NY.GDP.MKTP.KN,KE,2017,7885521000000
NY.GDP.MKTP.KN,KE,2016,7594064000000
NY.GDP.MKTP.KN,KE,2015,7287024000000
NY.GDP.MKTP.KN,KE,2014,6942157000000
NY.GDP.MKTP.KN,KE,2013,6610312000000
NY.GDP.MKTP.KN,KE,2012,6368448000000
NY.GDP.MKTP.KN,KE,2011,6090206000000
NY.GDP.MKTP.KN,KE,2010,5793514000000
NY.GDP.MKTP.KN,KE,2009,5361462000000
NY.GDP.MKTP.KN,KE,2008,5189837207000
NY.GDP.MKTP.KN,KE,2007,5177810047700
NY.GDP.MKTP.KN,KE,2006,4845834987600
NY.GDP.MKTP.KN,KE,2005,4551255250900
NY.GDP.MKTP.KN,KE,2004,4297420945600
NY.GDP.MKTP.KN,KE,2003,4088720399400
NY.GDP.MKTP.KN,KE,2002,3972235562900
NY.GDP.MKTP.KN,KE,2001,3950631159900
NY.GDP.MKTP.KN,KE,2000,3806739949200
NY.GDP.MKTP.KN,KE,1999,3784047192600
NY.GDP.MKTP.KN,KE,1998,3698776031800
NY.GDP.MKTP.KN,KE,1997,3580954960300
NY.GDP.MKTP.KN,KE,1996,3564029316600
NY.GDP.MKTP.KN,KE,1995,3422119520500
NY.GDP.MKTP.KN,KG,2023,741102944600
NY.GDP.MKTP.KN,KG,2022,698156596700
NY.GDP.MKTP.KN,KG,2021,640701643500
NY.GDP.MKTP.KN,KG,2020,607259800000
NY.GDP.MKTP.KN,KG,2019,654015200000
NY.GDP.MKTP.KN,KG,2018,625249797400
NY.GDP.MKTP.KN,KG,2017,602604463200
NY.GDP.MKTP.KN,KG,2016,575333993100
NY.GDP.MKTP.KN,KG,2015,551424999600
NY.GDP.MKTP.KN,KG,2014,530850173500
NY.GDP.MKTP.KN,KG,2013,510314904600
NY.GDP.MKTP.KN,KG,2012,460093535300
NY.GDP.MKTP.KN,KG,2011,460499466500
NY.GDP.MKTP.KN,KG,2010,434612739600
NY.GDP.MKTP.KN,KG,2009,436671938600
NY.GDP.MKTP.KN,KG,2008,424421873100
NY.GDP.MKTP.KN,KG,2007,391527256300
NY.GDP.MKTP.KN,KG,2006,360712075400
NY.GDP.MKTP.KN,KG,2005,349856386000
NY.GDP.MKTP.KN,KG,2004,350471517500
NY.GDP.MKTP.KN,KG,2003,327461417900
NY.GDP.MKTP.KN,KG,2002,305952089000
NY.GDP.MKTP.KN,KG,2001,306005103200
NY.GDP.MKTP.KN,KG,2000,290543479200
NY.GDP.MKTP.KN,KG,1999,275544656000
NY.GDP.MKTP.KN,KG,1998,265826595500
NY.GDP.MKTP.KN,KG,1997,260303386400
NY.GDP.MKTP.KN,KG,1996,236821894300
NY.GDP.MKTP.KN,KG,1995,221154218400
NY.GDP.MKTP.KN,KH,2023,62655485150479.3
NY.GDP.MKTP.KN,KH,2022,59445431831600
NY.GDP.MKTP.KN,KH,2021,56485688893000
NY.GDP.MKTP.KN,KH,2020,54826427716000
NY.GDP.MKTP.KN,KH,2019,56578089165000
NY.GDP.MKTP.KN,KH,2018,52849994070000
NY.GDP.MKTP.KN,KH,2017,49176889018000
NY.GDP.MKTP.KN,KH,2016,45961039355000
NY.GDP.MKTP.KN,KH,2015,42981029623000
NY.GDP.MKTP.KN,KH,2014,40182030612000
NY.GDP.MKTP.KN,KH,2013,37503328695000
NY.GDP.MKTP.KN,KH,2012,34933395745000
NY.GDP.MKTP.KN,KH,2011,32552704028000
NY.GDP.MKTP.KN,KH,2010,30403320051000
NY.GDP.MKTP.KN,KH,2009,28692371400000
NY.GDP.MKTP.KN,KH,2008,28667517534000
NY.GDP.MKTP.KN,KH,2007,26869522611000
NY.GDP.MKTP.KN,KH,2006,24379725159000
NY.GDP.MKTP.KN,KH,2005,22009105943000
NY.GDP.MKTP.KN,KH,2004,19434074218000
NY.GDP.MKTP.KN,KH,2003,17612815920000
NY.GDP.MKTP.KN,KH,2002,16232128060000
NY.GDP.MKTP.KN,KH,2001,15230145971000
NY.GDP.MKTP.KN,KH,2000,14082638235000
NY.GDP.MKTP.KN,KH,1999,12803145596000
NY.GDP.MKTP.KN,KH,1998,11359835233000
NY.GDP.MKTP.KN,KH,1997,10851794154000
NY.GDP.MKTP.KN,KH,1996,10433753199000
NY.GDP.MKTP.KN,KH,1995,9852690239700
NY.GDP.MKTP.KN,KI,2023,365000000
NY.GDP.MKTP.KN,KI,2022,350000000
NY.GDP.MKTP.KN,KI,2021,337000000
NY.GDP.MKTP.KN,KI,2020,310000000
NY.GDP.MKTP.KN,KI,2019,312000000
NY.GDP.MKTP.KN,KI,2018,302000000
NY.GDP.MKTP.KN,KI,2017,292000000
NY.GDP.MKTP.KN,KI,2016,282000000
NY.GDP.MKTP.KN,KI,2015,263000000
NY.GDP.MKTP.KN,KI,2014,236000000
NY.GDP.MKTP.KN,KI,2013,233000000
NY.GDP.MKTP.KN,KI,2012,217000000
NY.GDP.MKTP.KN,KI,2011,205000000
NY.GDP.MKTP.KN,KI,2010,198000000
NY.GDP.MKTP.KN,KI,2009,196000000
NY.GDP.MKTP.KN,KI,2008,195000000
NY.GDP.MKTP.KN,KI,2007,201000000
NY.GDP.MKTP.KN,KI,2006,195000000
NY.GDP.MKTP.KN,KI,2005,184000000
NY.GDP.MKTP.KN,KI,2004,182000000
NY.GDP.MKTP.KN,KI,2003,183000000
NY.GDP.MKTP.KN,KI,2002,186000000
NY.GDP.MKTP.KN,KI,2001,183000000
NY.GDP.MKTP.KN,KI,2000,189000000
NY.GDP.MKTP.KN,KI,1999,177000000
NY.GDP.MKTP.KN,KI,1998,184000000
NY.GDP.MKTP.KN,KI,1997,177000000
NY.GDP.MKTP.KN,KI,1996,175000000
NY.GDP.MKTP.KN,KI,1995,175000000
NY.GDP.MKTP.KN,LA,2023,143228388756700
NY.GDP.MKTP.KN,LA,2022,138057205680000
NY.GDP.MKTP.KN,LA,2021,134417938750000
NY.GDP.MKTP.KN,LA,2020,131103189930000
NY.GDP.MKTP.KN,LA,2019,130447000000000
NY.GDP.MKTP.KN,LA,2018,123696000000000
NY.GDP.MKTP.KN,LA,2017,116422000000000
NY.GDP.MKTP.KN,LA,2016,108915000000000
NY.GDP.MKTP.KN,LA,2015,101768000000000
NY.GDP.MKTP.KN,LA,2014,94870828315000
NY.GDP.MKTP.KN,LA,2013,88160112763000
NY.GDP.MKTP.KN,LA,2012,81609860356000
NY.GDP.MKTP.KN,LA,2011,75546429556000
NY.GDP.MKTP.KN,LA,2010,69925371783000
NY.GDP.MKTP.KN,LA,2009,64431369760000
NY.GDP.MKTP.KN,LA,2008,59935168338000
NY.GDP.MKTP.KN,LA,2007,55585645618000
NY.GDP.MKTP.KN,LA,2006,51661044510000
NY.GDP.MKTP.KN,LA,2005,47561584895000
NY.GDP.MKTP.KN,LA,2004,44405438028000
NY.GDP.MKTP.KN,LA,2003,41751034401000
NY.GDP.MKTP.KN,LA,2002,39362887132000
NY.GDP.MKTP.KN,LA,2001,37163287406000
NY.GDP.MKTP.KN,LA,2000,35142119045000
NY.GDP.MKTP.KN,LA,1999,33215995753000
NY.GDP.MKTP.KN,LA,1998,30954354223000
NY.GDP.MKTP.KN,LA,1997,29773075279000
NY.GDP.MKTP.KN,LA,1996,27858606419000
NY.GDP.MKTP.KN,LA,1995,26053533290000
NY.GDP.MKTP.KN,LB,2023,43507791000000
NY.GDP.MKTP.KN,LB,2022,43573201000000
NY.GDP.MKTP.KN,LB,2021,43845781000000
NY.GDP.MKTP.KN,LB,2020,47146629000000
NY.GDP.MKTP.KN,LB,2019,59982912000000
NY.GDP.MKTP.KN,LB,2018,64438807000000
NY.GDP.MKTP.KN,LB,2017,65676618000000
NY.GDP.MKTP.KN,LB,2016,65088847183000
NY.GDP.MKTP.KN,LB,2015,64092497640000
NY.GDP.MKTP.KN,LB,2014,63797548309000
NY.GDP.MKTP.KN,LB,2013,62251191301000
NY.GDP.MKTP.KN,LB,2012,59956145882000
NY.GDP.MKTP.KN,LB,2011,58456849666000
NY.GDP.MKTP.KN,LB,2010,57954189866000
NY.GDP.MKTP.KN,LB,2009,53673643998000
NY.GDP.MKTP.KN,LB,2008,48691458238000
NY.GDP.MKTP.KN,LB,2007,44642749980000
NY.GDP.MKTP.KN,LB,2006,40840266891000
NY.GDP.MKTP.KN,LB,2005,40217096941000
NY.GDP.MKTP.KN,LB,2004,39165205943000
NY.GDP.MKTP.KN,LB,2003,36712982603000
NY.GDP.MKTP.KN,LB,2002,35565256816000
NY.GDP.MKTP.KN,LB,2001,34388100609000
NY.GDP.MKTP.KN,LB,2000,33116535182000
NY.GDP.MKTP.KN,LB,1999,32678037866000
NY.GDP.MKTP.KN,LB,1998,32850696077000
NY.GDP.MKTP.KN,LB,1997,31689062573000
NY.GDP.MKTP.KN,LB,1996,31358243556000
NY.GDP.MKTP.KN,LB,1995,28178083200000
NY.GDP.MKTP.KN,LR,2023,3840000000
NY.GDP.MKTP.KN,LR,2022,3667235600
NY.GDP.MKTP.KN,LR,2021,3499000000
NY.GDP.MKTP.KN,LR,2020,3332802700
NY.GDP.MKTP.KN,LR,2019,3435259000
NY.GDP.MKTP.KN,LR,2018,3522161200
NY.GDP.MKTP.KN,LR,2017,3481856100
NY.GDP.MKTP.KN,LR,2016,3398419600
NY.GDP.MKTP.KN,LR,2015,3452098300
NY.GDP.MKTP.KN,LR,2014,3452739300
NY.GDP.MKTP.KN,LR,2013,3428690700
NY.GDP.MKTP.KN,LR,2012,3154638200
NY.GDP.MKTP.KN,LR,2011,2921128600
NY.GDP.MKTP.KN,LR,2010,2699730000
NY.GDP.MKTP.KN,LR,2009,2544518800
NY.GDP.MKTP.KN,LR,2008,2416434700
NY.GDP.MKTP.KN,LR,2007,2255279400
NY.GDP.MKTP.KN,LR,2006,2058952600
NY.GDP.MKTP.KN,LR,2005,1905662800
NY.GDP.MKTP.KN,LR,2004,1810069200
NY.GDP.MKTP.KN,LR,2003,1763858800
NY.GDP.MKTP.KN,LR,2002,2525033500
NY.GDP.MKTP.KN,LR,2001,2433461900
NY.GDP.MKTP.KN,LR,2000,2364414500
NY.GDP.MKTP.KN,LR,1999,1838352712.93591
NY.GDP.MKTP.KN,LR,1998,1510046697.22081
NY.GDP.MKTP.KN,LR,1997,1159717665.38529
NY.GDP.MKTP.KN,LR,1996,562206097.516258
NY.GDP.MKTP.KN,LR,1995,501427059.946933
NY.GDP.MKTP.KN,LK,2023,11881736000000
NY.GDP.MKTP.KN,LK,2022,12161206000000
NY.GDP.MKTP.KN,LK,2021,13125506000000
NY.GDP.MKTP.KN,LK,2020,12595550000000
NY.GDP.MKTP.KN,LK,2019,13206276338000
NY.GDP.MKTP.KN,LK,2018,13235458391000
NY.GDP.MKTP.KN,LK,2017,12936611760000
NY.GDP.MKTP.KN,LK,2016,12151539522000
NY.GDP.MKTP.KN,LK,2015,11566987369000
NY.GDP.MKTP.KN,LK,2014,11100121213000
NY.GDP.MKTP.KN,LK,2013,10434604350000
NY.GDP.MKTP.KN,LK,2012,10028283732000
NY.GDP.MKTP.KN,LK,2011,9231411543600
NY.GDP.MKTP.KN,LK,2010,8494943831300
NY.GDP.MKTP.KN,LK,2009,7864525993800
NY.GDP.MKTP.KN,LK,2008,7595720138300
NY.GDP.MKTP.KN,LK,2007,7169149428100
NY.GDP.MKTP.KN,LK,2006,6712886223900
NY.GDP.MKTP.KN,LK,2005,6234784731300
NY.GDP.MKTP.KN,LK,2004,5868488467200
NY.GDP.MKTP.KN,LK,2003,5565446495100
NY.GDP.MKTP.KN,LK,2002,5253381498400
NY.GDP.MKTP.KN,LK,2001,5053044665200
NY.GDP.MKTP.KN,LK,2000,5132360583100
NY.GDP.MKTP.KN,LK,1999,4841848092100
NY.GDP.MKTP.KN,LK,1998,4642208054700
NY.GDP.MKTP.KN,LK,1997,4433885362900
NY.GDP.MKTP.KN,LK,1996,4166974021600
NY.GDP.MKTP.KN,LK,1995,4014427108000
NY.GDP.MKTP.KN,LS,2023,20396069200
NY.GDP.MKTP.KN,LS,2022,20214512600
NY.GDP.MKTP.KN,LS,2021,19957952300
NY.GDP.MKTP.KN,LS,2020,19594921400
NY.GDP.MKTP.KN,LS,2019,21174248700
NY.GDP.MKTP.KN,LS,2018,21478817000
NY.GDP.MKTP.KN,LS,2017,21801619000
NY.GDP.MKTP.KN,LS,2016,22507958100
NY.GDP.MKTP.KN,LS,2015,21723960500
NY.GDP.MKTP.KN,LS,2014,21065849300
NY.GDP.MKTP.KN,LS,2013,20711567600
NY.GDP.MKTP.KN,LS,2012,20346845200
NY.GDP.MKTP.KN,LS,2011,19134829100
NY.GDP.MKTP.KN,LS,2010,18290465500
NY.GDP.MKTP.KN,LS,2009,17374867200
NY.GDP.MKTP.KN,LS,2008,17595471800
NY.GDP.MKTP.KN,LS,2007,16674470800
NY.GDP.MKTP.KN,LS,2006,16004227500
NY.GDP.MKTP.KN,LS,2005,15354708700
NY.GDP.MKTP.KN,LS,2004,14840324900
NY.GDP.MKTP.KN,LS,2003,14593350800
NY.GDP.MKTP.KN,LS,2002,13956945200
NY.GDP.MKTP.KN,LS,2001,13856645800
NY.GDP.MKTP.KN,LS,2000,13380102500
NY.GDP.MKTP.KN,LS,1999,12880897300
NY.GDP.MKTP.KN,LS,1998,12819871500
NY.GDP.MKTP.KN,LS,1997,12625731200
NY.GDP.MKTP.KN,LS,1996,12174824000
NY.GDP.MKTP.KN,LS,1995,11529513000
NY.GDP.MKTP.KN,MA,2023,1225900031300
NY.GDP.MKTP.KN,MA,2022,1188141525300
NY.GDP.MKTP.KN,MA,2021,1173374096200
NY.GDP.MKTP.KN,MA,2020,1086246439100
NY.GDP.MKTP.KN,MA,2019,1170249366200
NY.GDP.MKTP.KN,MA,2018,1137368334700
NY.GDP.MKTP.KN,MA,2017,1103537823100
NY.GDP.MKTP.KN,MA,2016,1050409195700
NY.GDP.MKTP.KN,MA,2015,1044963000000
NY.GDP.MKTP.KN,MA,2014,1001454000000
NY.GDP.MKTP.KN,MA,2013,974942922300
NY.GDP.MKTP.KN,MA,2012,936344796600
NY.GDP.MKTP.KN,MA,2011,908522708800
NY.GDP.MKTP.KN,MA,2010,860957842400
NY.GDP.MKTP.KN,MA,2009,831846885700
NY.GDP.MKTP.KN,MA,2008,801812826200
NY.GDP.MKTP.KN,MA,2007,758685074500
NY.GDP.MKTP.KN,MA,2006,733446677300
NY.GDP.MKTP.KN,MA,2005,680435195900
NY.GDP.MKTP.KN,MA,2004,659385949700
NY.GDP.MKTP.KN,MA,2003,630560626300
NY.GDP.MKTP.KN,MA,2002,593909843200
NY.GDP.MKTP.KN,MA,2001,572552504700
NY.GDP.MKTP.KN,MA,2000,531510215000
NY.GDP.MKTP.KN,MA,1999,518131131800
NY.GDP.MKTP.KN,MA,1998,509484860500
NY.GDP.MKTP.KN,MA,1997,475094868200
NY.GDP.MKTP.KN,MA,1996,482627242900
NY.GDP.MKTP.KN,MA,1995,429487309500
NY.GDP.MKTP.KN,MG,2023,23189792200000
NY.GDP.MKTP.KN,MG,2022,22301014050500
NY.GDP.MKTP.KN,MG,2021,21485386022000
NY.GDP.MKTP.KN,MG,2020,20319145168000
NY.GDP.MKTP.KN,MG,2019,21880934414000
NY.GDP.MKTP.KN,MG,2018,20956494783000
NY.GDP.MKTP.KN,MG,2017,20307791521000
NY.GDP.MKTP.KN,MG,2016,19539252614000
NY.GDP.MKTP.KN,MG,2015,18788981153000
NY.GDP.MKTP.KN,MG,2014,18218328791000
NY.GDP.MKTP.KN,MG,2013,17629639326000
NY.GDP.MKTP.KN,MG,2012,17233210645000
NY.GDP.MKTP.KN,MG,2011,16729461772000
NY.GDP.MKTP.KN,MG,2010,16469502686000
NY.GDP.MKTP.KN,MG,2009,16368144629000
NY.GDP.MKTP.KN,MG,2008,17046370021000
NY.GDP.MKTP.KN,MG,2007,15974088180000
NY.GDP.MKTP.KN,MG,2006,15111155920000
NY.GDP.MKTP.KN,MG,2005,14337162966000
NY.GDP.MKTP.KN,MG,2004,13686265385000
NY.GDP.MKTP.KN,MG,2003,13002712327000
NY.GDP.MKTP.KN,MG,2002,11843808447000
NY.GDP.MKTP.KN,MG,2001,13521559663000
NY.GDP.MKTP.KN,MG,2000,12758567260000
NY.GDP.MKTP.KN,MG,1999,12214197698000
NY.GDP.MKTP.KN,MG,1998,11665986506000
NY.GDP.MKTP.KN,MG,1997,11226246072000
NY.GDP.MKTP.KN,MG,1996,10826374721000
NY.GDP.MKTP.KN,MG,1995,10598070610000
NY.GDP.MKTP.KN,ML,2023,6008237451500
NY.GDP.MKTP.KN,ML,2022,5709267245900
NY.GDP.MKTP.KN,ML,2021,5517535549900
NY.GDP.MKTP.KN,ML,2020,5354095698100
NY.GDP.MKTP.KN,ML,2019,5421070335800
NY.GDP.MKTP.KN,ML,2018,5174941782900
NY.GDP.MKTP.KN,ML,2017,4940444365400
NY.GDP.MKTP.KN,ML,2016,4691536933700
NY.GDP.MKTP.KN,ML,2015,4432154019500
NY.GDP.MKTP.KN,ML,2014,4174511516700
NY.GDP.MKTP.KN,ML,2013,3898327347500
NY.GDP.MKTP.KN,ML,2012,3810865384500
NY.GDP.MKTP.KN,ML,2011,3843021274400
NY.GDP.MKTP.KN,ML,2010,3723383966400
NY.GDP.MKTP.KN,ML,2009,3535509290900
NY.GDP.MKTP.KN,ML,2008,3373374062200
NY.GDP.MKTP.KN,ML,2007,3219693423900
NY.GDP.MKTP.KN,ML,2006,3111006768400
NY.GDP.MKTP.KN,ML,2005,2972426681700
NY.GDP.MKTP.KN,ML,2004,2790099830200
NY.GDP.MKTP.KN,ML,2003,2747242878100
NY.GDP.MKTP.KN,ML,2002,2517656705800
NY.GDP.MKTP.KN,ML,2001,2441806663900
NY.GDP.MKTP.KN,ML,2000,2116386073400
NY.GDP.MKTP.KN,ML,1999,2117674360000
NY.GDP.MKTP.KN,ML,1998,2003458329500
NY.GDP.MKTP.KN,ML,1997,1862440523100
NY.GDP.MKTP.KN,ML,1996,1776645862000
NY.GDP.MKTP.KN,ML,1995,1659551471500
NY.GDP.MKTP.KN,MM,2023,77805156089000
NY.GDP.MKTP.KN,MM,2022,77033100815900
NY.GDP.MKTP.KN,MM,2021,74043595507500
NY.GDP.MKTP.KN,MM,2020,84156106763300
NY.GDP.MKTP.KN,MM,2019,92528397400000
NY.GDP.MKTP.KN,MM,2018,86816635400000
NY.GDP.MKTP.KN,MM,2017,81695271400000
NY.GDP.MKTP.KN,MM,2016,76972175400000
NY.GDP.MKTP.KN,MM,2015,72709595081600
NY.GDP.MKTP.KN,MM,2014,67957439847700
NY.GDP.MKTP.KN,MM,2013,62824718488000
NY.GDP.MKTP.KN,MM,2012,57942484177300
NY.GDP.MKTP.KN,MM,2011,53984014313600
NY.GDP.MKTP.KN,MM,2010,51125349410500
NY.GDP.MKTP.KN,MM,2009,46632563331400
NY.GDP.MKTP.KN,MM,2008,42182324282600
NY.GDP.MKTP.KN,MM,2007,38258770525600
NY.GDP.MKTP.KN,MM,2006,34162228962900
NY.GDP.MKTP.KN,MM,2005,30211714541100
NY.GDP.MKTP.KN,MM,2004,26602090215100
NY.GDP.MKTP.KN,MM,2003,23424619803800
NY.GDP.MKTP.KN,MM,2002,20576069396400
NY.GDP.MKTP.KN,MM,2001,18367306487300
NY.GDP.MKTP.KN,MM,2000,16496000656200
NY.GDP.MKTP.KN,MM,1999,14502497430500
NY.GDP.MKTP.KN,MM,1998,13071774698800
NY.GDP.MKTP.KN,MM,1997,12347447131100
NY.GDP.MKTP.KN,MM,1996,11686949485100
NY.GDP.MKTP.KN,MM,1995,10979567222600
NY.GDP.MKTP.KN,MZ,2023,1075233443130
NY.GDP.MKTP.KN,MZ,2022,1024031614848.11
NY.GDP.MKTP.KN,MZ,2021,981251030448.796
NY.GDP.MKTP.KN,MZ,2020,958464160955.384
NY.GDP.MKTP.KN,MZ,2019,970297153083.801
NY.GDP.MKTP.KN,MZ,2018,948316930995.941
NY.GDP.MKTP.KN,MZ,2017,916381653300
NY.GDP.MKTP.KN,MZ,2016,892827024900
NY.GDP.MKTP.KN,MZ,2015,852772389000
NY.GDP.MKTP.KN,MZ,2014,794066321800
NY.GDP.MKTP.KN,MZ,2013,737277052200
NY.GDP.MKTP.KN,MZ,2012,691815023600
NY.GDP.MKTP.KN,MZ,2011,640602070800
NY.GDP.MKTP.KN,MZ,2010,597944370100
NY.GDP.MKTP.KN,MZ,2009,560504206100
NY.GDP.MKTP.KN,MZ,2008,529132112000
NY.GDP.MKTP.KN,MZ,2007,495080340500
NY.GDP.MKTP.KN,MZ,2006,459900893400
NY.GDP.MKTP.KN,MZ,2005,418431496900
NY.GDP.MKTP.KN,MZ,2004,393588121100
NY.GDP.MKTP.KN,MZ,2003,363743999200
NY.GDP.MKTP.KN,MZ,2002,339257413900
NY.GDP.MKTP.KN,MZ,2001,309348078400
NY.GDP.MKTP.KN,MZ,2000,274119156100
NY.GDP.MKTP.KN,MZ,1999,272034730900
NY.GDP.MKTP.KN,MZ,1998,243285693300
NY.GDP.MKTP.KN,MZ,1997,220428907400
NY.GDP.MKTP.KN,MZ,1996,197137248100
NY.GDP.MKTP.KN,MZ,1995,178089006500
NY.GDP.MKTP.KN,MR,2023,269998091363.989
NY.GDP.MKTP.KN,MR,2022,261161546307.114
NY.GDP.MKTP.KN,MR,2021,245482520995.07
NY.GDP.MKTP.KN,MR,2020,243672725891.496
NY.GDP.MKTP.KN,MR,2019,244554730572.859
NY.GDP.MKTP.KN,MR,2018,237107182426.825
NY.GDP.MKTP.KN,MR,2017,226307400252.009
NY.GDP.MKTP.KN,MR,2016,212954021084.544
NY.GDP.MKTP.KN,MR,2015,210302300000
NY.GDP.MKTP.KN,MR,2014,199572600000
NY.GDP.MKTP.KN,MR,2013,191390974060.031
NY.GDP.MKTP.KN,MR,2012,183763302700
NY.GDP.MKTP.KN,MR,2011,175900526000
NY.GDP.MKTP.KN,MR,2010,168854589900
NY.GDP.MKTP.KN,MR,2009,164543180900
NY.GDP.MKTP.KN,MR,2008,164382290300
NY.GDP.MKTP.KN,MR,2007,164928333700
NY.GDP.MKTP.KN,MR,2006,168241724500
NY.GDP.MKTP.KN,MR,2005,142176266900
NY.GDP.MKTP.KN,MR,2004,130958026200
NY.GDP.MKTP.KN,MR,2003,125040177300
NY.GDP.MKTP.KN,MR,2002,116938371700
NY.GDP.MKTP.KN,MR,2001,115344900400
NY.GDP.MKTP.KN,MR,2000,116274507900
NY.GDP.MKTP.KN,MR,1999,121015943900
NY.GDP.MKTP.KN,MR,1998,116728305100
NY.GDP.MKTP.KN,MR,1997,113573456200
NY.GDP.MKTP.KN,MR,1996,118360791000
NY.GDP.MKTP.KN,MR,1995,111852299600
NY.GDP.MKTP.KN,MW,2023,7630897000000
NY.GDP.MKTP.KN,MW,2022,7515190000000
NY.GDP.MKTP.KN,MW,2021,7446426000000
NY.GDP.MKTP.KN,MW,2020,7247031000000
NY.GDP.MKTP.KN,MW,2019,7189515000000
NY.GDP.MKTP.KN,MW,2018,6818055000000
NY.GDP.MKTP.KN,MW,2017,6531224000000
NY.GDP.MKTP.KN,MW,2016,6280023076900
NY.GDP.MKTP.KN,MW,2015,6126851782400
NY.GDP.MKTP.KN,MW,2014,5959972550900
NY.GDP.MKTP.KN,MW,2013,5642563139400
NY.GDP.MKTP.KN,MW,2012,5352949818900
NY.GDP.MKTP.KN,MW,2011,5253140155900
NY.GDP.MKTP.KN,MW,2010,5006200791400
NY.GDP.MKTP.KN,MW,2009,4684205425700
NY.GDP.MKTP.KN,MW,2008,4324090425000
NY.GDP.MKTP.KN,MW,2007,4017187861700
NY.GDP.MKTP.KN,MW,2006,3665317396200
NY.GDP.MKTP.KN,MW,2005,3500780711000
NY.GDP.MKTP.KN,MW,2004,3389971820000
NY.GDP.MKTP.KN,MW,2003,3215666686100
NY.GDP.MKTP.KN,MW,2002,3042095676400
NY.GDP.MKTP.KN,MW,2001,2991244518700
NY.GDP.MKTP.KN,MW,2000,3147848853900
NY.GDP.MKTP.KN,MW,1999,3099006112000
NY.GDP.MKTP.KN,MW,1998,3007509313700
NY.GDP.MKTP.KN,MW,1997,2894751408000
NY.GDP.MKTP.KN,MW,1996,2788981539600
NY.GDP.MKTP.KN,MW,1995,2598833185400
NY.GDP.MKTP.KN,NE,2023,8694030578505
NY.GDP.MKTP.KN,NE,2022,8481981052200
NY.GDP.MKTP.KN,NE,2021,7579965194100
NY.GDP.MKTP.KN,NE,2020,7476520330800
NY.GDP.MKTP.KN,NE,2019,7220158418900
NY.GDP.MKTP.KN,NE,2018,6815337423700
NY.GDP.MKTP.KN,NE,2017,6356913796200
NY.GDP.MKTP.KN,NE,2016,6053894533200
NY.GDP.MKTP.KN,NE,2015,5725216000000
NY.GDP.MKTP.KN,NE,2014,5484309541000
NY.GDP.MKTP.KN,NE,2013,5142722860800
NY.GDP.MKTP.KN,NE,2012,4883175693600
NY.GDP.MKTP.KN,NE,2011,4417206977700
NY.GDP.MKTP.KN,NE,2010,4315458945100
NY.GDP.MKTP.KN,NE,2009,3974518150900
NY.GDP.MKTP.KN,NE,2008,3898015660200
NY.GDP.MKTP.KN,NE,2007,3618272059400
NY.GDP.MKTP.KN,NE,2006,3508024527700
NY.GDP.MKTP.KN,NE,2005,3311611211800
NY.GDP.MKTP.KN,NE,2004,3085394158800
NY.GDP.MKTP.KN,NE,2003,3074210133800
NY.GDP.MKTP.KN,NE,2002,3008898666900
NY.GDP.MKTP.KN,NE,2001,2867844575300
NY.GDP.MKTP.KN,NE,2000,2673528889000
NY.GDP.MKTP.KN,NE,1999,2706233113800
NY.GDP.MKTP.KN,NE,1998,2712188062200
NY.GDP.MKTP.KN,NE,1997,2466239493600
NY.GDP.MKTP.KN,NE,1996,2429135045800
NY.GDP.MKTP.KN,NE,1995,2426695476600
NY.GDP.MKTP.KN,NG,2023,77936100051600
NY.GDP.MKTP.KN,NG,2022,75768945319000
NY.GDP.MKTP.KN,NG,2021,73382771385000
NY.GDP.MKTP.KN,NG,2020,70800543492000
NY.GDP.MKTP.KN,NG,2019,72094093996000
NY.GDP.MKTP.KN,NG,2018,70536348622000
NY.GDP.MKTP.KN,NG,2017,69205691115000
NY.GDP.MKTP.KN,NG,2016,68652430365000
NY.GDP.MKTP.KN,NG,2015,69780692718000
NY.GDP.MKTP.KN,NG,2014,67977459215000
NY.GDP.MKTP.KN,NG,2013,63942845560000
NY.GDP.MKTP.KN,NG,2012,59943794014000
NY.GDP.MKTP.KN,NG,2011,57511041765000
NY.GDP.MKTP.KN,NG,2010,54612264177000
NY.GDP.MKTP.KN,NG,2009,50564263245000
NY.GDP.MKTP.KN,NG,2008,46802760443000
NY.GDP.MKTP.KN,NG,2007,43837391995000
NY.GDP.MKTP.KN,NG,2006,41126678971000
NY.GDP.MKTP.KN,NG,2005,38777013731000
NY.GDP.MKTP.KN,NG,2004,36431373714000
NY.GDP.MKTP.KN,NG,2003,33346624772000
NY.GDP.MKTP.KN,NG,2002,31064272133000
NY.GDP.MKTP.KN,NG,2001,26935315648000
NY.GDP.MKTP.KN,NG,2000,25430423387000
NY.GDP.MKTP.KN,NG,1999,24215775868000
NY.GDP.MKTP.KN,NG,1998,24075146463000
NY.GDP.MKTP.KN,NG,1997,23469343082000
NY.GDP.MKTP.KN,NG,1996,22799693419000
NY.GDP.MKTP.KN,NG,1995,21881559790000
NY.GDP.MKTP.KN,NI,2023,205376000000
NY.GDP.MKTP.KN,NI,2022,196401000000
NY.GDP.MKTP.KN,NI,2021,189298000000
NY.GDP.MKTP.KN,NI,2020,171597000000
NY.GDP.MKTP.KN,NI,2019,174663000000
NY.GDP.MKTP.KN,NI,2018,179873000000
NY.GDP.MKTP.KN,NI,2017,186134000000
NY.GDP.MKTP.KN,NI,2016,177895000000
NY.GDP.MKTP.KN,NI,2015,170132000000
NY.GDP.MKTP.KN,NI,2014,162351000000
NY.GDP.MKTP.KN,NI,2013,154936000000
NY.GDP.MKTP.KN,NI,2012,147662000000
NY.GDP.MKTP.KN,NI,2011,138655000000
NY.GDP.MKTP.KN,NI,2010,130416000000
NY.GDP.MKTP.KN,NI,2009,124908000000
NY.GDP.MKTP.KN,NI,2008,129159000000
NY.GDP.MKTP.KN,NI,2007,124870000000
NY.GDP.MKTP.KN,NI,2006,118838000000
NY.GDP.MKTP.KN,NI,2005,114099231200
NY.GDP.MKTP.KN,NI,2004,109413700700
NY.GDP.MKTP.KN,NI,2003,103894640200
NY.GDP.MKTP.KN,NI,2002,101340126300
NY.GDP.MKTP.KN,NI,2001,100581801000
NY.GDP.MKTP.KN,NI,2000,97689371600
NY.GDP.MKTP.KN,NI,1999,93840422000
NY.GDP.MKTP.KN,NI,1998,87671856100
NY.GDP.MKTP.KN,NI,1997,84534215300
NY.GDP.MKTP.KN,NI,1996,81308972200
NY.GDP.MKTP.KN,NI,1995,76458255300
NY.GDP.MKTP.KN,NP,2023,2579070285205.44
NY.GDP.MKTP.KN,NP,2022,2529677208644.84
NY.GDP.MKTP.KN,NP,2021,2394817502000
NY.GDP.MKTP.KN,NP,2020,2284299666500
NY.GDP.MKTP.KN,NP,2019,2339742692000
NY.GDP.MKTP.KN,NP,2018,2193706438400
NY.GDP.MKTP.KN,NP,2017,2038336745400
NY.GDP.MKTP.KN,NP,2016,1870423594200
NY.GDP.MKTP.KN,NP,2015,1862357468500
NY.GDP.MKTP.KN,NP,2014,1791140757800
NY.GDP.MKTP.KN,NP,2013,1689572402700
NY.GDP.MKTP.KN,NP,2012,1632040476100
NY.GDP.MKTP.KN,NP,2011,1559222569200
NY.GDP.MKTP.KN,NP,2010,1507634210600
NY.GDP.MKTP.KN,NP,2009,1438356974600
NY.GDP.MKTP.KN,NP,2008,1375982600100
NY.GDP.MKTP.KN,NP,2007,1296816624800
NY.GDP.MKTP.KN,NP,2006,1254034482500
NY.GDP.MKTP.KN,NP,2005,1213214488500
NY.GDP.MKTP.KN,NP,2004,1172423743800
NY.GDP.MKTP.KN,NP,2003,1119979545200
NY.GDP.MKTP.KN,NP,2002,1077472835000
NY.GDP.MKTP.KN,NP,2001,1076179878300
NY.GDP.MKTP.KN,NP,2000,1026890253700
NY.GDP.MKTP.KN,NP,1999,966939975400
NY.GDP.MKTP.KN,NP,1998,926076185100
NY.GDP.MKTP.KN,NP,1997,898960048800
NY.GDP.MKTP.KN,NP,1996,855756232300
NY.GDP.MKTP.KN,NP,1995,812465748400
NY.GDP.MKTP.KN,PK,2023,40963812000000
NY.GDP.MKTP.KN,PK,2022,40965801000000
NY.GDP.MKTP.KN,PK,2021,39101616000000
NY.GDP.MKTP.KN,PK,2020,36710346000000
NY.GDP.MKTP.KN,PK,2019,37184104000000
NY.GDP.MKTP.KN,PK,2018,36278011000000
NY.GDP.MKTP.KN,PK,2017,34175628000000
NY.GDP.MKTP.KN,PK,2016,32725049000000
NY.GDP.MKTP.KN,PK,2015,30706456224700
NY.GDP.MKTP.KN,PK,2014,29463694645300
NY.GDP.MKTP.KN,PK,2013,28298795072700
NY.GDP.MKTP.KN,PK,2012,27114731346200
NY.GDP.MKTP.KN,PK,2011,26317933816300
NY.GDP.MKTP.KN,PK,2010,25630993246400
NY.GDP.MKTP.KN,PK,2009,25251782799600
NY.GDP.MKTP.KN,PK,2008,24404330089700
NY.GDP.MKTP.KN,PK,2007,23897595662900
NY.GDP.MKTP.KN,PK,2006,22880595665700
NY.GDP.MKTP.KN,PK,2005,21574957414300
NY.GDP.MKTP.KN,PK,2004,20111527169500
NY.GDP.MKTP.KN,PK,2003,18650925525500
NY.GDP.MKTP.KN,PK,2002,17695155184500
NY.GDP.MKTP.KN,PK,2001,17247611289100
NY.GDP.MKTP.KN,PK,2000,16640025682900
NY.GDP.MKTP.KN,PK,1999,15960110911400
NY.GDP.MKTP.KN,PK,1998,15396575799800
NY.GDP.MKTP.KN,PK,1997,15013691490000
NY.GDP.MKTP.KN,PK,1996,14862922596100
NY.GDP.MKTP.KN,PK,1995,14175877185200
NY.GDP.MKTP.KN,PH,2023,21051758242400
NY.GDP.MKTP.KN,PH,2022,19945604691100
NY.GDP.MKTP.KN,PH,2021,18540084219900
NY.GDP.MKTP.KN,PH,2020,17537843279000
NY.GDP.MKTP.KN,PH,2019,19382750611000
NY.GDP.MKTP.KN,PH,2018,18265190258000
NY.GDP.MKTP.KN,PH,2017,17175978086000
NY.GDP.MKTP.KN,PH,2016,16062675895000
NY.GDP.MKTP.KN,PH,2015,14990907450000
NY.GDP.MKTP.KN,PH,2014,14096046745000
NY.GDP.MKTP.KN,PH,2013,13254643627000
NY.GDP.MKTP.KN,PH,2012,12416466190000
NY.GDP.MKTP.KN,PH,2011,11615360393000
NY.GDP.MKTP.KN,PH,2010,11183860997000
NY.GDP.MKTP.KN,PH,2009,10419633017000
NY.GDP.MKTP.KN,PH,2008,10270877529000
NY.GDP.MKTP.KN,PH,2007,9843239249400
NY.GDP.MKTP.KN,PH,2006,9240804277000
NY.GDP.MKTP.KN,PH,2005,8774324607600
NY.GDP.MKTP.KN,PH,2004,8361077904200
NY.GDP.MKTP.KN,PH,2003,7845677425800
NY.GDP.MKTP.KN,PH,2002,7465894031000
NY.GDP.MKTP.KN,PH,2001,7198383735400
NY.GDP.MKTP.KN,PH,2000,6985383228900
NY.GDP.MKTP.KN,PH,1999,6692101554800
NY.GDP.MKTP.KN,PH,1998,6475405278200
NY.GDP.MKTP.KN,PH,1997,6508866750300
NY.GDP.MKTP.KN,PH,1996,6187934968700
NY.GDP.MKTP.KN,PH,1995,5845375622800
NY.GDP.MKTP.KN,PG,2023,68177500000
NY.GDP.MKTP.KN,PG,2022,66397379300
NY.GDP.MKTP.KN,PG,2021,63136354200
NY.GDP.MKTP.KN,PG,2020,63632900000
NY.GDP.MKTP.KN,PG,2019,65714323100
NY.GDP.MKTP.KN,PG,2018,62896298100
NY.GDP.MKTP.KN,PG,2017,63072429300
NY.GDP.MKTP.KN,PG,2016,60919173600
NY.GDP.MKTP.KN,PG,2015,57749000000
NY.GDP.MKTP.KN,PG,2014,54184547400
NY.GDP.MKTP.KN,PG,2013,47721285900
NY.GDP.MKTP.KN,PG,2012,45963217500
NY.GDP.MKTP.KN,PG,2011,43917908000
NY.GDP.MKTP.KN,PG,2010,43436826200
NY.GDP.MKTP.KN,PG,2009,39441964900
NY.GDP.MKTP.KN,PG,2008,36930533000
NY.GDP.MKTP.KN,PG,2007,37040342000
NY.GDP.MKTP.KN,PG,2006,34355402300
NY.GDP.MKTP.KN,PG,2005,32592183400
NY.GDP.MKTP.KN,PG,2004,30647652400
NY.GDP.MKTP.KN,PG,2003,29835768700
NY.GDP.MKTP.KN,PG,2002,29203769200
NY.GDP.MKTP.KN,PG,2001,29250248000
NY.GDP.MKTP.KN,PG,2000,29285768300
NY.GDP.MKTP.KN,PG,1999,30035096500
NY.GDP.MKTP.KN,PG,1998,29487932000
NY.GDP.MKTP.KN,PG,1997,30642897500
NY.GDP.MKTP.KN,PG,1996,31887926400
NY.GDP.MKTP.KN,PG,1995,29598842000
NY.GDP.MKTP.KN,KP,2023,None
NY.GDP.MKTP.KN,KP,2022,None
NY.GDP.MKTP.KN,KP,2021,None
NY.GDP.MKTP.KN,KP,2020,None
NY.GDP.MKTP.KN,KP,2019,None
NY.GDP.MKTP.KN,KP,2018,None
NY.GDP.MKTP.KN,KP,2017,None
NY.GDP.MKTP.KN,KP,2016,None
NY.GDP.MKTP.KN,KP,2015,None
NY.GDP.MKTP.KN,KP,2014,None
NY.GDP.MKTP.KN,KP,2013,None
NY.GDP.MKTP.KN,KP,2012,None
NY.GDP.MKTP.KN,KP,2011,None
NY.GDP.MKTP.KN,KP,2010,None
NY.GDP.MKTP.KN,KP,2009,None
NY.GDP.MKTP.KN,KP,2008,None
NY.GDP.MKTP.KN,KP,2007,None
NY.GDP.MKTP.KN,KP,2006,None
NY.GDP.MKTP.KN,KP,2005,None
NY.GDP.MKTP.KN,KP,2004,None
NY.GDP.MKTP.KN,KP,2003,None
NY.GDP.MKTP.KN,KP,2002,None
NY.GDP.MKTP.KN,KP,2001,None
NY.GDP.MKTP.KN,KP,2000,None
NY.GDP.MKTP.KN,KP,1999,None
NY.GDP.MKTP.KN,KP,1998,None
NY.GDP.MKTP.KN,KP,1997,None
NY.GDP.MKTP.KN,KP,1996,None
NY.GDP.MKTP.KN,KP,1995,None
NY.GDP.MKTP.KN,PS,2023,14773700000
NY.GDP.MKTP.KN,PS,2022,15635000000
NY.GDP.MKTP.KN,PS,2021,15021700000
NY.GDP.MKTP.KN,PS,2020,14037400000
NY.GDP.MKTP.KN,PS,2019,15829000000
NY.GDP.MKTP.KN,PS,2018,15616200000
NY.GDP.MKTP.KN,PS,2017,15426900000
NY.GDP.MKTP.KN,PS,2016,15211000000
NY.GDP.MKTP.KN,PS,2015,13972400000
NY.GDP.MKTP.KN,PS,2014,13471100000
NY.GDP.MKTP.KN,PS,2013,13492400000
NY.GDP.MKTP.KN,PS,2012,12886900000
NY.GDP.MKTP.KN,PS,2011,12146400000
NY.GDP.MKTP.KN,PS,2010,11082400000
NY.GDP.MKTP.KN,PS,2009,10477100000
NY.GDP.MKTP.KN,PS,2008,9648000000
NY.GDP.MKTP.KN,PS,2007,8980800000
NY.GDP.MKTP.KN,PS,2006,8653000000
NY.GDP.MKTP.KN,PS,2005,8740100000
NY.GDP.MKTP.KN,PS,2004,7853400000
NY.GDP.MKTP.KN,PS,2003,6441160200
NY.GDP.MKTP.KN,PS,2002,5649354300
NY.GDP.MKTP.KN,PS,2001,6455607500
NY.GDP.MKTP.KN,PS,2000,7118373500
NY.GDP.MKTP.KN,PS,1999,7784423000
NY.GDP.MKTP.KN,PS,1998,7189132000
NY.GDP.MKTP.KN,PS,1997,6287822700
NY.GDP.MKTP.KN,PS,1996,5483539600
NY.GDP.MKTP.KN,PS,1995,5417706300
NY.GDP.MKTP.KN,RW,2023,11459859000000
NY.GDP.MKTP.KN,RW,2022,10587327000000
NY.GDP.MKTP.KN,RW,2021,9788784000000
NY.GDP.MKTP.KN,RW,2020,8830023000000
NY.GDP.MKTP.KN,RW,2019,9138322000000
NY.GDP.MKTP.KN,RW,2018,8349511000000
NY.GDP.MKTP.KN,RW,2017,7694234000000
NY.GDP.MKTP.KN,RW,2016,7404128000000
NY.GDP.MKTP.KN,RW,2015,6986955000000
NY.GDP.MKTP.KN,RW,2014,6418479000000
NY.GDP.MKTP.KN,RW,2013,6045635000000
NY.GDP.MKTP.KN,RW,2012,5773151000000
NY.GDP.MKTP.KN,RW,2011,5313946000000
NY.GDP.MKTP.KN,RW,2010,4922217000000
NY.GDP.MKTP.KN,RW,2009,4585860000000
NY.GDP.MKTP.KN,RW,2008,4316174000000
NY.GDP.MKTP.KN,RW,2007,3882804000000
NY.GDP.MKTP.KN,RW,2006,3607438000000
NY.GDP.MKTP.KN,RW,2005,3302696000000
NY.GDP.MKTP.KN,RW,2004,3019528000000
NY.GDP.MKTP.KN,RW,2003,2810231000000
NY.GDP.MKTP.KN,RW,2002,2749672000000
NY.GDP.MKTP.KN,RW,2001,2429209000000
NY.GDP.MKTP.KN,RW,2000,2239221000000
NY.GDP.MKTP.KN,RW,1999,2066257000000
NY.GDP.MKTP.KN,RW,1998,1980085874053.77
NY.GDP.MKTP.KN,RW,1997,1818951015374.88
NY.GDP.MKTP.KN,RW,1996,1597676741227.35
NY.GDP.MKTP.KN,RW,1995,1417062292595.9
NY.GDP.MKTP.KN,SD,2023,17155226200
NY.GDP.MKTP.KN,SD,2022,19504943700
NY.GDP.MKTP.KN,SD,2021,19693572000
NY.GDP.MKTP.KN,SD,2020,20068557100
NY.GDP.MKTP.KN,SD,2019,20824442900
NY.GDP.MKTP.KN,SD,2018,21288152300
NY.GDP.MKTP.KN,SD,2017,21874595000
NY.GDP.MKTP.KN,SD,2016,21720540700
NY.GDP.MKTP.KN,SD,2015,20992592700
NY.GDP.MKTP.KN,SD,2014,20599113200
NY.GDP.MKTP.KN,SD,2013,19681675600
NY.GDP.MKTP.KN,SD,2012,19304249600
NY.GDP.MKTP.KN,SD,2011,23259445900
NY.GDP.MKTP.KN,SD,2010,24031712700
NY.GDP.MKTP.KN,SD,2009,23138955800
NY.GDP.MKTP.KN,SD,2008,23797603100
NY.GDP.MKTP.KN,SD,2007,22916080000
NY.GDP.MKTP.KN,SD,2006,21673070000
NY.GDP.MKTP.KN,SD,2005,20344300000
NY.GDP.MKTP.KN,SD,2004,19257500000
NY.GDP.MKTP.KN,SD,2003,18315900000
NY.GDP.MKTP.KN,SD,2002,17232200000
NY.GDP.MKTP.KN,SD,2001,16255800000
NY.GDP.MKTP.KN,SD,2000,15263610300
NY.GDP.MKTP.KN,SD,1999,14352800600
NY.GDP.MKTP.KN,SD,1998,13920689100
NY.GDP.MKTP.KN,SD,1997,13345689500
NY.GDP.MKTP.KN,SD,1996,11280018400
NY.GDP.MKTP.KN,SD,1995,10649652300
NY.GDP.MKTP.KN,SN,2023,15341199000000
NY.GDP.MKTP.KN,SN,2022,14793827905900
NY.GDP.MKTP.KN,SN,2021,14249242373964.6
NY.GDP.MKTP.KN,SN,2020,13374044739200
NY.GDP.MKTP.KN,SN,2019,13196932173700
NY.GDP.MKTP.KN,SN,2018,12614926385500
NY.GDP.MKTP.KN,SN,2017,11877428237600
NY.GDP.MKTP.KN,SN,2016,11058287144900
NY.GDP.MKTP.KN,SN,2015,10397420000000
NY.GDP.MKTP.KN,SN,2014,9775039000000
NY.GDP.MKTP.KN,SN,2013,9202282111400
NY.GDP.MKTP.KN,SN,2012,8985516826500
NY.GDP.MKTP.KN,SN,2011,8639671173800
NY.GDP.MKTP.KN,SN,2010,8525927535100
NY.GDP.MKTP.KN,SN,2009,8246304482600
NY.GDP.MKTP.KN,SN,2008,8025436095900
NY.GDP.MKTP.KN,SN,2007,7738853275500
NY.GDP.MKTP.KN,SN,2006,7526081967100
NY.GDP.MKTP.KN,SN,2005,7354661647500
NY.GDP.MKTP.KN,SN,2004,7050757194500
NY.GDP.MKTP.KN,SN,2003,6737896839100
NY.GDP.MKTP.KN,SN,2002,6380949646100
NY.GDP.MKTP.KN,SN,2001,6376569161500
NY.GDP.MKTP.KN,SN,2000,6113044876800
NY.GDP.MKTP.KN,SN,1999,5884309358600
NY.GDP.MKTP.KN,SN,1998,5536437899300
NY.GDP.MKTP.KN,SN,1997,5228061757800
NY.GDP.MKTP.KN,SN,1996,5073541912800
NY.GDP.MKTP.KN,SN,1995,4973086695000
NY.GDP.MKTP.KN,SB,2023,11216000000
NY.GDP.MKTP.KN,SB,2022,10894600000
NY.GDP.MKTP.KN,SB,2021,10639000000
NY.GDP.MKTP.KN,SB,2020,10373000000
NY.GDP.MKTP.KN,SB,2019,10736000000
NY.GDP.MKTP.KN,SB,2018,10551500000
NY.GDP.MKTP.KN,SB,2017,10269500000
NY.GDP.MKTP.KN,SB,2016,9963100000
NY.GDP.MKTP.KN,SB,2015,9438800000
NY.GDP.MKTP.KN,SB,2014,9283200000
NY.GDP.MKTP.KN,SB,2013,9174100000
NY.GDP.MKTP.KN,SB,2012,8717500000
NY.GDP.MKTP.KN,SB,2011,8507700000
NY.GDP.MKTP.KN,SB,2010,7919300000
NY.GDP.MKTP.KN,SB,2009,7218500000
NY.GDP.MKTP.KN,SB,2008,7017500000
NY.GDP.MKTP.KN,SB,2007,6606200000
NY.GDP.MKTP.KN,SB,2006,6374200000
NY.GDP.MKTP.KN,SB,2005,6120900000
NY.GDP.MKTP.KN,SB,2004,5701400000
NY.GDP.MKTP.KN,SB,2003,5294600000
NY.GDP.MKTP.KN,SB,2002,4970360200
NY.GDP.MKTP.KN,SB,2001,5113538400
NY.GDP.MKTP.KN,SB,2000,5555573500
NY.GDP.MKTP.KN,SB,1999,6480843500
NY.GDP.MKTP.KN,SB,1998,6512476600
NY.GDP.MKTP.KN,SB,1997,6429439600
NY.GDP.MKTP.KN,SB,1996,6488751800
NY.GDP.MKTP.KN,SB,1995,6385944000
NY.GDP.MKTP.KN,SL,2023,11148560000
NY.GDP.MKTP.KN,SL,2022,10778760000
NY.GDP.MKTP.KN,SL,2021,10418535000
NY.GDP.MKTP.KN,SL,2020,10007747000
NY.GDP.MKTP.KN,SL,2019,10208704000
NY.GDP.MKTP.KN,SL,2018,9699136000
NY.GDP.MKTP.KN,SL,2017,9373600000
NY.GDP.MKTP.KN,SL,2016,9034464000
NY.GDP.MKTP.KN,SL,2015,8495291000
NY.GDP.MKTP.KN,SL,2014,10684701000
NY.GDP.MKTP.KN,SL,2013,10218800000
NY.GDP.MKTP.KN,SL,2012,8439778000
NY.GDP.MKTP.KN,SL,2011,7326085000
NY.GDP.MKTP.KN,SL,2010,6910760000
NY.GDP.MKTP.KN,SL,2009,6480610000
NY.GDP.MKTP.KN,SL,2008,6279087000
NY.GDP.MKTP.KN,SL,2007,5955360000
NY.GDP.MKTP.KN,SL,2006,5515419000
NY.GDP.MKTP.KN,SL,2005,5288890000
NY.GDP.MKTP.KN,SL,2004,5068244000
NY.GDP.MKTP.KN,SL,2003,4759860000
NY.GDP.MKTP.KN,SL,2002,4347554000
NY.GDP.MKTP.KN,SL,2001,3436146000
NY.GDP.MKTP.KN,SL,2000,3668958100
NY.GDP.MKTP.KN,SL,1999,3440097700
NY.GDP.MKTP.KN,SL,1998,3509562000
NY.GDP.MKTP.KN,SL,1997,3448014500
NY.GDP.MKTP.KN,SL,1996,3663310200
NY.GDP.MKTP.KN,SL,1995,3600169700
NY.GDP.MKTP.KN,SO,2023,288270577278500
NY.GDP.MKTP.KN,SO,2022,279594855179100
NY.GDP.MKTP.KN,SO,2021,272940390295800
NY.GDP.MKTP.KN,SO,2020,264192988876500
NY.GDP.MKTP.KN,SO,2019,271142611476500
NY.GDP.MKTP.KN,SO,2018,261643899505900
NY.GDP.MKTP.KN,SO,2017,254050296433400
NY.GDP.MKTP.KN,SO,2016,231993965247500
NY.GDP.MKTP.KN,SO,2015,218001391982600
NY.GDP.MKTP.KN,SO,2014,198278978581900
NY.GDP.MKTP.KN,SO,2013,184400290580400
NY.GDP.MKTP.KN,SO,2012,189533982467321
NY.GDP.MKTP.KN,SO,2011,177642001705473
NY.GDP.MKTP.KN,SO,2010,166496162635996
NY.GDP.MKTP.KN,SO,2009,156049649893455
NY.GDP.MKTP.KN,SO,2008,146258585461266
NY.GDP.MKTP.KN,SO,2007,137081844372842
NY.GDP.MKTP.KN,SO,2006,128480881976230
NY.GDP.MKTP.KN,SO,2005,120654766513416
NY.GDP.MKTP.KN,SO,2004,112645329527067
NY.GDP.MKTP.KN,SO,2003,105167583767617
NY.GDP.MKTP.KN,SO,2002,97711904292642.1
NY.GDP.MKTP.KN,SO,2001,90784782710150
NY.GDP.MKTP.KN,SO,2000,84758207735547.3
NY.GDP.MKTP.KN,SO,1999,79131695467933.2
NY.GDP.MKTP.KN,SO,1998,73735512753180.2
NY.GDP.MKTP.KN,SO,1997,69179039953832.4
NY.GDP.MKTP.KN,SO,1996,68371915071146
NY.GDP.MKTP.KN,SO,1995,63280367202316.4
NY.GDP.MKTP.KN,SS,2023,None
NY.GDP.MKTP.KN,SS,2022,None
NY.GDP.MKTP.KN,SS,2021,None
NY.GDP.MKTP.KN,SS,2020,None
NY.GDP.MKTP.KN,SS,2019,None
NY.GDP.MKTP.KN,SS,2018,None
NY.GDP.MKTP.KN,SS,2017,None
NY.GDP.MKTP.KN,SS,2016,None
NY.GDP.MKTP.KN,SS,2015,15986592400
NY.GDP.MKTP.KN,SS,2014,17920855700
NY.GDP.MKTP.KN,SS,2013,17336000000
NY.GDP.MKTP.KN,SS,2012,15324000000
NY.GDP.MKTP.KN,SS,2011,28421000000
NY.GDP.MKTP.KN,SS,2010,29804000000
NY.GDP.MKTP.KN,SS,2009,28252000000
NY.GDP.MKTP.KN,SS,2008,26896000000
NY.GDP.MKTP.KN,SS,2007,None
NY.GDP.MKTP.KN,SS,2006,None
NY.GDP.MKTP.KN,SS,2005,None
NY.GDP.MKTP.KN,SS,2004,None
NY.GDP.MKTP.KN,SS,2003,None
NY.GDP.MKTP.KN,SS,2002,None
NY.GDP.MKTP.KN,SS,2001,None
NY.GDP.MKTP.KN,SS,2000,None
NY.GDP.MKTP.KN,SS,1999,None
NY.GDP.MKTP.KN,SS,1998,None
NY.GDP.MKTP.KN,SS,1997,None
NY.GDP.MKTP.KN,SS,1996,None
NY.GDP.MKTP.KN,SS,1995,None
NY.GDP.MKTP.KN,ST,2023,4134195100
NY.GDP.MKTP.KN,ST,2022,4153903000
NY.GDP.MKTP.KN,ST,2021,4151193000
NY.GDP.MKTP.KN,ST,2020,4073819000
NY.GDP.MKTP.KN,ST,2019,3969622000
NY.GDP.MKTP.KN,ST,2018,3891240000
NY.GDP.MKTP.KN,ST,2017,3728022000
NY.GDP.MKTP.KN,ST,2016,3580747000
NY.GDP.MKTP.KN,ST,2015,3404502000
NY.GDP.MKTP.KN,ST,2014,3352878000
NY.GDP.MKTP.KN,ST,2013,3196072000
NY.GDP.MKTP.KN,ST,2012,3040412000
NY.GDP.MKTP.KN,ST,2011,2953493000
NY.GDP.MKTP.KN,ST,2010,2895597000
NY.GDP.MKTP.KN,ST,2009,2854255000
NY.GDP.MKTP.KN,ST,2008,2763009000
NY.GDP.MKTP.KN,ST,2007,2600998400
NY.GDP.MKTP.KN,ST,2006,2509611600
NY.GDP.MKTP.KN,ST,2005,2305227600
NY.GDP.MKTP.KN,ST,2004,2162205800
NY.GDP.MKTP.KN,ST,2003,2088322900
NY.GDP.MKTP.KN,ST,2002,1928427000
NY.GDP.MKTP.KN,ST,2001,1865734800
NY.GDP.MKTP.KN,ST,2000,1810259668.59777
NY.GDP.MKTP.KN,ST,1999,1802179267.16932
NY.GDP.MKTP.KN,ST,1998,1758223575.13776
NY.GDP.MKTP.KN,ST,1997,1715340341.48236
NY.GDP.MKTP.KN,ST,1996,1698418569.52677
NY.GDP.MKTP.KN,ST,1995,1673318787.8144
NY.GDP.MKTP.KN,SZ,2023,49186384500
NY.GDP.MKTP.KN,SZ,2022,46914627700
NY.GDP.MKTP.KN,SZ,2021,46692479200
NY.GDP.MKTP.KN,SZ,2020,42185508600
NY.GDP.MKTP.KN,SZ,2019,42853875900
NY.GDP.MKTP.KN,SZ,2018,41730422700
NY.GDP.MKTP.KN,SZ,2017,40760288900
NY.GDP.MKTP.KN,SZ,2016,39950657600
NY.GDP.MKTP.KN,SZ,2015,39530601400
NY.GDP.MKTP.KN,SZ,2014,38669251300
NY.GDP.MKTP.KN,SZ,2013,38315510800
NY.GDP.MKTP.KN,SZ,2012,36891067800
NY.GDP.MKTP.KN,SZ,2011,35002132000
NY.GDP.MKTP.KN,SZ,2010,34232841400
NY.GDP.MKTP.KN,SZ,2009,32981600300
NY.GDP.MKTP.KN,SZ,2008,32473376100
NY.GDP.MKTP.KN,SZ,2007,32208728600
NY.GDP.MKTP.KN,SZ,2006,30840822300
NY.GDP.MKTP.KN,SZ,2005,29097265600
NY.GDP.MKTP.KN,SZ,2004,27450567400
NY.GDP.MKTP.KN,SZ,2003,26490571800
NY.GDP.MKTP.KN,SZ,2002,25501075600
NY.GDP.MKTP.KN,SZ,2001,24430974700
NY.GDP.MKTP.KN,SZ,2000,24175975000
NY.GDP.MKTP.KN,SZ,1999,23757796500
NY.GDP.MKTP.KN,SZ,1998,23076828100
NY.GDP.MKTP.KN,SZ,1997,22491149700
NY.GDP.MKTP.KN,SZ,1996,21814294600
NY.GDP.MKTP.KN,SZ,1995,21007187200
NY.GDP.MKTP.KN,SY,2023,None
NY.GDP.MKTP.KN,SY,2022,None
NY.GDP.MKTP.KN,SY,2021,691549000000
NY.GDP.MKTP.KN,SY,2020,682676000000
NY.GDP.MKTP.KN,SY,2019,683923000000
NY.GDP.MKTP.KN,SY,2018,675675000000
NY.GDP.MKTP.KN,SY,2017,666391000000
NY.GDP.MKTP.KN,SY,2016,671246000000
NY.GDP.MKTP.KN,SY,2015,717186000000
NY.GDP.MKTP.KN,SY,2014,748470507500
NY.GDP.MKTP.KN,SY,2013,834511477400
NY.GDP.MKTP.KN,SY,2012,1132310000000
NY.GDP.MKTP.KN,SY,2011,1537191000000
NY.GDP.MKTP.KN,SY,2010,1494595000000
NY.GDP.MKTP.KN,SY,2009,1420827000000
NY.GDP.MKTP.KN,SY,2008,1341516000000
NY.GDP.MKTP.KN,SY,2007,1284034000000
NY.GDP.MKTP.KN,SY,2006,1215083000000
NY.GDP.MKTP.KN,SY,2005,1156713000000
NY.GDP.MKTP.KN,SY,2004,1089029000000
NY.GDP.MKTP.KN,SY,2003,1018708000000
NY.GDP.MKTP.KN,SY,2002,950248000000
NY.GDP.MKTP.KN,SY,2001,914097000000
NY.GDP.MKTP.KN,SY,2000,904623000000
NY.GDP.MKTP.KN,SY,1999,898552000000
NY.GDP.MKTP.KN,SY,1998,931658000000
NY.GDP.MKTP.KN,SY,1997,872459000000
NY.GDP.MKTP.KN,SY,1996,830725000000
NY.GDP.MKTP.KN,SY,1995,756404000000
NY.GDP.MKTP.KN,TD,2023,5627053893500
NY.GDP.MKTP.KN,TD,2022,5404272507600
NY.GDP.MKTP.KN,TD,2021,5256852452200
NY.GDP.MKTP.KN,TD,2020,5319042000000
NY.GDP.MKTP.KN,TD,2019,5405530857900
NY.GDP.MKTP.KN,TD,2018,5235523873400
NY.GDP.MKTP.KN,TD,2017,5114112900000
NY.GDP.MKTP.KN,TD,2016,5271667000000
NY.GDP.MKTP.KN,TD,2015,5623443000000
NY.GDP.MKTP.KN,TD,2014,5471995900000
NY.GDP.MKTP.KN,TD,2013,5118799500000
NY.GDP.MKTP.KN,TD,2012,4842762000000
NY.GDP.MKTP.KN,TD,2011,4447692344100
NY.GDP.MKTP.KN,TD,2010,4444009602300
NY.GDP.MKTP.KN,TD,2009,3913699387900
NY.GDP.MKTP.KN,TD,2008,3755311770400
NY.GDP.MKTP.KN,TD,2007,3644069567300
NY.GDP.MKTP.KN,TD,2006,3528630437400
NY.GDP.MKTP.KN,TD,2005,3505903000000
NY.GDP.MKTP.KN,TD,2004,2988005873900
NY.GDP.MKTP.KN,TD,2003,2236039751200
NY.GDP.MKTP.KN,TD,2002,1949099772900
NY.GDP.MKTP.KN,TD,2001,1796550869100
NY.GDP.MKTP.KN,TD,2000,1608974460000
NY.GDP.MKTP.KN,TD,1999,1623253916700
NY.GDP.MKTP.KN,TD,1998,1634414519800
NY.GDP.MKTP.KN,TD,1997,1528181744600
NY.GDP.MKTP.KN,TD,1996,1446410485200
NY.GDP.MKTP.KN,TD,1995,1415074051900
NY.GDP.MKTP.KN,TG,2023,5005477430200
NY.GDP.MKTP.KN,TG,2022,4704045834900
NY.GDP.MKTP.KN,TG,2021,4447868932700
NY.GDP.MKTP.KN,TG,2020,4196463975200
NY.GDP.MKTP.KN,TG,2019,4114496820300
NY.GDP.MKTP.KN,TG,2018,3921446894800
NY.GDP.MKTP.KN,TG,2017,3742015019300
NY.GDP.MKTP.KN,TG,2016,3597810000000
NY.GDP.MKTP.KN,TG,2015,3452299192902.43
NY.GDP.MKTP.KN,TG,2014,3273313392293.65
NY.GDP.MKTP.KN,TG,2013,3098753181843.56
NY.GDP.MKTP.KN,TG,2012,2928206642798.29
NY.GDP.MKTP.KN,TG,2011,2754593033819.56
NY.GDP.MKTP.KN,TG,2010,2603013019860.61
NY.GDP.MKTP.KN,TG,2009,2459051473692.05
NY.GDP.MKTP.KN,TG,2008,2331875109455.03
NY.GDP.MKTP.KN,TG,2007,2241419374427.9
NY.GDP.MKTP.KN,TG,2006,2268071950398.5
NY.GDP.MKTP.KN,TG,2005,2209516835496.46
NY.GDP.MKTP.KN,TG,2004,2317666073154.61
NY.GDP.MKTP.KN,TG,2003,2340572444316.89
NY.GDP.MKTP.KN,TG,2002,2193186548622.99
NY.GDP.MKTP.KN,TG,2001,2112354706463.72
NY.GDP.MKTP.KN,TG,2000,2095102818033.23
NY.GDP.MKTP.KN,TG,1999,2111647142755.64
NY.GDP.MKTP.KN,TG,1998,2060510396406.99
NY.GDP.MKTP.KN,TG,1997,2109015141457.7
NY.GDP.MKTP.KN,TG,1996,1843909334392.81
NY.GDP.MKTP.KN,TG,1995,1694205730566.7
NY.GDP.MKTP.KN,TJ,2023,9676052600
NY.GDP.MKTP.KN,TJ,2022,8934490000
NY.GDP.MKTP.KN,TJ,2021,8272675900
NY.GDP.MKTP.KN,TJ,2020,7561861000
NY.GDP.MKTP.KN,TJ,2019,7243161800
NY.GDP.MKTP.KN,TJ,2018,6744098500
NY.GDP.MKTP.KN,TJ,2017,6267749600
NY.GDP.MKTP.KN,TJ,2016,5852240500
NY.GDP.MKTP.KN,TJ,2015,5474500000
NY.GDP.MKTP.KN,TJ,2014,5163682300
NY.GDP.MKTP.KN,TJ,2013,4839439800
NY.GDP.MKTP.KN,TJ,2012,4505996100
NY.GDP.MKTP.KN,TJ,2011,4191624300
NY.GDP.MKTP.KN,TJ,2010,3902815900
NY.GDP.MKTP.KN,TJ,2009,3664615900
NY.GDP.MKTP.KN,TJ,2008,3527060500
NY.GDP.MKTP.KN,TJ,2007,3268823500
NY.GDP.MKTP.KN,TJ,2006,3032303800
NY.GDP.MKTP.KN,TJ,2005,2833928700
NY.GDP.MKTP.KN,TJ,2004,2655978200
NY.GDP.MKTP.KN,TJ,2003,2407958500
NY.GDP.MKTP.KN,TJ,2002,2169332000
NY.GDP.MKTP.KN,TJ,2001,1957880800
NY.GDP.MKTP.KN,TJ,2000,1786700000
NY.GDP.MKTP.KN,TJ,1999,1649398700
NY.GDP.MKTP.KN,TJ,1998,1590555300
NY.GDP.MKTP.KN,TJ,1997,1510314300
NY.GDP.MKTP.KN,TJ,1996,1485350400
NY.GDP.MKTP.KN,TJ,1995,1783133700
NY.GDP.MKTP.KN,TL,2023,1851106945.21923
NY.GDP.MKTP.KN,TL,2022,2161456600
NY.GDP.MKTP.KN,TL,2021,2720236300
NY.GDP.MKTP.KN,TL,2020,2582939200
NY.GDP.MKTP.KN,TL,2019,1957336800
NY.GDP.MKTP.KN,TL,2018,1586018000
NY.GDP.MKTP.KN,TL,2017,1597082600
NY.GDP.MKTP.KN,TL,2016,1648934500
NY.GDP.MKTP.KN,TL,2015,1595205200
NY.GDP.MKTP.KN,TL,2014,1551797300
NY.GDP.MKTP.KN,TL,2013,1485364400
NY.GDP.MKTP.KN,TL,2012,1440641600
NY.GDP.MKTP.KN,TL,2011,1373863300
NY.GDP.MKTP.KN,TL,2010,1296604600
NY.GDP.MKTP.KN,TL,2009,1185938600
NY.GDP.MKTP.KN,TL,2008,1076687600
NY.GDP.MKTP.KN,TL,2007,966551000
NY.GDP.MKTP.KN,TL,2006,876567900
NY.GDP.MKTP.KN,TL,2005,914197100
NY.GDP.MKTP.KN,TL,2004,887702900
NY.GDP.MKTP.KN,TL,2003,884166200
NY.GDP.MKTP.KN,TL,2002,903891500
NY.GDP.MKTP.KN,TL,2001,968839100
NY.GDP.MKTP.KN,TL,2000,832683800
NY.GDP.MKTP.KN,TL,1999,526754660.537112
NY.GDP.MKTP.KN,TL,1998,816072101.694807
NY.GDP.MKTP.KN,TL,1997,832726634.382456
NY.GDP.MKTP.KN,TL,1996,800698686.906209
NY.GDP.MKTP.KN,TL,1995,741510002.69031
NY.GDP.MKTP.KN,TN,2023,95358094200
NY.GDP.MKTP.KN,TN,2022,94955815400
NY.GDP.MKTP.KN,TN,2021,92545955200
NY.GDP.MKTP.KN,TN,2020,88471669600
NY.GDP.MKTP.KN,TN,2019,96787481800
NY.GDP.MKTP.KN,TN,2018,95274666200
NY.GDP.MKTP.KN,TN,2017,92837740400
NY.GDP.MKTP.KN,TN,2016,90805656300
NY.GDP.MKTP.KN,TN,2015,89802183400
NY.GDP.MKTP.KN,TN,2014,88941493800
NY.GDP.MKTP.KN,TN,2013,86275303900
NY.GDP.MKTP.KN,TN,2012,84228606900
NY.GDP.MKTP.KN,TN,2011,80820660600
NY.GDP.MKTP.KN,TN,2010,82509324400
NY.GDP.MKTP.KN,TN,2009,80128597400
NY.GDP.MKTP.KN,TN,2008,77761951200
NY.GDP.MKTP.KN,TN,2007,74600543200
NY.GDP.MKTP.KN,TN,2006,69909922300
NY.GDP.MKTP.KN,TN,2005,66426452800
NY.GDP.MKTP.KN,TN,2004,64188491800
NY.GDP.MKTP.KN,TN,2003,60420778500
NY.GDP.MKTP.KN,TN,2002,57707157400
NY.GDP.MKTP.KN,TN,2001,56953909400
NY.GDP.MKTP.KN,TN,2000,54870862400
NY.GDP.MKTP.KN,TN,1999,52402709000
NY.GDP.MKTP.KN,TN,1998,49411050500
NY.GDP.MKTP.KN,TN,1997,47155255100
NY.GDP.MKTP.KN,TN,1996,44721958600
NY.GDP.MKTP.KN,TN,1995,41739238800
NY.GDP.MKTP.KN,TZ,2023,140573557582800
NY.GDP.MKTP.KN,TZ,2022,133640227232200
NY.GDP.MKTP.KN,TZ,2021,127804659129300
NY.GDP.MKTP.KN,TZ,2020,122510509224200
NY.GDP.MKTP.KN,TZ,2019,120117805061300
NY.GDP.MKTP.KN,TZ,2018,113532897033400
NY.GDP.MKTP.KN,TZ,2017,107646688058900
NY.GDP.MKTP.KN,TZ,2016,100828392681400
NY.GDP.MKTP.KN,TZ,2015,94349315551900
NY.GDP.MKTP.KN,TZ,2014,88874111468100
NY.GDP.MKTP.KN,TZ,2013,83268117227300
NY.GDP.MKTP.KN,TZ,2012,77979847142100
NY.GDP.MKTP.KN,TZ,2011,74621753639100
NY.GDP.MKTP.KN,TZ,2010,69304597217100
NY.GDP.MKTP.KN,TZ,2009,65174781894100
NY.GDP.MKTP.KN,TZ,2008,61912544749100
NY.GDP.MKTP.KN,TZ,2007,58581364180100
NY.GDP.MKTP.KN,TZ,2006,54867629371100
NY.GDP.MKTP.KN,TZ,2005,51503318579100
NY.GDP.MKTP.KN,TZ,2004,47920620034100
NY.GDP.MKTP.KN,TZ,2003,44575739183100
NY.GDP.MKTP.KN,TZ,2002,41787356695100
NY.GDP.MKTP.KN,TZ,2001,39019619035100
NY.GDP.MKTP.KN,TZ,2000,36786387947000
NY.GDP.MKTP.KN,TZ,1999,35195284914000
NY.GDP.MKTP.KN,TZ,1998,33562834378000
NY.GDP.MKTP.KN,TZ,1997,32362661329000
NY.GDP.MKTP.KN,TZ,1996,31260636914000
NY.GDP.MKTP.KN,TZ,1995,29901789900000
NY.GDP.MKTP.KN,UG,2023,144047563993600
NY.GDP.MKTP.KN,UG,2022,136885867725800
NY.GDP.MKTP.KN,UG,2021,130881017931600
NY.GDP.MKTP.KN,UG,2020,126410412147000
NY.GDP.MKTP.KN,UG,2019,122786603240000
NY.GDP.MKTP.KN,UG,2018,115358935510000
NY.GDP.MKTP.KN,UG,2017,108518040920000
NY.GDP.MKTP.KN,UG,2016,105223079600000
NY.GDP.MKTP.KN,UG,2015,100421907890000
NY.GDP.MKTP.KN,UG,2014,95469104537000
NY.GDP.MKTP.KN,UG,2013,90830994796000
NY.GDP.MKTP.KN,UG,2012,87685788152000
NY.GDP.MKTP.KN,UG,2011,84445239572000
NY.GDP.MKTP.KN,UG,2010,77195320970000
NY.GDP.MKTP.KN,UG,2009,73075602310000
NY.GDP.MKTP.KN,UG,2008,68421876509000
NY.GDP.MKTP.KN,UG,2007,62940540952000
NY.GDP.MKTP.KN,UG,2006,58056574596000
NY.GDP.MKTP.KN,UG,2005,52404845918000
NY.GDP.MKTP.KN,UG,2004,49283910212000
NY.GDP.MKTP.KN,UG,2003,46142858184000
NY.GDP.MKTP.KN,UG,2002,43337509117000
NY.GDP.MKTP.KN,UG,2001,39856928772000
NY.GDP.MKTP.KN,UG,2000,37892699632000
NY.GDP.MKTP.KN,UG,1999,36738412746000
NY.GDP.MKTP.KN,UG,1998,34000065058000
NY.GDP.MKTP.KN,UG,1997,32410255959000
NY.GDP.MKTP.KN,UG,1996,30837540803000
NY.GDP.MKTP.KN,UG,1995,28272616628000
NY.GDP.MKTP.KN,UZ,2023,170166694966058
NY.GDP.MKTP.KN,UZ,2022,160551315523100
NY.GDP.MKTP.KN,UZ,2021,151938216020400
NY.GDP.MKTP.KN,UZ,2020,141465038440800
NY.GDP.MKTP.KN,UZ,2019,138697217460000
NY.GDP.MKTP.KN,UZ,2018,130869195470000
NY.GDP.MKTP.KN,UZ,2017,123601731480000
NY.GDP.MKTP.KN,UZ,2016,118397822040000
NY.GDP.MKTP.KN,UZ,2015,111767599490000
NY.GDP.MKTP.KN,UZ,2014,104242564840000
NY.GDP.MKTP.KN,UZ,2013,97537962850000
NY.GDP.MKTP.KN,UZ,2012,90905031443000
NY.GDP.MKTP.KN,UZ,2011,84876709900000
NY.GDP.MKTP.KN,UZ,2010,78936618900000
NY.GDP.MKTP.KN,UZ,2009,73363100903000
NY.GDP.MKTP.KN,UZ,2008,67896776681000
NY.GDP.MKTP.KN,UZ,2007,62273960514000
NY.GDP.MKTP.KN,UZ,2006,56885220553000
NY.GDP.MKTP.KN,UZ,2005,52940409126000
NY.GDP.MKTP.KN,UZ,2004,49500145455000
NY.GDP.MKTP.KN,UZ,2003,46068502430000
NY.GDP.MKTP.KN,UZ,2002,44197775291000
NY.GDP.MKTP.KN,UZ,2001,42508697226000
NY.GDP.MKTP.KN,UZ,2000,40809457428000
NY.GDP.MKTP.KN,UZ,1999,39302217391000
NY.GDP.MKTP.KN,UZ,1998,37681895868000
NY.GDP.MKTP.KN,UZ,1997,36128375712000
NY.GDP.MKTP.KN,UZ,1996,34342562465000
NY.GDP.MKTP.KN,UZ,1995,33768497998000
NY.GDP.MKTP.KN,VN,2023,5830724947794260
NY.GDP.MKTP.KN,VN,2022,5550616910000000
NY.GDP.MKTP.KN,VN,2021,5133589060000000
NY.GDP.MKTP.KN,VN,2020,5005755650000000
NY.GDP.MKTP.KN,VN,2019,4866315600000000
NY.GDP.MKTP.KN,VN,2018,4532739400000000
NY.GDP.MKTP.KN,VN,2017,4217874760000000
NY.GDP.MKTP.KN,VN,2016,3944143680000000
NY.GDP.MKTP.KN,VN,2015,3696825710000000
NY.GDP.MKTP.KN,VN,2014,3455392130000000
NY.GDP.MKTP.KN,VN,2013,3246870230000000
NY.GDP.MKTP.KN,VN,2012,3076041910000000
NY.GDP.MKTP.KN,VN,2011,2915553940000000
NY.GDP.MKTP.KN,VN,2010,2739843170000000
NY.GDP.MKTP.KN,VN,2009,2574478136400000
NY.GDP.MKTP.KN,VN,2008,2442627601200000
NY.GDP.MKTP.KN,VN,2007,2311742055100000
NY.GDP.MKTP.KN,VN,2006,2157894845300000
NY.GDP.MKTP.KN,VN,2005,2017139745400000
NY.GDP.MKTP.KN,VN,2004,1875584720200000
NY.GDP.MKTP.KN,VN,2003,1744139226500000
NY.GDP.MKTP.KN,VN,2002,1631575777700000
NY.GDP.MKTP.KN,VN,2001,1534577858300000
NY.GDP.MKTP.KN,VN,2000,1445085269300000
NY.GDP.MKTP.KN,VN,1999,1353236805600000
NY.GDP.MKTP.KN,VN,1998,1291582015900000
NY.GDP.MKTP.KN,VN,1997,1221187222400000
NY.GDP.MKTP.KN,VN,1996,1129138871500000
NY.GDP.MKTP.KN,VN,1995,1032685833900000
NY.GDP.MKTP.KN,VU,2023,68775000000
NY.GDP.MKTP.KN,VU,2022,67286000000
NY.GDP.MKTP.KN,VU,2021,66021000000
NY.GDP.MKTP.KN,VU,2020,67062000000
NY.GDP.MKTP.KN,VU,2019,70586000000
NY.GDP.MKTP.KN,VU,2018,68370000000
NY.GDP.MKTP.KN,VU,2017,66443000000
NY.GDP.MKTP.KN,VU,2016,62495000000
NY.GDP.MKTP.KN,VU,2015,59696000000
NY.GDP.MKTP.KN,VU,2014,59478000000
NY.GDP.MKTP.KN,VU,2013,57669000000
NY.GDP.MKTP.KN,VU,2012,57403000000
NY.GDP.MKTP.KN,VU,2011,56829000000
NY.GDP.MKTP.KN,VU,2010,55099000000
NY.GDP.MKTP.KN,VU,2009,54414000000
NY.GDP.MKTP.KN,VU,2008,52810000000
NY.GDP.MKTP.KN,VU,2007,50009000000
NY.GDP.MKTP.KN,VU,2006,48611000000
NY.GDP.MKTP.KN,VU,2005,44819000000
NY.GDP.MKTP.KN,VU,2004,42561000000
NY.GDP.MKTP.KN,VU,2003,40929000000
NY.GDP.MKTP.KN,VU,2002,39246000000
NY.GDP.MKTP.KN,VU,2001,41398000000
NY.GDP.MKTP.KN,VU,2000,42854000000
NY.GDP.MKTP.KN,VU,1999,40457000000
NY.GDP.MKTP.KN,VU,1998,40321000000
NY.GDP.MKTP.KN,VU,1997,39852000000
NY.GDP.MKTP.KN,VU,1996,37988000000
NY.GDP.MKTP.KN,VU,1995,37124000000
NY.GDP.MKTP.KN,WS,2023,2016964100
NY.GDP.MKTP.KN,WS,2022,1867698000
NY.GDP.MKTP.KN,WS,2021,1972357000
NY.GDP.MKTP.KN,WS,2020,2122613200
NY.GDP.MKTP.KN,WS,2019,2190710200
NY.GDP.MKTP.KN,WS,2018,2097339600
NY.GDP.MKTP.KN,WS,2017,2110204400
NY.GDP.MKTP.KN,WS,2016,2080940500
NY.GDP.MKTP.KN,WS,2015,1927084700
NY.GDP.MKTP.KN,WS,2014,1855636000
NY.GDP.MKTP.KN,WS,2013,1843470500
NY.GDP.MKTP.KN,WS,2012,1841494700
NY.GDP.MKTP.KN,WS,2011,1912886100
NY.GDP.MKTP.KN,WS,2010,1841986600
NY.GDP.MKTP.KN,WS,2009,1735681000
NY.GDP.MKTP.KN,WS,2008,1745134000
NY.GDP.MKTP.KN,WS,2007,1685206300
NY.GDP.MKTP.KN,WS,2006,1677056100
NY.GDP.MKTP.KN,WS,2005,1642045600
NY.GDP.MKTP.KN,WS,2004,1539814200
NY.GDP.MKTP.KN,WS,2003,1493699800
NY.GDP.MKTP.KN,WS,2002,1419696300
NY.GDP.MKTP.KN,WS,2001,1343748200
NY.GDP.MKTP.KN,WS,2000,1251277200
NY.GDP.MKTP.KN,WS,1999,1190637500
NY.GDP.MKTP.KN,WS,1998,1165173400
NY.GDP.MKTP.KN,WS,1997,1140148400
NY.GDP.MKTP.KN,WS,1996,1132859300
NY.GDP.MKTP.KN,WS,1995,1056979100
NY.GDP.MKTP.KN,YE,2023,None
NY.GDP.MKTP.KN,YE,2022,None
NY.GDP.MKTP.KN,YE,2021,None
NY.GDP.MKTP.KN,YE,2020,None
NY.GDP.MKTP.KN,YE,2019,None
NY.GDP.MKTP.KN,YE,2018,227583711100
NY.GDP.MKTP.KN,YE,2017,225884052000
NY.GDP.MKTP.KN,YE,2016,237952517400
NY.GDP.MKTP.KN,YE,2015,262568653800
NY.GDP.MKTP.KN,YE,2014,364651064800
NY.GDP.MKTP.KN,YE,2013,365340426500
NY.GDP.MKTP.KN,YE,2012,348529060800
NY.GDP.MKTP.KN,YE,2011,340383711900
NY.GDP.MKTP.KN,YE,2010,389967703300
NY.GDP.MKTP.KN,YE,2009,362079247900
NY.GDP.MKTP.KN,YE,2008,348601513300
NY.GDP.MKTP.KN,YE,2007,336333514700
NY.GDP.MKTP.KN,YE,2006,325468000000
NY.GDP.MKTP.KN,YE,2005,315466423000
NY.GDP.MKTP.KN,YE,2004,298760489100
NY.GDP.MKTP.KN,YE,2003,287345139100
NY.GDP.MKTP.KN,YE,2002,276966115900
NY.GDP.MKTP.KN,YE,2001,266479529500
NY.GDP.MKTP.KN,YE,2000,256715000000
NY.GDP.MKTP.KN,YE,1999,241769041900
NY.GDP.MKTP.KN,YE,1998,232973072500
NY.GDP.MKTP.KN,YE,1997,219772037400
NY.GDP.MKTP.KN,YE,1996,208847016000
NY.GDP.MKTP.KN,YE,1995,199595815200
NY.GDP.MKTP.KN,ZM,2023,163010000000
NY.GDP.MKTP.KN,ZM,2022,154026447300
NY.GDP.MKTP.KN,ZM,2021,146343943000
NY.GDP.MKTP.KN,ZM,2020,137755024600
NY.GDP.MKTP.KN,ZM,2019,141701489100
NY.GDP.MKTP.KN,ZM,2018,139688155300
NY.GDP.MKTP.KN,ZM,2017,134271000000
NY.GDP.MKTP.KN,ZM,2016,129698025601.463
NY.GDP.MKTP.KN,ZM,2015,125004000000
NY.GDP.MKTP.KN,ZM,2014,121457000000
NY.GDP.MKTP.KN,ZM,2013,116012218077.292
NY.GDP.MKTP.KN,ZM,2012,110427315787.506
NY.GDP.MKTP.KN,ZM,2011,102630114864.675
NY.GDP.MKTP.KN,ZM,2010,97215915400
NY.GDP.MKTP.KN,ZM,2009,88139149000
NY.GDP.MKTP.KN,ZM,2008,80698469000
NY.GDP.MKTP.KN,ZM,2007,74877565100
NY.GDP.MKTP.KN,ZM,2006,69105566700
NY.GDP.MKTP.KN,ZM,2005,64043744800
NY.GDP.MKTP.KN,ZM,2004,59722466600
NY.GDP.MKTP.KN,ZM,2003,55798495900
NY.GDP.MKTP.KN,ZM,2002,52174958600
NY.GDP.MKTP.KN,ZM,2001,49925316700
NY.GDP.MKTP.KN,ZM,2000,47404862600
NY.GDP.MKTP.KN,ZM,1999,45626644900
