SL.GDP.PCAP.EM.KD,AF,2019,13516.2642046383
SL.GDP.PCAP.EM.KD,AF,2018,12983.230046301
SL.GDP.PCAP.EM.KD,AF,2017,12821.124427043
SL.GDP.PCAP.EM.KD,AF,2016,12811.1509647416
SL.GDP.PCAP.EM.KD,AF,2015,12783.8592942033
SL.GDP.PCAP.EM.KD,AF,2014,12970.7682850358
SL.GDP.PCAP.EM.KD,AF,2013,13274.1238510683
SL.GDP.PCAP.EM.KD,AF,2012,13172.8286487692
SL.GDP.PCAP.EM.KD,AF,2011,12383.788766951
SL.GDP.PCAP.EM.KD,AF,2010,12984.8738037628
SL.GDP.PCAP.EM.KD,AF,2009,11763.0170261142
SL.GDP.PCAP.EM.KD,AF,2008,10150.0754495444
SL.GDP.PCAP.EM.KD,AF,2007,9916.89800739751
SL.GDP.PCAP.EM.KD,AF,2006,8780.01898290812
SL.GDP.PCAP.EM.KD,AF,2005,8741.6069489978
SL.GDP.PCAP.EM.KD,AF,2004,8209.49195986429
SL.GDP.PCAP.EM.KD,AF,2003,8440.24335641385
SL.GDP.PCAP.EM.KD,AF,2002,8372.54503291302
SL.GDP.PCAP.EM.KD,AF,2001,6942.67688919743
SL.GDP.PCAP.EM.KD,AF,2000,7706.23918984219
SL.GDP.PCAP.EM.KD,AF,1999,None
SL.GDP.PCAP.EM.KD,AF,1998,None
SL.GDP.PCAP.EM.KD,AF,1997,None
SL.GDP.PCAP.EM.KD,AF,1996,None
SL.GDP.PCAP.EM.KD,AF,1995,None
SL.GDP.PCAP.EM.KD,AO,2019,24220.6109570247
SL.GDP.PCAP.EM.KD,AO,2018,25229.2610215094
SL.GDP.PCAP.EM.KD,AO,2017,26414.509970709
SL.GDP.PCAP.EM.KD,AO,2016,27323.5142231464
SL.GDP.PCAP.EM.KD,AO,2015,28938.2635565163
SL.GDP.PCAP.EM.KD,AO,2014,29569.3816346929
SL.GDP.PCAP.EM.KD,AO,2013,29191.8968531907
SL.GDP.PCAP.EM.KD,AO,2012,28787.4027131819
SL.GDP.PCAP.EM.KD,AO,2011,27528.0978418141
SL.GDP.PCAP.EM.KD,AO,2010,27570.4346604158
SL.GDP.PCAP.EM.KD,AO,2009,27328.0471380277
SL.GDP.PCAP.EM.KD,AO,2008,28018.7020695817
SL.GDP.PCAP.EM.KD,AO,2007,26121.9582817058
SL.GDP.PCAP.EM.KD,AO,2006,23800.8422376808
SL.GDP.PCAP.EM.KD,AO,2005,22200.8749909569
SL.GDP.PCAP.EM.KD,AO,2004,20029.2957931854
SL.GDP.PCAP.EM.KD,AO,2003,18764.3209597508
SL.GDP.PCAP.EM.KD,AO,2002,18885.9670570192
SL.GDP.PCAP.EM.KD,AO,2001,17274.6583175718
SL.GDP.PCAP.EM.KD,AO,2000,17166.2983407761
SL.GDP.PCAP.EM.KD,AO,1999,17212.4114956328
SL.GDP.PCAP.EM.KD,AO,1998,17364.1255342786
SL.GDP.PCAP.EM.KD,AO,1997,17114.6878409512
SL.GDP.PCAP.EM.KD,AO,1996,16546.074566791
SL.GDP.PCAP.EM.KD,AO,1995,15256.7307781155
SL.GDP.PCAP.EM.KD,BI,2019,2122.05471394087
SL.GDP.PCAP.EM.KD,BI,2018,2168.84875650784
SL.GDP.PCAP.EM.KD,BI,2017,2210.39398546089
SL.GDP.PCAP.EM.KD,BI,2016,2245.85881604906
SL.GDP.PCAP.EM.KD,BI,2015,2276.61404290783
SL.GDP.PCAP.EM.KD,BI,2014,2405.00349157053
SL.GDP.PCAP.EM.KD,BI,2013,2374.24724008936
SL.GDP.PCAP.EM.KD,BI,2012,2334.79468743646
SL.GDP.PCAP.EM.KD,BI,2011,2306.55581543833
SL.GDP.PCAP.EM.KD,BI,2010,2289.44654657891
SL.GDP.PCAP.EM.KD,BI,2009,2288.47300969654
SL.GDP.PCAP.EM.KD,BI,2008,2337.29001986656
SL.GDP.PCAP.EM.KD,BI,2007,2356.68969070649
SL.GDP.PCAP.EM.KD,BI,2006,2394.5812383087
SL.GDP.PCAP.EM.KD,BI,2005,2335.77068684891
SL.GDP.PCAP.EM.KD,BI,2004,2390.91787447344
SL.GDP.PCAP.EM.KD,BI,2003,2369.37671777042
SL.GDP.PCAP.EM.KD,BI,2002,2471.23309215302
SL.GDP.PCAP.EM.KD,BI,2001,2433.64800656282
SL.GDP.PCAP.EM.KD,BI,2000,2446.94576693041
SL.GDP.PCAP.EM.KD,BI,1999,2517.71177571177
SL.GDP.PCAP.EM.KD,BI,1998,2613.85694116196
SL.GDP.PCAP.EM.KD,BI,1997,2544.58186362423
SL.GDP.PCAP.EM.KD,BI,1996,2540.24180513715
SL.GDP.PCAP.EM.KD,BI,1995,2704.76200806546
SL.GDP.PCAP.EM.KD,BJ,2019,9615.9090025824
SL.GDP.PCAP.EM.KD,BJ,2018,9279.27938261482
SL.GDP.PCAP.EM.KD,BJ,2017,8799.88811710518
SL.GDP.PCAP.EM.KD,BJ,2016,8415.62927751935
SL.GDP.PCAP.EM.KD,BJ,2015,8225.79694609541
SL.GDP.PCAP.EM.KD,BJ,2014,8174.23893232625
SL.GDP.PCAP.EM.KD,BJ,2013,7797.72894741838
SL.GDP.PCAP.EM.KD,BJ,2012,7394.87193373794
SL.GDP.PCAP.EM.KD,BJ,2011,7175.37449822907
SL.GDP.PCAP.EM.KD,BJ,2010,7079.78138834478
SL.GDP.PCAP.EM.KD,BJ,2009,7159.09597309101
SL.GDP.PCAP.EM.KD,BJ,2008,7227.92044192586
SL.GDP.PCAP.EM.KD,BJ,2007,7116.66655041718
SL.GDP.PCAP.EM.KD,BJ,2006,6921.46521539097
SL.GDP.PCAP.EM.KD,BJ,2005,6881.95882959992
SL.GDP.PCAP.EM.KD,BJ,2004,7001.91833642704
SL.GDP.PCAP.EM.KD,BJ,2003,6925.14616543487
SL.GDP.PCAP.EM.KD,BJ,2002,6914.47959795107
SL.GDP.PCAP.EM.KD,BJ,2001,6829.41149999871
SL.GDP.PCAP.EM.KD,BJ,2000,6704.27644639179
SL.GDP.PCAP.EM.KD,BJ,1999,6548.05831891422
SL.GDP.PCAP.EM.KD,BJ,1998,6427.17032838322
SL.GDP.PCAP.EM.KD,BJ,1997,6384.42953033254
SL.GDP.PCAP.EM.KD,BJ,1996,6228.44680817922
SL.GDP.PCAP.EM.KD,BJ,1995,6111.18626771035
SL.GDP.PCAP.EM.KD,BF,2019,6933.30187783643
SL.GDP.PCAP.EM.KD,BF,2018,6750.04687837658
SL.GDP.PCAP.EM.KD,BF,2017,6530.68451700781
SL.GDP.PCAP.EM.KD,BF,2016,6342.88716588323
SL.GDP.PCAP.EM.KD,BF,2015,6168.5661380138
SL.GDP.PCAP.EM.KD,BF,2014,6104.60649361521
SL.GDP.PCAP.EM.KD,BF,2013,5933.53676521534
SL.GDP.PCAP.EM.KD,BF,2012,5687.83545974403
SL.GDP.PCAP.EM.KD,BF,2011,5434.01573205357
SL.GDP.PCAP.EM.KD,BF,2010,5172.56685235764
SL.GDP.PCAP.EM.KD,BF,2009,4845.79707930278
SL.GDP.PCAP.EM.KD,BF,2008,4767.70502136932
SL.GDP.PCAP.EM.KD,BF,2007,4570.00572199994
SL.GDP.PCAP.EM.KD,BF,2006,4490.01374078552
SL.GDP.PCAP.EM.KD,BF,2005,4328.23894209435
SL.GDP.PCAP.EM.KD,BF,2004,4053.2244542268
SL.GDP.PCAP.EM.KD,BF,2003,3942.53489730497
SL.GDP.PCAP.EM.KD,BF,2002,3752.80455261817
SL.GDP.PCAP.EM.KD,BF,2001,3682.79910419332
SL.GDP.PCAP.EM.KD,BF,2000,3539.94471352299
SL.GDP.PCAP.EM.KD,BF,1999,3554.81591706721
SL.GDP.PCAP.EM.KD,BF,1998,3385.18072219322
SL.GDP.PCAP.EM.KD,BF,1997,3219.71358390448
SL.GDP.PCAP.EM.KD,BF,1996,3083.8903511735
SL.GDP.PCAP.EM.KD,BF,1995,2830.37514611839
SL.GDP.PCAP.EM.KD,BD,2019,16787.7573529711
SL.GDP.PCAP.EM.KD,BD,2018,15900.5960485543
SL.GDP.PCAP.EM.KD,BD,2017,15164.9948529418
SL.GDP.PCAP.EM.KD,BD,2016,15124.8423810556
SL.GDP.PCAP.EM.KD,BD,2015,14388.0879237099
SL.GDP.PCAP.EM.KD,BD,2014,13752.0611071524
SL.GDP.PCAP.EM.KD,BD,2013,13213.0848528827
SL.GDP.PCAP.EM.KD,BD,2012,12655.1169802889
SL.GDP.PCAP.EM.KD,BD,2011,12055.0713021447
SL.GDP.PCAP.EM.KD,BD,2010,11476.6543038379
SL.GDP.PCAP.EM.KD,BD,2009,11228.5723937637
SL.GDP.PCAP.EM.KD,BD,2008,10752.8592141343
SL.GDP.PCAP.EM.KD,BD,2007,10195.3017432299
SL.GDP.PCAP.EM.KD,BD,2006,9591.19129507152
SL.GDP.PCAP.EM.KD,BD,2005,9202.29679751986
SL.GDP.PCAP.EM.KD,BD,2004,8827.16088480077
SL.GDP.PCAP.EM.KD,BD,2003,8582.97695401918
SL.GDP.PCAP.EM.KD,BD,2002,8358.38723704896
SL.GDP.PCAP.EM.KD,BD,2001,8222.02725100795
SL.GDP.PCAP.EM.KD,BD,2000,8002.49933828378
SL.GDP.PCAP.EM.KD,BD,1999,7799.25295990513
SL.GDP.PCAP.EM.KD,BD,1998,7650.61662072128
SL.GDP.PCAP.EM.KD,BD,1997,7467.4573778117
SL.GDP.PCAP.EM.KD,BD,1996,7331.25651484892
SL.GDP.PCAP.EM.KD,BD,1995,7200.96672041101
SL.GDP.PCAP.EM.KD,BO,2019,21283.3821127219
SL.GDP.PCAP.EM.KD,BO,2018,20867.360026919
SL.GDP.PCAP.EM.KD,BO,2017,21396.0868857361
SL.GDP.PCAP.EM.KD,BO,2016,21316.5751252983
SL.GDP.PCAP.EM.KD,BO,2015,20874.0326284055
SL.GDP.PCAP.EM.KD,BO,2014,18897.2900374337
SL.GDP.PCAP.EM.KD,BO,2013,18934.7845881611
SL.GDP.PCAP.EM.KD,BO,2012,18226.3260821576
SL.GDP.PCAP.EM.KD,BO,2011,16925.921818803
SL.GDP.PCAP.EM.KD,BO,2010,16494.1791512386
SL.GDP.PCAP.EM.KD,BO,2009,16246.4225177433
SL.GDP.PCAP.EM.KD,BO,2008,16090.6226082782
SL.GDP.PCAP.EM.KD,BO,2007,15689.2855877018
SL.GDP.PCAP.EM.KD,BO,2006,14996.0450365753
SL.GDP.PCAP.EM.KD,BO,2005,15229.237009889
SL.GDP.PCAP.EM.KD,BO,2004,14931.9477816632
SL.GDP.PCAP.EM.KD,BO,2003,14675.3649566056
SL.GDP.PCAP.EM.KD,BO,2002,14611.0763820648
SL.GDP.PCAP.EM.KD,BO,2001,14582.0319321676
SL.GDP.PCAP.EM.KD,BO,2000,14635.6661352202
SL.GDP.PCAP.EM.KD,BO,1999,14293.8183304064
SL.GDP.PCAP.EM.KD,BO,1998,14610.9072494145
SL.GDP.PCAP.EM.KD,BO,1997,14301.0056173449
SL.GDP.PCAP.EM.KD,BO,1996,14032.0429735407
SL.GDP.PCAP.EM.KD,BO,1995,13837.7535318956
SL.GDP.PCAP.EM.KD,BT,2019,29683.6142075049
SL.GDP.PCAP.EM.KD,BT,2018,30473.7951026427
SL.GDP.PCAP.EM.KD,BT,2017,29790.2197298653
SL.GDP.PCAP.EM.KD,BT,2016,29103.2104835963
SL.GDP.PCAP.EM.KD,BT,2015,27131.9314262897
SL.GDP.PCAP.EM.KD,BT,2014,26151.4659820278
SL.GDP.PCAP.EM.KD,BT,2013,24177.930463047
SL.GDP.PCAP.EM.KD,BT,2012,24332.4282505423
SL.GDP.PCAP.EM.KD,BT,2011,22804.7092573954
SL.GDP.PCAP.EM.KD,BT,2010,21258.0208950057
SL.GDP.PCAP.EM.KD,BT,2009,19080.7778240573
SL.GDP.PCAP.EM.KD,BT,2008,18070.5415789958
SL.GDP.PCAP.EM.KD,BT,2007,17642.1616480572
SL.GDP.PCAP.EM.KD,BT,2006,15444.7887249575
SL.GDP.PCAP.EM.KD,BT,2005,14999.7839588827
SL.GDP.PCAP.EM.KD,BT,2004,14457.4010877302
SL.GDP.PCAP.EM.KD,BT,2003,14232.1947899517
SL.GDP.PCAP.EM.KD,BT,2002,13769.0212504785
SL.GDP.PCAP.EM.KD,BT,2001,12992.6578177523
SL.GDP.PCAP.EM.KD,BT,2000,12566.8070865433
SL.GDP.PCAP.EM.KD,BT,1999,12616.0196839606
SL.GDP.PCAP.EM.KD,BT,1998,12094.0938288476
SL.GDP.PCAP.EM.KD,BT,1997,11735.9044483281
SL.GDP.PCAP.EM.KD,BT,1996,11414.6656725143
SL.GDP.PCAP.EM.KD,BT,1995,11081.695712896
SL.GDP.PCAP.EM.KD,CF,2019,3184.26125143927
SL.GDP.PCAP.EM.KD,CF,2018,3159.75415471508
SL.GDP.PCAP.EM.KD,CF,2017,3105.75949573176
SL.GDP.PCAP.EM.KD,CF,2016,3025.16648144992
SL.GDP.PCAP.EM.KD,CF,2015,2937.27621332443
SL.GDP.PCAP.EM.KD,CF,2014,2796.74525718548
SL.GDP.PCAP.EM.KD,CF,2013,2749.62738342892
SL.GDP.PCAP.EM.KD,CF,2012,4302.09024220845
SL.GDP.PCAP.EM.KD,CF,2011,4095.77381486137
SL.GDP.PCAP.EM.KD,CF,2010,3975.47504833114
SL.GDP.PCAP.EM.KD,CF,2009,3865.60175907879
SL.GDP.PCAP.EM.KD,CF,2008,3629.34701433817
SL.GDP.PCAP.EM.KD,CF,2007,3628.95730803263
SL.GDP.PCAP.EM.KD,CF,2006,3529.56399581432
SL.GDP.PCAP.EM.KD,CF,2005,3437.32841171139
SL.GDP.PCAP.EM.KD,CF,2004,3485.43324213098
SL.GDP.PCAP.EM.KD,CF,2003,3361.93036554535
SL.GDP.PCAP.EM.KD,CF,2002,3644.83724577889
SL.GDP.PCAP.EM.KD,CF,2001,3602.11731232344
SL.GDP.PCAP.EM.KD,CF,2000,3531.97398486467
SL.GDP.PCAP.EM.KD,CF,1999,3732.5500725971
SL.GDP.PCAP.EM.KD,CF,1998,3709.63859636901
SL.GDP.PCAP.EM.KD,CF,1997,3647.23219901554
SL.GDP.PCAP.EM.KD,CF,1996,3566.89372044334
SL.GDP.PCAP.EM.KD,CF,1995,3815.61852314245
SL.GDP.PCAP.EM.KD,CI,2019,17491.1927556848
SL.GDP.PCAP.EM.KD,CI,2018,16974.1520699485
SL.GDP.PCAP.EM.KD,CI,2017,16768.0560002129
SL.GDP.PCAP.EM.KD,CI,2016,15867.8903523982
SL.GDP.PCAP.EM.KD,CI,2015,15362.3287425707
SL.GDP.PCAP.EM.KD,CI,2014,14873.6381424506
SL.GDP.PCAP.EM.KD,CI,2013,14101.4059057465
SL.GDP.PCAP.EM.KD,CI,2012,13406.4460128994
SL.GDP.PCAP.EM.KD,CI,2011,12686.8479480391
SL.GDP.PCAP.EM.KD,CI,2010,13605.942268576
SL.GDP.PCAP.EM.KD,CI,2009,13072.8443386847
SL.GDP.PCAP.EM.KD,CI,2008,12922.4821760146
SL.GDP.PCAP.EM.KD,CI,2007,12647.5578389024
SL.GDP.PCAP.EM.KD,CI,2006,12797.399621806
SL.GDP.PCAP.EM.KD,CI,2005,12783.3458755308
SL.GDP.PCAP.EM.KD,CI,2004,12976.4622483899
SL.GDP.PCAP.EM.KD,CI,2003,12893.7199451995
SL.GDP.PCAP.EM.KD,CI,2002,13800.3765499872
SL.GDP.PCAP.EM.KD,CI,2001,14427.6697622613
SL.GDP.PCAP.EM.KD,CI,2000,14963.7714251879
SL.GDP.PCAP.EM.KD,CI,1999,15254.4706848432
SL.GDP.PCAP.EM.KD,CI,1998,15443.8142012199
SL.GDP.PCAP.EM.KD,CI,1997,15313.1261712984
SL.GDP.PCAP.EM.KD,CI,1996,14540.7053544535
SL.GDP.PCAP.EM.KD,CI,1995,14076.4042898306
SL.GDP.PCAP.EM.KD,CM,2019,12197.7867522871
SL.GDP.PCAP.EM.KD,CM,2018,12137.8888742666
SL.GDP.PCAP.EM.KD,CM,2017,12007.5376504708
SL.GDP.PCAP.EM.KD,CM,2016,11929.4363445174
SL.GDP.PCAP.EM.KD,CM,2015,11775.1153547525
SL.GDP.PCAP.EM.KD,CM,2014,11537.3678629459
SL.GDP.PCAP.EM.KD,CM,2013,11136.2309864573
SL.GDP.PCAP.EM.KD,CM,2012,10785.6037468606
SL.GDP.PCAP.EM.KD,CM,2011,10486.25984277
SL.GDP.PCAP.EM.KD,CM,2010,10321.2106003005
SL.GDP.PCAP.EM.KD,CM,2009,10036.7221010222
SL.GDP.PCAP.EM.KD,CM,2008,9815.4312942908
SL.GDP.PCAP.EM.KD,CM,2007,9600.30896075895
SL.GDP.PCAP.EM.KD,CM,2006,9543.26814970904
SL.GDP.PCAP.EM.KD,CM,2005,9530.12342948129
SL.GDP.PCAP.EM.KD,CM,2004,9663.67457058012
SL.GDP.PCAP.EM.KD,CM,2003,9382.54213619117
SL.GDP.PCAP.EM.KD,CM,2002,9251.44126981588
SL.GDP.PCAP.EM.KD,CM,2001,9200.9087318883
SL.GDP.PCAP.EM.KD,CM,2000,9089.0235727941
SL.GDP.PCAP.EM.KD,CM,1999,9012.93553702501
SL.GDP.PCAP.EM.KD,CM,1998,8887.70543013789
SL.GDP.PCAP.EM.KD,CM,1997,8760.55940855539
SL.GDP.PCAP.EM.KD,CM,1996,8659.16218752293
SL.GDP.PCAP.EM.KD,CM,1995,8631.2997918295
SL.GDP.PCAP.EM.KD,CD,2019,3983.09945357387
SL.GDP.PCAP.EM.KD,CD,2018,3931.17618265428
SL.GDP.PCAP.EM.KD,CD,2017,3830.24033195965
SL.GDP.PCAP.EM.KD,CD,2016,3815.02272730358
SL.GDP.PCAP.EM.KD,CD,2015,3851.63050592169
SL.GDP.PCAP.EM.KD,CD,2014,3722.38032393586
SL.GDP.PCAP.EM.KD,CD,2013,3518.6985291562
SL.GDP.PCAP.EM.KD,CD,2012,3354.97268304383
SL.GDP.PCAP.EM.KD,CD,2011,3186.98906880225
SL.GDP.PCAP.EM.KD,CD,2010,3036.1757202539
SL.GDP.PCAP.EM.KD,CD,2009,2881.65723576814
SL.GDP.PCAP.EM.KD,CD,2008,2843.1029200339
SL.GDP.PCAP.EM.KD,CD,2007,2719.83806918349
SL.GDP.PCAP.EM.KD,CD,2006,2603.99257962399
SL.GDP.PCAP.EM.KD,CD,2005,2516.33198159854
SL.GDP.PCAP.EM.KD,CD,2004,2447.89865830248
SL.GDP.PCAP.EM.KD,CD,2003,2364.95137497781
SL.GDP.PCAP.EM.KD,CD,2002,2310.25077646278
SL.GDP.PCAP.EM.KD,CD,2001,2317.5477054563
SL.GDP.PCAP.EM.KD,CD,2000,2440.34340924219
SL.GDP.PCAP.EM.KD,CD,1999,2694.02008506345
SL.GDP.PCAP.EM.KD,CD,1998,2888.17441320631
SL.GDP.PCAP.EM.KD,CD,1997,2986.95075327616
SL.GDP.PCAP.EM.KD,CD,1996,3174.98602362854
SL.GDP.PCAP.EM.KD,CD,1995,3238.92287188473
SL.GDP.PCAP.EM.KD,CG,2019,22418.2799201573
SL.GDP.PCAP.EM.KD,CG,2018,22863.9674214613
SL.GDP.PCAP.EM.KD,CG,2017,23958.7380911023
SL.GDP.PCAP.EM.KD,CG,2016,25814.8622590225
SL.GDP.PCAP.EM.KD,CG,2015,28729.4564744175
SL.GDP.PCAP.EM.KD,CG,2014,28988.567464397
SL.GDP.PCAP.EM.KD,CG,2013,27769.2329320528
SL.GDP.PCAP.EM.KD,CG,2012,28332.3515542028
SL.GDP.PCAP.EM.KD,CG,2011,26350.2102268232
SL.GDP.PCAP.EM.KD,CG,2010,26508.6425075817
SL.GDP.PCAP.EM.KD,CG,2009,25373.8539930801
SL.GDP.PCAP.EM.KD,CG,2008,23750.9354496068
SL.GDP.PCAP.EM.KD,CG,2007,23070.454838712
SL.GDP.PCAP.EM.KD,CG,2006,25577.6474980746
SL.GDP.PCAP.EM.KD,CG,2005,24791.8158511143
SL.GDP.PCAP.EM.KD,CG,2004,24012.1659711212
SL.GDP.PCAP.EM.KD,CG,2003,24127.353400758
SL.GDP.PCAP.EM.KD,CG,2002,24579.8899465933
SL.GDP.PCAP.EM.KD,CG,2001,24155.6873284761
SL.GDP.PCAP.EM.KD,CG,2000,24392.9433379918
SL.GDP.PCAP.EM.KD,CG,1999,23904.9523821714
SL.GDP.PCAP.EM.KD,CG,1998,25182.50199368
SL.GDP.PCAP.EM.KD,CG,1997,24751.8358311993
SL.GDP.PCAP.EM.KD,CG,1996,25418.5255555482
SL.GDP.PCAP.EM.KD,CG,1995,25122.1039132829
SL.GDP.PCAP.EM.KD,KM,2019,13600.853989983
SL.GDP.PCAP.EM.KD,KM,2018,13624.9695736311
SL.GDP.PCAP.EM.KD,KM,2017,13437.8733071187
SL.GDP.PCAP.EM.KD,KM,2016,13262.5114122471
SL.GDP.PCAP.EM.KD,KM,2015,13164.3443967684
SL.GDP.PCAP.EM.KD,KM,2014,13345.0678861598
SL.GDP.PCAP.EM.KD,KM,2013,13526.7044921043
SL.GDP.PCAP.EM.KD,KM,2012,13420.233322341
SL.GDP.PCAP.EM.KD,KM,2011,13484.4223134925
SL.GDP.PCAP.EM.KD,KM,2010,13428.0882946732
SL.GDP.PCAP.EM.KD,KM,2009,13436.7065013831
SL.GDP.PCAP.EM.KD,KM,2008,13508.3990854623
SL.GDP.PCAP.EM.KD,KM,2007,13493.2892719116
SL.GDP.PCAP.EM.KD,KM,2006,13896.2812109424
SL.GDP.PCAP.EM.KD,KM,2005,14069.5853642619
SL.GDP.PCAP.EM.KD,KM,2004,14225.4537470383
SL.GDP.PCAP.EM.KD,KM,2003,14333.3178252822
SL.GDP.PCAP.EM.KD,KM,2002,14267.9326446602
SL.GDP.PCAP.EM.KD,KM,2001,14137.5442152945
SL.GDP.PCAP.EM.KD,KM,2000,14010.8060040359
SL.GDP.PCAP.EM.KD,KM,1999,12840.0633006088
SL.GDP.PCAP.EM.KD,KM,1998,12852.0822824318
SL.GDP.PCAP.EM.KD,KM,1997,12984.5452513624
SL.GDP.PCAP.EM.KD,KM,1996,12819.8154687981
SL.GDP.PCAP.EM.KD,KM,1995,13265.4532982167
SL.GDP.PCAP.EM.KD,CV,2019,22181.251399406
SL.GDP.PCAP.EM.KD,CV,2018,21783.9411621709
SL.GDP.PCAP.EM.KD,CV,2017,20058.6458851359
SL.GDP.PCAP.EM.KD,CV,2016,19481.6283466069
SL.GDP.PCAP.EM.KD,CV,2015,18984.8738185296
SL.GDP.PCAP.EM.KD,CV,2014,19111.9189314053
SL.GDP.PCAP.EM.KD,CV,2013,19285.8720075909
SL.GDP.PCAP.EM.KD,CV,2012,19497.3079464153
SL.GDP.PCAP.EM.KD,CV,2011,19650.5486680988
SL.GDP.PCAP.EM.KD,CV,2010,19252.3583856836
SL.GDP.PCAP.EM.KD,CV,2009,19961.6622855459
SL.GDP.PCAP.EM.KD,CV,2008,20705.3545398618
SL.GDP.PCAP.EM.KD,CV,2007,19844.4529207151
SL.GDP.PCAP.EM.KD,CV,2006,17723.2737532947
SL.GDP.PCAP.EM.KD,CV,2005,16889.7010394924
SL.GDP.PCAP.EM.KD,CV,2004,16259.3447848286
SL.GDP.PCAP.EM.KD,CV,2003,15232.1790995323
SL.GDP.PCAP.EM.KD,CV,2002,15017.4021528673
SL.GDP.PCAP.EM.KD,CV,2001,14689.7646455886
SL.GDP.PCAP.EM.KD,CV,2000,14788.1522561935
SL.GDP.PCAP.EM.KD,CV,1999,13376.6714461352
SL.GDP.PCAP.EM.KD,CV,1998,12420.6189197429
SL.GDP.PCAP.EM.KD,CV,1997,11401.4129420297
SL.GDP.PCAP.EM.KD,CV,1996,10579.8975749848
SL.GDP.PCAP.EM.KD,CV,1995,9826.47818911731
SL.GDP.PCAP.EM.KD,DJ,2019,36372.5553541926
SL.GDP.PCAP.EM.KD,DJ,2018,35109.7018749504
SL.GDP.PCAP.EM.KD,DJ,2017,34129.5564664655
SL.GDP.PCAP.EM.KD,DJ,2016,33021.7648776061
SL.GDP.PCAP.EM.KD,DJ,2015,31588.1233982786
SL.GDP.PCAP.EM.KD,DJ,2014,30067.8879383947
SL.GDP.PCAP.EM.KD,DJ,2013,28685.5460111067
SL.GDP.PCAP.EM.KD,DJ,2012,None
SL.GDP.PCAP.EM.KD,DJ,2011,None
SL.GDP.PCAP.EM.KD,DJ,2010,None
SL.GDP.PCAP.EM.KD,DJ,2009,None
SL.GDP.PCAP.EM.KD,DJ,2008,None
SL.GDP.PCAP.EM.KD,DJ,2007,None
SL.GDP.PCAP.EM.KD,DJ,2006,None
SL.GDP.PCAP.EM.KD,DJ,2005,None
SL.GDP.PCAP.EM.KD,DJ,2004,None
SL.GDP.PCAP.EM.KD,DJ,2003,None
SL.GDP.PCAP.EM.KD,DJ,2002,None
SL.GDP.PCAP.EM.KD,DJ,2001,None
SL.GDP.PCAP.EM.KD,DJ,2000,None
SL.GDP.PCAP.EM.KD,DJ,1999,None
SL.GDP.PCAP.EM.KD,DJ,1998,None
SL.GDP.PCAP.EM.KD,DJ,1997,None
SL.GDP.PCAP.EM.KD,DJ,1996,None
SL.GDP.PCAP.EM.KD,DJ,1995,None
SL.GDP.PCAP.EM.KD,EG,2019,59034.2501545254
SL.GDP.PCAP.EM.KD,EG,2018,56810.0526321241
SL.GDP.PCAP.EM.KD,EG,2017,54145.8000062978
SL.GDP.PCAP.EM.KD,EG,2016,51530.2441560815
SL.GDP.PCAP.EM.KD,EG,2015,50355.1825287952
SL.GDP.PCAP.EM.KD,EG,2014,48092.6273366305
SL.GDP.PCAP.EM.KD,EG,2013,47491.1599533451
SL.GDP.PCAP.EM.KD,EG,2012,47179.789585956
SL.GDP.PCAP.EM.KD,EG,2011,46519.7311963212
SL.GDP.PCAP.EM.KD,EG,2010,44658.9095738285
SL.GDP.PCAP.EM.KD,EG,2009,44904.9194664642
SL.GDP.PCAP.EM.KD,EG,2008,43914.9962750204
SL.GDP.PCAP.EM.KD,EG,2007,41744.156466405
SL.GDP.PCAP.EM.KD,EG,2006,41511.7023722843
SL.GDP.PCAP.EM.KD,EG,2005,40900.3773107402
SL.GDP.PCAP.EM.KD,EG,2004,40703.8190084797
SL.GDP.PCAP.EM.KD,EG,2003,41344.5103302363
SL.GDP.PCAP.EM.KD,EG,2002,41736.6928443192
SL.GDP.PCAP.EM.KD,EG,2001,40032.9054799139
SL.GDP.PCAP.EM.KD,EG,2000,38581.8329996118
SL.GDP.PCAP.EM.KD,EG,1999,35929.6169065938
SL.GDP.PCAP.EM.KD,EG,1998,36087.5952640898
SL.GDP.PCAP.EM.KD,EG,1997,34867.4307984777
SL.GDP.PCAP.EM.KD,EG,1996,33819.5989665
SL.GDP.PCAP.EM.KD,EG,1995,33473.4416755053
SL.GDP.PCAP.EM.KD,ER,2019,None
SL.GDP.PCAP.EM.KD,ER,2018,None
SL.GDP.PCAP.EM.KD,ER,2017,None
SL.GDP.PCAP.EM.KD,ER,2016,None
SL.GDP.PCAP.EM.KD,ER,2015,None
SL.GDP.PCAP.EM.KD,ER,2014,None
SL.GDP.PCAP.EM.KD,ER,2013,None
SL.GDP.PCAP.EM.KD,ER,2012,None
SL.GDP.PCAP.EM.KD,ER,2011,None
SL.GDP.PCAP.EM.KD,ER,2010,None
SL.GDP.PCAP.EM.KD,ER,2009,None
SL.GDP.PCAP.EM.KD,ER,2008,None
SL.GDP.PCAP.EM.KD,ER,2007,None
SL.GDP.PCAP.EM.KD,ER,2006,None
SL.GDP.PCAP.EM.KD,ER,2005,None
SL.GDP.PCAP.EM.KD,ER,2004,None
SL.GDP.PCAP.EM.KD,ER,2003,None
SL.GDP.PCAP.EM.KD,ER,2002,None
SL.GDP.PCAP.EM.KD,ER,2001,None
SL.GDP.PCAP.EM.KD,ER,2000,None
SL.GDP.PCAP.EM.KD,ER,1999,None
SL.GDP.PCAP.EM.KD,ER,1998,None
SL.GDP.PCAP.EM.KD,ER,1997,None
SL.GDP.PCAP.EM.KD,ER,1996,None
SL.GDP.PCAP.EM.KD,ER,1995,None
SL.GDP.PCAP.EM.KD,ET,2019,5329.72970827618
SL.GDP.PCAP.EM.KD,ET,2018,5072.13943171401
SL.GDP.PCAP.EM.KD,ET,2017,4900.24559083616
SL.GDP.PCAP.EM.KD,ET,2016,4623.66705495036
SL.GDP.PCAP.EM.KD,ET,2015,4368.57660308571
SL.GDP.PCAP.EM.KD,ET,2014,4092.56903216402
SL.GDP.PCAP.EM.KD,ET,2013,3839.1689739495
SL.GDP.PCAP.EM.KD,ET,2012,3597.56673389843
SL.GDP.PCAP.EM.KD,ET,2011,3434.14690674759
SL.GDP.PCAP.EM.KD,ET,2010,3202.58411885808
SL.GDP.PCAP.EM.KD,ET,2009,2947.29127260524
SL.GDP.PCAP.EM.KD,ET,2008,2801.33454658567
SL.GDP.PCAP.EM.KD,ET,2007,2613.64366909069
SL.GDP.PCAP.EM.KD,ET,2006,2423.13106047847
SL.GDP.PCAP.EM.KD,ET,2005,2261.87771244207
SL.GDP.PCAP.EM.KD,ET,2004,2105.00374719985
SL.GDP.PCAP.EM.KD,ET,2003,1927.94669542553
SL.GDP.PCAP.EM.KD,ET,2002,2045.02692432261
SL.GDP.PCAP.EM.KD,ET,2001,2091.00568457106
SL.GDP.PCAP.EM.KD,ET,2000,2007.04447918214
SL.GDP.PCAP.EM.KD,ET,1999,1961.73440482204
SL.GDP.PCAP.EM.KD,ET,1998,1923.57408667593
SL.GDP.PCAP.EM.KD,ET,1997,2053.56254937192
SL.GDP.PCAP.EM.KD,ET,1996,2058.32971858713
SL.GDP.PCAP.EM.KD,ET,1995,1895.40878397408
SL.GDP.PCAP.EM.KD,FM,2019,None
SL.GDP.PCAP.EM.KD,FM,2018,None
SL.GDP.PCAP.EM.KD,FM,2017,None
SL.GDP.PCAP.EM.KD,FM,2016,None
SL.GDP.PCAP.EM.KD,FM,2015,None
SL.GDP.PCAP.EM.KD,FM,2014,None
SL.GDP.PCAP.EM.KD,FM,2013,None
SL.GDP.PCAP.EM.KD,FM,2012,None
SL.GDP.PCAP.EM.KD,FM,2011,None
SL.GDP.PCAP.EM.KD,FM,2010,None
SL.GDP.PCAP.EM.KD,FM,2009,None
SL.GDP.PCAP.EM.KD,FM,2008,None
SL.GDP.PCAP.EM.KD,FM,2007,None
SL.GDP.PCAP.EM.KD,FM,2006,None
SL.GDP.PCAP.EM.KD,FM,2005,None
SL.GDP.PCAP.EM.KD,FM,2004,None
SL.GDP.PCAP.EM.KD,FM,2003,None
SL.GDP.PCAP.EM.KD,FM,2002,None
SL.GDP.PCAP.EM.KD,FM,2001,None
SL.GDP.PCAP.EM.KD,FM,2000,None
SL.GDP.PCAP.EM.KD,FM,1999,None
SL.GDP.PCAP.EM.KD,FM,1998,None
SL.GDP.PCAP.EM.KD,FM,1997,None
SL.GDP.PCAP.EM.KD,FM,1996,None
SL.GDP.PCAP.EM.KD,FM,1995,None
SL.GDP.PCAP.EM.KD,GH,2019,15548.5992498693
SL.GDP.PCAP.EM.KD,GH,2018,14968.9973548053
SL.GDP.PCAP.EM.KD,GH,2017,14465.4956157273
SL.GDP.PCAP.EM.KD,GH,2016,14005.1268085423
SL.GDP.PCAP.EM.KD,GH,2015,14125.2424606552
SL.GDP.PCAP.EM.KD,GH,2014,13755.9594524503
SL.GDP.PCAP.EM.KD,GH,2013,13334.6108739795
SL.GDP.PCAP.EM.KD,GH,2012,12797.0710800192
SL.GDP.PCAP.EM.KD,GH,2011,12079.8843222659
SL.GDP.PCAP.EM.KD,GH,2010,10942.6334613285
SL.GDP.PCAP.EM.KD,GH,2009,10360.7448907058
SL.GDP.PCAP.EM.KD,GH,2008,10089.8434090237
SL.GDP.PCAP.EM.KD,GH,2007,9472.813435555
SL.GDP.PCAP.EM.KD,GH,2006,9291.97080559816
SL.GDP.PCAP.EM.KD,GH,2005,9051.66064395423
SL.GDP.PCAP.EM.KD,GH,2004,8871.07282502682
SL.GDP.PCAP.EM.KD,GH,2003,8733.11729738342
SL.GDP.PCAP.EM.KD,GH,2002,8644.1345644086
SL.GDP.PCAP.EM.KD,GH,2001,8616.01726406951
SL.GDP.PCAP.EM.KD,GH,2000,8616.3834602874
SL.GDP.PCAP.EM.KD,GH,1999,8517.72676255601
SL.GDP.PCAP.EM.KD,GH,1998,8231.93649795991
SL.GDP.PCAP.EM.KD,GH,1997,8060.14066082472
SL.GDP.PCAP.EM.KD,GH,1996,7920.68777695662
SL.GDP.PCAP.EM.KD,GH,1995,7737.82544982298
SL.GDP.PCAP.EM.KD,GN,2019,12442.1420043526
SL.GDP.PCAP.EM.KD,GN,2018,11939.8495347033
SL.GDP.PCAP.EM.KD,GN,2017,11419.8472164744
SL.GDP.PCAP.EM.KD,GN,2016,10559.5340899051
SL.GDP.PCAP.EM.KD,GN,2015,9728.60544465622
SL.GDP.PCAP.EM.KD,GN,2014,9515.2313106258
SL.GDP.PCAP.EM.KD,GN,2013,9314.64380897761
SL.GDP.PCAP.EM.KD,GN,2012,9101.39374617063
SL.GDP.PCAP.EM.KD,GN,2011,8772.85504663915
SL.GDP.PCAP.EM.KD,GN,2010,8453.85100074737
SL.GDP.PCAP.EM.KD,GN,2009,8188.52804577636
SL.GDP.PCAP.EM.KD,GN,2008,8408.27259247805
SL.GDP.PCAP.EM.KD,GN,2007,8214.58155510449
SL.GDP.PCAP.EM.KD,GN,2006,7825.32546418444
SL.GDP.PCAP.EM.KD,GN,2005,7817.00761829174
SL.GDP.PCAP.EM.KD,GN,2004,7650.75588644525
SL.GDP.PCAP.EM.KD,GN,2003,7559.53534203842
SL.GDP.PCAP.EM.KD,GN,2002,7562.35920604233
SL.GDP.PCAP.EM.KD,GN,2001,7284.86307978835
SL.GDP.PCAP.EM.KD,GN,2000,7077.8888500261
SL.GDP.PCAP.EM.KD,GN,1999,7005.37492266563
SL.GDP.PCAP.EM.KD,GN,1998,6885.28637419565
SL.GDP.PCAP.EM.KD,GN,1997,6731.68968766985
SL.GDP.PCAP.EM.KD,GN,1996,6506.32359781069
SL.GDP.PCAP.EM.KD,GN,1995,6405.94036166826
SL.GDP.PCAP.EM.KD,GM,2019,8284.07492910519
SL.GDP.PCAP.EM.KD,GM,2018,8052.84345047759
SL.GDP.PCAP.EM.KD,GM,2017,7862.90980822579
SL.GDP.PCAP.EM.KD,GM,2016,7866.13031427112
SL.GDP.PCAP.EM.KD,GM,2015,8074.07238867294
SL.GDP.PCAP.EM.KD,GM,2014,8118.66693431991
SL.GDP.PCAP.EM.KD,GM,2013,8658.12057054046
SL.GDP.PCAP.EM.KD,GM,2012,8802.44563326476
SL.GDP.PCAP.EM.KD,GM,2011,8639.86398225059
SL.GDP.PCAP.EM.KD,GM,2010,9635.15464633885
SL.GDP.PCAP.EM.KD,GM,2009,9415.41488369053
SL.GDP.PCAP.EM.KD,GM,2008,9161.49498170804
SL.GDP.PCAP.EM.KD,GM,2007,8958.2534821542
SL.GDP.PCAP.EM.KD,GM,2006,8955.58123944575
SL.GDP.PCAP.EM.KD,GM,2005,9251.06402830642
SL.GDP.PCAP.EM.KD,GM,2004,9772.46242258099
SL.GDP.PCAP.EM.KD,GM,2003,9413.02960672518
SL.GDP.PCAP.EM.KD,GM,2002,9090.85420741277
SL.GDP.PCAP.EM.KD,GM,2001,9647.29876825352
SL.GDP.PCAP.EM.KD,GM,2000,9425.32632601499
SL.GDP.PCAP.EM.KD,GM,1999,9223.72389853914
SL.GDP.PCAP.EM.KD,GM,1998,8965.40439897568
SL.GDP.PCAP.EM.KD,GM,1997,8946.9292144165
SL.GDP.PCAP.EM.KD,GM,1996,8818.36858214169
SL.GDP.PCAP.EM.KD,GM,1995,8885.70407126906
SL.GDP.PCAP.EM.KD,GW,2019,6952.33653090968
SL.GDP.PCAP.EM.KD,GW,2018,6846.98028236679
SL.GDP.PCAP.EM.KD,GW,2017,6789.4299767569
SL.GDP.PCAP.EM.KD,GW,2016,6676.43490621329
SL.GDP.PCAP.EM.KD,GW,2015,6530.83765609875
SL.GDP.PCAP.EM.KD,GW,2014,6341.41712042598
SL.GDP.PCAP.EM.KD,GW,2013,6456.19894849872
SL.GDP.PCAP.EM.KD,GW,2012,6434.07575277751
SL.GDP.PCAP.EM.KD,GW,2011,6730.55418812183
SL.GDP.PCAP.EM.KD,GW,2010,6409.7958291555
SL.GDP.PCAP.EM.KD,GW,2009,6236.18454368943
SL.GDP.PCAP.EM.KD,GW,2008,6248.94722243079
SL.GDP.PCAP.EM.KD,GW,2007,6130.4969588617
SL.GDP.PCAP.EM.KD,GW,2006,6126.49550521317
SL.GDP.PCAP.EM.KD,GW,2005,6113.09159791246
SL.GDP.PCAP.EM.KD,GW,2004,5877.00162652634
SL.GDP.PCAP.EM.KD,GW,2003,5948.98999429964
SL.GDP.PCAP.EM.KD,GW,2002,6105.50807629663
SL.GDP.PCAP.EM.KD,GW,2001,6032.37369738785
SL.GDP.PCAP.EM.KD,GW,2000,5930.62015044764
SL.GDP.PCAP.EM.KD,GW,1999,6002.84449648676
SL.GDP.PCAP.EM.KD,GW,1998,5242.32258315416
SL.GDP.PCAP.EM.KD,GW,1997,6874.17673536697
SL.GDP.PCAP.EM.KD,GW,1996,6613.6426905237
SL.GDP.PCAP.EM.KD,GW,1995,6093.03955350629
SL.GDP.PCAP.EM.KD,HN,2019,14991.3846621935
SL.GDP.PCAP.EM.KD,HN,2018,14519.7711285349
SL.GDP.PCAP.EM.KD,HN,2017,14875.5138008518
SL.GDP.PCAP.EM.KD,HN,2016,15012.5072023802
SL.GDP.PCAP.EM.KD,HN,2015,14596.0470694142
SL.GDP.PCAP.EM.KD,HN,2014,14602.9927603969
SL.GDP.PCAP.EM.KD,HN,2013,14716.121046344
SL.GDP.PCAP.EM.KD,HN,2012,15514.2694200855
SL.GDP.PCAP.EM.KD,HN,2011,15127.8772983145
SL.GDP.PCAP.EM.KD,HN,2010,14441.5262277767
SL.GDP.PCAP.EM.KD,HN,2009,14498.0427309881
SL.GDP.PCAP.EM.KD,HN,2008,15633.1874330905
SL.GDP.PCAP.EM.KD,HN,2007,15656.8670955453
SL.GDP.PCAP.EM.KD,HN,2006,15054.4654041437
SL.GDP.PCAP.EM.KD,HN,2005,14363.7652664815
SL.GDP.PCAP.EM.KD,HN,2004,14028.5315377335
SL.GDP.PCAP.EM.KD,HN,2003,13426.8812938218
SL.GDP.PCAP.EM.KD,HN,2002,12982.6643282508
SL.GDP.PCAP.EM.KD,HN,2001,12822.7909661246
SL.GDP.PCAP.EM.KD,HN,2000,12783.3565404571
SL.GDP.PCAP.EM.KD,HN,1999,12037.1634976913
SL.GDP.PCAP.EM.KD,HN,1998,12528.5259377909
SL.GDP.PCAP.EM.KD,HN,1997,12420.8636261791
SL.GDP.PCAP.EM.KD,HN,1996,12438.3099066724
SL.GDP.PCAP.EM.KD,HN,1995,12482.0465779166
SL.GDP.PCAP.EM.KD,HT,2019,8866.45820070346
SL.GDP.PCAP.EM.KD,HT,2018,9146.64905181258
SL.GDP.PCAP.EM.KD,HT,2017,9156.67394669838
SL.GDP.PCAP.EM.KD,HT,2016,9108.03720128428
SL.GDP.PCAP.EM.KD,HT,2015,9107.96402590782
SL.GDP.PCAP.EM.KD,HT,2014,9173.29562362723
SL.GDP.PCAP.EM.KD,HT,2013,9089.39328276477
SL.GDP.PCAP.EM.KD,HT,2012,8952.83546393917
SL.GDP.PCAP.EM.KD,HT,2011,9132.32818382685
SL.GDP.PCAP.EM.KD,HT,2010,8943.50814707562
SL.GDP.PCAP.EM.KD,HT,2009,9706.48219433689
SL.GDP.PCAP.EM.KD,HT,2008,9523.17906251471
SL.GDP.PCAP.EM.KD,HT,2007,9615.62299380516
SL.GDP.PCAP.EM.KD,HT,2006,9357.41214070005
SL.GDP.PCAP.EM.KD,HT,2005,9327.90282881822
SL.GDP.PCAP.EM.KD,HT,2004,9185.0516497154
SL.GDP.PCAP.EM.KD,HT,2003,9432.3654330691
SL.GDP.PCAP.EM.KD,HT,2002,9254.77822111246
SL.GDP.PCAP.EM.KD,HT,2001,9281.10867604537
SL.GDP.PCAP.EM.KD,HT,2000,9437.96739556002
SL.GDP.PCAP.EM.KD,HT,1999,9385.77470620693
SL.GDP.PCAP.EM.KD,HT,1998,9284.39327532028
SL.GDP.PCAP.EM.KD,HT,1997,9213.98387130411
SL.GDP.PCAP.EM.KD,HT,1996,9150.01572915727
SL.GDP.PCAP.EM.KD,HT,1995,8945.89896324197
SL.GDP.PCAP.EM.KD,IN,2019,22646.0845895608
SL.GDP.PCAP.EM.KD,IN,2018,22281.4250931807
SL.GDP.PCAP.EM.KD,IN,2017,21166.2682822432
SL.GDP.PCAP.EM.KD,IN,2016,20070.270308477
SL.GDP.PCAP.EM.KD,IN,2015,18791.9026740174
SL.GDP.PCAP.EM.KD,IN,2014,17660.1427944392
SL.GDP.PCAP.EM.KD,IN,2013,16705.227985572
SL.GDP.PCAP.EM.KD,IN,2012,15966.8275752551
SL.GDP.PCAP.EM.KD,IN,2011,15269.3596105803
SL.GDP.PCAP.EM.KD,IN,2010,14639.1997336515
SL.GDP.PCAP.EM.KD,IN,2009,13783.3652243899
SL.GDP.PCAP.EM.KD,IN,2008,13054.7140529652
SL.GDP.PCAP.EM.KD,IN,2007,12941.4063042178
SL.GDP.PCAP.EM.KD,IN,2006,12291.2219790724
SL.GDP.PCAP.EM.KD,IN,2005,11635.1824446815
SL.GDP.PCAP.EM.KD,IN,2004,10899.0247478804
SL.GDP.PCAP.EM.KD,IN,2003,10216.870942681
SL.GDP.PCAP.EM.KD,IN,2002,9587.72400501603
SL.GDP.PCAP.EM.KD,IN,2001,9352.72384785314
SL.GDP.PCAP.EM.KD,IN,2000,9038.925168883
SL.GDP.PCAP.EM.KD,IN,1999,8979.29534943673
SL.GDP.PCAP.EM.KD,IN,1998,8512.73765170697
SL.GDP.PCAP.EM.KD,IN,1997,8274.30074325777
SL.GDP.PCAP.EM.KD,IN,1996,8209.13176112515
SL.GDP.PCAP.EM.KD,IN,1995,7880.87724266433
SL.GDP.PCAP.EM.KD,JO,2019,42675.1372788298
SL.GDP.PCAP.EM.KD,JO,2018,44015.3468825956
SL.GDP.PCAP.EM.KD,JO,2017,43256.4731261295
SL.GDP.PCAP.EM.KD,JO,2016,43456.9553942227
SL.GDP.PCAP.EM.KD,JO,2015,45322.4038952469
SL.GDP.PCAP.EM.KD,JO,2014,49684.77524217
SL.GDP.PCAP.EM.KD,JO,2013,53601.3832272492
SL.GDP.PCAP.EM.KD,JO,2012,54435.1456202914
SL.GDP.PCAP.EM.KD,JO,2011,53299.9326776909
SL.GDP.PCAP.EM.KD,JO,2010,52664.0133595207
SL.GDP.PCAP.EM.KD,JO,2009,52426.8785531826
SL.GDP.PCAP.EM.KD,JO,2008,52024.9785222815
SL.GDP.PCAP.EM.KD,JO,2007,49884.3747980651
SL.GDP.PCAP.EM.KD,JO,2006,52726.7974377536
SL.GDP.PCAP.EM.KD,JO,2005,52173.0004807807
SL.GDP.PCAP.EM.KD,JO,2004,50328.4588577074
SL.GDP.PCAP.EM.KD,JO,2003,48333.6436765626
SL.GDP.PCAP.EM.KD,JO,2002,46925.298010278
SL.GDP.PCAP.EM.KD,JO,2001,44773.9646000284
SL.GDP.PCAP.EM.KD,JO,2000,42467.8374042821
SL.GDP.PCAP.EM.KD,JO,1999,41696.6412289611
SL.GDP.PCAP.EM.KD,JO,1998,41319.8273381069
SL.GDP.PCAP.EM.KD,JO,1997,41072.8209792377
SL.GDP.PCAP.EM.KD,JO,1996,40897.0545168099
SL.GDP.PCAP.EM.KD,JO,1995,42118.1315943243
SL.GDP.PCAP.EM.KD,KE,2019,12247.4506896969
SL.GDP.PCAP.EM.KD,KE,2018,11873.1550998414
SL.GDP.PCAP.EM.KD,KE,2017,11455.5764044557
SL.GDP.PCAP.EM.KD,KE,2016,11251.5978403777
SL.GDP.PCAP.EM.KD,KE,2015,11143.193433006
SL.GDP.PCAP.EM.KD,KE,2014,10950.8947198133
SL.GDP.PCAP.EM.KD,KE,2013,10760.445127391
SL.GDP.PCAP.EM.KD,KE,2012,10688.2922185514
SL.GDP.PCAP.EM.KD,KE,2011,10557.5107949948
SL.GDP.PCAP.EM.KD,KE,2010,10389.0816046687
SL.GDP.PCAP.EM.KD,KE,2009,9939.74059453825
SL.GDP.PCAP.EM.KD,KE,2008,9941.85037621402
SL.GDP.PCAP.EM.KD,KE,2007,10242.6361905936
SL.GDP.PCAP.EM.KD,KE,2006,9922.65686989617
SL.GDP.PCAP.EM.KD,KE,2005,9662.83943706451
SL.GDP.PCAP.EM.KD,KE,2004,9476.17737300516
SL.GDP.PCAP.EM.KD,KE,2003,9363.73962597054
SL.GDP.PCAP.EM.KD,KE,2002,9453.39307749268
SL.GDP.PCAP.EM.KD,KE,2001,9770.69026153621
SL.GDP.PCAP.EM.KD,KE,2000,9795.13257668368
SL.GDP.PCAP.EM.KD,KE,1999,10116.2913441788
SL.GDP.PCAP.EM.KD,KE,1998,10221.5355039051
SL.GDP.PCAP.EM.KD,KE,1997,10216.9844639523
SL.GDP.PCAP.EM.KD,KE,1996,10495.4645804867
SL.GDP.PCAP.EM.KD,KE,1995,10420.09608394
SL.GDP.PCAP.EM.KD,KG,2019,15328.6652574915
SL.GDP.PCAP.EM.KD,KG,2018,14817.6863026797
SL.GDP.PCAP.EM.KD,KG,2017,14671.8778781438
SL.GDP.PCAP.EM.KD,KG,2016,13821.1260452152
SL.GDP.PCAP.EM.KD,KG,2015,13342.6172868063
SL.GDP.PCAP.EM.KD,KG,2014,13088.3288904925
SL.GDP.PCAP.EM.KD,KG,2013,12559.2771300218
SL.GDP.PCAP.EM.KD,KG,2012,11165.1946880931
SL.GDP.PCAP.EM.KD,KG,2011,10890.0307512551
SL.GDP.PCAP.EM.KD,KG,2010,10255.5469589933
SL.GDP.PCAP.EM.KD,KG,2009,10429.8910132653
SL.GDP.PCAP.EM.KD,KG,2008,10251.4316509742
SL.GDP.PCAP.EM.KD,KG,2007,9504.89094828909
SL.GDP.PCAP.EM.KD,KG,2006,8819.04487490634
SL.GDP.PCAP.EM.KD,KG,2005,8692.68729955434
SL.GDP.PCAP.EM.KD,KG,2004,8902.33859605765
SL.GDP.PCAP.EM.KD,KG,2003,8457.88441524319
SL.GDP.PCAP.EM.KD,KG,2002,8024.18241838155
SL.GDP.PCAP.EM.KD,KG,2001,8199.51997229712
SL.GDP.PCAP.EM.KD,KG,2000,7906.55326265359
SL.GDP.PCAP.EM.KD,KG,1999,7629.43316296598
SL.GDP.PCAP.EM.KD,KG,1998,7522.69414682831
SL.GDP.PCAP.EM.KD,KG,1997,7534.58339850464
SL.GDP.PCAP.EM.KD,KG,1996,6933.6441963664
SL.GDP.PCAP.EM.KD,KG,1995,6548.96435903596
SL.GDP.PCAP.EM.KD,KH,2019,8991.81131960585
SL.GDP.PCAP.EM.KD,KH,2018,8651.10888479175
SL.GDP.PCAP.EM.KD,KH,2017,8302.56412741192
SL.GDP.PCAP.EM.KD,KH,2016,8060.05738892729
SL.GDP.PCAP.EM.KD,KH,2015,7762.84159195583
SL.GDP.PCAP.EM.KD,KH,2014,7528.55486473213
SL.GDP.PCAP.EM.KD,KH,2013,7260.90407369462
SL.GDP.PCAP.EM.KD,KH,2012,7010.90678668827
SL.GDP.PCAP.EM.KD,KH,2011,6570.57802061218
SL.GDP.PCAP.EM.KD,KH,2010,6197.46878591609
SL.GDP.PCAP.EM.KD,KH,2009,5898.49397367427
SL.GDP.PCAP.EM.KD,KH,2008,5986.34758045867
SL.GDP.PCAP.EM.KD,KH,2007,5729.30070660075
SL.GDP.PCAP.EM.KD,KH,2006,5290.33982681845
SL.GDP.PCAP.EM.KD,KH,2005,4866.32008587865
SL.GDP.PCAP.EM.KD,KH,2004,4383.79202717466
SL.GDP.PCAP.EM.KD,KH,2003,4057.6511378103
SL.GDP.PCAP.EM.KD,KH,2002,3825.96583227564
SL.GDP.PCAP.EM.KD,KH,2001,3675.00928149606
SL.GDP.PCAP.EM.KD,KH,2000,3482.43602081887
SL.GDP.PCAP.EM.KD,KH,1999,3246.84120804589
SL.GDP.PCAP.EM.KD,KH,1998,3000.30371881088
SL.GDP.PCAP.EM.KD,KH,1997,2984.15083302011
SL.GDP.PCAP.EM.KD,KH,1996,2950.06939940446
SL.GDP.PCAP.EM.KD,KH,1995,2868.82344391707
SL.GDP.PCAP.EM.KD,KI,2019,None
SL.GDP.PCAP.EM.KD,KI,2018,None
SL.GDP.PCAP.EM.KD,KI,2017,None
SL.GDP.PCAP.EM.KD,KI,2016,None
SL.GDP.PCAP.EM.KD,KI,2015,None
SL.GDP.PCAP.EM.KD,KI,2014,None
SL.GDP.PCAP.EM.KD,KI,2013,None
SL.GDP.PCAP.EM.KD,KI,2012,None
SL.GDP.PCAP.EM.KD,KI,2011,None
SL.GDP.PCAP.EM.KD,KI,2010,None
SL.GDP.PCAP.EM.KD,KI,2009,None
SL.GDP.PCAP.EM.KD,KI,2008,None
SL.GDP.PCAP.EM.KD,KI,2007,None
SL.GDP.PCAP.EM.KD,KI,2006,None
SL.GDP.PCAP.EM.KD,KI,2005,None
SL.GDP.PCAP.EM.KD,KI,2004,None
SL.GDP.PCAP.EM.KD,KI,2003,None
SL.GDP.PCAP.EM.KD,KI,2002,None
SL.GDP.PCAP.EM.KD,KI,2001,None
SL.GDP.PCAP.EM.KD,KI,2000,None
SL.GDP.PCAP.EM.KD,KI,1999,None
SL.GDP.PCAP.EM.KD,KI,1998,None
SL.GDP.PCAP.EM.KD,KI,1997,None
SL.GDP.PCAP.EM.KD,KI,1996,None
SL.GDP.PCAP.EM.KD,KI,1995,None
SL.GDP.PCAP.EM.KD,LA,2019,20639.4625318712
SL.GDP.PCAP.EM.KD,LA,2018,19907.5053407495
SL.GDP.PCAP.EM.KD,LA,2017,19059.6940838397
SL.GDP.PCAP.EM.KD,LA,2016,18076.4936411962
SL.GDP.PCAP.EM.KD,LA,2015,17130.3881723803
SL.GDP.PCAP.EM.KD,LA,2014,16204.5378680003
SL.GDP.PCAP.EM.KD,LA,2013,15286.9354927324
SL.GDP.PCAP.EM.KD,LA,2012,14366.052267519
SL.GDP.PCAP.EM.KD,LA,2011,13507.3451772294
SL.GDP.PCAP.EM.KD,LA,2010,12707.6602463156
SL.GDP.PCAP.EM.KD,LA,2009,11965.9632852697
SL.GDP.PCAP.EM.KD,LA,2008,11395.5226686404
SL.GDP.PCAP.EM.KD,LA,2007,10835.1398270917
SL.GDP.PCAP.EM.KD,LA,2006,10338.5470186514
SL.GDP.PCAP.EM.KD,LA,2005,9770.75186842728
SL.GDP.PCAP.EM.KD,LA,2004,9350.70819250959
SL.GDP.PCAP.EM.KD,LA,2003,8993.2348488989
SL.GDP.PCAP.EM.KD,LA,2002,8672.60775688819
SL.GDP.PCAP.EM.KD,LA,2001,8371.41913735618
SL.GDP.PCAP.EM.KD,LA,2000,8096.97854023103
SL.GDP.PCAP.EM.KD,LA,1999,7822.24866450499
SL.GDP.PCAP.EM.KD,LA,1998,7444.30562847418
SL.GDP.PCAP.EM.KD,LA,1997,7325.10207329394
SL.GDP.PCAP.EM.KD,LA,1996,7002.59993584362
SL.GDP.PCAP.EM.KD,LA,1995,6698.56699544635
SL.GDP.PCAP.EM.KD,LB,2019,50008.6953872434
SL.GDP.PCAP.EM.KD,LB,2018,51851.1742527822
SL.GDP.PCAP.EM.KD,LB,2017,51201.0966356567
SL.GDP.PCAP.EM.KD,LB,2016,49270.4992125071
SL.GDP.PCAP.EM.KD,LB,2015,47198.7580859109
SL.GDP.PCAP.EM.KD,LB,2014,47970.5776939961
SL.GDP.PCAP.EM.KD,LB,2013,52151.975765381
SL.GDP.PCAP.EM.KD,LB,2012,55531.3056391452
SL.GDP.PCAP.EM.KD,LB,2011,56049.2307516248
SL.GDP.PCAP.EM.KD,LB,2010,56652.1587334734
SL.GDP.PCAP.EM.KD,LB,2009,53563.9852593613
SL.GDP.PCAP.EM.KD,LB,2008,50801.7344879174
SL.GDP.PCAP.EM.KD,LB,2007,48910.271073638
SL.GDP.PCAP.EM.KD,LB,2006,45610.5043548809
SL.GDP.PCAP.EM.KD,LB,2005,45665.7295978818
SL.GDP.PCAP.EM.KD,LB,2004,45178.5008846275
SL.GDP.PCAP.EM.KD,LB,2003,43436.490124755
SL.GDP.PCAP.EM.KD,LB,2002,43185.0712742255
SL.GDP.PCAP.EM.KD,LB,2001,42825.369603752
SL.GDP.PCAP.EM.KD,LB,2000,42308.8611801451
SL.GDP.PCAP.EM.KD,LB,1999,43003.3001957015
SL.GDP.PCAP.EM.KD,LB,1998,44502.0227211688
SL.GDP.PCAP.EM.KD,LB,1997,44032.3609461591
SL.GDP.PCAP.EM.KD,LB,1996,44745.4573555869
SL.GDP.PCAP.EM.KD,LB,1995,40945.5890753036
SL.GDP.PCAP.EM.KD,LR,2019,3688.37430255358
SL.GDP.PCAP.EM.KD,LR,2018,3868.82857958169
SL.GDP.PCAP.EM.KD,LR,2017,3908.34328661909
SL.GDP.PCAP.EM.KD,LR,2016,3895.1153103689
SL.GDP.PCAP.EM.KD,LR,2015,4021.92701677995
SL.GDP.PCAP.EM.KD,LR,2014,4088.10287192563
SL.GDP.PCAP.EM.KD,LR,2013,4139.64853860338
SL.GDP.PCAP.EM.KD,LR,2012,3885.97484194785
SL.GDP.PCAP.EM.KD,LR,2011,3746.98857036539
SL.GDP.PCAP.EM.KD,LR,2010,3627.64590280777
SL.GDP.PCAP.EM.KD,LR,2009,3516.25405530546
SL.GDP.PCAP.EM.KD,LR,2008,3444.48660370517
SL.GDP.PCAP.EM.KD,LR,2007,3345.65951704795
SL.GDP.PCAP.EM.KD,LR,2006,3203.87683095632
SL.GDP.PCAP.EM.KD,LR,2005,3133.69060908667
SL.GDP.PCAP.EM.KD,LR,2004,3105.85033768314
SL.GDP.PCAP.EM.KD,LR,2003,3055.6668411245
SL.GDP.PCAP.EM.KD,LR,2002,4387.22801245815
SL.GDP.PCAP.EM.KD,LR,2001,4330.60566425368
SL.GDP.PCAP.EM.KD,LR,2000,4327.94429894792
SL.GDP.PCAP.EM.KD,LR,1999,3488.48331390562
SL.GDP.PCAP.EM.KD,LR,1998,3031.49363437262
SL.GDP.PCAP.EM.KD,LR,1997,2585.6478290113
SL.GDP.PCAP.EM.KD,LR,1996,1362.24935392794
SL.GDP.PCAP.EM.KD,LR,1995,1256.59126465829
SL.GDP.PCAP.EM.KD,LK,2019,38630.2758770902
SL.GDP.PCAP.EM.KD,LK,2018,39367.6284450933
SL.GDP.PCAP.EM.KD,LK,2017,37173.8779085139
SL.GDP.PCAP.EM.KD,LK,2016,35408.5804700766
SL.GDP.PCAP.EM.KD,LK,2015,34081.4483949598
SL.GDP.PCAP.EM.KD,LK,2014,34120.0255539962
SL.GDP.PCAP.EM.KD,LK,2013,32015.8280646957
SL.GDP.PCAP.EM.KD,LK,2012,30564.4133433519
SL.GDP.PCAP.EM.KD,LK,2011,28289.0249731085
SL.GDP.PCAP.EM.KD,LK,2010,26279.9939361499
SL.GDP.PCAP.EM.KD,LK,2009,24749.5539642203
SL.GDP.PCAP.EM.KD,LK,2008,23892.9938142756
SL.GDP.PCAP.EM.KD,LK,2007,22891.5161320229
SL.GDP.PCAP.EM.KD,LK,2006,21717.4847897069
SL.GDP.PCAP.EM.KD,LK,2005,20570.9578326662
SL.GDP.PCAP.EM.KD,LK,2004,19643.2257345844
SL.GDP.PCAP.EM.KD,LK,2003,18731.6526046551
SL.GDP.PCAP.EM.KD,LK,2002,17928.6717176397
SL.GDP.PCAP.EM.KD,LK,2001,17234.0319090703
SL.GDP.PCAP.EM.KD,LK,2000,17599.1782681006
SL.GDP.PCAP.EM.KD,LK,1999,16470.3256628645
SL.GDP.PCAP.EM.KD,LK,1998,15618.5548459133
SL.GDP.PCAP.EM.KD,LK,1997,16347.0378206179
SL.GDP.PCAP.EM.KD,LK,1996,15680.7771834856
SL.GDP.PCAP.EM.KD,LK,1995,15669.4695312131
SL.GDP.PCAP.EM.KD,LS,2019,7756.50787507177
SL.GDP.PCAP.EM.KD,LS,2018,7962.90812255261
SL.GDP.PCAP.EM.KD,LS,2017,8178.18952239732
SL.GDP.PCAP.EM.KD,LS,2016,8525.82760246308
SL.GDP.PCAP.EM.KD,LS,2015,8351.21345419403
SL.GDP.PCAP.EM.KD,LS,2014,8168.72504468469
SL.GDP.PCAP.EM.KD,LS,2013,8101.84910503473
SL.GDP.PCAP.EM.KD,LS,2012,7965.61161471986
SL.GDP.PCAP.EM.KD,LS,2011,7561.14895551086
SL.GDP.PCAP.EM.KD,LS,2010,7239.12990070972
SL.GDP.PCAP.EM.KD,LS,2009,6893.72228090877
SL.GDP.PCAP.EM.KD,LS,2008,6962.70990796086
SL.GDP.PCAP.EM.KD,LS,2007,6623.31043598057
SL.GDP.PCAP.EM.KD,LS,2006,6372.01830508847
SL.GDP.PCAP.EM.KD,LS,2005,6087.65450549378
SL.GDP.PCAP.EM.KD,LS,2004,5855.44560661558
SL.GDP.PCAP.EM.KD,LS,2003,5712.73367956087
SL.GDP.PCAP.EM.KD,LS,2002,5444.75985866232
SL.GDP.PCAP.EM.KD,LS,2001,5395.39773265932
SL.GDP.PCAP.EM.KD,LS,2000,5218.70110178073
SL.GDP.PCAP.EM.KD,LS,1999,5037.9326000658
SL.GDP.PCAP.EM.KD,LS,1998,5041.53203864509
SL.GDP.PCAP.EM.KD,LS,1997,5017.57284133113
SL.GDP.PCAP.EM.KD,LS,1996,4894.0791354498
SL.GDP.PCAP.EM.KD,LS,1995,4709.60636231049
SL.GDP.PCAP.EM.KD,MA,2019,29325.2532682844
SL.GDP.PCAP.EM.KD,MA,2018,29082.0724333225
SL.GDP.PCAP.EM.KD,MA,2017,28758.4911661195
SL.GDP.PCAP.EM.KD,MA,2016,27027.0461116186
SL.GDP.PCAP.EM.KD,MA,2015,26801.5326271553
SL.GDP.PCAP.EM.KD,MA,2014,25812.2892250006
SL.GDP.PCAP.EM.KD,MA,2013,25253.1677144179
SL.GDP.PCAP.EM.KD,MA,2012,24530.0881976281
SL.GDP.PCAP.EM.KD,MA,2011,23805.8914071097
SL.GDP.PCAP.EM.KD,MA,2010,22778.2944956452
SL.GDP.PCAP.EM.KD,MA,2009,22139.6682202593
SL.GDP.PCAP.EM.KD,MA,2008,21662.151377117
SL.GDP.PCAP.EM.KD,MA,2007,20883.5701978774
SL.GDP.PCAP.EM.KD,MA,2006,20617.7804977195
SL.GDP.PCAP.EM.KD,MA,2005,19822.7203306821
SL.GDP.PCAP.EM.KD,MA,2004,19582.1447854614
SL.GDP.PCAP.EM.KD,MA,2003,19351.0358894537
SL.GDP.PCAP.EM.KD,MA,2002,18535.0301531077
SL.GDP.PCAP.EM.KD,MA,2001,18237.7836983744
SL.GDP.PCAP.EM.KD,MA,2000,17477.5062568422
SL.GDP.PCAP.EM.KD,MA,1999,17538.6755354787
SL.GDP.PCAP.EM.KD,MA,1998,17627.4652133648
SL.GDP.PCAP.EM.KD,MA,1997,16901.9563019806
SL.GDP.PCAP.EM.KD,MA,1996,17626.0025429384
SL.GDP.PCAP.EM.KD,MA,1995,16064.6647289081
SL.GDP.PCAP.EM.KD,MG,2019,3486.88983097003
SL.GDP.PCAP.EM.KD,MG,2018,3437.8973358899
SL.GDP.PCAP.EM.KD,MG,2017,3430.00120329975
SL.GDP.PCAP.EM.KD,MG,2016,3398.84390915277
SL.GDP.PCAP.EM.KD,MG,2015,3367.10779108402
SL.GDP.PCAP.EM.KD,MG,2014,3354.17753550964
SL.GDP.PCAP.EM.KD,MG,2013,3337.94912128973
SL.GDP.PCAP.EM.KD,MG,2012,3357.79437361292
SL.GDP.PCAP.EM.KD,MG,2011,3437.13165043047
SL.GDP.PCAP.EM.KD,MG,2010,3562.47633992771
SL.GDP.PCAP.EM.KD,MG,2009,3645.66857950059
SL.GDP.PCAP.EM.KD,MG,2008,3906.12750535495
SL.GDP.PCAP.EM.KD,MG,2007,3777.32128984448
SL.GDP.PCAP.EM.KD,MG,2006,3685.70249706981
SL.GDP.PCAP.EM.KD,MG,2005,3602.98267321619
SL.GDP.PCAP.EM.KD,MG,2004,3603.30882753256
SL.GDP.PCAP.EM.KD,MG,2003,3571.86771186668
SL.GDP.PCAP.EM.KD,MG,2002,3381.11582533012
SL.GDP.PCAP.EM.KD,MG,2001,3973.51265325491
SL.GDP.PCAP.EM.KD,MG,2000,3888.83350428411
SL.GDP.PCAP.EM.KD,MG,1999,3842.78022921264
SL.GDP.PCAP.EM.KD,MG,1998,3792.00160181886
SL.GDP.PCAP.EM.KD,MG,1997,3770.44351435038
SL.GDP.PCAP.EM.KD,MG,1996,3760.64539748412
SL.GDP.PCAP.EM.KD,MG,1995,3801.69038493554
SL.GDP.PCAP.EM.KD,ML,2019,7309.83066508505
SL.GDP.PCAP.EM.KD,ML,2018,7070.96356790346
SL.GDP.PCAP.EM.KD,ML,2017,6883.97960364498
SL.GDP.PCAP.EM.KD,ML,2016,6683.4951513996
SL.GDP.PCAP.EM.KD,ML,2015,6459.72022212976
SL.GDP.PCAP.EM.KD,ML,2014,6275.18309018747
SL.GDP.PCAP.EM.KD,ML,2013,6042.47674166364
SL.GDP.PCAP.EM.KD,ML,2012,6049.53676022548
SL.GDP.PCAP.EM.KD,ML,2011,6241.16549324522
SL.GDP.PCAP.EM.KD,ML,2010,6225.11609739132
SL.GDP.PCAP.EM.KD,ML,2009,6086.97106074842
SL.GDP.PCAP.EM.KD,ML,2008,5983.42748286558
SL.GDP.PCAP.EM.KD,ML,2007,5887.10060176547
SL.GDP.PCAP.EM.KD,ML,2006,5872.30451014403
SL.GDP.PCAP.EM.KD,ML,2005,5787.69989151583
SL.GDP.PCAP.EM.KD,ML,2004,5609.91094073094
SL.GDP.PCAP.EM.KD,ML,2003,5694.47199541963
SL.GDP.PCAP.EM.KD,ML,2002,5400.47191523086
SL.GDP.PCAP.EM.KD,ML,2001,5412.01463454864
SL.GDP.PCAP.EM.KD,ML,2000,4851.97563897704
SL.GDP.PCAP.EM.KD,ML,1999,5004.81481955951
SL.GDP.PCAP.EM.KD,ML,1998,4877.59809735911
SL.GDP.PCAP.EM.KD,ML,1997,4662.56301779732
SL.GDP.PCAP.EM.KD,ML,1996,4554.25981853269
SL.GDP.PCAP.EM.KD,ML,1995,4352.91928543781
SL.GDP.PCAP.EM.KD,MM,2019,14488.4942284211
SL.GDP.PCAP.EM.KD,MM,2018,13381.301483911
SL.GDP.PCAP.EM.KD,MM,2017,12882.4511505606
SL.GDP.PCAP.EM.KD,MM,2016,11982.1791635672
SL.GDP.PCAP.EM.KD,MM,2015,11187.6651964779
SL.GDP.PCAP.EM.KD,MM,2014,10540.0876654386
SL.GDP.PCAP.EM.KD,MM,2013,9823.25814865614
SL.GDP.PCAP.EM.KD,MM,2012,9133.53265558419
SL.GDP.PCAP.EM.KD,MM,2011,8584.35513758863
SL.GDP.PCAP.EM.KD,MM,2010,8207.71793778224
SL.GDP.PCAP.EM.KD,MM,2009,7532.1400731048
SL.GDP.PCAP.EM.KD,MM,2008,6839.33558732908
SL.GDP.PCAP.EM.KD,MM,2007,6227.18174549335
SL.GDP.PCAP.EM.KD,MM,2006,5581.63985279864
SL.GDP.PCAP.EM.KD,MM,2005,4952.0186499451
SL.GDP.PCAP.EM.KD,MM,2004,4374.56533506457
SL.GDP.PCAP.EM.KD,MM,2003,3865.55401040243
SL.GDP.PCAP.EM.KD,MM,2002,3408.64246527392
SL.GDP.PCAP.EM.KD,MM,2001,3062.8567468514
SL.GDP.PCAP.EM.KD,MM,2000,2774.95564203664
SL.GDP.PCAP.EM.KD,MM,1999,2460.49595582243
SL.GDP.PCAP.EM.KD,MM,1998,2244.04941807057
SL.GDP.PCAP.EM.KD,MM,1997,2154.1942910182
SL.GDP.PCAP.EM.KD,MM,1996,2072.1151341914
SL.GDP.PCAP.EM.KD,MM,1995,1976.3566482792
SL.GDP.PCAP.EM.KD,MZ,2019,3553.61031165616
SL.GDP.PCAP.EM.KD,MZ,2018,3582.64966712553
SL.GDP.PCAP.EM.KD,MZ,2017,3572.75951451375
SL.GDP.PCAP.EM.KD,MZ,2016,3601.07405626525
SL.GDP.PCAP.EM.KD,MZ,2015,3560.6374349822
SL.GDP.PCAP.EM.KD,MZ,2014,3416.67300665921
SL.GDP.PCAP.EM.KD,MZ,2013,3267.69714795532
SL.GDP.PCAP.EM.KD,MZ,2012,3155.21289498389
SL.GDP.PCAP.EM.KD,MZ,2011,3001.48130666014
SL.GDP.PCAP.EM.KD,MZ,2010,2871.31872683248
SL.GDP.PCAP.EM.KD,MZ,2009,2751.14950215093
SL.GDP.PCAP.EM.KD,MZ,2008,2649.1115108699
SL.GDP.PCAP.EM.KD,MZ,2007,2530.60792773833
SL.GDP.PCAP.EM.KD,MZ,2006,2400.1052967492
SL.GDP.PCAP.EM.KD,MZ,2005,2229.67569721458
SL.GDP.PCAP.EM.KD,MZ,2004,2139.80723273843
SL.GDP.PCAP.EM.KD,MZ,2003,2017.23303713566
SL.GDP.PCAP.EM.KD,MZ,2002,1922.10418619472
SL.GDP.PCAP.EM.KD,MZ,2001,1787.52134743907
SL.GDP.PCAP.EM.KD,MZ,2000,1615.29616482799
SL.GDP.PCAP.EM.KD,MZ,1999,1629.83211248653
SL.GDP.PCAP.EM.KD,MZ,1998,1484.14601661966
SL.GDP.PCAP.EM.KD,MZ,1997,1370.67113286379
SL.GDP.PCAP.EM.KD,MZ,1996,1258.96651792527
SL.GDP.PCAP.EM.KD,MZ,1995,1173.69451745461
SL.GDP.PCAP.EM.KD,MR,2019,29874.912671645
SL.GDP.PCAP.EM.KD,MR,2018,29861.7393654138
SL.GDP.PCAP.EM.KD,MR,2017,29316.8443314907
SL.GDP.PCAP.EM.KD,MR,2016,28097.093934085
SL.GDP.PCAP.EM.KD,MR,2015,28193.3038313895
SL.GDP.PCAP.EM.KD,MR,2014,27214.5852369206
SL.GDP.PCAP.EM.KD,MR,2013,26529.355493033
SL.GDP.PCAP.EM.KD,MR,2012,25843.5669696819
SL.GDP.PCAP.EM.KD,MR,2011,25273.287374792
SL.GDP.PCAP.EM.KD,MR,2010,24820.4616847775
SL.GDP.PCAP.EM.KD,MR,2009,24785.4952766919
SL.GDP.PCAP.EM.KD,MR,2008,25195.6869740117
SL.GDP.PCAP.EM.KD,MR,2007,25793.76806828
SL.GDP.PCAP.EM.KD,MR,2006,26800.4835150557
SL.GDP.PCAP.EM.KD,MR,2005,23186.9987299558
SL.GDP.PCAP.EM.KD,MR,2004,21822.7225994354
SL.GDP.PCAP.EM.KD,MR,2003,21266.4608423423
SL.GDP.PCAP.EM.KD,MR,2002,20332.0555992472
SL.GDP.PCAP.EM.KD,MR,2001,20379.6714395231
SL.GDP.PCAP.EM.KD,MR,2000,20964.7222002972
SL.GDP.PCAP.EM.KD,MR,1999,22503.8163535354
SL.GDP.PCAP.EM.KD,MR,1998,22330.8855971104
SL.GDP.PCAP.EM.KD,MR,1997,22273.1007425714
SL.GDP.PCAP.EM.KD,MR,1996,23683.4451620435
SL.GDP.PCAP.EM.KD,MR,1995,22716.5378714567
SL.GDP.PCAP.EM.KD,MW,2019,4855.42405779804
SL.GDP.PCAP.EM.KD,MW,2018,4805.26005742808
SL.GDP.PCAP.EM.KD,MW,2017,4798.79356682083
SL.GDP.PCAP.EM.KD,MW,2016,4703.33183691075
SL.GDP.PCAP.EM.KD,MW,2015,4673.38538465127
SL.GDP.PCAP.EM.KD,MW,2014,4632.31680706631
SL.GDP.PCAP.EM.KD,MW,2013,4466.18696745765
SL.GDP.PCAP.EM.KD,MW,2012,4308.25840638279
SL.GDP.PCAP.EM.KD,MW,2011,4290.77067153164
SL.GDP.PCAP.EM.KD,MW,2010,4125.84655533019
SL.GDP.PCAP.EM.KD,MW,2009,3895.2851703669
SL.GDP.PCAP.EM.KD,MW,2008,3632.99172282757
SL.GDP.PCAP.EM.KD,MW,2007,3413.63695321885
SL.GDP.PCAP.EM.KD,MW,2006,3153.4458113648
SL.GDP.PCAP.EM.KD,MW,2005,3046.21062199132
SL.GDP.PCAP.EM.KD,MW,2004,3025.29975218107
SL.GDP.PCAP.EM.KD,MW,2003,2948.19690724915
SL.GDP.PCAP.EM.KD,MW,2002,2858.2279554357
SL.GDP.PCAP.EM.KD,MW,2001,2875.1184380928
SL.GDP.PCAP.EM.KD,MW,2000,3091.40426339734
SL.GDP.PCAP.EM.KD,MW,1999,3115.44779380699
SL.GDP.PCAP.EM.KD,MW,1998,3093.58749185454
SL.GDP.PCAP.EM.KD,MW,1997,3040.18253253174
SL.GDP.PCAP.EM.KD,MW,1996,3011.99159700812
SL.GDP.PCAP.EM.KD,MW,1995,2876.52583964228
SL.GDP.PCAP.EM.KD,NE,2019,4235.07192212912
SL.GDP.PCAP.EM.KD,NE,2018,4152.09094488786
SL.GDP.PCAP.EM.KD,NE,2017,4024.10702223804
SL.GDP.PCAP.EM.KD,NE,2016,3983.19715846947
SL.GDP.PCAP.EM.KD,NE,2015,3919.51117163671
SL.GDP.PCAP.EM.KD,NE,2014,3901.28424880365
SL.GDP.PCAP.EM.KD,NE,2013,3727.54258361434
SL.GDP.PCAP.EM.KD,NE,2012,3611.82683064299
SL.GDP.PCAP.EM.KD,NE,2011,3251.35857514897
SL.GDP.PCAP.EM.KD,NE,2010,3307.07718082534
SL.GDP.PCAP.EM.KD,NE,2009,3170.72528508277
SL.GDP.PCAP.EM.KD,NE,2008,3230.16804872777
SL.GDP.PCAP.EM.KD,NE,2007,3115.17960003143
SL.GDP.PCAP.EM.KD,NE,2006,3139.39217917313
SL.GDP.PCAP.EM.KD,NE,2005,3082.46300735307
SL.GDP.PCAP.EM.KD,NE,2004,2955.35450468554
SL.GDP.PCAP.EM.KD,NE,2003,3019.19301724024
SL.GDP.PCAP.EM.KD,NE,2002,3039.88395940524
SL.GDP.PCAP.EM.KD,NE,2001,2981.11277407755
SL.GDP.PCAP.EM.KD,NE,2000,2868.61539261837
SL.GDP.PCAP.EM.KD,NE,1999,2995.33635817944
SL.GDP.PCAP.EM.KD,NE,1998,3098.9327786753
SL.GDP.PCAP.EM.KD,NE,1997,2913.61444690564
SL.GDP.PCAP.EM.KD,NE,1996,2963.37362083963
SL.GDP.PCAP.EM.KD,NE,1995,3062.40921158447
SL.GDP.PCAP.EM.KD,NG,2019,18460.943706209
SL.GDP.PCAP.EM.KD,NG,2018,18504.2451612081
SL.GDP.PCAP.EM.KD,NG,2017,18577.1748550361
SL.GDP.PCAP.EM.KD,NG,2016,18827.8964543561
SL.GDP.PCAP.EM.KD,NG,2015,19521.6039540475
SL.GDP.PCAP.EM.KD,NG,2014,19427.8785378103
SL.GDP.PCAP.EM.KD,NG,2013,18684.7492594181
SL.GDP.PCAP.EM.KD,NG,2012,17910.1253454454
SL.GDP.PCAP.EM.KD,NG,2011,17563.0574724561
SL.GDP.PCAP.EM.KD,NG,2010,17131.774528446
SL.GDP.PCAP.EM.KD,NG,2009,16288.6147006256
SL.GDP.PCAP.EM.KD,NG,2008,15476.1951778469
SL.GDP.PCAP.EM.KD,NG,2007,14871.1840702219
SL.GDP.PCAP.EM.KD,NG,2006,14303.0101901934
SL.GDP.PCAP.EM.KD,NG,2005,13830.8166068881
SL.GDP.PCAP.EM.KD,NG,2004,13298.4806874546
SL.GDP.PCAP.EM.KD,NG,2003,12491.3521011755
SL.GDP.PCAP.EM.KD,NG,2002,11940.3258762949
SL.GDP.PCAP.EM.KD,NG,2001,10659.3730124096
SL.GDP.PCAP.EM.KD,NG,2000,10341.4348999141
SL.GDP.PCAP.EM.KD,NG,1999,10109.6466326485
SL.GDP.PCAP.EM.KD,NG,1998,10309.3538905122
SL.GDP.PCAP.EM.KD,NG,1997,10329.1526556461
SL.GDP.PCAP.EM.KD,NG,1996,10321.8967371677
SL.GDP.PCAP.EM.KD,NG,1995,10198.0419657406
SL.GDP.PCAP.EM.KD,NI,2019,15324.8001612067
SL.GDP.PCAP.EM.KD,NI,2018,15977.1189627818
SL.GDP.PCAP.EM.KD,NI,2017,16469.4240099847
SL.GDP.PCAP.EM.KD,NI,2016,16182.0653733392
SL.GDP.PCAP.EM.KD,NI,2015,15949.7165829746
SL.GDP.PCAP.EM.KD,NI,2014,15535.8839851381
SL.GDP.PCAP.EM.KD,NI,2013,15337.9248215452
SL.GDP.PCAP.EM.KD,NI,2012,15001.9579661294
SL.GDP.PCAP.EM.KD,NI,2011,14698.1353079743
SL.GDP.PCAP.EM.KD,NI,2010,14409.3736032925
SL.GDP.PCAP.EM.KD,NI,2009,14254.9419327169
SL.GDP.PCAP.EM.KD,NI,2008,14858.687593953
SL.GDP.PCAP.EM.KD,NI,2007,14587.7358609656
SL.GDP.PCAP.EM.KD,NI,2006,14356.8211248877
SL.GDP.PCAP.EM.KD,NI,2005,14196.6421229339
SL.GDP.PCAP.EM.KD,NI,2004,14154.1444078295
SL.GDP.PCAP.EM.KD,NI,2003,13989.7777866115
SL.GDP.PCAP.EM.KD,NI,2002,14017.2665667571
SL.GDP.PCAP.EM.KD,NI,2001,14266.4157554717
SL.GDP.PCAP.EM.KD,NI,2000,14262.8611345288
SL.GDP.PCAP.EM.KD,NI,1999,14126.2163400153
SL.GDP.PCAP.EM.KD,NI,1998,13623.4677340681
SL.GDP.PCAP.EM.KD,NI,1997,13592.338019034
SL.GDP.PCAP.EM.KD,NI,1996,13562.9661997395
SL.GDP.PCAP.EM.KD,NI,1995,13297.3818534816
SL.GDP.PCAP.EM.KD,NP,2019,18266.7177008914
SL.GDP.PCAP.EM.KD,NP,2018,17542.595045569
SL.GDP.PCAP.EM.KD,NP,2017,16701.2777416815
SL.GDP.PCAP.EM.KD,NP,2016,15712.8335900371
SL.GDP.PCAP.EM.KD,NP,2015,15997.8543170686
SL.GDP.PCAP.EM.KD,NP,2014,15573.9953314645
SL.GDP.PCAP.EM.KD,NP,2013,14831.9879499137
SL.GDP.PCAP.EM.KD,NP,2012,14445.9977534328
SL.GDP.PCAP.EM.KD,NP,2011,13923.0799578164
SL.GDP.PCAP.EM.KD,NP,2010,13601.1370609796
SL.GDP.PCAP.EM.KD,NP,2009,13135.8302674843
SL.GDP.PCAP.EM.KD,NP,2008,12719.7367277058
SL.GDP.PCAP.EM.KD,NP,2007,12138.349544143
SL.GDP.PCAP.EM.KD,NP,2006,11893.7637809905
SL.GDP.PCAP.EM.KD,NP,2005,11679.2996159392
SL.GDP.PCAP.EM.KD,NP,2004,11450.7976175984
SL.GDP.PCAP.EM.KD,NP,2003,11114.9544462862
SL.GDP.PCAP.EM.KD,NP,2002,10880.4912873006
SL.GDP.PCAP.EM.KD,NP,2001,11068.8604985906
SL.GDP.PCAP.EM.KD,NP,2000,10761.6706739026
SL.GDP.PCAP.EM.KD,NP,1999,10348.1953499729
SL.GDP.PCAP.EM.KD,NP,1998,10126.0826142172
SL.GDP.PCAP.EM.KD,NP,1997,10041.9472831847
SL.GDP.PCAP.EM.KD,NP,1996,9761.12314274986
SL.GDP.PCAP.EM.KD,NP,1995,9458.29230727396
SL.GDP.PCAP.EM.KD,PK,2019,17857.2230328589
SL.GDP.PCAP.EM.KD,PK,2018,17855.6293547614
SL.GDP.PCAP.EM.KD,PK,2017,16880.8814204861
SL.GDP.PCAP.EM.KD,PK,2016,16170.8619878097
SL.GDP.PCAP.EM.KD,PK,2015,15487.0701939775
SL.GDP.PCAP.EM.KD,PK,2014,15114.9317227128
SL.GDP.PCAP.EM.KD,PK,2013,14791.316998347
SL.GDP.PCAP.EM.KD,PK,2012,14623.7857357137
SL.GDP.PCAP.EM.KD,PK,2011,14169.8045744232
SL.GDP.PCAP.EM.KD,PK,2010,14074.4185228245
SL.GDP.PCAP.EM.KD,PK,2009,14376.0432560299
SL.GDP.PCAP.EM.KD,PK,2008,14404.9077075269
SL.GDP.PCAP.EM.KD,PK,2007,14510.6379542999
SL.GDP.PCAP.EM.KD,PK,2006,14319.6642393913
SL.GDP.PCAP.EM.KD,PK,2005,13785.1343443169
SL.GDP.PCAP.EM.KD,PK,2004,13125.3404109566
SL.GDP.PCAP.EM.KD,PK,2003,12557.8483731391
SL.GDP.PCAP.EM.KD,PK,2002,12271.2921203602
SL.GDP.PCAP.EM.KD,PK,2001,12339.5188266992
SL.GDP.PCAP.EM.KD,PK,2000,12386.8908534989
SL.GDP.PCAP.EM.KD,PK,1999,12404.6691470817
SL.GDP.PCAP.EM.KD,PK,1998,12444.3257651888
SL.GDP.PCAP.EM.KD,PK,1997,12515.8279203191
SL.GDP.PCAP.EM.KD,PK,1996,13044.6341498459
SL.GDP.PCAP.EM.KD,PK,1995,13102.8581494637
SL.GDP.PCAP.EM.KD,PH,2019,23759.2692871406
SL.GDP.PCAP.EM.KD,PH,2018,23073.242862837
SL.GDP.PCAP.EM.KD,PH,2017,22161.8221352534
SL.GDP.PCAP.EM.KD,PH,2016,20386.4184154154
SL.GDP.PCAP.EM.KD,PH,2015,19607.0499761972
SL.GDP.PCAP.EM.KD,PH,2014,18732.4411071579
SL.GDP.PCAP.EM.KD,PH,2013,18196.0146008003
SL.GDP.PCAP.EM.KD,PH,2012,17349.1739132096
SL.GDP.PCAP.EM.KD,PH,2011,16485.2388679923
SL.GDP.PCAP.EM.KD,PH,2010,16463.6947090016
SL.GDP.PCAP.EM.KD,PH,2009,15755.203509248
SL.GDP.PCAP.EM.KD,PH,2008,16003.7931278182
SL.GDP.PCAP.EM.KD,PH,2007,15639.1037382558
SL.GDP.PCAP.EM.KD,PH,2006,15105.786004224
SL.GDP.PCAP.EM.KD,PH,2005,14609.789795438
SL.GDP.PCAP.EM.KD,PH,2004,14237.5268405966
SL.GDP.PCAP.EM.KD,PH,2003,13764.5650808045
SL.GDP.PCAP.EM.KD,PH,2002,13401.2294045436
SL.GDP.PCAP.EM.KD,PH,2001,13232.8416279482
SL.GDP.PCAP.EM.KD,PH,2000,13160.6735431309
SL.GDP.PCAP.EM.KD,PH,1999,12927.2071858612
SL.GDP.PCAP.EM.KD,PH,1998,12854.9505097843
SL.GDP.PCAP.EM.KD,PH,1997,13313.3080424864
SL.GDP.PCAP.EM.KD,PH,1996,13012.8355725401
SL.GDP.PCAP.EM.KD,PH,1995,12635.0321555343
SL.GDP.PCAP.EM.KD,PG,2019,14500.0244913837
SL.GDP.PCAP.EM.KD,PG,2018,14228.0165069288
SL.GDP.PCAP.EM.KD,PG,2017,14692.543729009
SL.GDP.PCAP.EM.KD,PG,2016,14576.2513317207
SL.GDP.PCAP.EM.KD,PG,2015,14197.3858140844
SL.GDP.PCAP.EM.KD,PG,2014,13684.2964181749
SL.GDP.PCAP.EM.KD,PG,2013,12339.5852612778
SL.GDP.PCAP.EM.KD,PG,2012,12236.5250348198
SL.GDP.PCAP.EM.KD,PG,2011,12044.9413053715
SL.GDP.PCAP.EM.KD,PG,2010,12245.9519840964
SL.GDP.PCAP.EM.KD,PG,2009,10931.3265928222
SL.GDP.PCAP.EM.KD,PG,2008,10093.3997067491
SL.GDP.PCAP.EM.KD,PG,2007,10006.0012433545
SL.GDP.PCAP.EM.KD,PG,2006,9209.08213727156
SL.GDP.PCAP.EM.KD,PG,2005,8694.98576226332
SL.GDP.PCAP.EM.KD,PG,2004,8165.52016303085
SL.GDP.PCAP.EM.KD,PG,2003,7959.58530935164
SL.GDP.PCAP.EM.KD,PG,2002,7824.75939508282
SL.GDP.PCAP.EM.KD,PG,2001,7886.46028613267
SL.GDP.PCAP.EM.KD,PG,2000,7970.99019062622
SL.GDP.PCAP.EM.KD,PG,1999,8529.06030748285
SL.GDP.PCAP.EM.KD,PG,1998,8702.23783959293
SL.GDP.PCAP.EM.KD,PG,1997,9452.36156442679
SL.GDP.PCAP.EM.KD,PG,1996,10276.0141844413
SL.GDP.PCAP.EM.KD,PG,1995,9877.96488405601
SL.GDP.PCAP.EM.KD,KP,2019,None
SL.GDP.PCAP.EM.KD,KP,2018,None
SL.GDP.PCAP.EM.KD,KP,2017,None
SL.GDP.PCAP.EM.KD,KP,2016,None
SL.GDP.PCAP.EM.KD,KP,2015,None
SL.GDP.PCAP.EM.KD,KP,2014,None
SL.GDP.PCAP.EM.KD,KP,2013,None
SL.GDP.PCAP.EM.KD,KP,2012,None
SL.GDP.PCAP.EM.KD,KP,2011,None
SL.GDP.PCAP.EM.KD,KP,2010,None
SL.GDP.PCAP.EM.KD,KP,2009,None
SL.GDP.PCAP.EM.KD,KP,2008,None
SL.GDP.PCAP.EM.KD,KP,2007,None
SL.GDP.PCAP.EM.KD,KP,2006,None
SL.GDP.PCAP.EM.KD,KP,2005,None
SL.GDP.PCAP.EM.KD,KP,2004,None
SL.GDP.PCAP.EM.KD,KP,2003,None
SL.GDP.PCAP.EM.KD,KP,2002,None
SL.GDP.PCAP.EM.KD,KP,2001,None
SL.GDP.PCAP.EM.KD,KP,2000,None
SL.GDP.PCAP.EM.KD,KP,1999,None
SL.GDP.PCAP.EM.KD,KP,1998,None
SL.GDP.PCAP.EM.KD,KP,1997,None
SL.GDP.PCAP.EM.KD,KP,1996,None
SL.GDP.PCAP.EM.KD,KP,1995,None
SL.GDP.PCAP.EM.KD,PS,2019,31491.1475533317
SL.GDP.PCAP.EM.KD,PS,2018,32977.4417029879
SL.GDP.PCAP.EM.KD,PS,2017,32830.1456571001
SL.GDP.PCAP.EM.KD,PS,2016,32555.4017310836
SL.GDP.PCAP.EM.KD,PS,2015,30211.5039593553
SL.GDP.PCAP.EM.KD,PS,2014,30290.963217935
SL.GDP.PCAP.EM.KD,PS,2013,31222.5623336788
SL.GDP.PCAP.EM.KD,PS,2012,30561.0765903952
SL.GDP.PCAP.EM.KD,PS,2011,29370.4676370039
SL.GDP.PCAP.EM.KD,PS,2010,30026.9050302647
SL.GDP.PCAP.EM.KD,PS,2009,29381.8963292071
SL.GDP.PCAP.EM.KD,PS,2008,29082.5908303954
SL.GDP.PCAP.EM.KD,PS,2007,26191.7281668543
SL.GDP.PCAP.EM.KD,PS,2006,27311.4157846775
SL.GDP.PCAP.EM.KD,PS,2005,28968.9907902211
SL.GDP.PCAP.EM.KD,PS,2004,28409.0631801861
SL.GDP.PCAP.EM.KD,PS,2003,23727.839269703
SL.GDP.PCAP.EM.KD,PS,2002,24668.2322478867
SL.GDP.PCAP.EM.KD,PS,2001,26386.9050797953
SL.GDP.PCAP.EM.KD,PS,2000,24021.9566385799
SL.GDP.PCAP.EM.KD,PS,1999,27471.8288459877
SL.GDP.PCAP.EM.KD,PS,1998,26043.5383668512
SL.GDP.PCAP.EM.KD,PS,1997,23207.3381148936
SL.GDP.PCAP.EM.KD,PS,1996,21023.8652274448
SL.GDP.PCAP.EM.KD,PS,1995,21862.0022050153
SL.GDP.PCAP.EM.KD,RW,2019,8488.34810202374
SL.GDP.PCAP.EM.KD,RW,2018,7697.64883520271
SL.GDP.PCAP.EM.KD,RW,2017,7395.60654663756
SL.GDP.PCAP.EM.KD,RW,2016,7324.13740697019
SL.GDP.PCAP.EM.KD,RW,2015,7112.63515459381
SL.GDP.PCAP.EM.KD,RW,2014,6712.25002166592
SL.GDP.PCAP.EM.KD,RW,2013,6481.29086974414
SL.GDP.PCAP.EM.KD,RW,2012,6338.62035641872
SL.GDP.PCAP.EM.KD,RW,2011,5999.24905471842
SL.GDP.PCAP.EM.KD,RW,2010,5713.58355110378
SL.GDP.PCAP.EM.KD,RW,2009,5478.05606634275
SL.GDP.PCAP.EM.KD,RW,2008,5297.82280260685
SL.GDP.PCAP.EM.KD,RW,2007,4905.00677461917
SL.GDP.PCAP.EM.KD,RW,2006,4686.29731537738
SL.GDP.PCAP.EM.KD,RW,2005,4427.07640106813
SL.GDP.PCAP.EM.KD,RW,2004,4160.35285508109
SL.GDP.PCAP.EM.KD,RW,2003,3990.68619108006
SL.GDP.PCAP.EM.KD,RW,2002,4016.33774302127
SL.GDP.PCAP.EM.KD,RW,2001,3671.42190672207
SL.GDP.PCAP.EM.KD,RW,2000,3490.83145892209
SL.GDP.PCAP.EM.KD,RW,1999,3332.3122932013
SL.GDP.PCAP.EM.KD,RW,1998,3308.69921042637
SL.GDP.PCAP.EM.KD,RW,1997,3211.76860556954
SL.GDP.PCAP.EM.KD,RW,1996,3305.33171336576
SL.GDP.PCAP.EM.KD,RW,1995,3543.78883078444
SL.GDP.PCAP.EM.KD,SD,2019,16260.1767531536
SL.GDP.PCAP.EM.KD,SD,2018,17074.3168372328
SL.GDP.PCAP.EM.KD,SD,2017,18110.694177217
SL.GDP.PCAP.EM.KD,SD,2016,18587.7645302437
SL.GDP.PCAP.EM.KD,SD,2015,18576.2524923506
SL.GDP.PCAP.EM.KD,SD,2014,18997.5895020941
SL.GDP.PCAP.EM.KD,SD,2013,18738.9590230853
SL.GDP.PCAP.EM.KD,SD,2012,18767.4295584067
SL.GDP.PCAP.EM.KD,SD,2011,22892.5726271037
SL.GDP.PCAP.EM.KD,SD,2010,23370.5724462219
SL.GDP.PCAP.EM.KD,SD,2009,22445.6033556193
SL.GDP.PCAP.EM.KD,SD,2008,24263.8672812305
SL.GDP.PCAP.EM.KD,SD,2007,24081.052277376
SL.GDP.PCAP.EM.KD,SD,2006,23537.2415916888
SL.GDP.PCAP.EM.KD,SD,2005,22818.2857364484
SL.GDP.PCAP.EM.KD,SD,2004,22242.785805799
SL.GDP.PCAP.EM.KD,SD,2003,21699.7967080724
SL.GDP.PCAP.EM.KD,SD,2002,20916.0974408729
SL.GDP.PCAP.EM.KD,SD,2001,20248.1601465835
SL.GDP.PCAP.EM.KD,SD,2000,19557.6392504728
SL.GDP.PCAP.EM.KD,SD,1999,18864.4856415847
SL.GDP.PCAP.EM.KD,SD,1998,18784.1159331933
SL.GDP.PCAP.EM.KD,SD,1997,18475.0806693952
SL.GDP.PCAP.EM.KD,SD,1996,16145.1986018216
SL.GDP.PCAP.EM.KD,SD,1995,15797.0018672803
SL.GDP.PCAP.EM.KD,SN,2019,14645.2649046884
SL.GDP.PCAP.EM.KD,SN,2018,14967.1552327752
SL.GDP.PCAP.EM.KD,SN,2017,15657.2064774668
SL.GDP.PCAP.EM.KD,SN,2016,13849.0224697619
SL.GDP.PCAP.EM.KD,SN,2015,15146.6833797335
SL.GDP.PCAP.EM.KD,SN,2014,14640.6813305866
SL.GDP.PCAP.EM.KD,SN,2013,14189.7478882435
SL.GDP.PCAP.EM.KD,SN,2012,14192.7678467315
SL.GDP.PCAP.EM.KD,SN,2011,14007.7741145136
SL.GDP.PCAP.EM.KD,SN,2010,14017.325040823
SL.GDP.PCAP.EM.KD,SN,2009,13787.0364783791
SL.GDP.PCAP.EM.KD,SN,2008,13645.3610848343
SL.GDP.PCAP.EM.KD,SN,2007,13372.100784148
SL.GDP.PCAP.EM.KD,SN,2006,13203.8895766857
SL.GDP.PCAP.EM.KD,SN,2005,13052.6559417168
SL.GDP.PCAP.EM.KD,SN,2004,12727.833422197
SL.GDP.PCAP.EM.KD,SN,2003,12330.4712588776
SL.GDP.PCAP.EM.KD,SN,2002,11848.5378610633
SL.GDP.PCAP.EM.KD,SN,2001,12116.0604573978
SL.GDP.PCAP.EM.KD,SN,2000,11912.9379991412
SL.GDP.PCAP.EM.KD,SN,1999,11763.5294329197
SL.GDP.PCAP.EM.KD,SN,1998,11370.0702043112
SL.GDP.PCAP.EM.KD,SN,1997,11011.5971182476
SL.GDP.PCAP.EM.KD,SN,1996,10985.5333730726
SL.GDP.PCAP.EM.KD,SN,1995,11076.6882620392
SL.GDP.PCAP.EM.KD,SB,2019,5721.60790707625
SL.GDP.PCAP.EM.KD,SB,2018,5781.62137707316
SL.GDP.PCAP.EM.KD,SB,2017,5779.13359334719
SL.GDP.PCAP.EM.KD,SB,2016,5755.09614091933
SL.GDP.PCAP.EM.KD,SB,2015,5595.5898190476
SL.GDP.PCAP.EM.KD,SB,2014,5662.14127676628
SL.GDP.PCAP.EM.KD,SB,2013,5756.82663229534
SL.GDP.PCAP.EM.KD,SB,2012,5632.76283664902
SL.GDP.PCAP.EM.KD,SB,2011,5671.10027444802
SL.GDP.PCAP.EM.KD,SB,2010,5428.95886404806
SL.GDP.PCAP.EM.KD,SB,2009,5085.70714186218
SL.GDP.PCAP.EM.KD,SB,2008,5071.41611656424
SL.GDP.PCAP.EM.KD,SB,2007,4886.24240807301
SL.GDP.PCAP.EM.KD,SB,2006,4827.48669759645
SL.GDP.PCAP.EM.KD,SB,2005,4748.01673731414
SL.GDP.PCAP.EM.KD,SB,2004,4536.98735820258
SL.GDP.PCAP.EM.KD,SB,2003,4325.36209308945
SL.GDP.PCAP.EM.KD,SB,2002,4175.4755698105
SL.GDP.PCAP.EM.KD,SB,2001,4424.83946484713
SL.GDP.PCAP.EM.KD,SB,2000,4965.59376113686
SL.GDP.PCAP.EM.KD,SB,1999,6020.13044988049
SL.GDP.PCAP.EM.KD,SB,1998,6257.54714281942
SL.GDP.PCAP.EM.KD,SB,1997,6382.18953264162
SL.GDP.PCAP.EM.KD,SB,1996,6667.71888194545
SL.GDP.PCAP.EM.KD,SB,1995,6792.19495931157
SL.GDP.PCAP.EM.KD,SL,2019,5344.25277229091
SL.GDP.PCAP.EM.KD,SL,2018,5221.45050978081
SL.GDP.PCAP.EM.KD,SL,2017,5171.90364019429
SL.GDP.PCAP.EM.KD,SL,2016,5099.48449278026
SL.GDP.PCAP.EM.KD,SL,2015,4894.30117623119
SL.GDP.PCAP.EM.KD,SL,2014,6257.63499223704
SL.GDP.PCAP.EM.KD,SL,2013,6059.87803731628
SL.GDP.PCAP.EM.KD,SL,2012,5081.65391063674
SL.GDP.PCAP.EM.KD,SL,2011,4478.08547145505
SL.GDP.PCAP.EM.KD,SL,2010,4283.13882957152
SL.GDP.PCAP.EM.KD,SL,2009,4073.76829555075
SL.GDP.PCAP.EM.KD,SL,2008,4001.96969402083
SL.GDP.PCAP.EM.KD,SL,2007,3840.78876710924
SL.GDP.PCAP.EM.KD,SL,2006,3587.43078358298
SL.GDP.PCAP.EM.KD,SL,2005,3466.32297374538
SL.GDP.PCAP.EM.KD,SL,2004,3357.18354405078
SL.GDP.PCAP.EM.KD,SL,2003,3352.2105135401
SL.GDP.PCAP.EM.KD,SL,2002,3186.96833348774
SL.GDP.PCAP.EM.KD,SL,2001,2673.84238559447
SL.GDP.PCAP.EM.KD,SL,2000,3019.60714102931
SL.GDP.PCAP.EM.KD,SL,1999,2900.95166228288
SL.GDP.PCAP.EM.KD,SL,1998,2967.61512097132
SL.GDP.PCAP.EM.KD,SL,1997,2943.5460374098
SL.GDP.PCAP.EM.KD,SL,1996,3161.95630147016
SL.GDP.PCAP.EM.KD,SL,1995,3121.09352054786
SL.GDP.PCAP.EM.KD,SO,2019,10682.8313845738
SL.GDP.PCAP.EM.KD,SO,2018,10685.0249722868
SL.GDP.PCAP.EM.KD,SO,2017,10721.6654129501
SL.GDP.PCAP.EM.KD,SO,2016,10154.9374172289
SL.GDP.PCAP.EM.KD,SO,2015,9913.01969630661
SL.GDP.PCAP.EM.KD,SO,2014,9372.64846375556
SL.GDP.PCAP.EM.KD,SO,2013,9020.18088922487
SL.GDP.PCAP.EM.KD,SO,2012,9564.07556476685
SL.GDP.PCAP.EM.KD,SO,2011,9105.1999160012
SL.GDP.PCAP.EM.KD,SO,2010,8678.90263340506
SL.GDP.PCAP.EM.KD,SO,2009,8341.74271132195
SL.GDP.PCAP.EM.KD,SO,2008,8023.01110546426
SL.GDP.PCAP.EM.KD,SO,2007,7739.06543348969
SL.GDP.PCAP.EM.KD,SO,2006,7455.91237374328
SL.GDP.PCAP.EM.KD,SO,2005,7172.10185443115
SL.GDP.PCAP.EM.KD,SO,2004,6891.18319511726
SL.GDP.PCAP.EM.KD,SO,2003,6652.30359911495
SL.GDP.PCAP.EM.KD,SO,2002,6402.50623285479
SL.GDP.PCAP.EM.KD,SO,2001,6174.90163931663
SL.GDP.PCAP.EM.KD,SO,2000,6009.36969923801
SL.GDP.PCAP.EM.KD,SO,1999,5856.47380595708
SL.GDP.PCAP.EM.KD,SO,1998,5686.10023932331
SL.GDP.PCAP.EM.KD,SO,1997,5574.2529023815
SL.GDP.PCAP.EM.KD,SO,1996,5763.13486305652
SL.GDP.PCAP.EM.KD,SO,1995,5546.21189495571
SL.GDP.PCAP.EM.KD,SS,2019,None
SL.GDP.PCAP.EM.KD,SS,2018,None
SL.GDP.PCAP.EM.KD,SS,2017,None
SL.GDP.PCAP.EM.KD,SS,2016,None
SL.GDP.PCAP.EM.KD,SS,2015,None
SL.GDP.PCAP.EM.KD,SS,2014,None
SL.GDP.PCAP.EM.KD,SS,2013,None
SL.GDP.PCAP.EM.KD,SS,2012,None
SL.GDP.PCAP.EM.KD,SS,2011,None
SL.GDP.PCAP.EM.KD,SS,2010,None
SL.GDP.PCAP.EM.KD,SS,2009,None
SL.GDP.PCAP.EM.KD,SS,2008,None
SL.GDP.PCAP.EM.KD,SS,2007,None
SL.GDP.PCAP.EM.KD,SS,2006,None
SL.GDP.PCAP.EM.KD,SS,2005,None
SL.GDP.PCAP.EM.KD,SS,2004,None
SL.GDP.PCAP.EM.KD,SS,2003,None
SL.GDP.PCAP.EM.KD,SS,2002,None
SL.GDP.PCAP.EM.KD,SS,2001,None
SL.GDP.PCAP.EM.KD,SS,2000,None
SL.GDP.PCAP.EM.KD,SS,1999,None
SL.GDP.PCAP.EM.KD,SS,1998,None
SL.GDP.PCAP.EM.KD,SS,1997,None
SL.GDP.PCAP.EM.KD,SS,1996,None
SL.GDP.PCAP.EM.KD,SS,1995,None
SL.GDP.PCAP.EM.KD,ST,2019,20801.4186659036
SL.GDP.PCAP.EM.KD,ST,2018,20756.5280504911
SL.GDP.PCAP.EM.KD,ST,2017,20250.9944865497
SL.GDP.PCAP.EM.KD,ST,2016,19773.7221649187
SL.GDP.PCAP.EM.KD,ST,2015,19135.5444186333
SL.GDP.PCAP.EM.KD,ST,2014,19195.6105808348
SL.GDP.PCAP.EM.KD,ST,2013,18655.3757590378
SL.GDP.PCAP.EM.KD,ST,2012,18030.0468118748
SL.GDP.PCAP.EM.KD,ST,2011,18006.8511611513
SL.GDP.PCAP.EM.KD,ST,2010,18155.8322353166
SL.GDP.PCAP.EM.KD,ST,2009,18483.8010687935
SL.GDP.PCAP.EM.KD,ST,2008,18309.5121039018
SL.GDP.PCAP.EM.KD,ST,2007,17744.9949097017
SL.GDP.PCAP.EM.KD,ST,2006,17647.4593668325
SL.GDP.PCAP.EM.KD,ST,2005,16571.7871458207
SL.GDP.PCAP.EM.KD,ST,2004,15901.6534343833
SL.GDP.PCAP.EM.KD,ST,2003,15828.4471822715
SL.GDP.PCAP.EM.KD,ST,2002,15257.117939467
SL.GDP.PCAP.EM.KD,ST,2001,14788.599781675
SL.GDP.PCAP.EM.KD,ST,2000,14433.2308193511
SL.GDP.PCAP.EM.KD,ST,1999,14665.1994513562
SL.GDP.PCAP.EM.KD,ST,1998,14620.349370776
SL.GDP.PCAP.EM.KD,ST,1997,14561.610635924
SL.GDP.PCAP.EM.KD,ST,1996,14692.6235644214
SL.GDP.PCAP.EM.KD,ST,1995,14779.1407461846
SL.GDP.PCAP.EM.KD,SZ,2019,37807.3664596993
SL.GDP.PCAP.EM.KD,SZ,2018,37335.8721916923
SL.GDP.PCAP.EM.KD,SZ,2017,36930.4514785141
SL.GDP.PCAP.EM.KD,SZ,2016,36646.2843443374
SL.GDP.PCAP.EM.KD,SZ,2015,36880.5231096657
SL.GDP.PCAP.EM.KD,SZ,2014,36731.2056666795
SL.GDP.PCAP.EM.KD,SZ,2013,37043.9240436919
SL.GDP.PCAP.EM.KD,SZ,2012,36291.9600112143
SL.GDP.PCAP.EM.KD,SZ,2011,35147.4883504048
SL.GDP.PCAP.EM.KD,SZ,2010,35034.6740442847
SL.GDP.PCAP.EM.KD,SZ,2009,34386.596323663
SL.GDP.PCAP.EM.KD,SZ,2008,34429.6493499766
SL.GDP.PCAP.EM.KD,SZ,2007,34726.3856898549
SL.GDP.PCAP.EM.KD,SZ,2006,33406.538786644
SL.GDP.PCAP.EM.KD,SZ,2005,31691.3388630213
SL.GDP.PCAP.EM.KD,SZ,2004,30076.6406500011
SL.GDP.PCAP.EM.KD,SZ,2003,29275.1169941783
SL.GDP.PCAP.EM.KD,SZ,2002,28453.5483048665
SL.GDP.PCAP.EM.KD,SZ,2001,27550.8925573779
SL.GDP.PCAP.EM.KD,SZ,2000,27514.1555888487
SL.GDP.PCAP.EM.KD,SZ,1999,27307.6028192692
SL.GDP.PCAP.EM.KD,SZ,1998,26836.2879114946
SL.GDP.PCAP.EM.KD,SZ,1997,26452.8813954319
SL.GDP.PCAP.EM.KD,SZ,1996,26145.4792915191
SL.GDP.PCAP.EM.KD,SZ,1995,25781.8658733848
SL.GDP.PCAP.EM.KD,SY,2019,14442.1476808233
SL.GDP.PCAP.EM.KD,SY,2018,15365.3903407039
SL.GDP.PCAP.EM.KD,SY,2017,15865.0543441026
SL.GDP.PCAP.EM.KD,SY,2016,16323.1725682215
SL.GDP.PCAP.EM.KD,SY,2015,17459.0834693419
SL.GDP.PCAP.EM.KD,SY,2014,17335.7712742839
SL.GDP.PCAP.EM.KD,SY,2013,17526.2825082374
SL.GDP.PCAP.EM.KD,SY,2012,21115.2465099282
SL.GDP.PCAP.EM.KD,SY,2011,24103.5220329748
SL.GDP.PCAP.EM.KD,SY,2010,24243.4667966357
SL.GDP.PCAP.EM.KD,SY,2009,23365.0716646766
SL.GDP.PCAP.EM.KD,SY,2008,22717.1541519425
SL.GDP.PCAP.EM.KD,SY,2007,21717.9070255994
SL.GDP.PCAP.EM.KD,SY,2006,21484.8122602994
SL.GDP.PCAP.EM.KD,SY,2005,21463.3068611565
SL.GDP.PCAP.EM.KD,SY,2004,20723.3492903854
SL.GDP.PCAP.EM.KD,SY,2003,19898.5685707959
SL.GDP.PCAP.EM.KD,SY,2002,18970.5238837554
SL.GDP.PCAP.EM.KD,SY,2001,18678.9238466081
SL.GDP.PCAP.EM.KD,SY,2000,18363.6129056471
SL.GDP.PCAP.EM.KD,SY,1999,18695.075245925
SL.GDP.PCAP.EM.KD,SY,1998,20267.6190019617
SL.GDP.PCAP.EM.KD,SY,1997,19720.2033684541
SL.GDP.PCAP.EM.KD,SY,1996,19515.7327054241
SL.GDP.PCAP.EM.KD,SY,1995,18497.6980747824
SL.GDP.PCAP.EM.KD,TD,2019,6266.60286671388
SL.GDP.PCAP.EM.KD,TD,2018,6284.22651518418
SL.GDP.PCAP.EM.KD,TD,2017,6310.20493547525
SL.GDP.PCAP.EM.KD,TD,2016,6675.06753820524
SL.GDP.PCAP.EM.KD,TD,2015,7280.3459554368
SL.GDP.PCAP.EM.KD,TD,2014,7244.95617656421
SL.GDP.PCAP.EM.KD,TD,2013,6981.58488320195
SL.GDP.PCAP.EM.KD,TD,2012,6796.111329904
SL.GDP.PCAP.EM.KD,TD,2011,6418.57253792211
SL.GDP.PCAP.EM.KD,TD,2010,6588.95727679277
SL.GDP.PCAP.EM.KD,TD,2009,5951.924695437
SL.GDP.PCAP.EM.KD,TD,2008,5872.43855914057
SL.GDP.PCAP.EM.KD,TD,2007,5849.70198478861
SL.GDP.PCAP.EM.KD,TD,2006,5800.30892027476
SL.GDP.PCAP.EM.KD,TD,2005,5918.23654470317
SL.GDP.PCAP.EM.KD,TD,2004,5225.67553944481
SL.GDP.PCAP.EM.KD,TD,2003,4088.39973385675
SL.GDP.PCAP.EM.KD,TD,2002,3695.92611988346
SL.GDP.PCAP.EM.KD,TD,2001,3494.47338556334
SL.GDP.PCAP.EM.KD,TD,2000,3199.34970862695
SL.GDP.PCAP.EM.KD,TD,1999,3305.24885808952
SL.GDP.PCAP.EM.KD,TD,1998,3413.64394994819
SL.GDP.PCAP.EM.KD,TD,1997,3263.90828374072
SL.GDP.PCAP.EM.KD,TD,1996,3151.01110055974
SL.GDP.PCAP.EM.KD,TD,1995,3209.37224072626
SL.GDP.PCAP.EM.KD,TG,2019,7782.03157325724
SL.GDP.PCAP.EM.KD,TG,2018,7607.29321596362
SL.GDP.PCAP.EM.KD,TG,2017,7447.24189640097
SL.GDP.PCAP.EM.KD,TG,2016,7289.42362151347
SL.GDP.PCAP.EM.KD,TG,2015,7123.77801346338
SL.GDP.PCAP.EM.KD,TG,2014,6927.8109388894
SL.GDP.PCAP.EM.KD,TG,2013,6727.27190292387
SL.GDP.PCAP.EM.KD,TG,2012,6520.76651478999
SL.GDP.PCAP.EM.KD,TG,2011,6293.86999380933
SL.GDP.PCAP.EM.KD,TG,2010,6131.91908586074
SL.GDP.PCAP.EM.KD,TG,2009,5978.36909968805
SL.GDP.PCAP.EM.KD,TG,2008,5862.18262076863
SL.GDP.PCAP.EM.KD,TG,2007,5842.46202236949
SL.GDP.PCAP.EM.KD,TG,2006,6128.08886156412
SL.GDP.PCAP.EM.KD,TG,2005,6151.51909287946
SL.GDP.PCAP.EM.KD,TG,2004,6619.27459297092
SL.GDP.PCAP.EM.KD,TG,2003,6870.0949971934
SL.GDP.PCAP.EM.KD,TG,2002,6626.26988384386
SL.GDP.PCAP.EM.KD,TG,2001,6561.47175636392
SL.GDP.PCAP.EM.KD,TG,2000,6705.8809955245
SL.GDP.PCAP.EM.KD,TG,1999,6938.45289966372
SL.GDP.PCAP.EM.KD,TG,1998,6976.23072772277
SL.GDP.PCAP.EM.KD,TG,1997,7357.18151443408
SL.GDP.PCAP.EM.KD,TG,1996,6658.08039030328
SL.GDP.PCAP.EM.KD,TG,1995,6393.79964217651
SL.GDP.PCAP.EM.KD,TJ,2019,15314.3699357937
SL.GDP.PCAP.EM.KD,TJ,2018,14450.9351594743
SL.GDP.PCAP.EM.KD,TJ,2017,13604.3814388322
SL.GDP.PCAP.EM.KD,TJ,2016,12881.3614521698
SL.GDP.PCAP.EM.KD,TJ,2015,12416.5451755293
SL.GDP.PCAP.EM.KD,TJ,2014,12062.4472301993
SL.GDP.PCAP.EM.KD,TJ,2013,11643.2711531911
SL.GDP.PCAP.EM.KD,TJ,2012,11166.4894897819
SL.GDP.PCAP.EM.KD,TJ,2011,10697.7715322575
SL.GDP.PCAP.EM.KD,TJ,2010,10266.484899933
SL.GDP.PCAP.EM.KD,TJ,2009,9946.20484621957
SL.GDP.PCAP.EM.KD,TJ,2008,9811.30463751387
SL.GDP.PCAP.EM.KD,TJ,2007,9242.36687498943
SL.GDP.PCAP.EM.KD,TJ,2006,8728.62235077096
SL.GDP.PCAP.EM.KD,TJ,2005,8335.3822740392
SL.GDP.PCAP.EM.KD,TJ,2004,7998.00084202647
SL.GDP.PCAP.EM.KD,TJ,2003,7558.42933258769
SL.GDP.PCAP.EM.KD,TJ,2002,7067.00951601414
SL.GDP.PCAP.EM.KD,TJ,2001,6626.63705540065
SL.GDP.PCAP.EM.KD,TJ,2000,6282.75281711632
SL.GDP.PCAP.EM.KD,TJ,1999,5988.73447777867
SL.GDP.PCAP.EM.KD,TJ,1998,5967.51548834971
SL.GDP.PCAP.EM.KD,TJ,1997,5597.41676118328
SL.GDP.PCAP.EM.KD,TJ,1996,5583.7571847628
SL.GDP.PCAP.EM.KD,TJ,1995,6606.12393580828
SL.GDP.PCAP.EM.KD,TL,2019,12606.4268043224
SL.GDP.PCAP.EM.KD,TL,2018,10433.5629803355
SL.GDP.PCAP.EM.KD,TL,2017,10849.6382513147
SL.GDP.PCAP.EM.KD,TL,2016,11587.0700932634
SL.GDP.PCAP.EM.KD,TL,2015,11452.4201944382
SL.GDP.PCAP.EM.KD,TL,2014,11415.986179921
SL.GDP.PCAP.EM.KD,TL,2013,11217.0542344534
SL.GDP.PCAP.EM.KD,TL,2012,11169.2729486498
SL.GDP.PCAP.EM.KD,TL,2011,10894.6874392071
SL.GDP.PCAP.EM.KD,TL,2010,10512.5181764234
SL.GDP.PCAP.EM.KD,TL,2009,9834.83798832082
SL.GDP.PCAP.EM.KD,TL,2008,9143.66015492657
SL.GDP.PCAP.EM.KD,TL,2007,8400.54590555343
SL.GDP.PCAP.EM.KD,TL,2006,7805.95723496521
SL.GDP.PCAP.EM.KD,TL,2005,8424.20293180882
SL.GDP.PCAP.EM.KD,TL,2004,8402.30138050841
SL.GDP.PCAP.EM.KD,TL,2003,8551.06969229777
SL.GDP.PCAP.EM.KD,TL,2002,8922.13640902889
SL.GDP.PCAP.EM.KD,TL,2001,9812.32704982642
SL.GDP.PCAP.EM.KD,TL,2000,8501.38062767217
SL.GDP.PCAP.EM.KD,TL,1999,5413.90635424731
SL.GDP.PCAP.EM.KD,TL,1998,8769.99984328866
SL.GDP.PCAP.EM.KD,TL,1997,9106.7399936884
SL.GDP.PCAP.EM.KD,TL,1996,8872.96472945435
SL.GDP.PCAP.EM.KD,TL,1995,8289.36483190628
SL.GDP.PCAP.EM.KD,TN,2019,44384.0490404207
SL.GDP.PCAP.EM.KD,TN,2018,43181.5009301594
SL.GDP.PCAP.EM.KD,TN,2017,42277.5493163657
SL.GDP.PCAP.EM.KD,TN,2016,41624.008678545
SL.GDP.PCAP.EM.KD,TN,2015,41380.1711027338
SL.GDP.PCAP.EM.KD,TN,2014,40724.9530491476
SL.GDP.PCAP.EM.KD,TN,2013,40481.5402931738
SL.GDP.PCAP.EM.KD,TN,2012,40406.6279358005
SL.GDP.PCAP.EM.KD,TN,2011,40110.7723133335
SL.GDP.PCAP.EM.KD,TN,2010,39274.8711297821
SL.GDP.PCAP.EM.KD,TN,2009,39070.863064088
SL.GDP.PCAP.EM.KD,TN,2008,38367.8099068878
SL.GDP.PCAP.EM.KD,TN,2007,37589.5848964766
SL.GDP.PCAP.EM.KD,TN,2006,36032.119081618
SL.GDP.PCAP.EM.KD,TN,2005,35072.0052435662
SL.GDP.PCAP.EM.KD,TN,2004,34761.6610085831
SL.GDP.PCAP.EM.KD,TN,2003,33211.4376119271
SL.GDP.PCAP.EM.KD,TN,2002,32165.3312504735
SL.GDP.PCAP.EM.KD,TN,2001,32167.439481079
SL.GDP.PCAP.EM.KD,TN,2000,31691.2611587284
SL.GDP.PCAP.EM.KD,TN,1999,30873.4186227282
SL.GDP.PCAP.EM.KD,TN,1998,29710.2544371471
SL.GDP.PCAP.EM.KD,TN,1997,29014.2522877777
SL.GDP.PCAP.EM.KD,TN,1996,28329.7993649011
SL.GDP.PCAP.EM.KD,TN,1995,27277.1658983214
SL.GDP.PCAP.EM.KD,TZ,2019,7512.32930687482
SL.GDP.PCAP.EM.KD,TZ,2018,7299.78377793966
SL.GDP.PCAP.EM.KD,TZ,2017,7123.31864202737
SL.GDP.PCAP.EM.KD,TZ,2016,6876.07763993506
SL.GDP.PCAP.EM.KD,TZ,2015,6632.13160804532
SL.GDP.PCAP.EM.KD,TZ,2014,6431.14526344097
SL.GDP.PCAP.EM.KD,TZ,2013,6229.5732967418
SL.GDP.PCAP.EM.KD,TZ,2012,5995.95117427188
SL.GDP.PCAP.EM.KD,TZ,2011,5886.53577860255
SL.GDP.PCAP.EM.KD,TZ,2010,5563.25685170769
SL.GDP.PCAP.EM.KD,TZ,2009,5299.46714144428
SL.GDP.PCAP.EM.KD,TZ,2008,5138.15238958794
SL.GDP.PCAP.EM.KD,TZ,2007,4972.68617918126
SL.GDP.PCAP.EM.KD,TZ,2006,4770.62014174905
SL.GDP.PCAP.EM.KD,TZ,2005,4611.59195030682
SL.GDP.PCAP.EM.KD,TZ,2004,4420.66982536891
SL.GDP.PCAP.EM.KD,TZ,2003,4239.66660090706
SL.GDP.PCAP.EM.KD,TZ,2002,4099.74553927065
SL.GDP.PCAP.EM.KD,TZ,2001,3949.69403134873
SL.GDP.PCAP.EM.KD,TZ,2000,3836.0142529038
SL.GDP.PCAP.EM.KD,TZ,1999,3783.44470291664
SL.GDP.PCAP.EM.KD,TZ,1998,3713.62650128264
SL.GDP.PCAP.EM.KD,TZ,1997,3685.65349243449
SL.GDP.PCAP.EM.KD,TZ,1996,3653.91275574497
SL.GDP.PCAP.EM.KD,TZ,1995,3588.32395880871
SL.GDP.PCAP.EM.KD,UG,2019,7381.03171078224
SL.GDP.PCAP.EM.KD,UG,2018,7255.28229459194
SL.GDP.PCAP.EM.KD,UG,2017,7143.91657906318
SL.GDP.PCAP.EM.KD,UG,2016,7224.69533727994
SL.GDP.PCAP.EM.KD,UG,2015,7180.64363335992
SL.GDP.PCAP.EM.KD,UG,2014,7074.36365834783
SL.GDP.PCAP.EM.KD,UG,2013,6942.97479130353
SL.GDP.PCAP.EM.KD,UG,2012,7051.32907162066
SL.GDP.PCAP.EM.KD,UG,2011,7020.79491327775
SL.GDP.PCAP.EM.KD,UG,2010,6645.26243771594
SL.GDP.PCAP.EM.KD,UG,2009,6502.48890358412
SL.GDP.PCAP.EM.KD,UG,2008,6254.42946886523
SL.GDP.PCAP.EM.KD,UG,2007,5922.41647239838
SL.GDP.PCAP.EM.KD,UG,2006,5616.1048775258
SL.GDP.PCAP.EM.KD,UG,2005,5208.1452505262
SL.GDP.PCAP.EM.KD,UG,2004,5086.42182646198
SL.GDP.PCAP.EM.KD,UG,2003,4953.54099826164
SL.GDP.PCAP.EM.KD,UG,2002,4800.74708516581
SL.GDP.PCAP.EM.KD,UG,2001,4557.40218852245
SL.GDP.PCAP.EM.KD,UG,2000,4463.20861893123
SL.GDP.PCAP.EM.KD,UG,1999,4456.28057739897
SL.GDP.PCAP.EM.KD,UG,1998,4253.4498819418
SL.GDP.PCAP.EM.KD,UG,1997,4149.64255679458
SL.GDP.PCAP.EM.KD,UG,1996,4041.45768931497
SL.GDP.PCAP.EM.KD,UG,1995,3778.61486381198
SL.GDP.PCAP.EM.KD,UZ,2019,20413.0725352136
SL.GDP.PCAP.EM.KD,UZ,2018,19578.6374979509
SL.GDP.PCAP.EM.KD,UZ,2017,18802.429983444
SL.GDP.PCAP.EM.KD,UZ,2016,18132.2902703284
SL.GDP.PCAP.EM.KD,UZ,2015,17345.7771036269
SL.GDP.PCAP.EM.KD,UZ,2014,16376.2576553999
SL.GDP.PCAP.EM.KD,UZ,2013,15502.1494084683
SL.GDP.PCAP.EM.KD,UZ,2012,14660.1106742037
SL.GDP.PCAP.EM.KD,UZ,2011,13918.2642189794
SL.GDP.PCAP.EM.KD,UZ,2010,13393.5262313348
SL.GDP.PCAP.EM.KD,UZ,2009,12808.1910248321
SL.GDP.PCAP.EM.KD,UZ,2008,12059.6428006641
SL.GDP.PCAP.EM.KD,UZ,2007,11268.1837960656
SL.GDP.PCAP.EM.KD,UZ,2006,10577.1918328848
SL.GDP.PCAP.EM.KD,UZ,2005,10129.6184291327
SL.GDP.PCAP.EM.KD,UZ,2004,9753.61472391937
SL.GDP.PCAP.EM.KD,UZ,2003,9348.38764862495
SL.GDP.PCAP.EM.KD,UZ,2002,9278.45894588801
SL.GDP.PCAP.EM.KD,UZ,2001,9244.98069120836
SL.GDP.PCAP.EM.KD,UZ,2000,9194.55337139428
SL.GDP.PCAP.EM.KD,UZ,1999,9179.05903398393
SL.GDP.PCAP.EM.KD,UZ,1998,8968.15253321194
SL.GDP.PCAP.EM.KD,UZ,1997,8560.503903135
SL.GDP.PCAP.EM.KD,UZ,1996,8302.66153023098
SL.GDP.PCAP.EM.KD,UZ,1995,8109.7731170358
SL.GDP.PCAP.EM.KD,VN,2019,20568.2708406301
SL.GDP.PCAP.EM.KD,VN,2018,19275.3628295467
SL.GDP.PCAP.EM.KD,VN,2017,18147.4415485013
SL.GDP.PCAP.EM.KD,VN,2016,17065.7020346097
SL.GDP.PCAP.EM.KD,VN,2015,16046.7398467793
SL.GDP.PCAP.EM.KD,VN,2014,15115.0521061128
SL.GDP.PCAP.EM.KD,VN,2013,14385.7640759807
SL.GDP.PCAP.EM.KD,VN,2012,13911.1920089373
SL.GDP.PCAP.EM.KD,VN,2011,13347.8262978899
SL.GDP.PCAP.EM.KD,VN,2010,12762.4169086679
SL.GDP.PCAP.EM.KD,VN,2009,12324.4279806859
SL.GDP.PCAP.EM.KD,VN,2008,12035.7164529678
SL.GDP.PCAP.EM.KD,VN,2007,11735.4885326914
SL.GDP.PCAP.EM.KD,VN,2006,11315.5061171675
SL.GDP.PCAP.EM.KD,VN,2005,10939.3403719242
SL.GDP.PCAP.EM.KD,VN,2004,10533.0617778065
SL.GDP.PCAP.EM.KD,VN,2003,9929.93243893102
SL.GDP.PCAP.EM.KD,VN,2002,9411.85143690003
SL.GDP.PCAP.EM.KD,VN,2001,9047.87201432192
SL.GDP.PCAP.EM.KD,VN,2000,8758.622679776
SL.GDP.PCAP.EM.KD,VN,1999,8275.26080720799
SL.GDP.PCAP.EM.KD,VN,1998,8088.17573116658
SL.GDP.PCAP.EM.KD,VN,1997,7848.22976557662
SL.GDP.PCAP.EM.KD,VN,1996,7246.1811600109
SL.GDP.PCAP.EM.KD,VN,1995,6792.31978342911
SL.GDP.PCAP.EM.KD,VU,2019,8558.64318428235
SL.GDP.PCAP.EM.KD,VU,2018,8475.42223433061
SL.GDP.PCAP.EM.KD,VU,2017,8426.43458483016
SL.GDP.PCAP.EM.KD,VU,2016,8091.24189172524
SL.GDP.PCAP.EM.KD,VU,2015,7891.10127171669
SL.GDP.PCAP.EM.KD,VU,2014,8031.61700534143
SL.GDP.PCAP.EM.KD,VU,2013,7942.75910915269
SL.GDP.PCAP.EM.KD,VU,2012,8078.84562862858
SL.GDP.PCAP.EM.KD,VU,2011,8170.30517870144
SL.GDP.PCAP.EM.KD,VU,2010,8086.69606080717
SL.GDP.PCAP.EM.KD,VU,2009,8195.89177121073
SL.GDP.PCAP.EM.KD,VU,2008,8291.8475068902
SL.GDP.PCAP.EM.KD,VU,2007,8188.48652347196
SL.GDP.PCAP.EM.KD,VU,2006,8318.62462430074
SL.GDP.PCAP.EM.KD,VU,2005,7904.72941275487
SL.GDP.PCAP.EM.KD,VU,2004,7771.49940412924
SL.GDP.PCAP.EM.KD,VU,2003,7740.95764350378
SL.GDP.PCAP.EM.KD,VU,2002,7666.89508475877
SL.GDP.PCAP.EM.KD,VU,2001,8396.19558010241
SL.GDP.PCAP.EM.KD,VU,2000,9015.72421606061
SL.GDP.PCAP.EM.KD,VU,1999,8769.64865327413
SL.GDP.PCAP.EM.KD,VU,1998,8996.04064988199
SL.GDP.PCAP.EM.KD,VU,1997,9142.63477907017
SL.GDP.PCAP.EM.KD,VU,1996,8923.04584544335
SL.GDP.PCAP.EM.KD,VU,1995,8952.32527090671
SL.GDP.PCAP.EM.KD,WS,2019,23043.7478575334
SL.GDP.PCAP.EM.KD,WS,2018,22261.7838444324
SL.GDP.PCAP.EM.KD,WS,2017,22661.4412657572
SL.GDP.PCAP.EM.KD,WS,2016,22504.6422715238
SL.GDP.PCAP.EM.KD,WS,2015,20920.6647862348
SL.GDP.PCAP.EM.KD,WS,2014,20260.5710852054
SL.GDP.PCAP.EM.KD,WS,2013,20366.3574279114
SL.GDP.PCAP.EM.KD,WS,2012,20589.9734019204
SL.GDP.PCAP.EM.KD,WS,2011,21004.7830436334
SL.GDP.PCAP.EM.KD,WS,2010,20399.4678869885
SL.GDP.PCAP.EM.KD,WS,2009,19453.9915136787
SL.GDP.PCAP.EM.KD,WS,2008,19848.1868011048
SL.GDP.PCAP.EM.KD,WS,2007,19366.3430042107
SL.GDP.PCAP.EM.KD,WS,2006,19412.4054264059
SL.GDP.PCAP.EM.KD,WS,2005,19165.8545547904
SL.GDP.PCAP.EM.KD,WS,2004,18049.5342788461
SL.GDP.PCAP.EM.KD,WS,2003,17553.8787940546
SL.GDP.PCAP.EM.KD,WS,2002,16745.8225674928
SL.GDP.PCAP.EM.KD,WS,2001,15896.4621017096
SL.GDP.PCAP.EM.KD,WS,2000,14782.2912343911
SL.GDP.PCAP.EM.KD,WS,1999,14065.9082412652
SL.GDP.PCAP.EM.KD,WS,1998,13800.4093842881
SL.GDP.PCAP.EM.KD,WS,1997,13544.9649450374
SL.GDP.PCAP.EM.KD,WS,1996,13532.0972702981
SL.GDP.PCAP.EM.KD,WS,1995,12638.2493381678
SL.GDP.PCAP.EM.KD,YE,2019,None
SL.GDP.PCAP.EM.KD,YE,2018,None
SL.GDP.PCAP.EM.KD,YE,2017,None
SL.GDP.PCAP.EM.KD,YE,2016,None
SL.GDP.PCAP.EM.KD,YE,2015,None
SL.GDP.PCAP.EM.KD,YE,2014,None
SL.GDP.PCAP.EM.KD,YE,2013,None
SL.GDP.PCAP.EM.KD,YE,2012,None
SL.GDP.PCAP.EM.KD,YE,2011,None
SL.GDP.PCAP.EM.KD,YE,2010,None
SL.GDP.PCAP.EM.KD,YE,2009,None
SL.GDP.PCAP.EM.KD,YE,2008,None
SL.GDP.PCAP.EM.KD,YE,2007,None
SL.GDP.PCAP.EM.KD,YE,2006,None
SL.GDP.PCAP.EM.KD,YE,2005,None
SL.GDP.PCAP.EM.KD,YE,2004,None
SL.GDP.PCAP.EM.KD,YE,2003,None
SL.GDP.PCAP.EM.KD,YE,2002,None
SL.GDP.PCAP.EM.KD,YE,2001,None
SL.GDP.PCAP.EM.KD,YE,2000,None
SL.GDP.PCAP.EM.KD,YE,1999,None
SL.GDP.PCAP.EM.KD,YE,1998,None
SL.GDP.PCAP.EM.KD,YE,1997,None
SL.GDP.PCAP.EM.KD,YE,1996,None
SL.GDP.PCAP.EM.KD,YE,1995,None
SL.GDP.PCAP.EM.KD,ZM,2019,11506.8832711788
SL.GDP.PCAP.EM.KD,ZM,2018,11922.2248753323
SL.GDP.PCAP.EM.KD,ZM,2017,12311.2043852405
SL.GDP.PCAP.EM.KD,ZM,2016,12298.2044407581
SL.GDP.PCAP.EM.KD,ZM,2015,12263.7767647901
SL.GDP.PCAP.EM.KD,ZM,2014,12315.9957183527
SL.GDP.PCAP.EM.KD,ZM,2013,12180.0271106837
SL.GDP.PCAP.EM.KD,ZM,2012,11982.6158915387
SL.GDP.PCAP.EM.KD,ZM,2011,11883.9265094598
SL.GDP.PCAP.EM.KD,ZM,2010,12022.9854329435
SL.GDP.PCAP.EM.KD,ZM,2009,11000.2582240025
SL.GDP.PCAP.EM.KD,ZM,2008,10174.4505115852
SL.GDP.PCAP.EM.KD,ZM,2007,10110.3656780733
SL.GDP.PCAP.EM.KD,ZM,2006,10002.3266842065
SL.GDP.PCAP.EM.KD,ZM,2005,9939.83222483618
SL.GDP.PCAP.EM.KD,ZM,2004,9550.18295370207
SL.GDP.PCAP.EM.KD,ZM,2003,9176.34958924502
SL.GDP.PCAP.EM.KD,ZM,2002,8827.60263884107
SL.GDP.PCAP.EM.KD,ZM,2001,8674.63379928675
SL.GDP.PCAP.EM.KD,ZM,2000,8485.45729779579
SL.GDP.PCAP.EM.KD,ZM,1999,8369.20043944922
SL.GDP.PCAP.EM.KD,ZM,1998,8166.98809531036
SL.GDP.PCAP.EM.KD,ZM,1997,8531.81350205765
SL.GDP.PCAP.EM.KD,ZM,1996,8642.54835292901
SL.GDP.PCAP.EM.KD,ZM,1995,8488.79881084007
