DT.ODA.ODAT.GI.ZS,AF,2019,None
DT.ODA.ODAT.GI.ZS,AF,2018,None
DT.ODA.ODAT.GI.ZS,AF,2017,None
DT.ODA.ODAT.GI.ZS,AF,2016,None
DT.ODA.ODAT.GI.ZS,AF,2015,None
DT.ODA.ODAT.GI.ZS,AF,2014,None
DT.ODA.ODAT.GI.ZS,AF,2013,None
DT.ODA.ODAT.GI.ZS,AF,2012,None
DT.ODA.ODAT.GI.ZS,AF,2011,None
DT.ODA.ODAT.GI.ZS,AF,2010,None
DT.ODA.ODAT.GI.ZS,AF,2009,None
DT.ODA.ODAT.GI.ZS,AF,2008,None
DT.ODA.ODAT.GI.ZS,AF,2007,None
DT.ODA.ODAT.GI.ZS,AF,2006,None
DT.ODA.ODAT.GI.ZS,AF,2005,None
DT.ODA.ODAT.GI.ZS,AF,2004,None
DT.ODA.ODAT.GI.ZS,AF,2003,None
DT.ODA.ODAT.GI.ZS,AF,2002,None
DT.ODA.ODAT.GI.ZS,AF,2001,None
DT.ODA.ODAT.GI.ZS,AF,2000,None
DT.ODA.ODAT.GI.ZS,AF,1999,None
DT.ODA.ODAT.GI.ZS,AF,1998,None
DT.ODA.ODAT.GI.ZS,AF,1997,None
DT.ODA.ODAT.GI.ZS,AF,1996,None
DT.ODA.ODAT.GI.ZS,AF,1995,None
DT.ODA.ODAT.GI.ZS,AO,2019,0.166591970055466
DT.ODA.ODAT.GI.ZS,AO,2018,1.14556366421446
DT.ODA.ODAT.GI.ZS,AO,2017,1.25488847502091
DT.ODA.ODAT.GI.ZS,AO,2016,1.43819997574282
DT.ODA.ODAT.GI.ZS,AO,2015,1.22790007143035
DT.ODA.ODAT.GI.ZS,AO,2014,0.629528182686684
DT.ODA.ODAT.GI.ZS,AO,2013,0.825322774088684
DT.ODA.ODAT.GI.ZS,AO,2012,0.713381885324277
DT.ODA.ODAT.GI.ZS,AO,2011,0.653154523030902
DT.ODA.ODAT.GI.ZS,AO,2010,0.995251464622925
DT.ODA.ODAT.GI.ZS,AO,2009,0.726097723258547
DT.ODA.ODAT.GI.ZS,AO,2008,1.27079409271791
DT.ODA.ODAT.GI.ZS,AO,2007,1.30950047222713
DT.ODA.ODAT.GI.ZS,AO,2006,1.33975876171844
DT.ODA.ODAT.GI.ZS,AO,2005,4.07031232656366
DT.ODA.ODAT.GI.ZS,AO,2004,15.7305497794416
DT.ODA.ODAT.GI.ZS,AO,2003,9.09817200965214
DT.ODA.ODAT.GI.ZS,AO,2002,8.88273929682181
DT.ODA.ODAT.GI.ZS,AO,2001,None
DT.ODA.ODAT.GI.ZS,AO,2000,None
DT.ODA.ODAT.GI.ZS,AO,1999,None
DT.ODA.ODAT.GI.ZS,AO,1998,None
DT.ODA.ODAT.GI.ZS,AO,1997,None
DT.ODA.ODAT.GI.ZS,AO,1996,None
DT.ODA.ODAT.GI.ZS,AO,1995,None
DT.ODA.ODAT.GI.ZS,BI,2019,152.232530058374
DT.ODA.ODAT.GI.ZS,BI,2018,152.429788821032
DT.ODA.ODAT.GI.ZS,BI,2017,181.713195755062
DT.ODA.ODAT.GI.ZS,BI,2016,304.009085806678
DT.ODA.ODAT.GI.ZS,BI,2015,97.183407651303
DT.ODA.ODAT.GI.ZS,BI,2014,134.112600338142
DT.ODA.ODAT.GI.ZS,BI,2013,155.778061180319
DT.ODA.ODAT.GI.ZS,BI,2012,137.496339014455
DT.ODA.ODAT.GI.ZS,BI,2011,156.580048491083
DT.ODA.ODAT.GI.ZS,BI,2010,179.974213995442
DT.ODA.ODAT.GI.ZS,BI,2009,152.262151986726
DT.ODA.ODAT.GI.ZS,BI,2008,210.470163288192
DT.ODA.ODAT.GI.ZS,BI,2007,192.441539858083
DT.ODA.ODAT.GI.ZS,BI,2006,183.261412405364
DT.ODA.ODAT.GI.ZS,BI,2005,179.810019356003
DT.ODA.ODAT.GI.ZS,BI,2004,378.891543428679
DT.ODA.ODAT.GI.ZS,BI,2003,368.625932930089
DT.ODA.ODAT.GI.ZS,BI,2002,527.460335280946
DT.ODA.ODAT.GI.ZS,BI,2001,355.434009099013
DT.ODA.ODAT.GI.ZS,BI,2000,385.428531785131
DT.ODA.ODAT.GI.ZS,BI,1999,157.922966940581
DT.ODA.ODAT.GI.ZS,BI,1998,113.593730696494
DT.ODA.ODAT.GI.ZS,BI,1997,95.0839260174327
DT.ODA.ODAT.GI.ZS,BI,1996,154.907078628186
DT.ODA.ODAT.GI.ZS,BI,1995,450.742522948451
DT.ODA.ODAT.GI.ZS,BJ,2019,16.0821617600878
DT.ODA.ODAT.GI.ZS,BJ,2018,15.2704282504689
DT.ODA.ODAT.GI.ZS,BJ,2017,22.3436492320251
DT.ODA.ODAT.GI.ZS,BJ,2016,20.8965964831117
DT.ODA.ODAT.GI.ZS,BJ,2015,18.4936712761853
DT.ODA.ODAT.GI.ZS,BJ,2014,23.4266837626212
DT.ODA.ODAT.GI.ZS,BJ,2013,27.9615442449265
DT.ODA.ODAT.GI.ZS,BJ,2012,29.8403862569479
DT.ODA.ODAT.GI.ZS,BJ,2011,38.2079197191527
DT.ODA.ODAT.GI.ZS,BJ,2010,46.31303459462
DT.ODA.ODAT.GI.ZS,BJ,2009,40.5500562812596
DT.ODA.ODAT.GI.ZS,BJ,2008,40.400011503186
DT.ODA.ODAT.GI.ZS,BJ,2007,30.9163843765154
DT.ODA.ODAT.GI.ZS,BJ,2006,44.2070708052218
DT.ODA.ODAT.GI.ZS,BJ,2005,43.9774880648
DT.ODA.ODAT.GI.ZS,BJ,2004,41.5880817596523
DT.ODA.ODAT.GI.ZS,BJ,2003,37.2298454180317
DT.ODA.ODAT.GI.ZS,BJ,2002,35.6072207208168
DT.ODA.ODAT.GI.ZS,BJ,2001,43.0849171374287
DT.ODA.ODAT.GI.ZS,BJ,2000,43.4378772940369
DT.ODA.ODAT.GI.ZS,BJ,1999,31.6941207328755
DT.ODA.ODAT.GI.ZS,BJ,1998,46.0439880589332
DT.ODA.ODAT.GI.ZS,BJ,1997,52.5729864689343
DT.ODA.ODAT.GI.ZS,BJ,1996,69.5674623375824
DT.ODA.ODAT.GI.ZS,BJ,1995,60.3706566141511
DT.ODA.ODAT.GI.ZS,BF,2019,34.9709664880769
DT.ODA.ODAT.GI.ZS,BF,2018,34.3786025205553
DT.ODA.ODAT.GI.ZS,BF,2017,28.6445800594802
DT.ODA.ODAT.GI.ZS,BF,2016,38.5750996951599
DT.ODA.ODAT.GI.ZS,BF,2015,43.4794992944357
DT.ODA.ODAT.GI.ZS,BF,2014,41.8268563607932
DT.ODA.ODAT.GI.ZS,BF,2013,32.785462200882
DT.ODA.ODAT.GI.ZS,BF,2012,37.2116295848297
DT.ODA.ODAT.GI.ZS,BF,2011,36.7426937158899
DT.ODA.ODAT.GI.ZS,BF,2010,46.9882978821358
DT.ODA.ODAT.GI.ZS,BF,2009,45.4478709545832
DT.ODA.ODAT.GI.ZS,BF,2008,41.9256653274363
DT.ODA.ODAT.GI.ZS,BF,2007,55.4873325267124
DT.ODA.ODAT.GI.ZS,BF,2006,85.2977864322456
DT.ODA.ODAT.GI.ZS,BF,2005,64.6759380661452
DT.ODA.ODAT.GI.ZS,BF,2004,76.5225780001592
DT.ODA.ODAT.GI.ZS,BF,2003,73.7956578379885
DT.ODA.ODAT.GI.ZS,BF,2002,90.3549562209822
DT.ODA.ODAT.GI.ZS,BF,2001,90.4609437929537
DT.ODA.ODAT.GI.ZS,BF,2000,41.566450294779
DT.ODA.ODAT.GI.ZS,BF,1999,68.0156951070754
DT.ODA.ODAT.GI.ZS,BF,1998,59.0084051218599
DT.ODA.ODAT.GI.ZS,BF,1997,55.0532369685144
DT.ODA.ODAT.GI.ZS,BF,1996,64.9775474186262
DT.ODA.ODAT.GI.ZS,BF,1995,86.1484740743153
DT.ODA.ODAT.GI.ZS,BD,2019,3.87254982954472
DT.ODA.ODAT.GI.ZS,BD,2018,2.977297375971
DT.ODA.ODAT.GI.ZS,BD,2017,4.16031693833339
DT.ODA.ODAT.GI.ZS,BD,2016,3.15800111448756
DT.ODA.ODAT.GI.ZS,BD,2015,4.5996909395946
DT.ODA.ODAT.GI.ZS,BD,2014,4.90340267565534
DT.ODA.ODAT.GI.ZS,BD,2013,6.18443953480806
DT.ODA.ODAT.GI.ZS,BD,2012,5.71718950283403
DT.ODA.ODAT.GI.ZS,BD,2011,4.07628739714083
DT.ODA.ODAT.GI.ZS,BD,2010,4.38700111954207
DT.ODA.ODAT.GI.ZS,BD,2009,3.64468817707953
DT.ODA.ODAT.GI.ZS,BD,2008,4.75744974685989
DT.ODA.ODAT.GI.ZS,BD,2007,4.26075696826231
DT.ODA.ODAT.GI.ZS,BD,2006,5.47575408233666
DT.ODA.ODAT.GI.ZS,BD,2005,6.97438549508563
DT.ODA.ODAT.GI.ZS,BD,2004,8.73473350382516
DT.ODA.ODAT.GI.ZS,BD,2003,8.76819026666466
DT.ODA.ODAT.GI.ZS,BD,2002,6.06128125015191
DT.ODA.ODAT.GI.ZS,BD,2001,7.03684189239492
DT.ODA.ODAT.GI.ZS,BD,2000,7.68373620314151
DT.ODA.ODAT.GI.ZS,BD,1999,8.63076261963919
DT.ODA.ODAT.GI.ZS,BD,1998,8.8588607285246
DT.ODA.ODAT.GI.ZS,BD,1997,8.20088648338206
DT.ODA.ODAT.GI.ZS,BD,1996,10.0229832549906
DT.ODA.ODAT.GI.ZS,BD,1995,14.2419303736325
DT.ODA.ODAT.GI.ZS,BO,2019,8.71314444054842
DT.ODA.ODAT.GI.ZS,BO,2018,8.78390928144824
DT.ODA.ODAT.GI.ZS,BO,2017,11.3882874839805
DT.ODA.ODAT.GI.ZS,BO,2016,9.7453435443243
DT.ODA.ODAT.GI.ZS,BO,2015,11.8231938372638
DT.ODA.ODAT.GI.ZS,BO,2014,9.71939281746289
DT.ODA.ODAT.GI.ZS,BO,2013,12.0448464762566
DT.ODA.ODAT.GI.ZS,BO,2012,13.8243072939891
DT.ODA.ODAT.GI.ZS,BO,2011,11.4978966185523
DT.ODA.ODAT.GI.ZS,BO,2010,16.7653549301942
DT.ODA.ODAT.GI.ZS,BO,2009,19.6896484544743
DT.ODA.ODAT.GI.ZS,BO,2008,19.2835685835383
DT.ODA.ODAT.GI.ZS,BO,2007,21.3158757652006
DT.ODA.ODAT.GI.ZS,BO,2006,50.8616675197133
DT.ODA.ODAT.GI.ZS,BO,2005,39.8855088403366
DT.ODA.ODAT.GI.ZS,BO,2004,73.0787803606171
DT.ODA.ODAT.GI.ZS,BO,2003,71.3092226363672
DT.ODA.ODAT.GI.ZS,BO,2002,46.6032143384134
DT.ODA.ODAT.GI.ZS,BO,2001,58.1887940025246
DT.ODA.ODAT.GI.ZS,BO,2000,27.9641858370997
DT.ODA.ODAT.GI.ZS,BO,1999,33.4227064354286
DT.ODA.ODAT.GI.ZS,BO,1998,27.3878565700697
DT.ODA.ODAT.GI.ZS,BO,1997,40.3790990404037
DT.ODA.ODAT.GI.ZS,BO,1996,63.2858150470007
DT.ODA.ODAT.GI.ZS,BO,1995,66.3130693150657
DT.ODA.ODAT.GI.ZS,BT,2019,14.1717304003817
DT.ODA.ODAT.GI.ZS,BT,2018,7.73396943632543
DT.ODA.ODAT.GI.ZS,BT,2017,8.4449405298273
DT.ODA.ODAT.GI.ZS,BT,2016,3.88081801605938
DT.ODA.ODAT.GI.ZS,BT,2015,7.87937456158166
DT.ODA.ODAT.GI.ZS,BT,2014,11.0656280575016
DT.ODA.ODAT.GI.ZS,BT,2013,10.9947816796643
DT.ODA.ODAT.GI.ZS,BT,2012,11.7949210610833
DT.ODA.ODAT.GI.ZS,BT,2011,8.79407156137004
DT.ODA.ODAT.GI.ZS,BT,2010,9.04176399300294
DT.ODA.ODAT.GI.ZS,BT,2009,10.516441842681
DT.ODA.ODAT.GI.ZS,BT,2008,11.7880237917724
DT.ODA.ODAT.GI.ZS,BT,2007,11.0677139624988
DT.ODA.ODAT.GI.ZS,BT,2006,20.5027351339196
DT.ODA.ODAT.GI.ZS,BT,2005,14.9556760783111
DT.ODA.ODAT.GI.ZS,BT,2004,14.4817537559019
DT.ODA.ODAT.GI.ZS,BT,2003,16.7153809439654
DT.ODA.ODAT.GI.ZS,BT,2002,15.6489560643212
DT.ODA.ODAT.GI.ZS,BT,2001,17.9309031893418
DT.ODA.ODAT.GI.ZS,BT,2000,18.9164390252418
DT.ODA.ODAT.GI.ZS,BT,1999,46.62271243314
DT.ODA.ODAT.GI.ZS,BT,1998,46.0805061164532
DT.ODA.ODAT.GI.ZS,BT,1997,61.9072726367241
DT.ODA.ODAT.GI.ZS,BT,1996,50.2393748192012
DT.ODA.ODAT.GI.ZS,BT,1995,53.4724733060092
DT.ODA.ODAT.GI.ZS,CF,2019,117.121223430564
DT.ODA.ODAT.GI.ZS,CF,2018,111.013058382045
DT.ODA.ODAT.GI.ZS,CF,2017,96.5003113762263
DT.ODA.ODAT.GI.ZS,CF,2016,123.611348713115
DT.ODA.ODAT.GI.ZS,CF,2015,131.67785413381
DT.ODA.ODAT.GI.ZS,CF,2014,146.633742729937
DT.ODA.ODAT.GI.ZS,CF,2013,159.543735736871
DT.ODA.ODAT.GI.ZS,CF,2012,83.8473815016076
DT.ODA.ODAT.GI.ZS,CF,2011,80.4194951190684
DT.ODA.ODAT.GI.ZS,CF,2010,72.3149791299292
DT.ODA.ODAT.GI.ZS,CF,2009,77.7930625211866
DT.ODA.ODAT.GI.ZS,CF,2008,96.8152159318144
DT.ODA.ODAT.GI.ZS,CF,2007,98.6827701791879
DT.ODA.ODAT.GI.ZS,CF,2006,89.2922688466868
DT.ODA.ODAT.GI.ZS,CF,2005,67.4113025230441
DT.ODA.ODAT.GI.ZS,CF,2004,126.980161713684
DT.ODA.ODAT.GI.ZS,CF,2003,70.3908299879793
DT.ODA.ODAT.GI.ZS,CF,2002,62.5945082290516
DT.ODA.ODAT.GI.ZS,CF,2001,79.7918966048146
DT.ODA.ODAT.GI.ZS,CF,2000,74.7722168035169
DT.ODA.ODAT.GI.ZS,CF,1999,91.6698131151193
DT.ODA.ODAT.GI.ZS,CF,1998,113.225535770193
DT.ODA.ODAT.GI.ZS,CF,1997,96.8515420644848
DT.ODA.ODAT.GI.ZS,CF,1996,230.683139762741
DT.ODA.ODAT.GI.ZS,CF,1995,106.53901345296
DT.ODA.ODAT.GI.ZS,CI,2019,8.83864828489303
DT.ODA.ODAT.GI.ZS,CI,2018,7.37217639004373
DT.ODA.ODAT.GI.ZS,CI,2017,7.58430306299134
DT.ODA.ODAT.GI.ZS,CI,2016,5.48414041127431
DT.ODA.ODAT.GI.ZS,CI,2015,6.08262130943273
DT.ODA.ODAT.GI.ZS,CI,2014,8.37253109645741
DT.ODA.ODAT.GI.ZS,CI,2013,12.9992128829846
DT.ODA.ODAT.GI.ZS,CI,2012,39.174084359616
DT.ODA.ODAT.GI.ZS,CI,2011,23.6121709483127
DT.ODA.ODAT.GI.ZS,CI,2010,11.1598561415746
DT.ODA.ODAT.GI.ZS,CI,2009,44.3848508949846
DT.ODA.ODAT.GI.ZS,CI,2008,6.30061084717144
DT.ODA.ODAT.GI.ZS,CI,2007,4.73340257106813
DT.ODA.ODAT.GI.ZS,CI,2006,6.89350557110834
DT.ODA.ODAT.GI.ZS,CI,2005,2.74342788225669
DT.ODA.ODAT.GI.ZS,CI,2004,4.64432092712477
DT.ODA.ODAT.GI.ZS,CI,2003,8.5462916437057
DT.ODA.ODAT.GI.ZS,CI,2002,49.176226742041
DT.ODA.ODAT.GI.ZS,CI,2001,7.78409459914722
DT.ODA.ODAT.GI.ZS,CI,2000,13.3198252361292
DT.ODA.ODAT.GI.ZS,CI,1999,16.2227261889684
DT.ODA.ODAT.GI.ZS,CI,1998,24.3196187454949
DT.ODA.ODAT.GI.ZS,CI,1997,14.9848920546425
DT.ODA.ODAT.GI.ZS,CI,1996,41.0064213622391
DT.ODA.ODAT.GI.ZS,CI,1995,70.6611085319359
DT.ODA.ODAT.GI.ZS,CM,2019,17.2746472464795
DT.ODA.ODAT.GI.ZS,CM,2018,14.927891517979
DT.ODA.ODAT.GI.ZS,CM,2017,17.3347858150235
DT.ODA.ODAT.GI.ZS,CM,2016,11.2901239310106
DT.ODA.ODAT.GI.ZS,CM,2015,11.298463890161
DT.ODA.ODAT.GI.ZS,CM,2014,11.9265384116284
DT.ODA.ODAT.GI.ZS,CM,2013,11.9531213656581
DT.ODA.ODAT.GI.ZS,CM,2012,11.0012021449935
DT.ODA.ODAT.GI.ZS,CM,2011,10.6673084384543
DT.ODA.ODAT.GI.ZS,CM,2010,10.7740238490018
DT.ODA.ODAT.GI.ZS,CM,2009,11.4993974430281
DT.ODA.ODAT.GI.ZS,CM,2008,9.54270265518027
DT.ODA.ODAT.GI.ZS,CM,2007,43.1565423197383
DT.ODA.ODAT.GI.ZS,CM,2006,46.1724280048071
DT.ODA.ODAT.GI.ZS,CM,2005,11.4350191447189
DT.ODA.ODAT.GI.ZS,CM,2004,21.9797038854705
DT.ODA.ODAT.GI.ZS,CM,2003,30.646555899218
DT.ODA.ODAT.GI.ZS,CM,2002,25.0918893215063
DT.ODA.ODAT.GI.ZS,CM,2001,22.2761546319142
DT.ODA.ODAT.GI.ZS,CM,2000,20.7613916806223
DT.ODA.ODAT.GI.ZS,CM,1999,21.2605183387139
DT.ODA.ODAT.GI.ZS,CM,1998,23.9192195602055
DT.ODA.ODAT.GI.ZS,CM,1997,26.2085759472124
DT.ODA.ODAT.GI.ZS,CM,1996,21.352910556358
DT.ODA.ODAT.GI.ZS,CM,1995,23.2987543319691
DT.ODA.ODAT.GI.ZS,CD,2019,26.3453209892268
DT.ODA.ODAT.GI.ZS,CD,2018,25.6533284170386
DT.ODA.ODAT.GI.ZS,CD,2017,24.1301909958593
DT.ODA.ODAT.GI.ZS,CD,2016,32.5355140828549
DT.ODA.ODAT.GI.ZS,CD,2015,36.9982640820931
DT.ODA.ODAT.GI.ZS,CD,2014,28.7795411657778
DT.ODA.ODAT.GI.ZS,CD,2013,36.2003715009774
DT.ODA.ODAT.GI.ZS,CD,2012,67.7798510306424
DT.ODA.ODAT.GI.ZS,CD,2011,85.9205589221388
DT.ODA.ODAT.GI.ZS,CD,2010,56.1253904163496
DT.ODA.ODAT.GI.ZS,CD,2009,72.1956119236524
DT.ODA.ODAT.GI.ZS,CD,2008,68.7064363582834
DT.ODA.ODAT.GI.ZS,CD,2007,49.1643581402662
DT.ODA.ODAT.GI.ZS,CD,2006,103.806213603993
DT.ODA.ODAT.GI.ZS,CD,2005,133.517401964649
DT.ODA.ODAT.GI.ZS,CD,2004,152.053510394253
DT.ODA.ODAT.GI.ZS,CD,2003,636.351721421299
DT.ODA.ODAT.GI.ZS,CD,2002,181.228410034803
DT.ODA.ODAT.GI.ZS,CD,2001,49.4598929257316
DT.ODA.ODAT.GI.ZS,CD,2000,6.47678073038244
DT.ODA.ODAT.GI.ZS,CD,1999,93.7207833143661
DT.ODA.ODAT.GI.ZS,CD,1998,97.2782261543914
DT.ODA.ODAT.GI.ZS,CD,1997,103.68358832666
DT.ODA.ODAT.GI.ZS,CD,1996,10.3368329834915
DT.ODA.ODAT.GI.ZS,CD,1995,36.8153441965607
DT.ODA.ODAT.GI.ZS,CG,2019,4.88043703794685
DT.ODA.ODAT.GI.ZS,CG,2018,3.35947323905318
DT.ODA.ODAT.GI.ZS,CG,2017,1.96893207927367
DT.ODA.ODAT.GI.ZS,CG,2016,1.11624365284889
DT.ODA.ODAT.GI.ZS,CG,2015,0.930064760688149
DT.ODA.ODAT.GI.ZS,CG,2014,1.12129631166581
DT.ODA.ODAT.GI.ZS,CG,2013,1.78616664747923
DT.ODA.ODAT.GI.ZS,CG,2012,1.80755241405014
DT.ODA.ODAT.GI.ZS,CG,2011,4.52932945998597
DT.ODA.ODAT.GI.ZS,CG,2010,21.1948883692309
DT.ODA.ODAT.GI.ZS,CG,2009,5.16055569761094
DT.ODA.ODAT.GI.ZS,CG,2008,9.54285297370007
DT.ODA.ODAT.GI.ZS,CG,2007,1.88524588809062
DT.ODA.ODAT.GI.ZS,CG,2006,11.3134310358323
DT.ODA.ODAT.GI.ZS,CG,2005,82.6464595450126
DT.ODA.ODAT.GI.ZS,CG,2004,11.0424945175485
DT.ODA.ODAT.GI.ZS,CG,2003,7.57876814793374
DT.ODA.ODAT.GI.ZS,CG,2002,8.04370094558843
DT.ODA.ODAT.GI.ZS,CG,2001,10.0241848559264
DT.ODA.ODAT.GI.ZS,CG,2000,4.40200261118978
DT.ODA.ODAT.GI.ZS,CG,1999,21.4903404562121
DT.ODA.ODAT.GI.ZS,CG,1998,12.4931050472885
DT.ODA.ODAT.GI.ZS,CG,1997,52.0255784367878
DT.ODA.ODAT.GI.ZS,CG,1996,51.7689720247399
DT.ODA.ODAT.GI.ZS,CG,1995,16.3927536101098
DT.ODA.ODAT.GI.ZS,KM,2019,48.3166942416095
DT.ODA.ODAT.GI.ZS,KM,2018,51.4451053781666
DT.ODA.ODAT.GI.ZS,KM,2017,46.4427759697409
DT.ODA.ODAT.GI.ZS,KM,2016,42.2421343847013
DT.ODA.ODAT.GI.ZS,KM,2015,49.9667916369881
DT.ODA.ODAT.GI.ZS,KM,2014,42.8845857527374
DT.ODA.ODAT.GI.ZS,KM,2013,44.4921573387617
DT.ODA.ODAT.GI.ZS,KM,2012,61.9291425862357
DT.ODA.ODAT.GI.ZS,KM,2011,33.767814578649
DT.ODA.ODAT.GI.ZS,KM,2010,42.3633271330226
DT.ODA.ODAT.GI.ZS,KM,2009,31.4101977807819
DT.ODA.ODAT.GI.ZS,KM,2008,23.8178861683227
DT.ODA.ODAT.GI.ZS,KM,2007,31.6666285333753
DT.ODA.ODAT.GI.ZS,KM,2006,25.3941368750562
DT.ODA.ODAT.GI.ZS,KM,2005,19.6153565636825
DT.ODA.ODAT.GI.ZS,KM,2004,22.6351639453333
DT.ODA.ODAT.GI.ZS,KM,2003,24.9415256955208
DT.ODA.ODAT.GI.ZS,KM,2002,35.8862838353519
DT.ODA.ODAT.GI.ZS,KM,2001,40.5169377768515
DT.ODA.ODAT.GI.ZS,KM,2000,30.4799607490908
DT.ODA.ODAT.GI.ZS,KM,1999,32.0128291589125
DT.ODA.ODAT.GI.ZS,KM,1998,60.8305257359017
DT.ODA.ODAT.GI.ZS,KM,1997,45.9285126549569
DT.ODA.ODAT.GI.ZS,KM,1996,54.857814637681
DT.ODA.ODAT.GI.ZS,KM,1995,57.8648697184494
DT.ODA.ODAT.GI.ZS,CV,2019,28.791262674806
DT.ODA.ODAT.GI.ZS,CV,2018,13.9053610952435
DT.ODA.ODAT.GI.ZS,CV,2017,21.0375806599657
DT.ODA.ODAT.GI.ZS,CV,2016,21.8168929361581
DT.ODA.ODAT.GI.ZS,CV,2015,30.0884505308633
DT.ODA.ODAT.GI.ZS,CV,2014,32.3803970346534
DT.ODA.ODAT.GI.ZS,CV,2013,40.2948432724437
DT.ODA.ODAT.GI.ZS,CV,2012,36.4733165411585
DT.ODA.ODAT.GI.ZS,CV,2011,27.3447525858167
DT.ODA.ODAT.GI.ZS,CV,2010,39.8585993420689
DT.ODA.ODAT.GI.ZS,CV,2009,25.6196388538005
DT.ODA.ODAT.GI.ZS,CV,2008,22.6235663291574
DT.ODA.ODAT.GI.ZS,CV,2007,18.6073197628881
DT.ODA.ODAT.GI.ZS,CV,2006,None
DT.ODA.ODAT.GI.ZS,CV,2005,None
DT.ODA.ODAT.GI.ZS,CV,2004,None
DT.ODA.ODAT.GI.ZS,CV,2003,None
DT.ODA.ODAT.GI.ZS,CV,2002,None
DT.ODA.ODAT.GI.ZS,CV,2001,None
DT.ODA.ODAT.GI.ZS,CV,2000,None
DT.ODA.ODAT.GI.ZS,CV,1999,None
DT.ODA.ODAT.GI.ZS,CV,1998,None
DT.ODA.ODAT.GI.ZS,CV,1997,None
DT.ODA.ODAT.GI.ZS,CV,1996,None
DT.ODA.ODAT.GI.ZS,CV,1995,None
DT.ODA.ODAT.GI.ZS,DJ,2019,372.453766893242
DT.ODA.ODAT.GI.ZS,DJ,2018,220.721238792972
DT.ODA.ODAT.GI.ZS,DJ,2017,23.8628336812503
DT.ODA.ODAT.GI.ZS,DJ,2016,32.4366570715907
DT.ODA.ODAT.GI.ZS,DJ,2015,-181.247692280382
DT.ODA.ODAT.GI.ZS,DJ,2014,262.757036017394
DT.ODA.ODAT.GI.ZS,DJ,2013,12.8461637488449
DT.ODA.ODAT.GI.ZS,DJ,2012,None
DT.ODA.ODAT.GI.ZS,DJ,2011,None
DT.ODA.ODAT.GI.ZS,DJ,2010,None
DT.ODA.ODAT.GI.ZS,DJ,2009,None
DT.ODA.ODAT.GI.ZS,DJ,2008,None
DT.ODA.ODAT.GI.ZS,DJ,2007,None
DT.ODA.ODAT.GI.ZS,DJ,2006,None
DT.ODA.ODAT.GI.ZS,DJ,2005,None
DT.ODA.ODAT.GI.ZS,DJ,2004,None
DT.ODA.ODAT.GI.ZS,DJ,2003,None
DT.ODA.ODAT.GI.ZS,DJ,2002,None
DT.ODA.ODAT.GI.ZS,DJ,2001,None
DT.ODA.ODAT.GI.ZS,DJ,2000,None
DT.ODA.ODAT.GI.ZS,DJ,1999,None
DT.ODA.ODAT.GI.ZS,DJ,1998,None
DT.ODA.ODAT.GI.ZS,DJ,1997,None
DT.ODA.ODAT.GI.ZS,DJ,1996,None
DT.ODA.ODAT.GI.ZS,DJ,1995,None
DT.ODA.ODAT.GI.ZS,EG,2019,2.67014653615317
DT.ODA.ODAT.GI.ZS,EG,2018,4.23569201198722
DT.ODA.ODAT.GI.ZS,EG,2017,0.0777567340434549
DT.ODA.ODAT.GI.ZS,EG,2016,4.8747001953125
DT.ODA.ODAT.GI.ZS,EG,2015,5.36426483888398
DT.ODA.ODAT.GI.ZS,EG,2014,8.48488392314661
DT.ODA.ODAT.GI.ZS,EG,2013,13.4476883465512
DT.ODA.ODAT.GI.ZS,EG,2012,4.05386748221522
DT.ODA.ODAT.GI.ZS,EG,2011,1.04983853468254
DT.ODA.ODAT.GI.ZS,EG,2010,1.40304779091643
DT.ODA.ODAT.GI.ZS,EG,2009,2.69116669708252
DT.ODA.ODAT.GI.ZS,EG,2008,4.77153101133884
DT.ODA.ODAT.GI.ZS,EG,2007,4.30911966789331
DT.ODA.ODAT.GI.ZS,EG,2006,4.51765139883927
DT.ODA.ODAT.GI.ZS,EG,2005,6.49620191337648
DT.ODA.ODAT.GI.ZS,EG,2004,11.2621583813298
DT.ODA.ODAT.GI.ZS,EG,2003,7.50260420129653
DT.ODA.ODAT.GI.ZS,EG,2002,8.53936717461281
DT.ODA.ODAT.GI.ZS,EG,2001,7.36556786923009
DT.ODA.ODAT.GI.ZS,EG,2000,7.02215375233128
DT.ODA.ODAT.GI.ZS,EG,1999,8.26205676691729
DT.ODA.ODAT.GI.ZS,EG,1998,10.8226316660662
DT.ODA.ODAT.GI.ZS,EG,1997,14.586872093315
DT.ODA.ODAT.GI.ZS,EG,1996,17.888722280649
DT.ODA.ODAT.GI.ZS,EG,1995,16.7328106760735
DT.ODA.ODAT.GI.ZS,ER,2019,None
DT.ODA.ODAT.GI.ZS,ER,2018,None
DT.ODA.ODAT.GI.ZS,ER,2017,None
DT.ODA.ODAT.GI.ZS,ER,2016,None
DT.ODA.ODAT.GI.ZS,ER,2015,None
DT.ODA.ODAT.GI.ZS,ER,2014,None
DT.ODA.ODAT.GI.ZS,ER,2013,None
DT.ODA.ODAT.GI.ZS,ER,2012,None
DT.ODA.ODAT.GI.ZS,ER,2011,51.1671569688975
DT.ODA.ODAT.GI.ZS,ER,2010,82.4461592567764
DT.ODA.ODAT.GI.ZS,ER,2009,79.4183829632383
DT.ODA.ODAT.GI.ZS,ER,2008,66.0052606536733
DT.ODA.ODAT.GI.ZS,ER,2007,75.8346359290472
DT.ODA.ODAT.GI.ZS,ER,2006,76.1554893245757
DT.ODA.ODAT.GI.ZS,ER,2005,156.54385469043
DT.ODA.ODAT.GI.ZS,ER,2004,117.26240627565
DT.ODA.ODAT.GI.ZS,ER,2003,137.213094288564
DT.ODA.ODAT.GI.ZS,ER,2002,105.179989690511
DT.ODA.ODAT.GI.ZS,ER,2001,107.316147750094
DT.ODA.ODAT.GI.ZS,ER,2000,114.571713172514
DT.ODA.ODAT.GI.ZS,ER,1999,47.7969410406261
DT.ODA.ODAT.GI.ZS,ER,1998,70.1311972736905
DT.ODA.ODAT.GI.ZS,ER,1997,57.5163097070463
DT.ODA.ODAT.GI.ZS,ER,1996,82.3083711188355
DT.ODA.ODAT.GI.ZS,ER,1995,113.83662672799
DT.ODA.ODAT.GI.ZS,ET,2019,13.8269943603293
DT.ODA.ODAT.GI.ZS,ET,2018,16.8831115068745
DT.ODA.ODAT.GI.ZS,ET,2017,13.1211079585323
DT.ODA.ODAT.GI.ZS,ET,2016,14.7190220038799
DT.ODA.ODAT.GI.ZS,ET,2015,12.3295619962516
DT.ODA.ODAT.GI.ZS,ET,2014,16.9621529238885
DT.ODA.ODAT.GI.ZS,ET,2013,23.9271159603278
DT.ODA.ODAT.GI.ZS,ET,2012,20.1855375282914
DT.ODA.ODAT.GI.ZS,ET,2011,34.0753702348955
DT.ODA.ODAT.GI.ZS,ET,2010,None
DT.ODA.ODAT.GI.ZS,ET,2009,None
DT.ODA.ODAT.GI.ZS,ET,2008,None
DT.ODA.ODAT.GI.ZS,ET,2007,None
DT.ODA.ODAT.GI.ZS,ET,2006,None
DT.ODA.ODAT.GI.ZS,ET,2005,None
DT.ODA.ODAT.GI.ZS,ET,2004,None
DT.ODA.ODAT.GI.ZS,ET,2003,None
DT.ODA.ODAT.GI.ZS,ET,2002,None
DT.ODA.ODAT.GI.ZS,ET,2001,None
DT.ODA.ODAT.GI.ZS,ET,2000,None
DT.ODA.ODAT.GI.ZS,ET,1999,None
DT.ODA.ODAT.GI.ZS,ET,1998,None
DT.ODA.ODAT.GI.ZS,ET,1997,None
DT.ODA.ODAT.GI.ZS,ET,1996,None
DT.ODA.ODAT.GI.ZS,ET,1995,None
DT.ODA.ODAT.GI.ZS,FM,2019,None
DT.ODA.ODAT.GI.ZS,FM,2018,None
DT.ODA.ODAT.GI.ZS,FM,2017,None
DT.ODA.ODAT.GI.ZS,FM,2016,None
DT.ODA.ODAT.GI.ZS,FM,2015,None
DT.ODA.ODAT.GI.ZS,FM,2014,None
DT.ODA.ODAT.GI.ZS,FM,2013,None
DT.ODA.ODAT.GI.ZS,FM,2012,None
DT.ODA.ODAT.GI.ZS,FM,2011,None
DT.ODA.ODAT.GI.ZS,FM,2010,None
DT.ODA.ODAT.GI.ZS,FM,2009,None
DT.ODA.ODAT.GI.ZS,FM,2008,None
DT.ODA.ODAT.GI.ZS,FM,2007,None
DT.ODA.ODAT.GI.ZS,FM,2006,None
DT.ODA.ODAT.GI.ZS,FM,2005,None
DT.ODA.ODAT.GI.ZS,FM,2004,None
DT.ODA.ODAT.GI.ZS,FM,2003,None
DT.ODA.ODAT.GI.ZS,FM,2002,None
DT.ODA.ODAT.GI.ZS,FM,2001,None
DT.ODA.ODAT.GI.ZS,FM,2000,None
DT.ODA.ODAT.GI.ZS,FM,1999,None
DT.ODA.ODAT.GI.ZS,FM,1998,None
DT.ODA.ODAT.GI.ZS,FM,1997,None
DT.ODA.ODAT.GI.ZS,FM,1996,None
DT.ODA.ODAT.GI.ZS,FM,1995,None
DT.ODA.ODAT.GI.ZS,GH,2019,7.14884936548248
DT.ODA.ODAT.GI.ZS,GH,2018,7.30738717243037
DT.ODA.ODAT.GI.ZS,GH,2017,10.6909939091657
DT.ODA.ODAT.GI.ZS,GH,2016,9.22316645176306
DT.ODA.ODAT.GI.ZS,GH,2015,12.9324359476161
DT.ODA.ODAT.GI.ZS,GH,2014,7.54694027845581
DT.ODA.ODAT.GI.ZS,GH,2013,8.53435639649927
DT.ODA.ODAT.GI.ZS,GH,2012,25.6934750811616
DT.ODA.ODAT.GI.ZS,GH,2011,35.7980007002324
DT.ODA.ODAT.GI.ZS,GH,2010,40.2379795598656
DT.ODA.ODAT.GI.ZS,GH,2009,31.2314289419212
DT.ODA.ODAT.GI.ZS,GH,2008,21.9743199458387
DT.ODA.ODAT.GI.ZS,GH,2007,24.1710249294864
DT.ODA.ODAT.GI.ZS,GH,2006,26.3480842819788
DT.ODA.ODAT.GI.ZS,GH,2005,36.989176613883
DT.ODA.ODAT.GI.ZS,GH,2004,56.3026606576968
DT.ODA.ODAT.GI.ZS,GH,2003,56.2650970938496
DT.ODA.ODAT.GI.ZS,GH,2002,56.7503697267345
DT.ODA.ODAT.GI.ZS,GH,2001,45.6135228360363
DT.ODA.ODAT.GI.ZS,GH,2000,50.2293677398379
DT.ODA.ODAT.GI.ZS,GH,1999,37.6402599595413
DT.ODA.ODAT.GI.ZS,GH,1998,40.708812911869
DT.ODA.ODAT.GI.ZS,GH,1997,28.9071813967284
DT.ODA.ODAT.GI.ZS,GH,1996,44.3102923051452
DT.ODA.ODAT.GI.ZS,GH,1995,50.2116691974758
DT.ODA.ODAT.GI.ZS,GN,2019,21.1939099750581
DT.ODA.ODAT.GI.ZS,GN,2018,28.2168195973624
DT.ODA.ODAT.GI.ZS,GN,2017,20.5380072390074
DT.ODA.ODAT.GI.ZS,GN,2016,12.5230912138916
DT.ODA.ODAT.GI.ZS,GN,2015,25.3838264807986
DT.ODA.ODAT.GI.ZS,GN,2014,28.1145705012659
DT.ODA.ODAT.GI.ZS,GN,2013,23.7510368430921
DT.ODA.ODAT.GI.ZS,GN,2012,31.8575367147023
DT.ODA.ODAT.GI.ZS,GN,2011,12.3844118392564
DT.ODA.ODAT.GI.ZS,GN,2010,15.8629464028162
DT.ODA.ODAT.GI.ZS,GN,2009,16.9773157395574
DT.ODA.ODAT.GI.ZS,GN,2008,17.410544319562
DT.ODA.ODAT.GI.ZS,GN,2007,14.0075679326387
DT.ODA.ODAT.GI.ZS,GN,2006,16.7010700677989
DT.ODA.ODAT.GI.ZS,GN,2005,33.6225399158645
DT.ODA.ODAT.GI.ZS,GN,2004,36.469024858605
DT.ODA.ODAT.GI.ZS,GN,2003,33.6423799234178
DT.ODA.ODAT.GI.ZS,GN,2002,59.2650732425495
DT.ODA.ODAT.GI.ZS,GN,2001,62.0400465176314
DT.ODA.ODAT.GI.ZS,GN,2000,25.0165530685003
DT.ODA.ODAT.GI.ZS,GN,1999,34.6199315989078
DT.ODA.ODAT.GI.ZS,GN,1998,52.1672812485806
DT.ODA.ODAT.GI.ZS,GN,1997,47.9792222079437
DT.ODA.ODAT.GI.ZS,GN,1996,37.0689743342421
DT.ODA.ODAT.GI.ZS,GN,1995,51.6740789360943
DT.ODA.ODAT.GI.ZS,GM,2019,47.4823448175654
DT.ODA.ODAT.GI.ZS,GM,2018,67.1236707075064
DT.ODA.ODAT.GI.ZS,GM,2017,82.3251292627313
DT.ODA.ODAT.GI.ZS,GM,2016,24.8500540446736
DT.ODA.ODAT.GI.ZS,GM,2015,40.6232322499874
DT.ODA.ODAT.GI.ZS,GM,2014,49.0033617799505
DT.ODA.ODAT.GI.ZS,GM,2013,55.4789613809773
DT.ODA.ODAT.GI.ZS,GM,2012,47.0460104081015
DT.ODA.ODAT.GI.ZS,GM,2011,74.6494226475117
DT.ODA.ODAT.GI.ZS,GM,2010,56.5468842583288
DT.ODA.ODAT.GI.ZS,GM,2009,58.1778911720234
DT.ODA.ODAT.GI.ZS,GM,2008,52.6117510469509
DT.ODA.ODAT.GI.ZS,GM,2007,58.3530715407692
DT.ODA.ODAT.GI.ZS,GM,2006,45.4662308132315
DT.ODA.ODAT.GI.ZS,GM,2005,42.7435564036702
DT.ODA.ODAT.GI.ZS,GM,2004,44.5368785251989
DT.ODA.ODAT.GI.ZS,GM,2003,129.44525070194
DT.ODA.ODAT.GI.ZS,GM,2002,153.186844213714
DT.ODA.ODAT.GI.ZS,GM,2001,68.6565247598252
DT.ODA.ODAT.GI.ZS,GM,2000,138.968109594052
DT.ODA.ODAT.GI.ZS,GM,1999,88.6668672501362
DT.ODA.ODAT.GI.ZS,GM,1998,96.1189163960483
DT.ODA.ODAT.GI.ZS,GM,1997,93.5334797509444
DT.ODA.ODAT.GI.ZS,GM,1996,62.7088433843679
DT.ODA.ODAT.GI.ZS,GM,1995,83.7217203627329
DT.ODA.ODAT.GI.ZS,GW,2019,40.7999504193213
DT.ODA.ODAT.GI.ZS,GW,2018,51.5642005711311
DT.ODA.ODAT.GI.ZS,GW,2017,42.5534633261059
DT.ODA.ODAT.GI.ZS,GW,2016,87.1873651559486
DT.ODA.ODAT.GI.ZS,GW,2015,55.1041130322265
DT.ODA.ODAT.GI.ZS,GW,2014,48.2201677252056
DT.ODA.ODAT.GI.ZS,GW,2013,49.4951605312849
DT.ODA.ODAT.GI.ZS,GW,2012,39.5263067955059
DT.ODA.ODAT.GI.ZS,GW,2011,65.7989742202161
DT.ODA.ODAT.GI.ZS,GW,2010,70.3910563157046
DT.ODA.ODAT.GI.ZS,GW,2009,82.4391283318525
DT.ODA.ODAT.GI.ZS,GW,2008,71.9564387948085
DT.ODA.ODAT.GI.ZS,GW,2007,59.7223837544877
DT.ODA.ODAT.GI.ZS,GW,2006,69.198999889128
DT.ODA.ODAT.GI.ZS,GW,2005,57.1688945435228
DT.ODA.ODAT.GI.ZS,GW,2004,63.794587777489
DT.ODA.ODAT.GI.ZS,GW,2003,94.974577410405
DT.ODA.ODAT.GI.ZS,GW,2002,54.3669231065382
DT.ODA.ODAT.GI.ZS,GW,2001,77.8976804816904
DT.ODA.ODAT.GI.ZS,GW,2000,103.264848344391
DT.ODA.ODAT.GI.ZS,GW,1999,41.3719744207035
DT.ODA.ODAT.GI.ZS,GW,1998,53.0707364738793
DT.ODA.ODAT.GI.ZS,GW,1997,33.0779706506884
DT.ODA.ODAT.GI.ZS,GW,1996,111.553330572133
DT.ODA.ODAT.GI.ZS,GW,1995,79.8747324407765
DT.ODA.ODAT.GI.ZS,HN,2019,7.91268064866135
DT.ODA.ODAT.GI.ZS,HN,2018,10.3973173846476
DT.ODA.ODAT.GI.ZS,HN,2017,7.70089186430313
DT.ODA.ODAT.GI.ZS,HN,2016,8.12298322713006
DT.ODA.ODAT.GI.ZS,HN,2015,10.258638163156
DT.ODA.ODAT.GI.ZS,HN,2014,13.8333044512143
DT.ODA.ODAT.GI.ZS,HN,2013,15.5472233470956
DT.ODA.ODAT.GI.ZS,HN,2012,12.4399283650655
DT.ODA.ODAT.GI.ZS,HN,2011,7.8018616870936
DT.ODA.ODAT.GI.ZS,HN,2010,13.5762011841187
DT.ODA.ODAT.GI.ZS,HN,2009,12.280431912693
DT.ODA.ODAT.GI.ZS,HN,2008,8.20919467854003
DT.ODA.ODAT.GI.ZS,HN,2007,8.72243120799247
DT.ODA.ODAT.GI.ZS,HN,2006,16.7483037539646
DT.ODA.ODAT.GI.ZS,HN,2005,24.0934054264097
DT.ODA.ODAT.GI.ZS,HN,2004,20.5071818008854
DT.ODA.ODAT.GI.ZS,HN,2003,15.2476396497439
DT.ODA.ODAT.GI.ZS,HN,2002,20.0437083109422
DT.ODA.ODAT.GI.ZS,HN,2001,28.2626533208073
DT.ODA.ODAT.GI.ZS,HN,2000,19.6681029234558
DT.ODA.ODAT.GI.ZS,HN,1999,37.1430558600363
DT.ODA.ODAT.GI.ZS,HN,1998,15.7082939381955
DT.ODA.ODAT.GI.ZS,HN,1997,16.2866631319506
DT.ODA.ODAT.GI.ZS,HN,1996,16.0430051078621
DT.ODA.ODAT.GI.ZS,HN,1995,24.2217990237773
DT.ODA.ODAT.GI.ZS,HT,2019,25.0016161744056
DT.ODA.ODAT.GI.ZS,HT,2018,38.6293283840625
DT.ODA.ODAT.GI.ZS,HT,2017,38.5211362472772
DT.ODA.ODAT.GI.ZS,HT,2016,56.0405906379554
DT.ODA.ODAT.GI.ZS,HT,2015,50.4017515482707
DT.ODA.ODAT.GI.ZS,HT,2014,43.1588933756697
DT.ODA.ODAT.GI.ZS,HT,2013,43.2368755055564
DT.ODA.ODAT.GI.ZS,HT,2012,53.0490012122718
DT.ODA.ODAT.GI.ZS,HT,2011,55.1531207665577
DT.ODA.ODAT.GI.ZS,HT,2010,97.516703021628
DT.ODA.ODAT.GI.ZS,HT,2009,64.5597560013131
DT.ODA.ODAT.GI.ZS,HT,2008,60.8245331032858
DT.ODA.ODAT.GI.ZS,HT,2007,68.7304499741655
DT.ODA.ODAT.GI.ZS,HT,2006,48.4817729457219
DT.ODA.ODAT.GI.ZS,HT,2005,53.1290533165471
DT.ODA.ODAT.GI.ZS,HT,2004,40.3297546523648
DT.ODA.ODAT.GI.ZS,HT,2003,22.0742446285465
DT.ODA.ODAT.GI.ZS,HT,2002,25.7846248275948
DT.ODA.ODAT.GI.ZS,HT,2001,33.3651190747218
DT.ODA.ODAT.GI.ZS,HT,2000,32.0323382156947
DT.ODA.ODAT.GI.ZS,HT,1999,18.5806074891755
DT.ODA.ODAT.GI.ZS,HT,1998,36.2388985859281
DT.ODA.ODAT.GI.ZS,HT,1997,34.2856000796918
DT.ODA.ODAT.GI.ZS,HT,1996,40.4830859024279
DT.ODA.ODAT.GI.ZS,HT,1995,89.212030710299
DT.ODA.ODAT.GI.ZS,IN,2019,0.298838902837399
DT.ODA.ODAT.GI.ZS,IN,2018,0.281623123518348
DT.ODA.ODAT.GI.ZS,IN,2017,0.389312338863035
DT.ODA.ODAT.GI.ZS,IN,2016,0.386919763275867
DT.ODA.ODAT.GI.ZS,IN,2015,0.469853797870387
DT.ODA.ODAT.GI.ZS,IN,2014,0.428158935423816
DT.ODA.ODAT.GI.ZS,IN,2013,0.388836116170784
DT.ODA.ODAT.GI.ZS,IN,2012,0.239972275805523
DT.ODA.ODAT.GI.ZS,IN,2011,0.453093488648689
DT.ODA.ODAT.GI.ZS,IN,2010,0.424709023176218
DT.ODA.ODAT.GI.ZS,IN,2009,0.376878720423165
DT.ODA.ODAT.GI.ZS,IN,2008,0.419117111897066
DT.ODA.ODAT.GI.ZS,IN,2007,0.242401204340776
DT.ODA.ODAT.GI.ZS,IN,2006,0.377318742253115
DT.ODA.ODAT.GI.ZS,IN,2005,0.610951624721319
DT.ODA.ODAT.GI.ZS,IN,2004,0.312715296110464
DT.ODA.ODAT.GI.ZS,IN,2003,0.38465835398468
DT.ODA.ODAT.GI.ZS,IN,2002,1.11584092702676
DT.ODA.ODAT.GI.ZS,IN,2001,1.1913153573412
DT.ODA.ODAT.GI.ZS,IN,2000,1.15024854413598
DT.ODA.ODAT.GI.ZS,IN,1999,1.04951890809947
DT.ODA.ODAT.GI.ZS,IN,1998,1.52892523626453
DT.ODA.ODAT.GI.ZS,IN,1997,1.54074383197812
DT.ODA.ODAT.GI.ZS,IN,1996,2.12943599414483
DT.ODA.ODAT.GI.ZS,IN,1995,1.64983348245797
DT.ODA.ODAT.GI.ZS,JO,2019,28.2263312050833
DT.ODA.ODAT.GI.ZS,JO,2018,23.907372291868
DT.ODA.ODAT.GI.ZS,JO,2017,28.9723163187847
DT.ODA.ODAT.GI.ZS,JO,2016,29.2179616714319
DT.ODA.ODAT.GI.ZS,JO,2015,22.3419390750731
DT.ODA.ODAT.GI.ZS,JO,2014,28.361723009444
DT.ODA.ODAT.GI.ZS,JO,2013,15.2794570277982
DT.ODA.ODAT.GI.ZS,JO,2012,11.7908895265423
DT.ODA.ODAT.GI.ZS,JO,2011,10.3923513548612
DT.ODA.ODAT.GI.ZS,JO,2010,10.0425555555556
DT.ODA.ODAT.GI.ZS,JO,2009,9.16813054861142
DT.ODA.ODAT.GI.ZS,JO,2008,9.01780240943887
DT.ODA.ODAT.GI.ZS,JO,2007,12.2429406647524
DT.ODA.ODAT.GI.ZS,JO,2006,13.4415659150152
DT.ODA.ODAT.GI.ZS,JO,2005,16.5124719541465
DT.ODA.ODAT.GI.ZS,JO,2004,19.3483784736376
DT.ODA.ODAT.GI.ZS,JO,2003,62.1802163444088
DT.ODA.ODAT.GI.ZS,JO,2002,29.2220361260174
DT.ODA.ODAT.GI.ZS,JO,2001,23.8255323133645
DT.ODA.ODAT.GI.ZS,JO,2000,29.2913086929424
DT.ODA.ODAT.GI.ZS,JO,1999,24.7578278628569
DT.ODA.ODAT.GI.ZS,JO,1998,23.9756693297741
DT.ODA.ODAT.GI.ZS,JO,1997,25.5090887572153
DT.ODA.ODAT.GI.ZS,JO,1996,24.0737484479248
DT.ODA.ODAT.GI.ZS,JO,1995,24.3726520272988
DT.ODA.ODAT.GI.ZS,KE,2019,16.3374446414136
DT.ODA.ODAT.GI.ZS,KE,2018,13.9433361465174
DT.ODA.ODAT.GI.ZS,KE,2017,14.6311762430266
DT.ODA.ODAT.GI.ZS,KE,2016,15.1178252746942
DT.ODA.ODAT.GI.ZS,KE,2015,15.8949597037806
DT.ODA.ODAT.GI.ZS,KE,2014,15.6183924328949
DT.ODA.ODAT.GI.ZS,KE,2013,23.9323183833407
DT.ODA.ODAT.GI.ZS,KE,2012,21.2015894342118
DT.ODA.ODAT.GI.ZS,KE,2011,24.1653039475795
DT.ODA.ODAT.GI.ZS,KE,2010,16.8954081444813
DT.ODA.ODAT.GI.ZS,KE,2009,21.0784827471346
DT.ODA.ODAT.GI.ZS,KE,2008,17.7475536287786
DT.ODA.ODAT.GI.ZS,KE,2007,18.692255308121
DT.ODA.ODAT.GI.ZS,KE,2006,19.5678967728804
DT.ODA.ODAT.GI.ZS,KE,2005,22.876593442018
DT.ODA.ODAT.GI.ZS,KE,2004,24.0252361948731
DT.ODA.ODAT.GI.ZS,KE,2003,21.2856487031843
DT.ODA.ODAT.GI.ZS,KE,2002,19.5052808228876
DT.ODA.ODAT.GI.ZS,KE,2001,19.3601531320358
DT.ODA.ODAT.GI.ZS,KE,2000,23.2277994795371
DT.ODA.ODAT.GI.ZS,KE,1999,15.5497236880896
DT.ODA.ODAT.GI.ZS,KE,1998,17.6505752107184
DT.ODA.ODAT.GI.ZS,KE,1997,22.5922685302009
DT.ODA.ODAT.GI.ZS,KE,1996,32.9910208234189
DT.ODA.ODAT.GI.ZS,KE,1995,37.1394408945358
DT.ODA.ODAT.GI.ZS,KG,2019,13.7333508711379
DT.ODA.ODAT.GI.ZS,KG,2018,14.7342690076477
DT.ODA.ODAT.GI.ZS,KG,2017,18.3461527510552
DT.ODA.ODAT.GI.ZS,KG,2016,22.4662909446666
DT.ODA.ODAT.GI.ZS,KG,2015,33.4586927950339
DT.ODA.ODAT.GI.ZS,KG,2014,22.825615834952
DT.ODA.ODAT.GI.ZS,KG,2013,21.6952324451804
DT.ODA.ODAT.GI.ZS,KG,2012,20.3743334420589
DT.ODA.ODAT.GI.ZS,KG,2011,27.7345168846134
DT.ODA.ODAT.GI.ZS,KG,2010,28.3193326375738
DT.ODA.ODAT.GI.ZS,KG,2009,19.919524618976
DT.ODA.ODAT.GI.ZS,KG,2008,19.3768049019423
DT.ODA.ODAT.GI.ZS,KG,2007,20.6333158212328
DT.ODA.ODAT.GI.ZS,KG,2006,39.454684711603
DT.ODA.ODAT.GI.ZS,KG,2005,58.8891457421838
DT.ODA.ODAT.GI.ZS,KG,2004,64.5130470335094
DT.ODA.ODAT.GI.ZS,KG,2003,76.7777284154295
DT.ODA.ODAT.GI.ZS,KG,2002,56.0734530396076
DT.ODA.ODAT.GI.ZS,KG,2001,47.1458217189567
DT.ODA.ODAT.GI.ZS,KG,2000,70.5463401506541
DT.ODA.ODAT.GI.ZS,KG,1999,90.4118468915974
DT.ODA.ODAT.GI.ZS,KG,1998,77.1860952344295
DT.ODA.ODAT.GI.ZS,KG,1997,48.9674188355084
DT.ODA.ODAT.GI.ZS,KG,1996,44.3497074338118
DT.ODA.ODAT.GI.ZS,KG,1995,80.3144906353094
DT.ODA.ODAT.GI.ZS,KH,2019,14.721759901931
DT.ODA.ODAT.GI.ZS,KH,2018,13.5968053151208
DT.ODA.ODAT.GI.ZS,KH,2017,16.866144114706
DT.ODA.ODAT.GI.ZS,KH,2016,16.0276113858504
DT.ODA.ODAT.GI.ZS,KH,2015,16.755017891452
DT.ODA.ODAT.GI.ZS,KH,2014,21.7507328318999
DT.ODA.ODAT.GI.ZS,KH,2013,26.5251609123079
DT.ODA.ODAT.GI.ZS,KH,2012,31.0451062288862
DT.ODA.ODAT.GI.ZS,KH,2011,31.5442681035387
DT.ODA.ODAT.GI.ZS,KH,2010,34.8800543015954
DT.ODA.ODAT.GI.ZS,KH,2009,27.3788288872671
DT.ODA.ODAT.GI.ZS,KH,2008,30.0567507205262
DT.ODA.ODAT.GI.ZS,KH,2007,31.8650726226885
DT.ODA.ODAT.GI.ZS,KH,2006,29.080859586997
DT.ODA.ODAT.GI.ZS,KH,2005,35.5668235592501
DT.ODA.ODAT.GI.ZS,KH,2004,42.7750691970654
DT.ODA.ODAT.GI.ZS,KH,2003,43.1072101703235
DT.ODA.ODAT.GI.ZS,KH,2002,47.486554242244
DT.ODA.ODAT.GI.ZS,KH,2001,49.1682811983842
DT.ODA.ODAT.GI.ZS,KH,2000,53.9503389005647
DT.ODA.ODAT.GI.ZS,KH,1999,42.0668370259878
DT.ODA.ODAT.GI.ZS,KH,1998,83.50124148292
DT.ODA.ODAT.GI.ZS,KH,1997,62.7781850942473
DT.ODA.ODAT.GI.ZS,KH,1996,74.482615566534
DT.ODA.ODAT.GI.ZS,KH,1995,100.959478682853
DT.ODA.ODAT.GI.ZS,KI,2019,None
DT.ODA.ODAT.GI.ZS,KI,2018,None
DT.ODA.ODAT.GI.ZS,KI,2017,None
DT.ODA.ODAT.GI.ZS,KI,2016,None
DT.ODA.ODAT.GI.ZS,KI,2015,None
DT.ODA.ODAT.GI.ZS,KI,2014,None
DT.ODA.ODAT.GI.ZS,KI,2013,None
DT.ODA.ODAT.GI.ZS,KI,2012,None
DT.ODA.ODAT.GI.ZS,KI,2011,None
DT.ODA.ODAT.GI.ZS,KI,2010,None
DT.ODA.ODAT.GI.ZS,KI,2009,None
DT.ODA.ODAT.GI.ZS,KI,2008,None
DT.ODA.ODAT.GI.ZS,KI,2007,None
DT.ODA.ODAT.GI.ZS,KI,2006,None
DT.ODA.ODAT.GI.ZS,KI,2005,None
DT.ODA.ODAT.GI.ZS,KI,2004,None
DT.ODA.ODAT.GI.ZS,KI,2003,None
DT.ODA.ODAT.GI.ZS,KI,2002,None
DT.ODA.ODAT.GI.ZS,KI,2001,None
DT.ODA.ODAT.GI.ZS,KI,2000,None
DT.ODA.ODAT.GI.ZS,KI,1999,None
DT.ODA.ODAT.GI.ZS,KI,1998,None
DT.ODA.ODAT.GI.ZS,KI,1997,None
DT.ODA.ODAT.GI.ZS,KI,1996,None
DT.ODA.ODAT.GI.ZS,KI,1995,None
DT.ODA.ODAT.GI.ZS,LA,2019,None
DT.ODA.ODAT.GI.ZS,LA,2018,None
DT.ODA.ODAT.GI.ZS,LA,2017,None
DT.ODA.ODAT.GI.ZS,LA,2016,8.65410612625642
DT.ODA.ODAT.GI.ZS,LA,2015,10.3479803546543
DT.ODA.ODAT.GI.ZS,LA,2014,11.9881903576504
DT.ODA.ODAT.GI.ZS,LA,2013,11.5268803691325
DT.ODA.ODAT.GI.ZS,LA,2012,12.3962126730307
DT.ODA.ODAT.GI.ZS,LA,2011,15.1447782735574
DT.ODA.ODAT.GI.ZS,LA,2010,19.8722349871622
DT.ODA.ODAT.GI.ZS,LA,2009,17.2974564882304
DT.ODA.ODAT.GI.ZS,LA,2008,24.2301220073637
DT.ODA.ODAT.GI.ZS,LA,2007,22.6242896796969
DT.ODA.ODAT.GI.ZS,LA,2006,29.5732539669077
DT.ODA.ODAT.GI.ZS,LA,2005,25.8984050798316
DT.ODA.ODAT.GI.ZS,LA,2004,30.738649755154
DT.ODA.ODAT.GI.ZS,LA,2003,45.1444025194669
DT.ODA.ODAT.GI.ZS,LA,2002,45.9005660214676
DT.ODA.ODAT.GI.ZS,LA,2001,85.4280838584043
DT.ODA.ODAT.GI.ZS,LA,2000,100.584880943774
DT.ODA.ODAT.GI.ZS,LA,1999,None
DT.ODA.ODAT.GI.ZS,LA,1998,None
DT.ODA.ODAT.GI.ZS,LA,1997,None
DT.ODA.ODAT.GI.ZS,LA,1996,None
DT.ODA.ODAT.GI.ZS,LA,1995,None
DT.ODA.ODAT.GI.ZS,LB,2019,19.4438509741998
DT.ODA.ODAT.GI.ZS,LB,2018,11.5205535312688
DT.ODA.ODAT.GI.ZS,LB,2017,11.2781808065851
DT.ODA.ODAT.GI.ZS,LB,2016,9.54092096876431
DT.ODA.ODAT.GI.ZS,LB,2015,8.70257088253316
DT.ODA.ODAT.GI.ZS,LB,2014,6.83667757794533
DT.ODA.ODAT.GI.ZS,LB,2013,4.80195196881512
DT.ODA.ODAT.GI.ZS,LB,2012,6.52192944167215
DT.ODA.ODAT.GI.ZS,LB,2011,4.43596209338597
DT.ODA.ODAT.GI.ZS,LB,2010,4.64271054012876
DT.ODA.ODAT.GI.ZS,LB,2009,5.78147078255246
DT.ODA.ODAT.GI.ZS,LB,2008,13.1051332400011
DT.ODA.ODAT.GI.ZS,LB,2007,16.2387598128664
DT.ODA.ODAT.GI.ZS,LB,2006,18.099345128699
DT.ODA.ODAT.GI.ZS,LB,2005,4.67320704748526
DT.ODA.ODAT.GI.ZS,LB,2004,5.46335441803862
DT.ODA.ODAT.GI.ZS,LB,2003,13.8936359607399
DT.ODA.ODAT.GI.ZS,LB,2002,5.68187985296019
DT.ODA.ODAT.GI.ZS,LB,2001,4.94147078814184
DT.ODA.ODAT.GI.ZS,LB,2000,5.71067461269854
DT.ODA.ODAT.GI.ZS,LB,1999,4.89879285380267
DT.ODA.ODAT.GI.ZS,LB,1998,6.95763093041313
DT.ODA.ODAT.GI.ZS,LB,1997,5.67648503833197
DT.ODA.ODAT.GI.ZS,LB,1996,4.93914891719022
DT.ODA.ODAT.GI.ZS,LB,1995,4.4776606474782
DT.ODA.ODAT.GI.ZS,LR,2019,None
DT.ODA.ODAT.GI.ZS,LR,2018,None
DT.ODA.ODAT.GI.ZS,LR,2017,None
DT.ODA.ODAT.GI.ZS,LR,2016,None
DT.ODA.ODAT.GI.ZS,LR,2015,None
DT.ODA.ODAT.GI.ZS,LR,2014,None
DT.ODA.ODAT.GI.ZS,LR,2013,None
DT.ODA.ODAT.GI.ZS,LR,2012,None
DT.ODA.ODAT.GI.ZS,LR,2011,None
DT.ODA.ODAT.GI.ZS,LR,2010,None
DT.ODA.ODAT.GI.ZS,LR,2009,None
DT.ODA.ODAT.GI.ZS,LR,2008,None
DT.ODA.ODAT.GI.ZS,LR,2007,None
DT.ODA.ODAT.GI.ZS,LR,2006,None
DT.ODA.ODAT.GI.ZS,LR,2005,None
DT.ODA.ODAT.GI.ZS,LR,2004,None
DT.ODA.ODAT.GI.ZS,LR,2003,None
DT.ODA.ODAT.GI.ZS,LR,2002,None
DT.ODA.ODAT.GI.ZS,LR,2001,None
DT.ODA.ODAT.GI.ZS,LR,2000,None
DT.ODA.ODAT.GI.ZS,LR,1999,None
DT.ODA.ODAT.GI.ZS,LR,1998,None
DT.ODA.ODAT.GI.ZS,LR,1997,None
DT.ODA.ODAT.GI.ZS,LR,1996,None
DT.ODA.ODAT.GI.ZS,LR,1995,None
DT.ODA.ODAT.GI.ZS,LK,2019,0.631384103993995
DT.ODA.ODAT.GI.ZS,LK,2018,-0.687627708272047
DT.ODA.ODAT.GI.ZS,LK,2017,0.843288709465007
DT.ODA.ODAT.GI.ZS,LK,2016,1.16406876245873
DT.ODA.ODAT.GI.ZS,LK,2015,1.52490811524875
DT.ODA.ODAT.GI.ZS,LK,2014,None
DT.ODA.ODAT.GI.ZS,LK,2013,None
DT.ODA.ODAT.GI.ZS,LK,2012,None
DT.ODA.ODAT.GI.ZS,LK,2011,None
DT.ODA.ODAT.GI.ZS,LK,2010,None
DT.ODA.ODAT.GI.ZS,LK,2009,4.53144259740265
DT.ODA.ODAT.GI.ZS,LK,2008,4.88534611167052
DT.ODA.ODAT.GI.ZS,LK,2007,4.79265607582499
DT.ODA.ODAT.GI.ZS,LK,2006,8.65713607575033
DT.ODA.ODAT.GI.ZS,LK,2005,15.8803744240585
DT.ODA.ODAT.GI.ZS,LK,2004,7.82569791779317
DT.ODA.ODAT.GI.ZS,LK,2003,12.6485937784464
DT.ODA.ODAT.GI.ZS,LK,2002,6.48836372564233
DT.ODA.ODAT.GI.ZS,LK,2001,7.67433321256232
DT.ODA.ODAT.GI.ZS,LK,2000,4.85756645340238
DT.ODA.ODAT.GI.ZS,LK,1999,4.25890700385009
DT.ODA.ODAT.GI.ZS,LK,1998,8.09802816531041
DT.ODA.ODAT.GI.ZS,LK,1997,6.89583824449639
DT.ODA.ODAT.GI.ZS,LK,1996,10.3163905221357
DT.ODA.ODAT.GI.ZS,LK,1995,14.0624691183245
DT.ODA.ODAT.GI.ZS,LS,2019,21.889646277533
DT.ODA.ODAT.GI.ZS,LS,2018,28.0458291285764
DT.ODA.ODAT.GI.ZS,LS,2017,28.4366602218353
DT.ODA.ODAT.GI.ZS,LS,2016,18.4190092710344
DT.ODA.ODAT.GI.ZS,LS,2015,12.0424514664024
DT.ODA.ODAT.GI.ZS,LS,2014,12.8759822889483
DT.ODA.ODAT.GI.ZS,LS,2013,41.4699491523103
DT.ODA.ODAT.GI.ZS,LS,2012,31.2140568064657
DT.ODA.ODAT.GI.ZS,LS,2011,39.2971085802409
DT.ODA.ODAT.GI.ZS,LS,2010,36.6044714134854
DT.ODA.ODAT.GI.ZS,LS,2009,20.8826170421528
DT.ODA.ODAT.GI.ZS,LS,2008,25.1999936469444
DT.ODA.ODAT.GI.ZS,LS,2007,27.9703991928959
DT.ODA.ODAT.GI.ZS,LS,2006,None
DT.ODA.ODAT.GI.ZS,LS,2005,None
DT.ODA.ODAT.GI.ZS,LS,2004,None
DT.ODA.ODAT.GI.ZS,LS,2003,None
DT.ODA.ODAT.GI.ZS,LS,2002,None
DT.ODA.ODAT.GI.ZS,LS,2001,None
DT.ODA.ODAT.GI.ZS,LS,2000,None
DT.ODA.ODAT.GI.ZS,LS,1999,None
DT.ODA.ODAT.GI.ZS,LS,1998,None
DT.ODA.ODAT.GI.ZS,LS,1997,None
DT.ODA.ODAT.GI.ZS,LS,1996,None
DT.ODA.ODAT.GI.ZS,LS,1995,None
DT.ODA.ODAT.GI.ZS,MA,2019,1.90593686915953
DT.ODA.ODAT.GI.ZS,MA,2018,1.9993942894702
DT.ODA.ODAT.GI.ZS,MA,2017,6.46893499458027
DT.ODA.ODAT.GI.ZS,MA,2016,5.7838027548415
DT.ODA.ODAT.GI.ZS,MA,2015,4.55669181963354
DT.ODA.ODAT.GI.ZS,MA,2014,6.11033940413987
DT.ODA.ODAT.GI.ZS,MA,2013,5.42255919379666
DT.ODA.ODAT.GI.ZS,MA,2012,4.27507892192545
DT.ODA.ODAT.GI.ZS,MA,2011,3.97116605407563
DT.ODA.ODAT.GI.ZS,MA,2010,3.10264561446162
DT.ODA.ODAT.GI.ZS,MA,2009,3.24077769601185
DT.ODA.ODAT.GI.ZS,MA,2008,4.02293549009866
DT.ODA.ODAT.GI.ZS,MA,2007,4.55727399596141
DT.ODA.ODAT.GI.ZS,MA,2006,5.19304495769974
DT.ODA.ODAT.GI.ZS,MA,2005,3.88108303082995
DT.ODA.ODAT.GI.ZS,MA,2004,4.232088777844
DT.ODA.ODAT.GI.ZS,MA,2003,3.86578013092428
DT.ODA.ODAT.GI.ZS,MA,2002,3.17044734804029
DT.ODA.ODAT.GI.ZS,MA,2001,4.53211901424545
DT.ODA.ODAT.GI.ZS,MA,2000,4.36847630706528
DT.ODA.ODAT.GI.ZS,MA,1999,6.34093516735256
DT.ODA.ODAT.GI.ZS,MA,1998,4.5698530315054
DT.ODA.ODAT.GI.ZS,MA,1997,4.83339256298887
DT.ODA.ODAT.GI.ZS,MA,1996,6.15010545797446
DT.ODA.ODAT.GI.ZS,MA,1995,5.05038269471651
DT.ODA.ODAT.GI.ZS,MG,2019,22.8881998746295
DT.ODA.ODAT.GI.ZS,MG,2018,26.5033311126406
DT.ODA.ODAT.GI.ZS,MG,2017,37.405329884334
DT.ODA.ODAT.GI.ZS,MG,2016,32.0543612012393
DT.ODA.ODAT.GI.ZS,MG,2015,37.4156829767939
DT.ODA.ODAT.GI.ZS,MG,2014,28.4787041115612
DT.ODA.ODAT.GI.ZS,MG,2013,24.3374216411976
DT.ODA.ODAT.GI.ZS,MG,2012,15.7787632265066
DT.ODA.ODAT.GI.ZS,MG,2011,16.5813732164309
DT.ODA.ODAT.GI.ZS,MG,2010,17.6908179653759
DT.ODA.ODAT.GI.ZS,MG,2009,11.1493378638443
DT.ODA.ODAT.GI.ZS,MG,2008,15.1979070498062
DT.ODA.ODAT.GI.ZS,MG,2007,30.4407802002617
DT.ODA.ODAT.GI.ZS,MG,2006,60.3833408331674
DT.ODA.ODAT.GI.ZS,MG,2005,80.9014164933786
DT.ODA.ODAT.GI.ZS,MG,2004,116.922133609816
DT.ODA.ODAT.GI.ZS,MG,2003,62.3555179178467
DT.ODA.ODAT.GI.ZS,MG,2002,63.6933040304379
DT.ODA.ODAT.GI.ZS,MG,2001,47.4653686236012
DT.ODA.ODAT.GI.ZS,MG,2000,58.7512675277258
DT.ODA.ODAT.GI.ZS,MG,1999,68.9088702864964
DT.ODA.ODAT.GI.ZS,MG,1998,89.9054919336916
DT.ODA.ODAT.GI.ZS,MG,1997,193.558943628413
DT.ODA.ODAT.GI.ZS,MG,1996,75.495704439261
DT.ODA.ODAT.GI.ZS,MG,1995,87.9389539508519
DT.ODA.ODAT.GI.ZS,ML,2019,46.6376111789143
DT.ODA.ODAT.GI.ZS,ML,2018,44.5803947962027
DT.ODA.ODAT.GI.ZS,ML,2017,40.9985522749498
DT.ODA.ODAT.GI.ZS,ML,2016,35.8558595738542
DT.ODA.ODAT.GI.ZS,ML,2015,44.1671153345715
DT.ODA.ODAT.GI.ZS,ML,2014,42.6724272683598
DT.ODA.ODAT.GI.ZS,ML,2013,55.2348091628975
DT.ODA.ODAT.GI.ZS,ML,2012,46.5676332955913
DT.ODA.ODAT.GI.ZS,ML,2011,49.4568183954218
DT.ODA.ODAT.GI.ZS,ML,2010,42.4998151324121
DT.ODA.ODAT.GI.ZS,ML,2009,36.3729463984616
DT.ODA.ODAT.GI.ZS,ML,2008,36.0170534454733
DT.ODA.ODAT.GI.ZS,ML,2007,44.7016887189015
DT.ODA.ODAT.GI.ZS,ML,2006,59.3903861587422
DT.ODA.ODAT.GI.ZS,ML,2005,55.5411851240208
DT.ODA.ODAT.GI.ZS,ML,2004,49.6142818758318
DT.ODA.ODAT.GI.ZS,ML,2003,56.6953955289796
DT.ODA.ODAT.GI.ZS,ML,2002,68.3303330788062
DT.ODA.ODAT.GI.ZS,ML,2001,49.4958322116331
DT.ODA.ODAT.GI.ZS,ML,2000,56.6278289962042
DT.ODA.ODAT.GI.ZS,ML,1999,57.5629708560734
DT.ODA.ODAT.GI.ZS,ML,1998,59.9664152408573
DT.ODA.ODAT.GI.ZS,ML,1997,77.0316355575326
DT.ODA.ODAT.GI.ZS,ML,1996,90.9115403870535
DT.ODA.ODAT.GI.ZS,ML,1995,94.3112964273228
DT.ODA.ODAT.GI.ZS,MM,2019,None
DT.ODA.ODAT.GI.ZS,MM,2018,None
DT.ODA.ODAT.GI.ZS,MM,2017,None
DT.ODA.ODAT.GI.ZS,MM,2016,None
DT.ODA.ODAT.GI.ZS,MM,2015,None
DT.ODA.ODAT.GI.ZS,MM,2014,None
DT.ODA.ODAT.GI.ZS,MM,2013,None
DT.ODA.ODAT.GI.ZS,MM,2012,None
DT.ODA.ODAT.GI.ZS,MM,2011,None
DT.ODA.ODAT.GI.ZS,MM,2010,None
DT.ODA.ODAT.GI.ZS,MM,2009,None
DT.ODA.ODAT.GI.ZS,MM,2008,None
DT.ODA.ODAT.GI.ZS,MM,2007,None
DT.ODA.ODAT.GI.ZS,MM,2006,None
DT.ODA.ODAT.GI.ZS,MM,2005,None
DT.ODA.ODAT.GI.ZS,MM,2004,None
DT.ODA.ODAT.GI.ZS,MM,2003,None
DT.ODA.ODAT.GI.ZS,MM,2002,None
DT.ODA.ODAT.GI.ZS,MM,2001,None
DT.ODA.ODAT.GI.ZS,MM,2000,None
DT.ODA.ODAT.GI.ZS,MM,1999,None
DT.ODA.ODAT.GI.ZS,MM,1998,None
DT.ODA.ODAT.GI.ZS,MM,1997,None
DT.ODA.ODAT.GI.ZS,MM,1996,None
DT.ODA.ODAT.GI.ZS,MM,1995,None
DT.ODA.ODAT.GI.ZS,MZ,2019,29.0613225197269
DT.ODA.ODAT.GI.ZS,MZ,2018,26.4088996818089
DT.ODA.ODAT.GI.ZS,MZ,2017,42.279508978806
DT.ODA.ODAT.GI.ZS,MZ,2016,27.4593370738123
DT.ODA.ODAT.GI.ZS,MZ,2015,26.5657509162926
DT.ODA.ODAT.GI.ZS,MZ,2014,21.8372841613032
DT.ODA.ODAT.GI.ZS,MZ,2013,23.8447435592372
DT.ODA.ODAT.GI.ZS,MZ,2012,24.538681681499
DT.ODA.ODAT.GI.ZS,MZ,2011,48.0458309285594
DT.ODA.ODAT.GI.ZS,MZ,2010,73.4074207195285
DT.ODA.ODAT.GI.ZS,MZ,2009,74.3100696275906
DT.ODA.ODAT.GI.ZS,MZ,2008,60.1942904972577
DT.ODA.ODAT.GI.ZS,MZ,2007,62.95321249014
DT.ODA.ODAT.GI.ZS,MZ,2006,72.1359508515214
DT.ODA.ODAT.GI.ZS,MZ,2005,57.3289693612616
DT.ODA.ODAT.GI.ZS,MZ,2004,54.8173706424437
DT.ODA.ODAT.GI.ZS,MZ,2003,47.6913550282986
DT.ODA.ODAT.GI.ZS,MZ,2002,91.7937226625644
DT.ODA.ODAT.GI.ZS,MZ,2001,50.7955758598354
DT.ODA.ODAT.GI.ZS,MZ,2000,37.198321113453
DT.ODA.ODAT.GI.ZS,MZ,1999,29.4006229530021
DT.ODA.ODAT.GI.ZS,MZ,1998,67.6430943690211
DT.ODA.ODAT.GI.ZS,MZ,1997,77.2726072856321
DT.ODA.ODAT.GI.ZS,MZ,1996,86.2103760633051
DT.ODA.ODAT.GI.ZS,MZ,1995,88.8646863756139
DT.ODA.ODAT.GI.ZS,MR,2019,12.396145405393
DT.ODA.ODAT.GI.ZS,MR,2018,12.91710770696
DT.ODA.ODAT.GI.ZS,MR,2017,11.3190043363504
DT.ODA.ODAT.GI.ZS,MR,2016,15.3534263736726
DT.ODA.ODAT.GI.ZS,MR,2015,13.8903235287732
DT.ODA.ODAT.GI.ZS,MR,2014,9.46156223634637
DT.ODA.ODAT.GI.ZS,MR,2013,8.58022515289749
DT.ODA.ODAT.GI.ZS,MR,2012,12.387673779421
DT.ODA.ODAT.GI.ZS,MR,2011,14.598608098251
DT.ODA.ODAT.GI.ZS,MR,2010,20.5803270843427
DT.ODA.ODAT.GI.ZS,MR,2009,27.0243409180401
DT.ODA.ODAT.GI.ZS,MR,2008,23.86337350979
DT.ODA.ODAT.GI.ZS,MR,2007,22.67346460331
DT.ODA.ODAT.GI.ZS,MR,2006,21.2262433108034
DT.ODA.ODAT.GI.ZS,MR,2005,13.148819808989
DT.ODA.ODAT.GI.ZS,MR,2004,23.3853484793516
DT.ODA.ODAT.GI.ZS,MR,2003,59.2180495973601
DT.ODA.ODAT.GI.ZS,MR,2002,214.305738633046
DT.ODA.ODAT.GI.ZS,MR,2001,129.455446918418
DT.ODA.ODAT.GI.ZS,MR,2000,111.252542811468
DT.ODA.ODAT.GI.ZS,MR,1999,100.656907815701
DT.ODA.ODAT.GI.ZS,MR,1998,83.5971020197607
DT.ODA.ODAT.GI.ZS,MR,1997,109.068214831999
DT.ODA.ODAT.GI.ZS,MR,1996,103.692314503413
DT.ODA.ODAT.GI.ZS,MR,1995,77.3019859826934
DT.ODA.ODAT.GI.ZS,MW,2019,None
DT.ODA.ODAT.GI.ZS,MW,2018,None
DT.ODA.ODAT.GI.ZS,MW,2017,None
DT.ODA.ODAT.GI.ZS,MW,2016,None
DT.ODA.ODAT.GI.ZS,MW,2015,None
DT.ODA.ODAT.GI.ZS,MW,2014,None
DT.ODA.ODAT.GI.ZS,MW,2013,None
DT.ODA.ODAT.GI.ZS,MW,2012,None
DT.ODA.ODAT.GI.ZS,MW,2011,None
DT.ODA.ODAT.GI.ZS,MW,2010,None
DT.ODA.ODAT.GI.ZS,MW,2009,None
DT.ODA.ODAT.GI.ZS,MW,2008,None
DT.ODA.ODAT.GI.ZS,MW,2007,None
DT.ODA.ODAT.GI.ZS,MW,2006,None
DT.ODA.ODAT.GI.ZS,MW,2005,None
DT.ODA.ODAT.GI.ZS,MW,2004,None
DT.ODA.ODAT.GI.ZS,MW,2003,None
DT.ODA.ODAT.GI.ZS,MW,2002,None
DT.ODA.ODAT.GI.ZS,MW,2001,None
DT.ODA.ODAT.GI.ZS,MW,2000,None
DT.ODA.ODAT.GI.ZS,MW,1999,None
DT.ODA.ODAT.GI.ZS,MW,1998,None
DT.ODA.ODAT.GI.ZS,MW,1997,None
DT.ODA.ODAT.GI.ZS,MW,1996,None
DT.ODA.ODAT.GI.ZS,MW,1995,None
DT.ODA.ODAT.GI.ZS,NE,2019,36.4110435711197
DT.ODA.ODAT.GI.ZS,NE,2018,35.2468193154239
DT.ODA.ODAT.GI.ZS,NE,2017,42.0883232974248
DT.ODA.ODAT.GI.ZS,NE,2016,33.2816411070318
DT.ODA.ODAT.GI.ZS,NE,2015,27.7501194167045
DT.ODA.ODAT.GI.ZS,NE,2014,27.1575085625757
DT.ODA.ODAT.GI.ZS,NE,2013,26.2436280030067
DT.ODA.ODAT.GI.ZS,NE,2012,32.2476274950528
DT.ODA.ODAT.GI.ZS,NE,2011,23.2447176508315
DT.ODA.ODAT.GI.ZS,NE,2010,28.93003542817
DT.ODA.ODAT.GI.ZS,NE,2009,20.6003025678955
DT.ODA.ODAT.GI.ZS,NE,2008,28.680993734757
DT.ODA.ODAT.GI.ZS,NE,2007,42.9476742875051
DT.ODA.ODAT.GI.ZS,NE,2006,57.5208177915735
DT.ODA.ODAT.GI.ZS,NE,2005,61.7191344863414
DT.ODA.ODAT.GI.ZS,NE,2004,116.753244767515
DT.ODA.ODAT.GI.ZS,NE,2003,101.737243714369
DT.ODA.ODAT.GI.ZS,NE,2002,72.6941383602325
DT.ODA.ODAT.GI.ZS,NE,2001,76.6809213698011
DT.ODA.ODAT.GI.ZS,NE,2000,71.0111041682815
DT.ODA.ODAT.GI.ZS,NE,1999,65.8889961643853
DT.ODA.ODAT.GI.ZS,NE,1998,75.6113665370126
DT.ODA.ODAT.GI.ZS,NE,1997,106.744721439153
DT.ODA.ODAT.GI.ZS,NE,1996,71.4357025307464
DT.ODA.ODAT.GI.ZS,NE,1995,98.3100790605117
DT.ODA.ODAT.GI.ZS,NG,2019,None
DT.ODA.ODAT.GI.ZS,NG,2018,None
DT.ODA.ODAT.GI.ZS,NG,2017,None
DT.ODA.ODAT.GI.ZS,NG,2016,None
DT.ODA.ODAT.GI.ZS,NG,2015,None
DT.ODA.ODAT.GI.ZS,NG,2014,None
DT.ODA.ODAT.GI.ZS,NG,2013,None
DT.ODA.ODAT.GI.ZS,NG,2012,None
DT.ODA.ODAT.GI.ZS,NG,2011,None
DT.ODA.ODAT.GI.ZS,NG,2010,None
DT.ODA.ODAT.GI.ZS,NG,2009,None
DT.ODA.ODAT.GI.ZS,NG,2008,None
DT.ODA.ODAT.GI.ZS,NG,2007,None
DT.ODA.ODAT.GI.ZS,NG,2006,None
DT.ODA.ODAT.GI.ZS,NG,2005,None
DT.ODA.ODAT.GI.ZS,NG,2004,None
DT.ODA.ODAT.GI.ZS,NG,2003,None
DT.ODA.ODAT.GI.ZS,NG,2002,None
DT.ODA.ODAT.GI.ZS,NG,2001,None
DT.ODA.ODAT.GI.ZS,NG,2000,None
DT.ODA.ODAT.GI.ZS,NG,1999,None
DT.ODA.ODAT.GI.ZS,NG,1998,None
DT.ODA.ODAT.GI.ZS,NG,1997,None
DT.ODA.ODAT.GI.ZS,NG,1996,None
DT.ODA.ODAT.GI.ZS,NG,1995,None
DT.ODA.ODAT.GI.ZS,NI,2019,17.1389339089396
DT.ODA.ODAT.GI.ZS,NI,2018,11.2846941065007
DT.ODA.ODAT.GI.ZS,NI,2017,13.6415132676777
DT.ODA.ODAT.GI.ZS,NI,2016,10.3968029251112
DT.ODA.ODAT.GI.ZS,NI,2015,10.7227895138333
DT.ODA.ODAT.GI.ZS,NI,2014,12.5961759651141
DT.ODA.ODAT.GI.ZS,NI,2013,14.6071190349854
DT.ODA.ODAT.GI.ZS,NI,2012,16.2980996742315
DT.ODA.ODAT.GI.ZS,NI,2011,17.7184633512904
DT.ODA.ODAT.GI.ZS,NI,2010,23.4946141146037
DT.ODA.ODAT.GI.ZS,NI,2009,30.7344018921887
DT.ODA.ODAT.GI.ZS,NI,2008,22.2040106338451
DT.ODA.ODAT.GI.ZS,NI,2007,29.1175697096912
DT.ODA.ODAT.GI.ZS,NI,2006,32.6474178562129
DT.ODA.ODAT.GI.ZS,NI,2005,40.1120510877944
DT.ODA.ODAT.GI.ZS,NI,2004,79.1064454246113
DT.ODA.ODAT.GI.ZS,NI,2003,62.2634412248719
DT.ODA.ODAT.GI.ZS,NI,2002,35.5042053328884
DT.ODA.ODAT.GI.ZS,NI,2001,63.4254765422551
DT.ODA.ODAT.GI.ZS,NI,2000,36.8538576010431
DT.ODA.ODAT.GI.ZS,NI,1999,37.2978570682638
DT.ODA.ODAT.GI.ZS,NI,1998,42.1459649179475
DT.ODA.ODAT.GI.ZS,NI,1997,30.6916686288428
DT.ODA.ODAT.GI.ZS,NI,1996,92.4598870632499
DT.ODA.ODAT.GI.ZS,NI,1995,72.7587540365229
DT.ODA.ODAT.GI.ZS,NP,2019,9.42102252511735
DT.ODA.ODAT.GI.ZS,NP,2018,11.0910523632883
DT.ODA.ODAT.GI.ZS,NP,2017,11.7411670177331
DT.ODA.ODAT.GI.ZS,NP,2016,15.3699466829326
DT.ODA.ODAT.GI.ZS,NP,2015,16.0699598213855
DT.ODA.ODAT.GI.ZS,NP,2014,12.5477779111778
DT.ODA.ODAT.GI.ZS,NP,2013,13.2785650712462
DT.ODA.ODAT.GI.ZS,NP,2012,12.3988469127432
DT.ODA.ODAT.GI.ZS,NP,2011,12.4891639424717
DT.ODA.ODAT.GI.ZS,NP,2010,12.5293704295774
DT.ODA.ODAT.GI.ZS,NP,2009,14.5611093512582
DT.ODA.ODAT.GI.ZS,NP,2008,14.497147358218
DT.ODA.ODAT.GI.ZS,NP,2007,16.912624556152
DT.ODA.ODAT.GI.ZS,NP,2006,18.634006344612
DT.ODA.ODAT.GI.ZS,NP,2005,18.9361086612766
DT.ODA.ODAT.GI.ZS,NP,2004,24.0789427201569
DT.ODA.ODAT.GI.ZS,NP,2003,33.4151111592952
DT.ODA.ODAT.GI.ZS,NP,2002,27.3044932369238
DT.ODA.ODAT.GI.ZS,NP,2001,25.9149613021989
DT.ODA.ODAT.GI.ZS,NP,2000,23.2978001186582
DT.ODA.ODAT.GI.ZS,NP,1999,28.3424861856396
DT.ODA.ODAT.GI.ZS,NP,1998,25.5110188692365
DT.ODA.ODAT.GI.ZS,NP,1997,25.2994203915789
DT.ODA.ODAT.GI.ZS,NP,1996,26.9360231528285
DT.ODA.ODAT.GI.ZS,NP,1995,34.3201720830043
DT.ODA.ODAT.GI.ZS,PK,2019,4.0396203317927
DT.ODA.ODAT.GI.ZS,PK,2018,2.28171438540235
DT.ODA.ODAT.GI.ZS,PK,2017,4.26751220390066
DT.ODA.ODAT.GI.ZS,PK,2016,5.92463496531491
DT.ODA.ODAT.GI.ZS,PK,2015,7.93644511613885
DT.ODA.ODAT.GI.ZS,PK,2014,8.93728944353552
DT.ODA.ODAT.GI.ZS,PK,2013,5.66270851299945
DT.ODA.ODAT.GI.ZS,PK,2012,5.31752703430375
DT.ODA.ODAT.GI.ZS,PK,2011,11.0092433448511
DT.ODA.ODAT.GI.ZS,PK,2010,9.34205489113131
DT.ODA.ODAT.GI.ZS,PK,2009,4.20738307414481
DT.ODA.ODAT.GI.ZS,PK,2008,2.93747335733554
DT.ODA.ODAT.GI.ZS,PK,2007,3.44215307603085
DT.ODA.ODAT.GI.ZS,PK,2006,6.95929024993197
DT.ODA.ODAT.GI.ZS,PK,2005,6.25183143610289
DT.ODA.ODAT.GI.ZS,PK,2004,6.41530976684941
DT.ODA.ODAT.GI.ZS,PK,2003,6.06172832445279
DT.ODA.ODAT.GI.ZS,PK,2002,13.3196252491642
DT.ODA.ODAT.GI.ZS,PK,2001,11.4872335106246
DT.ODA.ODAT.GI.ZS,PK,2000,3.38714115178851
DT.ODA.ODAT.GI.ZS,PK,1999,6.2603523075417
DT.ODA.ODAT.GI.ZS,PK,1998,7.49481956782463
DT.ODA.ODAT.GI.ZS,PK,1997,6.09811619399824
DT.ODA.ODAT.GI.ZS,PK,1996,5.71341126242049
DT.ODA.ODAT.GI.ZS,PK,1995,4.45200258196729
DT.ODA.ODAT.GI.ZS,PH,2019,0.89082934729541
DT.ODA.ODAT.GI.ZS,PH,2018,0.58129169191374
DT.ODA.ODAT.GI.ZS,PH,2017,0.191148538783076
DT.ODA.ODAT.GI.ZS,PH,2016,0.361608439040892
DT.ODA.ODAT.GI.ZS,PH,2015,0.787403957716184
DT.ODA.ODAT.GI.ZS,PH,2014,1.08833795935947
DT.ODA.ODAT.GI.ZS,PH,2013,0.327725859188267
DT.ODA.ODAT.GI.ZS,PH,2012,-0.00657771895758754
DT.ODA.ODAT.GI.ZS,PH,2011,-0.27970370694149
DT.ODA.ODAT.GI.ZS,PH,2010,1.36743676502757
DT.ODA.ODAT.GI.ZS,PH,2009,1.12585218387054
DT.ODA.ODAT.GI.ZS,PH,2008,0.254840419663887
DT.ODA.ODAT.GI.ZS,PH,2007,2.55692835476841
DT.ODA.ODAT.GI.ZS,PH,2006,2.91043157997956
DT.ODA.ODAT.GI.ZS,PH,2005,2.94702779795199
DT.ODA.ODAT.GI.ZS,PH,2004,2.36107154456979
DT.ODA.ODAT.GI.ZS,PH,2003,4.2639464110742
DT.ODA.ODAT.GI.ZS,PH,2002,3.20710909560696
DT.ODA.ODAT.GI.ZS,PH,2001,3.6997634113079
DT.ODA.ODAT.GI.ZS,PH,2000,4.2124274784114
DT.ODA.ODAT.GI.ZS,PH,1999,4.77538703998847
DT.ODA.ODAT.GI.ZS,PH,1998,3.98059747592876
DT.ODA.ODAT.GI.ZS,PH,1997,2.78563259463612
DT.ODA.ODAT.GI.ZS,PH,1996,3.90678349756464
DT.ODA.ODAT.GI.ZS,PH,1995,4.6486718642999
DT.ODA.ODAT.GI.ZS,PG,2019,None
DT.ODA.ODAT.GI.ZS,PG,2018,None
DT.ODA.ODAT.GI.ZS,PG,2017,None
DT.ODA.ODAT.GI.ZS,PG,2016,None
DT.ODA.ODAT.GI.ZS,PG,2015,None
DT.ODA.ODAT.GI.ZS,PG,2014,None
DT.ODA.ODAT.GI.ZS,PG,2013,None
DT.ODA.ODAT.GI.ZS,PG,2012,None
DT.ODA.ODAT.GI.ZS,PG,2011,None
DT.ODA.ODAT.GI.ZS,PG,2010,None
DT.ODA.ODAT.GI.ZS,PG,2009,None
DT.ODA.ODAT.GI.ZS,PG,2008,None
DT.ODA.ODAT.GI.ZS,PG,2007,None
DT.ODA.ODAT.GI.ZS,PG,2006,None
DT.ODA.ODAT.GI.ZS,PG,2005,None
DT.ODA.ODAT.GI.ZS,PG,2004,33.3743739044078
DT.ODA.ODAT.GI.ZS,PG,2003,31.6307103113618
DT.ODA.ODAT.GI.ZS,PG,2002,32.0299102131747
DT.ODA.ODAT.GI.ZS,PG,2001,29.1238165420007
DT.ODA.ODAT.GI.ZS,PG,2000,35.670354340157
DT.ODA.ODAT.GI.ZS,PG,1999,37.3216601666675
DT.ODA.ODAT.GI.ZS,PG,1998,52.8763947302043
DT.ODA.ODAT.GI.ZS,PG,1997,32.5819803955335
DT.ODA.ODAT.GI.ZS,PG,1996,32.340040438246
DT.ODA.ODAT.GI.ZS,PG,1995,35.2291167009405
DT.ODA.ODAT.GI.ZS,KP,2019,None
DT.ODA.ODAT.GI.ZS,KP,2018,None
DT.ODA.ODAT.GI.ZS,KP,2017,None
DT.ODA.ODAT.GI.ZS,KP,2016,None
DT.ODA.ODAT.GI.ZS,KP,2015,None
DT.ODA.ODAT.GI.ZS,KP,2014,None
DT.ODA.ODAT.GI.ZS,KP,2013,None
DT.ODA.ODAT.GI.ZS,KP,2012,None
DT.ODA.ODAT.GI.ZS,KP,2011,None
DT.ODA.ODAT.GI.ZS,KP,2010,None
DT.ODA.ODAT.GI.ZS,KP,2009,None
DT.ODA.ODAT.GI.ZS,KP,2008,None
DT.ODA.ODAT.GI.ZS,KP,2007,None
DT.ODA.ODAT.GI.ZS,KP,2006,None
DT.ODA.ODAT.GI.ZS,KP,2005,None
DT.ODA.ODAT.GI.ZS,KP,2004,None
DT.ODA.ODAT.GI.ZS,KP,2003,None
DT.ODA.ODAT.GI.ZS,KP,2002,None
DT.ODA.ODAT.GI.ZS,KP,2001,None
DT.ODA.ODAT.GI.ZS,KP,2000,None
DT.ODA.ODAT.GI.ZS,KP,1999,None
DT.ODA.ODAT.GI.ZS,KP,1998,None
DT.ODA.ODAT.GI.ZS,KP,1997,None
DT.ODA.ODAT.GI.ZS,KP,1996,None
DT.ODA.ODAT.GI.ZS,KP,1995,None
DT.ODA.ODAT.GI.ZS,PS,2019,49.9936838183253
DT.ODA.ODAT.GI.ZS,PS,2018,49.8015421494762
DT.ODA.ODAT.GI.ZS,PS,2017,48.2848710706476
DT.ODA.ODAT.GI.ZS,PS,2016,61.7345683394437
DT.ODA.ODAT.GI.ZS,PS,2015,53.4093102338535
DT.ODA.ODAT.GI.ZS,PS,2014,78.9364497855326
DT.ODA.ODAT.GI.ZS,PS,2013,84.8438340546753
DT.ODA.ODAT.GI.ZS,PS,2012,84.3430723391188
DT.ODA.ODAT.GI.ZS,PS,2011,130.633114617147
DT.ODA.ODAT.GI.ZS,PS,2010,130.76034653103
DT.ODA.ODAT.GI.ZS,PS,2009,172.570447095337
DT.ODA.ODAT.GI.ZS,PS,2008,180.048114157373
DT.ODA.ODAT.GI.ZS,PS,2007,142.510580575281
DT.ODA.ODAT.GI.ZS,PS,2006,117.760367067786
DT.ODA.ODAT.GI.ZS,PS,2005,81.8263128955659
DT.ODA.ODAT.GI.ZS,PS,2004,100.811112967461
DT.ODA.ODAT.GI.ZS,PS,2003,91.1496033088635
DT.ODA.ODAT.GI.ZS,PS,2002,104.418053234988
DT.ODA.ODAT.GI.ZS,PS,2001,84.2416844161011
DT.ODA.ODAT.GI.ZS,PS,2000,50.3716241077342
DT.ODA.ODAT.GI.ZS,PS,1999,31.7015228413132
DT.ODA.ODAT.GI.ZS,PS,1998,43.689466323673
DT.ODA.ODAT.GI.ZS,PS,1997,46.529793495019
DT.ODA.ODAT.GI.ZS,PS,1996,44.4345216493349
DT.ODA.ODAT.GI.ZS,PS,1995,41.1485501321885
DT.ODA.ODAT.GI.ZS,RW,2019,41.7648279008562
DT.ODA.ODAT.GI.ZS,RW,2018,52.0453838432575
DT.ODA.ODAT.GI.ZS,RW,2017,55.8320998033226
DT.ODA.ODAT.GI.ZS,RW,2016,51.0930835855052
DT.ODA.ODAT.GI.ZS,RW,2015,52.5867672798596
DT.ODA.ODAT.GI.ZS,RW,2014,54.0815634163302
DT.ODA.ODAT.GI.ZS,RW,2013,56.8587129624275
DT.ODA.ODAT.GI.ZS,RW,2012,49.2545582658619
DT.ODA.ODAT.GI.ZS,RW,2011,87.7812383637212
DT.ODA.ODAT.GI.ZS,RW,2010,82.1499144377489
DT.ODA.ODAT.GI.ZS,RW,2009,68.7654636482965
DT.ODA.ODAT.GI.ZS,RW,2008,71.9340453233808
DT.ODA.ODAT.GI.ZS,RW,2007,90.5851093713171
DT.ODA.ODAT.GI.ZS,RW,2006,121.368891254422
DT.ODA.ODAT.GI.ZS,RW,2005,128.875430533115
DT.ODA.ODAT.GI.ZS,RW,2004,143.945342123449
DT.ODA.ODAT.GI.ZS,RW,2003,119.310789131596
DT.ODA.ODAT.GI.ZS,RW,2002,144.976990591794
DT.ODA.ODAT.GI.ZS,RW,2001,121.176836909464
DT.ODA.ODAT.GI.ZS,RW,2000,126.417075829088
DT.ODA.ODAT.GI.ZS,RW,1999,144.471983139394
DT.ODA.ODAT.GI.ZS,RW,1998,118.859274108419
DT.ODA.ODAT.GI.ZS,RW,1997,89.8449342281389
DT.ODA.ODAT.GI.ZS,RW,1996,234.239139251587
DT.ODA.ODAT.GI.ZS,RW,1995,400.514606623518
DT.ODA.ODAT.GI.ZS,SD,2019,33.1915640046907
DT.ODA.ODAT.GI.ZS,SD,2018,29.9560247218028
DT.ODA.ODAT.GI.ZS,SD,2017,19.3988232091184
DT.ODA.ODAT.GI.ZS,SD,2016,20.3947596304851
DT.ODA.ODAT.GI.ZS,SD,2015,14.6364680496809
DT.ODA.ODAT.GI.ZS,SD,2014,11.7436997322505
DT.ODA.ODAT.GI.ZS,SD,2013,20.3748304413989
DT.ODA.ODAT.GI.ZS,SD,2012,18.4450093390534
DT.ODA.ODAT.GI.ZS,SD,2011,13.6139276379173
DT.ODA.ODAT.GI.ZS,SD,2010,16.8433627557317
DT.ODA.ODAT.GI.ZS,SD,2009,20.3134674393129
DT.ODA.ODAT.GI.ZS,SD,2008,19.1612260053434
DT.ODA.ODAT.GI.ZS,SD,2007,16.7445087771491
DT.ODA.ODAT.GI.ZS,SD,2006,19.7715967025166
DT.ODA.ODAT.GI.ZS,SD,2005,24.4750147827472
DT.ODA.ODAT.GI.ZS,SD,2004,15.8081025170873
DT.ODA.ODAT.GI.ZS,SD,2003,13.1567931882979
DT.ODA.ODAT.GI.ZS,SD,2002,7.79569664289766
DT.ODA.ODAT.GI.ZS,SD,2001,5.9583586434557
DT.ODA.ODAT.GI.ZS,SD,2000,7.38510339386288
DT.ODA.ODAT.GI.ZS,SD,1999,22.2947455863067
DT.ODA.ODAT.GI.ZS,SD,1998,18.358231782893
DT.ODA.ODAT.GI.ZS,SD,1997,13.2533695096602
DT.ODA.ODAT.GI.ZS,SD,1996,20.1421884014759
DT.ODA.ODAT.GI.ZS,SD,1995,30.992563947315
DT.ODA.ODAT.GI.ZS,SN,2019,19.2227440498787
DT.ODA.ODAT.GI.ZS,SN,2018,13.2370902205908
DT.ODA.ODAT.GI.ZS,SN,2017,14.5066192053458
DT.ODA.ODAT.GI.ZS,SN,2016,15.1412050478673
DT.ODA.ODAT.GI.ZS,SN,2015,18.9337092823557
DT.ODA.ODAT.GI.ZS,SN,2014,21.6383338324882
DT.ODA.ODAT.GI.ZS,SN,2013,21.8408276455033
DT.ODA.ODAT.GI.ZS,SN,2012,24.7369992108285
DT.ODA.ODAT.GI.ZS,SN,2011,28.1898696500694
DT.ODA.ODAT.GI.ZS,SN,2010,28.9165849565965
DT.ODA.ODAT.GI.ZS,SN,2009,26.8662486381605
DT.ODA.ODAT.GI.ZS,SN,2008,21.092488490384
DT.ODA.ODAT.GI.ZS,SN,2007,21.2660991428519
DT.ODA.ODAT.GI.ZS,SN,2006,33.1525515086423
DT.ODA.ODAT.GI.ZS,SN,2005,25.9256437418636
DT.ODA.ODAT.GI.ZS,SN,2004,44.7755746240907
DT.ODA.ODAT.GI.ZS,SN,2003,21.8433679402418
DT.ODA.ODAT.GI.ZS,SN,2002,27.4943956767662
DT.ODA.ODAT.GI.ZS,SN,2001,25.4545382578808
DT.ODA.ODAT.GI.ZS,SN,2000,32.1219062960884
DT.ODA.ODAT.GI.ZS,SN,1999,36.9355488330322
DT.ODA.ODAT.GI.ZS,SN,1998,41.1718175131688
DT.ODA.ODAT.GI.ZS,SN,1997,44.3393201697078
DT.ODA.ODAT.GI.ZS,SN,1996,53.3758454253905
DT.ODA.ODAT.GI.ZS,SN,1995,67.3973604583628
DT.ODA.ODAT.GI.ZS,SB,2019,60.9269950764558
DT.ODA.ODAT.GI.ZS,SB,2018,63.2526074097981
DT.ODA.ODAT.GI.ZS,SB,2017,64.9752307026361
DT.ODA.ODAT.GI.ZS,SB,2016,73.8942020183292
DT.ODA.ODAT.GI.ZS,SB,2015,91.1200982072286
DT.ODA.ODAT.GI.ZS,SB,2014,118.806572213277
DT.ODA.ODAT.GI.ZS,SB,2013,153.884802515733
DT.ODA.ODAT.GI.ZS,SB,2012,176.102368374213
DT.ODA.ODAT.GI.ZS,SB,2011,205.193778724884
DT.ODA.ODAT.GI.ZS,SB,2010,206.529907445704
DT.ODA.ODAT.GI.ZS,SB,2009,199.930019056908
DT.ODA.ODAT.GI.ZS,SB,2008,216.454480160829
DT.ODA.ODAT.GI.ZS,SB,2007,261.496398663076
DT.ODA.ODAT.GI.ZS,SB,2006,277.807813414584
DT.ODA.ODAT.GI.ZS,SB,2005,282.40969260824
DT.ODA.ODAT.GI.ZS,SB,2004,261.855781513942
DT.ODA.ODAT.GI.ZS,SB,2003,164.134061161952
DT.ODA.ODAT.GI.ZS,SB,2002,127.109966201124
DT.ODA.ODAT.GI.ZS,SB,2001,182.661493515037
DT.ODA.ODAT.GI.ZS,SB,2000,213.485329940389
DT.ODA.ODAT.GI.ZS,SB,1999,118.935183106452
DT.ODA.ODAT.GI.ZS,SB,1998,86.7119665588343
DT.ODA.ODAT.GI.ZS,SB,1997,120.411635335629
DT.ODA.ODAT.GI.ZS,SB,1996,146.597888942308
DT.ODA.ODAT.GI.ZS,SB,1995,193.933575281416
DT.ODA.ODAT.GI.ZS,SL,2019,110.836585240611
DT.ODA.ODAT.GI.ZS,SL,2018,83.8869048587084
DT.ODA.ODAT.GI.ZS,SL,2017,78.2458355638505
DT.ODA.ODAT.GI.ZS,SL,2016,93.7491401396509
DT.ODA.ODAT.GI.ZS,SL,2015,144.549951665188
DT.ODA.ODAT.GI.ZS,SL,2014,133.137444336607
DT.ODA.ODAT.GI.ZS,SL,2013,66.3206853466567
DT.ODA.ODAT.GI.ZS,SL,2012,41.5217708768681
DT.ODA.ODAT.GI.ZS,SL,2011,34.3575498700187
DT.ODA.ODAT.GI.ZS,SL,2010,57.1813745787626
DT.ODA.ODAT.GI.ZS,SL,2009,171.018428814461
DT.ODA.ODAT.GI.ZS,SL,2008,144.878565351081
DT.ODA.ODAT.GI.ZS,SL,2007,252.291079196376
DT.ODA.ODAT.GI.ZS,SL,2006,198.812709918848
DT.ODA.ODAT.GI.ZS,SL,2005,183.138431020488
DT.ODA.ODAT.GI.ZS,SL,2004,252.216802707368
DT.ODA.ODAT.GI.ZS,SL,2003,217.271425344162
DT.ODA.ODAT.GI.ZS,SL,2002,262.559130174736
DT.ODA.ODAT.GI.ZS,SL,2001,283.202428627899
DT.ODA.ODAT.GI.ZS,SL,2000,2590.06882820288
DT.ODA.ODAT.GI.ZS,SL,1999,3760.91806775741
DT.ODA.ODAT.GI.ZS,SL,1998,298.181780264417
DT.ODA.ODAT.GI.ZS,SL,1997,-572.521462590627
DT.ODA.ODAT.GI.ZS,SL,1996,175.617017560696
DT.ODA.ODAT.GI.ZS,SL,1995,437.433643208346
DT.ODA.ODAT.GI.ZS,SO,2019,None
DT.ODA.ODAT.GI.ZS,SO,2018,None
DT.ODA.ODAT.GI.ZS,SO,2017,None
DT.ODA.ODAT.GI.ZS,SO,2016,None
DT.ODA.ODAT.GI.ZS,SO,2015,None
DT.ODA.ODAT.GI.ZS,SO,2014,None
DT.ODA.ODAT.GI.ZS,SO,2013,None
DT.ODA.ODAT.GI.ZS,SO,2012,None
DT.ODA.ODAT.GI.ZS,SO,2011,None
DT.ODA.ODAT.GI.ZS,SO,2010,None
DT.ODA.ODAT.GI.ZS,SO,2009,None
DT.ODA.ODAT.GI.ZS,SO,2008,None
DT.ODA.ODAT.GI.ZS,SO,2007,None
DT.ODA.ODAT.GI.ZS,SO,2006,None
DT.ODA.ODAT.GI.ZS,SO,2005,None
DT.ODA.ODAT.GI.ZS,SO,2004,None
DT.ODA.ODAT.GI.ZS,SO,2003,None
DT.ODA.ODAT.GI.ZS,SO,2002,None
DT.ODA.ODAT.GI.ZS,SO,2001,None
DT.ODA.ODAT.GI.ZS,SO,2000,None
DT.ODA.ODAT.GI.ZS,SO,1999,None
DT.ODA.ODAT.GI.ZS,SO,1998,None
DT.ODA.ODAT.GI.ZS,SO,1997,None
DT.ODA.ODAT.GI.ZS,SO,1996,None
DT.ODA.ODAT.GI.ZS,SO,1995,None
DT.ODA.ODAT.GI.ZS,SS,2019,None
DT.ODA.ODAT.GI.ZS,SS,2018,None
DT.ODA.ODAT.GI.ZS,SS,2017,None
DT.ODA.ODAT.GI.ZS,SS,2016,None
DT.ODA.ODAT.GI.ZS,SS,2015,242.74154130873
DT.ODA.ODAT.GI.ZS,SS,2014,175.963250520206
DT.ODA.ODAT.GI.ZS,SS,2013,66.8025904542483
DT.ODA.ODAT.GI.ZS,SS,2012,140.54172503284
DT.ODA.ODAT.GI.ZS,SS,2011,30.8111290396661
DT.ODA.ODAT.GI.ZS,SS,2010,None
DT.ODA.ODAT.GI.ZS,SS,2009,None
DT.ODA.ODAT.GI.ZS,SS,2008,None
DT.ODA.ODAT.GI.ZS,SS,2007,None
DT.ODA.ODAT.GI.ZS,SS,2006,None
DT.ODA.ODAT.GI.ZS,SS,2005,None
DT.ODA.ODAT.GI.ZS,SS,2004,None
DT.ODA.ODAT.GI.ZS,SS,2003,None
DT.ODA.ODAT.GI.ZS,SS,2002,None
DT.ODA.ODAT.GI.ZS,SS,2001,None
DT.ODA.ODAT.GI.ZS,SS,2000,None
DT.ODA.ODAT.GI.ZS,SS,1999,None
DT.ODA.ODAT.GI.ZS,SS,1998,None
DT.ODA.ODAT.GI.ZS,SS,1997,None
DT.ODA.ODAT.GI.ZS,SS,1996,None
DT.ODA.ODAT.GI.ZS,SS,1995,None
DT.ODA.ODAT.GI.ZS,ST,2019,None
DT.ODA.ODAT.GI.ZS,ST,2018,None
DT.ODA.ODAT.GI.ZS,ST,2017,None
DT.ODA.ODAT.GI.ZS,ST,2016,None
DT.ODA.ODAT.GI.ZS,ST,2015,None
DT.ODA.ODAT.GI.ZS,ST,2014,None
DT.ODA.ODAT.GI.ZS,ST,2013,None
DT.ODA.ODAT.GI.ZS,ST,2012,None
DT.ODA.ODAT.GI.ZS,ST,2011,None
DT.ODA.ODAT.GI.ZS,ST,2010,None
DT.ODA.ODAT.GI.ZS,ST,2009,None
DT.ODA.ODAT.GI.ZS,ST,2008,None
DT.ODA.ODAT.GI.ZS,ST,2007,None
DT.ODA.ODAT.GI.ZS,ST,2006,None
DT.ODA.ODAT.GI.ZS,ST,2005,None
DT.ODA.ODAT.GI.ZS,ST,2004,None
DT.ODA.ODAT.GI.ZS,ST,2003,None
DT.ODA.ODAT.GI.ZS,ST,2002,None
DT.ODA.ODAT.GI.ZS,ST,2001,None
DT.ODA.ODAT.GI.ZS,ST,2000,None
DT.ODA.ODAT.GI.ZS,ST,1999,None
DT.ODA.ODAT.GI.ZS,ST,1998,None
DT.ODA.ODAT.GI.ZS,ST,1997,None
DT.ODA.ODAT.GI.ZS,ST,1996,None
DT.ODA.ODAT.GI.ZS,ST,1995,None
DT.ODA.ODAT.GI.ZS,SZ,2019,11.5625081345012
DT.ODA.ODAT.GI.ZS,SZ,2018,19.6252765681725
DT.ODA.ODAT.GI.ZS,SZ,2017,26.1288019410308
DT.ODA.ODAT.GI.ZS,SZ,2016,30.132134632069
DT.ODA.ODAT.GI.ZS,SZ,2015,18.2162543844862
DT.ODA.ODAT.GI.ZS,SZ,2014,15.5041643101686
DT.ODA.ODAT.GI.ZS,SZ,2013,20.9634960925502
DT.ODA.ODAT.GI.ZS,SZ,2012,15.5102189891533
DT.ODA.ODAT.GI.ZS,SZ,2011,19.9615994743837
DT.ODA.ODAT.GI.ZS,SZ,2010,14.17833446454
DT.ODA.ODAT.GI.ZS,SZ,2009,10.172555915632
DT.ODA.ODAT.GI.ZS,SZ,2008,13.5872583421478
DT.ODA.ODAT.GI.ZS,SZ,2007,9.15064586091199
DT.ODA.ODAT.GI.ZS,SZ,2006,6.41454065950581
DT.ODA.ODAT.GI.ZS,SZ,2005,8.4702990265756
DT.ODA.ODAT.GI.ZS,SZ,2004,4.08497428219558
DT.ODA.ODAT.GI.ZS,SZ,2003,8.06581032784814
DT.ODA.ODAT.GI.ZS,SZ,2002,7.22625869783182
DT.ODA.ODAT.GI.ZS,SZ,2001,7.97654838152374
DT.ODA.ODAT.GI.ZS,SZ,2000,3.2091430499381
DT.ODA.ODAT.GI.ZS,SZ,1999,11.2923375987202
DT.ODA.ODAT.GI.ZS,SZ,1998,11.6049479751834
DT.ODA.ODAT.GI.ZS,SZ,1997,9.62191202209377
DT.ODA.ODAT.GI.ZS,SZ,1996,12.1067928758911
DT.ODA.ODAT.GI.ZS,SZ,1995,21.2137086034029
DT.ODA.ODAT.GI.ZS,SY,2019,None
DT.ODA.ODAT.GI.ZS,SY,2018,None
DT.ODA.ODAT.GI.ZS,SY,2017,None
DT.ODA.ODAT.GI.ZS,SY,2016,None
DT.ODA.ODAT.GI.ZS,SY,2015,None
DT.ODA.ODAT.GI.ZS,SY,2014,None
DT.ODA.ODAT.GI.ZS,SY,2013,None
DT.ODA.ODAT.GI.ZS,SY,2012,None
DT.ODA.ODAT.GI.ZS,SY,2011,None
DT.ODA.ODAT.GI.ZS,SY,2010,None
DT.ODA.ODAT.GI.ZS,SY,2009,None
DT.ODA.ODAT.GI.ZS,SY,2008,None
DT.ODA.ODAT.GI.ZS,SY,2007,None
DT.ODA.ODAT.GI.ZS,SY,2006,None
DT.ODA.ODAT.GI.ZS,SY,2005,None
DT.ODA.ODAT.GI.ZS,SY,2004,None
DT.ODA.ODAT.GI.ZS,SY,2003,None
DT.ODA.ODAT.GI.ZS,SY,2002,None
DT.ODA.ODAT.GI.ZS,SY,2001,None
DT.ODA.ODAT.GI.ZS,SY,2000,None
DT.ODA.ODAT.GI.ZS,SY,1999,None
DT.ODA.ODAT.GI.ZS,SY,1998,None
DT.ODA.ODAT.GI.ZS,SY,1997,None
DT.ODA.ODAT.GI.ZS,SY,1996,None
DT.ODA.ODAT.GI.ZS,SY,1995,None
DT.ODA.ODAT.GI.ZS,TD,2019,26.4936331362613
DT.ODA.ODAT.GI.ZS,TD,2018,37.3208658193847
DT.ODA.ODAT.GI.ZS,TD,2017,30.4771653561164
DT.ODA.ODAT.GI.ZS,TD,2016,25.3533289868443
DT.ODA.ODAT.GI.ZS,TD,2015,19.4606617865589
DT.ODA.ODAT.GI.ZS,TD,2014,8.32766223970344
DT.ODA.ODAT.GI.ZS,TD,2013,12.1222232945597
DT.ODA.ODAT.GI.ZS,TD,2012,12.3529668957615
DT.ODA.ODAT.GI.ZS,TD,2011,13.2053524532033
DT.ODA.ODAT.GI.ZS,TD,2010,13.3258607951841
DT.ODA.ODAT.GI.ZS,TD,2009,19.7156130878571
DT.ODA.ODAT.GI.ZS,TD,2008,20.709569833119
DT.ODA.ODAT.GI.ZS,TD,2007,17.7490975096726
DT.ODA.ODAT.GI.ZS,TD,2006,17.6345051091703
DT.ODA.ODAT.GI.ZS,TD,2005,28.0701649081256
DT.ODA.ODAT.GI.ZS,TD,2004,30.918755342675
DT.ODA.ODAT.GI.ZS,TD,2003,17.6265613655675
DT.ODA.ODAT.GI.ZS,TD,2002,19.0831400738972
DT.ODA.ODAT.GI.ZS,TD,2001,27.3880743401374
DT.ODA.ODAT.GI.ZS,TD,2000,40.6393490420824
DT.ODA.ODAT.GI.ZS,TD,1999,89.4394314108724
DT.ODA.ODAT.GI.ZS,TD,1998,59.0386722685157
DT.ODA.ODAT.GI.ZS,TD,1997,75.7394180499704
DT.ODA.ODAT.GI.ZS,TD,1996,90.8722190801161
DT.ODA.ODAT.GI.ZS,TD,1995,123.206579801351
DT.ODA.ODAT.GI.ZS,TG,2019,31.0391679350801
DT.ODA.ODAT.GI.ZS,TG,2018,25.0305524132144
DT.ODA.ODAT.GI.ZS,TG,2017,32.0754180966336
DT.ODA.ODAT.GI.ZS,TG,2016,13.748365285534
DT.ODA.ODAT.GI.ZS,TG,2015,13.7611582811246
DT.ODA.ODAT.GI.ZS,TG,2014,14.7446377864127
DT.ODA.ODAT.GI.ZS,TG,2013,16.9949775772531
DT.ODA.ODAT.GI.ZS,TG,2012,25.5826190942522
DT.ODA.ODAT.GI.ZS,TG,2011,50.2528080041876
DT.ODA.ODAT.GI.ZS,TG,2010,53.6518136129534
DT.ODA.ODAT.GI.ZS,TG,2009,71.2316045348606
DT.ODA.ODAT.GI.ZS,TG,2008,36.1179132926295
DT.ODA.ODAT.GI.ZS,TG,2007,17.3429501835079
DT.ODA.ODAT.GI.ZS,TG,2006,12.636056262282
DT.ODA.ODAT.GI.ZS,TG,2005,10.2105256346232
DT.ODA.ODAT.GI.ZS,TG,2004,5.73806186314412
DT.ODA.ODAT.GI.ZS,TG,2003,5.2231585889494
DT.ODA.ODAT.GI.ZS,TG,2002,6.9170724973675
DT.ODA.ODAT.GI.ZS,TG,2001,7.50864645527282
DT.ODA.ODAT.GI.ZS,TG,2000,11.2041327558144
DT.ODA.ODAT.GI.ZS,TG,1999,15.7477936075704
DT.ODA.ODAT.GI.ZS,TG,1998,27.3327749723716
DT.ODA.ODAT.GI.ZS,TG,1997,22.5702245907295
DT.ODA.ODAT.GI.ZS,TG,1996,27.4427676035267
DT.ODA.ODAT.GI.ZS,TG,1995,27.429836673767
DT.ODA.ODAT.GI.ZS,TJ,2019,12.311974113571
DT.ODA.ODAT.GI.ZS,TJ,2018,13.9536610524905
DT.ODA.ODAT.GI.ZS,TJ,2017,14.5499320600749
DT.ODA.ODAT.GI.ZS,TJ,2016,12.6956551971431
DT.ODA.ODAT.GI.ZS,TJ,2015,11.6936283211964
DT.ODA.ODAT.GI.ZS,TJ,2014,14.75248389111
DT.ODA.ODAT.GI.ZS,TJ,2013,18.5610512139423
DT.ODA.ODAT.GI.ZS,TJ,2012,22.1975550484896
DT.ODA.ODAT.GI.ZS,TJ,2011,14.8079483617271
DT.ODA.ODAT.GI.ZS,TJ,2010,28.834127689872
DT.ODA.ODAT.GI.ZS,TJ,2009,20.3510099482851
DT.ODA.ODAT.GI.ZS,TJ,2008,15.0292933062398
DT.ODA.ODAT.GI.ZS,TJ,2007,17.214052279961
DT.ODA.ODAT.GI.ZS,TJ,2006,45.7661020078663
DT.ODA.ODAT.GI.ZS,TJ,2005,84.0478027844161
DT.ODA.ODAT.GI.ZS,TJ,2004,93.6211604691402
DT.ODA.ODAT.GI.ZS,TJ,2003,93.803827281008
DT.ODA.ODAT.GI.ZS,TJ,2002,136.286826636206
DT.ODA.ODAT.GI.ZS,TJ,2001,91.8554774694303
DT.ODA.ODAT.GI.ZS,TJ,2000,137.968166189159
DT.ODA.ODAT.GI.ZS,TJ,1999,59.793789792779
DT.ODA.ODAT.GI.ZS,TJ,1998,78.8642461380907
DT.ODA.ODAT.GI.ZS,TJ,1997,47.3664498884943
DT.ODA.ODAT.GI.ZS,TJ,1996,44.2761260034967
DT.ODA.ODAT.GI.ZS,TJ,1995,18.4326937546631
DT.ODA.ODAT.GI.ZS,TL,2019,42.2414915999299
DT.ODA.ODAT.GI.ZS,TL,2018,37.1492347143792
DT.ODA.ODAT.GI.ZS,TL,2017,41.0721114623461
DT.ODA.ODAT.GI.ZS,TL,2016,34.2203387443754
DT.ODA.ODAT.GI.ZS,TL,2015,36.1284465594811
DT.ODA.ODAT.GI.ZS,TL,2014,39.9536377178318
DT.ODA.ODAT.GI.ZS,TL,2013,44.3320577371533
DT.ODA.ODAT.GI.ZS,TL,2012,40.7136244580926
DT.ODA.ODAT.GI.ZS,TL,2011,37.6016344983544
DT.ODA.ODAT.GI.ZS,TL,2010,76.9644480291663
DT.ODA.ODAT.GI.ZS,TL,2009,58.7227764474595
DT.ODA.ODAT.GI.ZS,TL,2008,131.208304226957
DT.ODA.ODAT.GI.ZS,TL,2007,273.143016798704
DT.ODA.ODAT.GI.ZS,TL,2006,379.718106220209
DT.ODA.ODAT.GI.ZS,TL,2005,252.918654384482
DT.ODA.ODAT.GI.ZS,TL,2004,214.012205083737
DT.ODA.ODAT.GI.ZS,TL,2003,160.015723448156
DT.ODA.ODAT.GI.ZS,TL,2002,167.18502780191
DT.ODA.ODAT.GI.ZS,TL,2001,134.643453957198
DT.ODA.ODAT.GI.ZS,TL,2000,187.972281076922
DT.ODA.ODAT.GI.ZS,TL,1999,None
DT.ODA.ODAT.GI.ZS,TL,1998,None
DT.ODA.ODAT.GI.ZS,TL,1997,None
DT.ODA.ODAT.GI.ZS,TL,1996,None
DT.ODA.ODAT.GI.ZS,TL,1995,None
DT.ODA.ODAT.GI.ZS,TN,2019,11.7980547253649
DT.ODA.ODAT.GI.ZS,TN,2018,8.23068456298631
DT.ODA.ODAT.GI.ZS,TN,2017,9.04256337179105
DT.ODA.ODAT.GI.ZS,TN,2016,7.12139210353952
DT.ODA.ODAT.GI.ZS,TN,2015,4.98261446858562
DT.ODA.ODAT.GI.ZS,TN,2014,7.69097888882459
DT.ODA.ODAT.GI.ZS,TN,2013,6.15016866881924
DT.ODA.ODAT.GI.ZS,TN,2012,8.27845505154727
DT.ODA.ODAT.GI.ZS,TN,2011,7.67905124658917
DT.ODA.ODAT.GI.ZS,TN,2010,4.60842056586807
DT.ODA.ODAT.GI.ZS,TN,2009,4.71756341863394
DT.ODA.ODAT.GI.ZS,TN,2008,3.32645234534107
DT.ODA.ODAT.GI.ZS,TN,2007,3.56564513176482
DT.ODA.ODAT.GI.ZS,TN,2006,5.41919810033862
DT.ODA.ODAT.GI.ZS,TN,2005,5.26482752185541
DT.ODA.ODAT.GI.ZS,TN,2004,4.59221319400549
DT.ODA.ODAT.GI.ZS,TN,2003,4.71126932875653
DT.ODA.ODAT.GI.ZS,TN,2002,3.94441903739463
DT.ODA.ODAT.GI.ZS,TN,2001,6.33961588998004
DT.ODA.ODAT.GI.ZS,TN,2000,4.00691330990056
DT.ODA.ODAT.GI.ZS,TN,1999,4.48653841539307
DT.ODA.ODAT.GI.ZS,TN,1998,2.77875197848873
DT.ODA.ODAT.GI.ZS,TN,1997,3.84723632963247
DT.ODA.ODAT.GI.ZS,TN,1996,2.58925059704188
DT.ODA.ODAT.GI.ZS,TN,1995,1.69273540261617
DT.ODA.ODAT.GI.ZS,TZ,2019,8.76898968745451
DT.ODA.ODAT.GI.ZS,TZ,2018,11.2232210307605
DT.ODA.ODAT.GI.ZS,TZ,2017,15.0006113517471
DT.ODA.ODAT.GI.ZS,TZ,2016,14.4734151230788
DT.ODA.ODAT.GI.ZS,TZ,2015,16.6409991737886
DT.ODA.ODAT.GI.ZS,TZ,2014,14.0820427911923
DT.ODA.ODAT.GI.ZS,TZ,2013,20.0716705509252
DT.ODA.ODAT.GI.ZS,TZ,2012,20.4269325975189
DT.ODA.ODAT.GI.ZS,TZ,2011,20.2834812339765
DT.ODA.ODAT.GI.ZS,TZ,2010,28.8820708485945
DT.ODA.ODAT.GI.ZS,TZ,2009,22.7747074899676
DT.ODA.ODAT.GI.ZS,TZ,2008,18.225427000517
DT.ODA.ODAT.GI.ZS,TZ,2007,32.4230582683102
DT.ODA.ODAT.GI.ZS,TZ,2006,33.4317486258174
DT.ODA.ODAT.GI.ZS,TZ,2005,29.6145669985285
DT.ODA.ODAT.GI.ZS,TZ,2004,43.4445105492643
DT.ODA.ODAT.GI.ZS,TZ,2003,54.8486655597676
DT.ODA.ODAT.GI.ZS,TZ,2002,49.3167507091128
DT.ODA.ODAT.GI.ZS,TZ,2001,51.3143968024155
DT.ODA.ODAT.GI.ZS,TZ,2000,45.5765087783344
DT.ODA.ODAT.GI.ZS,TZ,1999,42.8573088368613
DT.ODA.ODAT.GI.ZS,TZ,1998,39.1148514744807
DT.ODA.ODAT.GI.ZS,TZ,1997,82.441400319434
DT.ODA.ODAT.GI.ZS,TZ,1996,80.2369928981962
DT.ODA.ODAT.GI.ZS,TZ,1995,83.7549762949733
DT.ODA.ODAT.GI.ZS,UG,2019,22.4903197244886
DT.ODA.ODAT.GI.ZS,UG,2018,24.2874386424173
DT.ODA.ODAT.GI.ZS,UG,2017,26.5850181291832
DT.ODA.ODAT.GI.ZS,UG,2016,23.7474262818995
DT.ODA.ODAT.GI.ZS,UG,2015,21.1990521572521
DT.ODA.ODAT.GI.ZS,UG,2014,18.6545216724998
DT.ODA.ODAT.GI.ZS,UG,2013,18.3557933419291
DT.ODA.ODAT.GI.ZS,UG,2012,22.9787205018523
DT.ODA.ODAT.GI.ZS,UG,2011,21.0929904204167
DT.ODA.ODAT.GI.ZS,UG,2010,23.3781940047438
DT.ODA.ODAT.GI.ZS,UG,2009,20.7998575093047
DT.ODA.ODAT.GI.ZS,UG,2008,44.0926237047199
DT.ODA.ODAT.GI.ZS,UG,2007,51.8963647902868
DT.ODA.ODAT.GI.ZS,UG,2006,75.379192783454
DT.ODA.ODAT.GI.ZS,UG,2005,57.8728545641507
DT.ODA.ODAT.GI.ZS,UG,2004,76.4155727039926
DT.ODA.ODAT.GI.ZS,UG,2003,72.3969637872347
DT.ODA.ODAT.GI.ZS,UG,2002,58.6784723411808
DT.ODA.ODAT.GI.ZS,UG,2001,73.5307733977846
DT.ODA.ODAT.GI.ZS,UG,2000,70.9325721181626
DT.ODA.ODAT.GI.ZS,UG,1999,51.8203650525018
DT.ODA.ODAT.GI.ZS,UG,1998,60.765589811364
DT.ODA.ODAT.GI.ZS,UG,1997,71.3747782184821
DT.ODA.ODAT.GI.ZS,UG,1996,55.3472753872841
DT.ODA.ODAT.GI.ZS,UG,1995,116.733487667764
DT.ODA.ODAT.GI.ZS,UZ,2019,4.5735766016076
DT.ODA.ODAT.GI.ZS,UZ,2018,5.37914572590615
DT.ODA.ODAT.GI.ZS,UZ,2017,3.53346078945957
DT.ODA.ODAT.GI.ZS,UZ,2016,2.30321170007933
DT.ODA.ODAT.GI.ZS,UZ,2015,1.98617392714021
DT.ODA.ODAT.GI.ZS,UZ,2014,1.43635788462743
DT.ODA.ODAT.GI.ZS,UZ,2013,1.46804546491347
DT.ODA.ODAT.GI.ZS,UZ,2012,1.26040621321024
DT.ODA.ODAT.GI.ZS,UZ,2011,0.894568258019401
DT.ODA.ODAT.GI.ZS,UZ,2010,1.46494590756432
DT.ODA.ODAT.GI.ZS,UZ,2009,1.42221711008319
DT.ODA.ODAT.GI.ZS,UZ,2008,1.7591394320168
DT.ODA.ODAT.GI.ZS,UZ,2007,2.41216757037724
DT.ODA.ODAT.GI.ZS,UZ,2006,2.9154229659633
DT.ODA.ODAT.GI.ZS,UZ,2005,4.22031130177278
DT.ODA.ODAT.GI.ZS,UZ,2004,8.24976734857984
DT.ODA.ODAT.GI.ZS,UZ,2003,9.11304914007504
DT.ODA.ODAT.GI.ZS,UZ,2002,8.93071611315033
DT.ODA.ODAT.GI.ZS,UZ,2001,6.21981353735394
DT.ODA.ODAT.GI.ZS,UZ,2000,6.86821348752506
DT.ODA.ODAT.GI.ZS,UZ,1999,5.35015713940353
DT.ODA.ODAT.GI.ZS,UZ,1998,5.04470433252716
DT.ODA.ODAT.GI.ZS,UZ,1997,5.01966271618577
DT.ODA.ODAT.GI.ZS,UZ,1996,2.73325864811495
DT.ODA.ODAT.GI.ZS,UZ,1995,2.59131650474305
DT.ODA.ODAT.GI.ZS,VN,2019,1.01752664398822
DT.ODA.ODAT.GI.ZS,VN,2018,1.65651579825532
DT.ODA.ODAT.GI.ZS,VN,2017,2.64873319655551
DT.ODA.ODAT.GI.ZS,VN,2016,3.56299685977877
DT.ODA.ODAT.GI.ZS,VN,2015,4.12295713758494
DT.ODA.ODAT.GI.ZS,VN,2014,5.96182928749335
DT.ODA.ODAT.GI.ZS,VN,2013,6.32762833367515
DT.ODA.ODAT.GI.ZS,VN,2012,6.88176878927077
DT.ODA.ODAT.GI.ZS,VN,2011,5.96373884472962
DT.ODA.ODAT.GI.ZS,VN,2010,5.07204935564789
DT.ODA.ODAT.GI.ZS,VN,2009,5.48406884692721
DT.ODA.ODAT.GI.ZS,VN,2008,4.86566360302402
DT.ODA.ODAT.GI.ZS,VN,2007,5.29409038916588
DT.ODA.ODAT.GI.ZS,VN,2006,7.37308874489345
DT.ODA.ODAT.GI.ZS,VN,2005,8.70438087640514
DT.ODA.ODAT.GI.ZS,VN,2004,10.29095432394
DT.ODA.ODAT.GI.ZS,VN,2003,10.9416049693504
DT.ODA.ODAT.GI.ZS,VN,2002,9.135696210572
DT.ODA.ODAT.GI.ZS,VN,2001,12.32735739783
DT.ODA.ODAT.GI.ZS,VN,2000,16.0914945099914
DT.ODA.ODAT.GI.ZS,VN,1999,15.6435940387268
DT.ODA.ODAT.GI.ZS,VN,1998,13.2921643227615
DT.ODA.ODAT.GI.ZS,VN,1997,11.2153305569408
DT.ODA.ODAT.GI.ZS,VN,1996,13.1366583141984
DT.ODA.ODAT.GI.ZS,VN,1995,13.8219033229887
DT.ODA.ODAT.GI.ZS,VU,2019,57.0647619783367
DT.ODA.ODAT.GI.ZS,VU,2018,53.4120982299311
DT.ODA.ODAT.GI.ZS,VU,2017,54.1204531908193
DT.ODA.ODAT.GI.ZS,VU,2016,69.8517791834795
DT.ODA.ODAT.GI.ZS,VU,2015,77.5862125746297
DT.ODA.ODAT.GI.ZS,VU,2014,53.5753665638269
DT.ODA.ODAT.GI.ZS,VU,2013,43.9734779701346
DT.ODA.ODAT.GI.ZS,VU,2012,56.5883687450009
DT.ODA.ODAT.GI.ZS,VU,2011,41.9885356844458
DT.ODA.ODAT.GI.ZS,VU,2010,44.1037777275319
DT.ODA.ODAT.GI.ZS,VU,2009,41.1467456837026
DT.ODA.ODAT.GI.ZS,VU,2008,37.9349184534126
DT.ODA.ODAT.GI.ZS,VU,2007,34.1340586385508
DT.ODA.ODAT.GI.ZS,VU,2006,39.5379327329571
DT.ODA.ODAT.GI.ZS,VU,2005,42.3042854477951
DT.ODA.ODAT.GI.ZS,VU,2004,45.508266498861
DT.ODA.ODAT.GI.ZS,VU,2003,62.3121303503714
DT.ODA.ODAT.GI.ZS,VU,2002,53.1810532690729
DT.ODA.ODAT.GI.ZS,VU,2001,61.3654312274365
DT.ODA.ODAT.GI.ZS,VU,2000,65.5171958047179
DT.ODA.ODAT.GI.ZS,VU,1999,61.0994299731842
DT.ODA.ODAT.GI.ZS,VU,1998,65.5931342632956
DT.ODA.ODAT.GI.ZS,VU,1997,56.1611614080444
DT.ODA.ODAT.GI.ZS,VU,1996,63.5970747116584
DT.ODA.ODAT.GI.ZS,VU,1995,84.2343401100436
DT.ODA.ODAT.GI.ZS,WS,2019,40.269396038465
DT.ODA.ODAT.GI.ZS,WS,2018,44.0012040255643
DT.ODA.ODAT.GI.ZS,WS,2017,47.8357175014648
DT.ODA.ODAT.GI.ZS,WS,2016,29.6160727748339
DT.ODA.ODAT.GI.ZS,WS,2015,31.7099562123937
DT.ODA.ODAT.GI.ZS,WS,2014,31.6009964127472
DT.ODA.ODAT.GI.ZS,WS,2013,157.08746898102
DT.ODA.ODAT.GI.ZS,WS,2012,37.6449075762509
DT.ODA.ODAT.GI.ZS,WS,2011,32.1242078624706
DT.ODA.ODAT.GI.ZS,WS,2010,124.911865381238
DT.ODA.ODAT.GI.ZS,WS,2009,33.0343823768949
DT.ODA.ODAT.GI.ZS,WS,2008,None
DT.ODA.ODAT.GI.ZS,WS,2007,None
DT.ODA.ODAT.GI.ZS,WS,2006,None
DT.ODA.ODAT.GI.ZS,WS,2005,None
DT.ODA.ODAT.GI.ZS,WS,2004,None
DT.ODA.ODAT.GI.ZS,WS,2003,None
DT.ODA.ODAT.GI.ZS,WS,2002,None
DT.ODA.ODAT.GI.ZS,WS,2001,None
DT.ODA.ODAT.GI.ZS,WS,2000,None
DT.ODA.ODAT.GI.ZS,WS,1999,None
DT.ODA.ODAT.GI.ZS,WS,1998,None
DT.ODA.ODAT.GI.ZS,WS,1997,None
DT.ODA.ODAT.GI.ZS,WS,1996,None
DT.ODA.ODAT.GI.ZS,WS,1995,None
DT.ODA.ODAT.GI.ZS,YE,2019,None
DT.ODA.ODAT.GI.ZS,YE,2018,None
DT.ODA.ODAT.GI.ZS,YE,2017,None
DT.ODA.ODAT.GI.ZS,YE,2016,None
DT.ODA.ODAT.GI.ZS,YE,2015,None
DT.ODA.ODAT.GI.ZS,YE,2014,None
DT.ODA.ODAT.GI.ZS,YE,2013,None
DT.ODA.ODAT.GI.ZS,YE,2012,None
DT.ODA.ODAT.GI.ZS,YE,2011,None
DT.ODA.ODAT.GI.ZS,YE,2010,None
DT.ODA.ODAT.GI.ZS,YE,2009,None
DT.ODA.ODAT.GI.ZS,YE,2008,None
DT.ODA.ODAT.GI.ZS,YE,2007,None
DT.ODA.ODAT.GI.ZS,YE,2006,None
DT.ODA.ODAT.GI.ZS,YE,2005,None
DT.ODA.ODAT.GI.ZS,YE,2004,None
DT.ODA.ODAT.GI.ZS,YE,2003,None
DT.ODA.ODAT.GI.ZS,YE,2002,None
DT.ODA.ODAT.GI.ZS,YE,2001,None
DT.ODA.ODAT.GI.ZS,YE,2000,None
DT.ODA.ODAT.GI.ZS,YE,1999,None
DT.ODA.ODAT.GI.ZS,YE,1998,None
DT.ODA.ODAT.GI.ZS,YE,1997,None
DT.ODA.ODAT.GI.ZS,YE,1996,None
DT.ODA.ODAT.GI.ZS,YE,1995,None
DT.ODA.ODAT.GI.ZS,ZM,2019,10.3572915883578
DT.ODA.ODAT.GI.ZS,ZM,2018,9.83884170769519
DT.ODA.ODAT.GI.ZS,ZM,2017,9.80766182296686
DT.ODA.ODAT.GI.ZS,ZM,2016,12.0695558839009
DT.ODA.ODAT.GI.ZS,ZM,2015,8.7690330625737
DT.ODA.ODAT.GI.ZS,ZM,2014,10.7900130544069
DT.ODA.ODAT.GI.ZS,ZM,2013,12.0003705533597
DT.ODA.ODAT.GI.ZS,ZM,2012,11.8187629629627
DT.ODA.ODAT.GI.ZS,ZM,2011,13.0938432316248
DT.ODA.ODAT.GI.ZS,ZM,2010,15.1832113088513
DT.ODA.ODAT.GI.ZS,ZM,2009,None
DT.ODA.ODAT.GI.ZS,ZM,2008,None
DT.ODA.ODAT.GI.ZS,ZM,2007,None
DT.ODA.ODAT.GI.ZS,ZM,2006,None
DT.ODA.ODAT.GI.ZS,ZM,2005,None
DT.ODA.ODAT.GI.ZS,ZM,2004,None
DT.ODA.ODAT.GI.ZS,ZM,2003,None
DT.ODA.ODAT.GI.ZS,ZM,2002,None
DT.ODA.ODAT.GI.ZS,ZM,2001,None
DT.ODA.ODAT.GI.ZS,ZM,2000,None
DT.ODA.ODAT.GI.ZS,ZM,1999,None
DT.ODA.ODAT.GI.ZS,ZM,1998,None
DT.ODA.ODAT.GI.ZS,ZM,1997,None
DT.ODA.ODAT.GI.ZS,ZM,1996,None
DT.ODA.ODAT.GI.ZS,ZM,1995,None
