DT.ODA.ODAT.PC.ZS,AF,2019,109.532568445639
DT.ODA.ODAT.PC.ZS,AF,2018,103.374828118877
DT.ODA.ODAT.PC.ZS,AF,2017,106.940922170662
DT.ODA.ODAT.PC.ZS,AF,2016,117.490056347953
DT.ODA.ODAT.PC.ZS,AF,2015,126.630722950197
DT.ODA.ODAT.PC.ZS,AF,2014,151.086272366015
DT.ODA.ODAT.PC.ZS,AF,2013,163.358989792132
DT.ODA.ODAT.PC.ZS,AF,2012,218.82312096292
DT.ODA.ODAT.PC.ZS,AF,2011,230.630244638333
DT.ODA.ODAT.PC.ZS,AF,2010,221.191641542291
DT.ODA.ODAT.PC.ZS,AF,2009,210.570582212662
DT.ODA.ODAT.PC.ZS,AF,2008,175.781016457467
DT.ODA.ODAT.PC.ZS,AF,2007,175.281902596603
DT.ODA.ODAT.PC.ZS,AF,2006,113.816627436078
DT.ODA.ODAT.PC.ZS,AF,2005,115.3200635584
DT.ODA.ODAT.PC.ZS,AF,2004,96.3137163180567
DT.ODA.ODAT.PC.ZS,AF,2003,67.9276286101581
DT.ODA.ODAT.PC.ZS,AF,2002,58.2511965121997
DT.ODA.ODAT.PC.ZS,AF,2001,20.8424833859236
DT.ODA.ODAT.PC.ZS,AF,2000,6.9595312786368
DT.ODA.ODAT.PC.ZS,AF,1999,7.41634923489513
DT.ODA.ODAT.PC.ZS,AF,1998,8.87897176899197
DT.ODA.ODAT.PC.ZS,AF,1997,12.9716312252095
DT.ODA.ODAT.PC.ZS,AF,1996,9.91605897508025
DT.ODA.ODAT.PC.ZS,AF,1995,12.9442193721056
DT.ODA.ODAT.PC.ZS,AO,2019,0.646605256773805
DT.ODA.ODAT.PC.ZS,AO,2018,5.20056366479758
DT.ODA.ODAT.PC.ZS,AO,2017,7.38663137530271
DT.ODA.ODAT.PC.ZS,AO,2016,7.08323764874631
DT.ODA.ODAT.PC.ZS,AO,2015,13.5119371227621
DT.ODA.ODAT.PC.ZS,AO,2014,8.67690486850145
DT.ODA.ODAT.PC.ZS,AO,2013,10.9205639921901
DT.ODA.ODAT.PC.ZS,AO,2012,9.67155695234722
DT.ODA.ODAT.PC.ZS,AO,2011,7.95330061523714
DT.ODA.ODAT.PC.ZS,AO,2010,10.0654055841856
DT.ODA.ODAT.PC.ZS,AO,2009,9.71224330437325
DT.ODA.ODAT.PC.ZS,AO,2008,15.9781317483343
DT.ODA.ODAT.PC.ZS,AO,2007,10.517136636886
DT.ODA.ODAT.PC.ZS,AO,2006,8.11016996402506
DT.ODA.ODAT.PC.ZS,AO,2005,21.3192569413046
DT.ODA.ODAT.PC.ZS,AO,2004,60.9750319327723
DT.ODA.ODAT.PC.ZS,AO,2003,27.2285746980497
DT.ODA.ODAT.PC.ZS,AO,2002,23.6370583025915
DT.ODA.ODAT.PC.ZS,AO,2001,16.6885198527345
DT.ODA.ODAT.PC.ZS,AO,2000,18.4341130011024
DT.ODA.ODAT.PC.ZS,AO,1999,24.4185016643459
DT.ODA.ODAT.PC.ZS,AO,1998,21.8177234479118
DT.ODA.ODAT.PC.ZS,AO,1997,23.848868383251
DT.ODA.ODAT.PC.ZS,AO,1996,31.933450660562
DT.ODA.ODAT.PC.ZS,AO,1995,29.931889064103
DT.ODA.ODAT.PC.ZS,BI,2019,46.6675825733501
DT.ODA.ODAT.PC.ZS,BI,2018,39.2762094367772
DT.ODA.ODAT.PC.ZS,BI,2017,39.067399404426
DT.ODA.ODAT.PC.ZS,BI,2016,68.1113218606062
DT.ODA.ODAT.PC.ZS,BI,2015,34.2048057347334
DT.ODA.ODAT.PC.ZS,BI,2014,49.109508998699
DT.ODA.ODAT.PC.ZS,BI,2013,55.0594391362166
DT.ODA.ODAT.PC.ZS,BI,2012,53.5114191873778
DT.ODA.ODAT.PC.ZS,BI,2011,60.5177821998966
DT.ODA.ODAT.PC.ZS,BI,2010,68.7670810067449
DT.ODA.ODAT.PC.ZS,BI,2009,59.096150333033
DT.ODA.ODAT.PC.ZS,BI,2008,54.9509573561351
DT.ODA.ODAT.PC.ZS,BI,2007,49.8891771896535
DT.ODA.ODAT.PC.ZS,BI,2006,56.4128062915221
DT.ODA.ODAT.PC.ZS,BI,2005,49.4770903621128
DT.ODA.ODAT.PC.ZS,BI,2004,50.3925579516117
DT.ODA.ODAT.PC.ZS,BI,2003,33.173752348255
DT.ODA.ODAT.PC.ZS,BI,2002,25.8552574354144
DT.ODA.ODAT.PC.ZS,BI,2001,21.5366279656942
DT.ODA.ODAT.PC.ZS,BI,2000,14.7931265083597
DT.ODA.ODAT.PC.ZS,BI,1999,12.1517493785167
DT.ODA.ODAT.PC.ZS,BI,1998,11.3912389360003
DT.ODA.ODAT.PC.ZS,BI,1997,9.52081623877783
DT.ODA.ODAT.PC.ZS,BI,1996,18.635842878706
DT.ODA.ODAT.PC.ZS,BI,1995,48.3668477689191
DT.ODA.ODAT.PC.ZS,BJ,2019,48.2618832276955
DT.ODA.ODAT.PC.ZS,BJ,2018,48.1278996080694
DT.ODA.ODAT.PC.ZS,BJ,2017,58.6369715245932
DT.ODA.ODAT.PC.ZS,BJ,2016,44.4721340705354
DT.ODA.ODAT.PC.ZS,BJ,2015,39.9376814561135
DT.ODA.ODAT.PC.ZS,BJ,2014,56.4605572464578
DT.ODA.ODAT.PC.ZS,BJ,2013,64.0428076210194
DT.ODA.ODAT.PC.ZS,BJ,2012,50.7166016564693
DT.ODA.ODAT.PC.ZS,BJ,2011,69.153167504412
DT.ODA.ODAT.PC.ZS,BJ,2010,72.9717532648419
DT.ODA.ODAT.PC.ZS,BJ,2009,64.000991199683
DT.ODA.ODAT.PC.ZS,BJ,2008,61.0039755474188
DT.ODA.ODAT.PC.ZS,BJ,2007,47.8285634109873
DT.ODA.ODAT.PC.ZS,BJ,2006,47.6410302390518
DT.ODA.ODAT.PC.ZS,BJ,2005,42.8349538258207
DT.ODA.ODAT.PC.ZS,BJ,2004,49.6278837974789
DT.ODA.ODAT.PC.ZS,BJ,2003,39.4283573751196
DT.ODA.ODAT.PC.ZS,BJ,2002,29.8098038231381
DT.ODA.ODAT.PC.ZS,BJ,2001,38.8821990096471
DT.ODA.ODAT.PC.ZS,BJ,2000,34.9770219778445
DT.ODA.ODAT.PC.ZS,BJ,1999,31.2936904033233
DT.ODA.ODAT.PC.ZS,BJ,1998,31.1701536435939
DT.ODA.ODAT.PC.ZS,BJ,1997,34.6248776655182
DT.ODA.ODAT.PC.ZS,BJ,1996,46.4694574901629
DT.ODA.ODAT.PC.ZS,BJ,1995,46.4003121070307
DT.ODA.ODAT.PC.ZS,BF,2019,52.8736696476347
DT.ODA.ODAT.PC.ZS,BF,2018,58.2345015226142
DT.ODA.ODAT.PC.ZS,BF,2017,44.9766289118456
DT.ODA.ODAT.PC.ZS,BF,2016,53.4087358193677
DT.ODA.ODAT.PC.ZS,BF,2015,53.3384443433057
DT.ODA.ODAT.PC.ZS,BF,2014,61.8255230481124
DT.ODA.ODAT.PC.ZS,BF,2013,59.2569618515681
DT.ODA.ODAT.PC.ZS,BF,2012,67.3330601583021
DT.ODA.ODAT.PC.ZS,BF,2011,59.1459749692233
DT.ODA.ODAT.PC.ZS,BF,2010,64.8154148728979
DT.ODA.ODAT.PC.ZS,BF,2009,54.8625411252417
DT.ODA.ODAT.PC.ZS,BF,2008,54.0547844576871
DT.ODA.ODAT.PC.ZS,BF,2007,52.3315129927264
DT.ODA.ODAT.PC.ZS,BF,2006,62.9040769074013
DT.ODA.ODAT.PC.ZS,BF,2005,50.3159132545707
DT.ODA.ODAT.PC.ZS,BF,2004,48.1467434372982
DT.ODA.ODAT.PC.ZS,BF,2003,41.5054103728272
DT.ODA.ODAT.PC.ZS,BF,2002,34.852803483972
DT.ODA.ODAT.PC.ZS,BF,2001,31.9140844216596
DT.ODA.ODAT.PC.ZS,BF,2000,15.1293186285436
DT.ODA.ODAT.PC.ZS,BF,1999,34.5739058199775
DT.ODA.ODAT.PC.ZS,BF,1998,35.72160920059
DT.ODA.ODAT.PC.ZS,BF,1997,33.8715269067234
DT.ODA.ODAT.PC.ZS,BF,1996,39.4719613146125
DT.ODA.ODAT.PC.ZS,BF,1995,47.3715399876378
DT.ODA.ODAT.PC.ZS,BD,2019,26.4722683420722
DT.ODA.ODAT.PC.ZS,BD,2018,18.6014564100755
DT.ODA.ODAT.PC.ZS,BD,2017,23.3739870514035
DT.ODA.ODAT.PC.ZS,BD,2016,15.8514686371927
DT.ODA.ODAT.PC.ZS,BD,2015,16.4284984610618
DT.ODA.ODAT.PC.ZS,BD,2014,15.5335965275471
DT.ODA.ODAT.PC.ZS,BD,2013,17.0978881470115
DT.ODA.ODAT.PC.ZS,BD,2012,14.1629354795385
DT.ODA.ODAT.PC.ZS,BD,2011,9.57000467130388
DT.ODA.ODAT.PC.ZS,BD,2010,8.94480603760774
DT.ODA.ODAT.PC.ZS,BD,2009,6.67160590248844
DT.ODA.ODAT.PC.ZS,BD,2008,7.85517607943665
DT.ODA.ODAT.PC.ZS,BD,2007,6.16078146227141
DT.ODA.ODAT.PC.ZS,BD,2006,7.20625654072044
DT.ODA.ODAT.PC.ZS,BD,2005,8.88224391530373
DT.ODA.ODAT.PC.ZS,BD,2004,10.2406719865475
DT.ODA.ODAT.PC.ZS,BD,2003,9.53669937292535
DT.ODA.ODAT.PC.ZS,BD,2002,6.01909252822546
DT.ODA.ODAT.PC.ZS,BD,2001,6.97536748028534
DT.ODA.ODAT.PC.ZS,BD,2000,7.55720167230827
DT.ODA.ODAT.PC.ZS,BD,1999,7.93208464141594
DT.ODA.ODAT.PC.ZS,BD,1998,7.87733234876906
DT.ODA.ODAT.PC.ZS,BD,1997,7.07272614474024
DT.ODA.ODAT.PC.ZS,BD,1996,8.04892571002783
DT.ODA.ODAT.PC.ZS,BD,1995,8.77052983549511
DT.ODA.ODAT.PC.ZS,BO,2019,60.1325524711728
DT.ODA.ODAT.PC.ZS,BO,2018,62.7962402653583
DT.ODA.ODAT.PC.ZS,BO,2017,83.0009386658699
DT.ODA.ODAT.PC.ZS,BO,2016,61.840458328931
DT.ODA.ODAT.PC.ZS,BO,2015,71.3529244869263
DT.ODA.ODAT.PC.ZS,BO,2014,61.7899423676692
DT.ODA.ODAT.PC.ZS,BO,2013,65.3706761078849
DT.ODA.ODAT.PC.ZS,BO,2012,62.6053869569889
DT.ODA.ODAT.PC.ZS,BO,2011,52.5160688486137
DT.ODA.ODAT.PC.ZS,BO,2010,54.8034063006504
DT.ODA.ODAT.PC.ZS,BO,2009,57.6471712787271
DT.ODA.ODAT.PC.ZS,BO,2008,57.1210669894447
DT.ODA.ODAT.PC.ZS,BO,2007,43.7352850846844
DT.ODA.ODAT.PC.ZS,BO,2006,84.6304617050752
DT.ODA.ODAT.PC.ZS,BO,2005,57.892454154911
DT.ODA.ODAT.PC.ZS,BO,2004,76.6751932254363
DT.ODA.ODAT.PC.ZS,BO,2003,84.1998650031845
DT.ODA.ODAT.PC.ZS,BO,2002,67.4483926603284
DT.ODA.ODAT.PC.ZS,BO,2001,77.2871632575969
DT.ODA.ODAT.PC.ZS,BO,2000,49.5865290746268
DT.ODA.ODAT.PC.ZS,BO,1999,61.5957808482036
DT.ODA.ODAT.PC.ZS,BO,1998,66.2959802050215
DT.ODA.ODAT.PC.ZS,BO,1997,77.2080848252227
DT.ODA.ODAT.PC.ZS,BO,1996,95.1389485031715
DT.ODA.ODAT.PC.ZS,BO,1995,86.5679420767123
DT.ODA.ODAT.PC.ZS,BT,2019,232.807222495202
DT.ODA.ODAT.PC.ZS,BT,2018,141.609453623881
DT.ODA.ODAT.PC.ZS,BT,2017,156.7738508989
DT.ODA.ODAT.PC.ZS,BT,2016,68.821929220273
DT.ODA.ODAT.PC.ZS,BT,2015,130.880400470482
DT.ODA.ODAT.PC.ZS,BT,2014,177.413943765929
DT.ODA.ODAT.PC.ZS,BT,2013,187.682902405933
DT.ODA.ODAT.PC.ZS,BT,2012,224.157407867328
DT.ODA.ODAT.PC.ZS,BT,2011,166.332321917706
DT.ODA.ODAT.PC.ZS,BT,2010,137.82819647431
DT.ODA.ODAT.PC.ZS,BT,2009,100.719811493363
DT.ODA.ODAT.PC.ZS,BT,2008,99.4436956954471
DT.ODA.ODAT.PC.ZS,BT,2007,87.5128760939166
DT.ODA.ODAT.PC.ZS,BT,2006,137.272373479704
DT.ODA.ODAT.PC.ZS,BT,2005,118.750588541429
DT.ODA.ODAT.PC.ZS,BT,2004,110.970763061978
DT.ODA.ODAT.PC.ZS,BT,2003,114.807596604543
DT.ODA.ODAT.PC.ZS,BT,2002,96.9553256900332
DT.ODA.ODAT.PC.ZS,BT,2001,90.5287178944681
DT.ODA.ODAT.PC.ZS,BT,2000,80.2102128791399
DT.ODA.ODAT.PC.ZS,BT,1999,114.923208368942
DT.ODA.ODAT.PC.ZS,BT,1998,94.1230503240802
DT.ODA.ODAT.PC.ZS,BT,1997,108.50941302257
DT.ODA.ODAT.PC.ZS,BT,1996,106.233741165708
DT.ODA.ODAT.PC.ZS,BT,1995,131.668737459572
DT.ODA.ODAT.PC.ZS,CF,2019,129.847938602044
DT.ODA.ODAT.PC.ZS,CF,2018,125.824861484297
DT.ODA.ODAT.PC.ZS,CF,2017,102.46278744212
DT.ODA.ODAT.PC.ZS,CF,2016,103.332324621567
DT.ODA.ODAT.PC.ZS,CF,2015,101.034731035962
DT.ODA.ODAT.PC.ZS,CF,2014,127.325248701012
DT.ODA.ODAT.PC.ZS,CF,2013,42.232805431798
DT.ODA.ODAT.PC.ZS,CF,2012,47.7698275100027
DT.ODA.ODAT.PC.ZS,CF,2011,56.7981275263877
DT.ODA.ODAT.PC.ZS,CF,2010,56.0034890026963
DT.ODA.ODAT.PC.ZS,CF,2009,46.5238557686759
DT.ODA.ODAT.PC.ZS,CF,2008,54.9892951400753
DT.ODA.ODAT.PC.ZS,CF,2007,40.970672447963
DT.ODA.ODAT.PC.ZS,CF,2006,31.1083014009776
DT.ODA.ODAT.PC.ZS,CF,2005,21.138871530857
DT.ODA.ODAT.PC.ZS,CF,2004,26.7451535182038
DT.ODA.ODAT.PC.ZS,CF,2003,12.7891813955406
DT.ODA.ODAT.PC.ZS,CF,2002,15.2672023344581
DT.ODA.ODAT.PC.ZS,CF,2001,19.8217161544967
DT.ODA.ODAT.PC.ZS,CF,2000,20.1906275922288
DT.ODA.ODAT.PC.ZS,CF,1999,32.489276606471
DT.ODA.ODAT.PC.ZS,CF,1998,33.9290664659151
DT.ODA.ODAT.PC.ZS,CF,1997,26.4712286384732
DT.ODA.ODAT.PC.ZS,CF,1996,50.2828854112782
DT.ODA.ODAT.PC.ZS,CF,1995,51.2038610663566
DT.ODA.ODAT.PC.ZS,CI,2019,44.8841264465479
DT.ODA.ODAT.PC.ZS,CI,2018,37.6586827970665
DT.ODA.ODAT.PC.ZS,CI,2017,33.3688623032947
DT.ODA.ODAT.PC.ZS,CI,2016,25.4311407560949
DT.ODA.ODAT.PC.ZS,CI,2015,27.6211880077528
DT.ODA.ODAT.PC.ZS,CI,2014,40.2269037658514
DT.ODA.ODAT.PC.ZS,CI,2013,56.674740868561
DT.ODA.ODAT.PC.ZS,CI,2012,132.132485224694
DT.ODA.ODAT.PC.ZS,CI,2011,66.6751238231298
DT.ODA.ODAT.PC.ZS,CI,2010,40.0240680183588
DT.ODA.ODAT.PC.ZS,CI,2009,107.241780785138
DT.ODA.ODAT.PC.ZS,CI,2008,19.2818291129344
DT.ODA.ODAT.PC.ZS,CI,2007,9.42894486294333
DT.ODA.ODAT.PC.ZS,CI,2006,12.7430789437016
DT.ODA.ODAT.PC.ZS,CI,2005,4.81175351883449
DT.ODA.ODAT.PC.ZS,CI,2004,8.66599338448236
DT.ODA.ODAT.PC.ZS,CI,2003,14.0038463906778
DT.ODA.ODAT.PC.ZS,CI,2002,60.3656535660663
DT.ODA.ODAT.PC.ZS,CI,2001,10.7900813031606
DT.ODA.ODAT.PC.ZS,CI,2000,20.8885063473112
DT.ODA.ODAT.PC.ZS,CI,1999,27.3940353937996
DT.ODA.ODAT.PC.ZS,CI,1998,60.9919055079327
DT.ODA.ODAT.PC.ZS,CI,1997,29.1481444988942
DT.ODA.ODAT.PC.ZS,CI,1996,65.1389870391297
DT.ODA.ODAT.PC.ZS,CI,1995,84.7876285614579
DT.ODA.ODAT.PC.ZS,CM,2019,50.3247548480714
DT.ODA.ODAT.PC.ZS,CM,2018,46.4713375935858
DT.ODA.ODAT.PC.ZS,CM,2017,49.8827950658887
DT.ODA.ODAT.PC.ZS,CM,2016,31.9079720312551
DT.ODA.ODAT.PC.ZS,CM,2015,28.8606522320176
DT.ODA.ODAT.PC.ZS,CM,2014,38.3917456363958
DT.ODA.ODAT.PC.ZS,CM,2013,34.7600996619796
DT.ODA.ODAT.PC.ZS,CM,2012,28.3920004286914
DT.ODA.ODAT.PC.ZS,CM,2011,29.9322127478538
DT.ODA.ODAT.PC.ZS,CM,2010,27.1772312148318
DT.ODA.ODAT.PC.ZS,CM,2009,30.8583010492284
DT.ODA.ODAT.PC.ZS,CM,2008,27.8238141597744
DT.ODA.ODAT.PC.ZS,CM,2007,103.982244616369
DT.ODA.ODAT.PC.ZS,CM,2006,96.6823162088379
DT.ODA.ODAT.PC.ZS,CM,2005,24.1120628296485
DT.ODA.ODAT.PC.ZS,CM,2004,46.446611128779
DT.ODA.ODAT.PC.ZS,CM,2003,54.1520326253242
DT.ODA.ODAT.PC.ZS,CM,2002,38.0632609115725
DT.ODA.ODAT.PC.ZS,CM,2001,29.5670635687606
DT.ODA.ODAT.PC.ZS,CM,2000,24.9913961150896
DT.ODA.ODAT.PC.ZS,CM,1999,29.5585284078233
DT.ODA.ODAT.PC.ZS,CM,1998,34.8378604557072
DT.ODA.ODAT.PC.ZS,CM,1997,35.8692708715706
DT.ODA.ODAT.PC.ZS,CM,1996,30.3035128209694
DT.ODA.ODAT.PC.ZS,CM,1995,33.6059531589343
DT.ODA.ODAT.PC.ZS,CD,2019,31.2456581600351
DT.ODA.ODAT.PC.ZS,CD,2018,28.8664169711406
DT.ODA.ODAT.PC.ZS,CD,2017,27.1987527387997
DT.ODA.ODAT.PC.ZS,CD,2016,25.8164655173624
DT.ODA.ODAT.PC.ZS,CD,2015,33.0441419655133
DT.ODA.ODAT.PC.ZS,CD,2014,31.5644303234855
DT.ODA.ODAT.PC.ZS,CD,2013,35.175595716206
DT.ODA.ODAT.PC.ZS,CD,2012,40.0874014556704
DT.ODA.ODAT.PC.ZS,CD,2011,80.4969602245346
DT.ODA.ODAT.PC.ZS,CD,2010,52.471515976023
DT.ODA.ODAT.PC.ZS,CD,2009,30.5074357083872
DT.ODA.ODAT.PC.ZS,CD,2008,23.7130369426668
DT.ODA.ODAT.PC.ZS,CD,2007,18.7099158085415
DT.ODA.ODAT.PC.ZS,CD,2006,37.6358109603034
DT.ODA.ODAT.PC.ZS,CD,2005,33.2766017596374
DT.ODA.ODAT.PC.ZS,CD,2004,35.0110147355307
DT.ODA.ODAT.PC.ZS,CD,2003,101.813076338699
DT.ODA.ODAT.PC.ZS,CD,2002,22.7666065486479
DT.ODA.ODAT.PC.ZS,CD,2001,4.9223000327012
DT.ODA.ODAT.PC.ZS,CD,2000,3.67037269485893
DT.ODA.ODAT.PC.ZS,CD,1999,2.86931864418656
DT.ODA.ODAT.PC.ZS,CD,1998,2.76759007355632
DT.ODA.ODAT.PC.ZS,CD,1997,3.52236195295048
DT.ODA.ODAT.PC.ZS,CD,1996,3.76620276132987
DT.ODA.ODAT.PC.ZS,CD,1995,4.49916694372063
DT.ODA.ODAT.PC.ZS,CG,2019,31.7139590371581
DT.ODA.ODAT.PC.ZS,CG,2018,26.9340807091994
DT.ODA.ODAT.PC.ZS,CG,2017,20.1304890954657
DT.ODA.ODAT.PC.ZS,CG,2016,16.7655580919022
DT.ODA.ODAT.PC.ZS,CG,2015,17.5342090930189
DT.ODA.ODAT.PC.ZS,CG,2014,21.4727977803979
DT.ODA.ODAT.PC.ZS,CG,2013,31.2692496790025
DT.ODA.ODAT.PC.ZS,CG,2012,29.7310341623241
DT.ODA.ODAT.PC.ZS,CG,2011,56.986841421603
DT.ODA.ODAT.PC.ZS,CG,2010,296.332658947442
DT.ODA.ODAT.PC.ZS,CG,2009,63.9946637699645
DT.ODA.ODAT.PC.ZS,CG,2008,114.368097731932
DT.ODA.ODAT.PC.ZS,CG,2007,25.5514635759288
DT.ODA.ODAT.PC.ZS,CG,2006,67.7361943357458
DT.ODA.ODAT.PC.ZS,CG,2005,388.133007961452
DT.ODA.ODAT.PC.ZS,CG,2004,32.6868770296556
DT.ODA.ODAT.PC.ZS,CG,2003,20.2297864277919
DT.ODA.ODAT.PC.ZS,CG,2002,17.1501925360836
DT.ODA.ODAT.PC.ZS,CG,2001,22.7067320251118
DT.ODA.ODAT.PC.ZS,CG,2000,10.258357937186
DT.ODA.ODAT.PC.ZS,CG,1999,46.5879614786202
DT.ODA.ODAT.PC.ZS,CG,1998,22.1267704528003
DT.ODA.ODAT.PC.ZS,CG,1997,93.4492368020773
DT.ODA.ODAT.PC.ZS,CG,1996,153.124609162809
DT.ODA.ODAT.PC.ZS,CG,1995,46.2602867183647
DT.ODA.ODAT.PC.ZS,KM,2019,92.9599244225522
DT.ODA.ODAT.PC.ZS,KM,2018,117.130590760654
DT.ODA.ODAT.PC.ZS,KM,2017,88.2541399103845
DT.ODA.ODAT.PC.ZS,KM,2016,72.0151396328043
DT.ODA.ODAT.PC.ZS,KM,2015,90.1514097623918
DT.ODA.ODAT.PC.ZS,KM,2014,104.882085590841
DT.ODA.ODAT.PC.ZS,KM,2013,116.143575009949
DT.ODA.ODAT.PC.ZS,KM,2012,148.43262772985
DT.ODA.ODAT.PC.ZS,KM,2011,82.6031845492808
DT.ODA.ODAT.PC.ZS,KM,2010,106.566228769236
DT.ODA.ODAT.PC.ZS,KM,2009,79.6273264415521
DT.ODA.ODAT.PC.ZS,KM,2008,66.6910250563749
DT.ODA.ODAT.PC.ZS,KM,2007,68.974012337612
DT.ODA.ODAT.PC.ZS,KM,2006,52.922478491974
DT.ODA.ODAT.PC.ZS,KM,2005,39.0427925040003
DT.ODA.ODAT.PC.ZS,KM,2004,44.5320847155257
DT.ODA.ODAT.PC.ZS,KM,2003,43.1655948824857
DT.ODA.ODAT.PC.ZS,KM,2002,49.3339556847744
DT.ODA.ODAT.PC.ZS,KM,2001,50.5165764043479
DT.ODA.ODAT.PC.ZS,KM,2000,35.9752429697227
DT.ODA.ODAT.PC.ZS,KM,1999,41.9608583504537
DT.ODA.ODAT.PC.ZS,KM,1998,78.7271836170797
DT.ODA.ODAT.PC.ZS,KM,1997,59.7980741118689
DT.ODA.ODAT.PC.ZS,KM,1996,79.3059931921056
DT.ODA.ODAT.PC.ZS,KM,1995,85.9930512529376
DT.ODA.ODAT.PC.ZS,CV,2019,263.313870061186
DT.ODA.ODAT.PC.ZS,CV,2018,147.548500844354
DT.ODA.ODAT.PC.ZS,CV,2017,217.734545000531
DT.ODA.ODAT.PC.ZS,CV,2016,206.377571864615
DT.ODA.ODAT.PC.ZS,CV,2015,277.543347471594
DT.ODA.ODAT.PC.ZS,CV,2014,423.732226630813
DT.ODA.ODAT.PC.ZS,CV,2013,454.050456832443
DT.ODA.ODAT.PC.ZS,CV,2012,460.117182259242
DT.ODA.ODAT.PC.ZS,CV,2011,476.511826291632
DT.ODA.ODAT.PC.ZS,CV,2010,627.345515809935
DT.ODA.ODAT.PC.ZS,CV,2009,380.654642945821
DT.ODA.ODAT.PC.ZS,CV,2008,399.050809459815
DT.ODA.ODAT.PC.ZS,CV,2007,287.478738468687
DT.ODA.ODAT.PC.ZS,CV,2006,278.842377407077
DT.ODA.ODAT.PC.ZS,CV,2005,330.481071688824
DT.ODA.ODAT.PC.ZS,CV,2004,295.489153503713
DT.ODA.ODAT.PC.ZS,CV,2003,302.714708795775
DT.ODA.ODAT.PC.ZS,CV,2002,195.464794149158
DT.ODA.ODAT.PC.ZS,CV,2001,167.525823268607
DT.ODA.ODAT.PC.ZS,CV,2000,206.546197446113
DT.ODA.ODAT.PC.ZS,CV,1999,304.63028514903
DT.ODA.ODAT.PC.ZS,CV,1998,294.788453507751
DT.ODA.ODAT.PC.ZS,CV,1997,257.770744347504
DT.ODA.ODAT.PC.ZS,CV,1996,276.622476786545
DT.ODA.ODAT.PC.ZS,CV,1995,281.32004647003
DT.ODA.ODAT.PC.ZS,DJ,2019,244.396161418339
DT.ODA.ODAT.PC.ZS,DJ,2018,169.523590870114
DT.ODA.ODAT.PC.ZS,DJ,2017,137.094286193912
DT.ODA.ODAT.PC.ZS,DJ,2016,181.136587931638
DT.ODA.ODAT.PC.ZS,DJ,2015,172.311501700505
DT.ODA.ODAT.PC.ZS,DJ,2014,167.942759949683
DT.ODA.ODAT.PC.ZS,DJ,2013,153.588411870095
DT.ODA.ODAT.PC.ZS,DJ,2012,155.570023497786
DT.ODA.ODAT.PC.ZS,DJ,2011,150.937589221822
DT.ODA.ODAT.PC.ZS,DJ,2010,143.635925168867
DT.ODA.ODAT.PC.ZS,DJ,2009,174.07555030929
DT.ODA.ODAT.PC.ZS,DJ,2008,150.347842748853
DT.ODA.ODAT.PC.ZS,DJ,2007,117.880801418141
DT.ODA.ODAT.PC.ZS,DJ,2006,136.230481073099
DT.ODA.ODAT.PC.ZS,DJ,2005,89.2688405990235
DT.ODA.ODAT.PC.ZS,DJ,2004,78.6071899134682
DT.ODA.ODAT.PC.ZS,DJ,2003,98.2873523999927
DT.ODA.ODAT.PC.ZS,DJ,2002,93.9009952417426
DT.ODA.ODAT.PC.ZS,DJ,2001,77.5973579352818
DT.ODA.ODAT.PC.ZS,DJ,2000,97.3541579198897
DT.ODA.ODAT.PC.ZS,DJ,1999,104.466265009125
DT.ODA.ODAT.PC.ZS,DJ,1998,116.531404128437
DT.ODA.ODAT.PC.ZS,DJ,1997,128.2596543292
DT.ODA.ODAT.PC.ZS,DJ,1996,150.593581671661
DT.ODA.ODAT.PC.ZS,DJ,1995,167.656944213237
DT.ODA.ODAT.PC.ZS,EG,2019,16.1562345772563
DT.ODA.ODAT.PC.ZS,EG,2018,20.0586519903121
DT.ODA.ODAT.PC.ZS,EG,2017,0.325279500264906
DT.ODA.ODAT.PC.ZS,EG,2016,24.4262543580997
DT.ODA.ODAT.PC.ZS,EG,2015,25.8333185480937
DT.ODA.ODAT.PC.ZS,EG,2014,37.0071565333661
DT.ODA.ODAT.PC.ZS,EG,2013,59.0344220202984
DT.ODA.ODAT.PC.ZS,EG,2012,19.8753022862481
DT.ODA.ODAT.PC.ZS,EG,2011,4.75033357027259
DT.ODA.ODAT.PC.ZS,EG,2010,6.86697310187319
DT.ODA.ODAT.PC.ZS,EG,2009,11.4247703056636
DT.ODA.ODAT.PC.ZS,EG,2008,20.7459531668923
DT.ODA.ODAT.PC.ZS,EG,2007,14.2545334119251
DT.ODA.ODAT.PC.ZS,EG,2006,11.2741380350047
DT.ODA.ODAT.PC.ZS,EG,2005,13.2318173472067
DT.ODA.ODAT.PC.ZS,EG,2004,19.3858735333494
DT.ODA.ODAT.PC.ZS,EG,2003,13.3904095541764
DT.ODA.ODAT.PC.ZS,EG,2002,17.5919324155774
DT.ODA.ODAT.PC.ZS,EG,2001,17.8491964203499
DT.ODA.ODAT.PC.ZS,EG,2000,19.2070004659808
DT.ODA.ODAT.PC.ZS,EG,1999,23.176927089786
DT.ODA.ODAT.PC.ZS,EG,1998,28.8422946174093
DT.ODA.ODAT.PC.ZS,EG,1997,29.994747582005
DT.ODA.ODAT.PC.ZS,EG,1996,33.4613494605446
DT.ODA.ODAT.PC.ZS,EG,1995,31.6061660052104
DT.ODA.ODAT.PC.ZS,ER,2019,76.0113879050099
DT.ODA.ODAT.PC.ZS,ER,2018,24.4501751809149
DT.ODA.ODAT.PC.ZS,ER,2017,23.3122061699204
DT.ODA.ODAT.PC.ZS,ER,2016,19.8556615512508
DT.ODA.ODAT.PC.ZS,ER,2015,28.1197094163739
DT.ODA.ODAT.PC.ZS,ER,2014,25.3323009971359
DT.ODA.ODAT.PC.ZS,ER,2013,24.6665488274193
DT.ODA.ODAT.PC.ZS,ER,2012,41.8004592989314
DT.ODA.ODAT.PC.ZS,ER,2011,41.5922345146354
DT.ODA.ODAT.PC.ZS,ER,2010,51.5641914176782
DT.ODA.ODAT.PC.ZS,ER,2009,44.2947364182863
DT.ODA.ODAT.PC.ZS,ER,2008,38.5324402408906
DT.ODA.ODAT.PC.ZS,ER,2007,43.2886964005296
DT.ODA.ODAT.PC.ZS,ER,2006,43.8145582248233
DT.ODA.ODAT.PC.ZS,ER,2005,123.507447115184
DT.ODA.ODAT.PC.ZS,ER,2004,95.3697565138473
DT.ODA.ODAT.PC.ZS,ER,2003,119.454732042812
DT.ODA.ODAT.PC.ZS,ER,2002,88.9800826909635
DT.ODA.ODAT.PC.ZS,ER,2001,115.641126730009
DT.ODA.ODAT.PC.ZS,ER,2000,74.3957090503749
DT.ODA.ODAT.PC.ZS,ER,1999,63.5991758532708
DT.ODA.ODAT.PC.ZS,ER,1998,72.6766890662046
DT.ODA.ODAT.PC.ZS,ER,1997,53.8977588361078
DT.ODA.ODAT.PC.ZS,ER,1996,69.5604803790178
DT.ODA.ODAT.PC.ZS,ER,1995,68.7412472006254
DT.ODA.ODAT.PC.ZS,ET,2019,40.9798944995305
DT.ODA.ODAT.PC.ZS,ET,2018,44.4613061116848
DT.ODA.ODAT.PC.ZS,ET,2017,38.1222564752844
DT.ODA.ODAT.PC.ZS,ET,2016,38.7904350048751
DT.ODA.ODAT.PC.ZS,ET,2015,31.6075924289107
DT.ODA.ODAT.PC.ZS,ET,2014,35.9305880747803
DT.ODA.ODAT.PC.ZS,ET,2013,40.0223043024507
DT.ODA.ODAT.PC.ZS,ET,2012,34.3382327805669
DT.ODA.ODAT.PC.ZS,ET,2011,38.0741531708707
DT.ODA.ODAT.PC.ZS,ET,2010,38.7185728533932
DT.ODA.ODAT.PC.ZS,ET,2009,32.1052536109779
DT.ODA.ODAT.PC.ZS,ET,2008,32.8382522441723
DT.ODA.ODAT.PC.ZS,ET,2007,27.1671187831025
DT.ODA.ODAT.PC.ZS,ET,2006,25.5304710984249
DT.ODA.ODAT.PC.ZS,ET,2005,24.9015294850776
DT.ODA.ODAT.PC.ZS,ET,2004,24.3064423694324
DT.ODA.ODAT.PC.ZS,ET,2003,22.1564272235633
DT.ODA.ODAT.PC.ZS,ET,2002,18.6390891453887
DT.ODA.ODAT.PC.ZS,ET,2001,15.989815310181
DT.ODA.ODAT.PC.ZS,ET,2000,10.2607911516618
DT.ODA.ODAT.PC.ZS,ET,1999,9.8849709517827
DT.ODA.ODAT.PC.ZS,ET,1998,10.4573434294866
DT.ODA.ODAT.PC.ZS,ET,1997,9.45414131524994
DT.ODA.ODAT.PC.ZS,ET,1996,13.7579165098857
DT.ODA.ODAT.PC.ZS,ET,1995,15.2580520939667
DT.ODA.ODAT.PC.ZS,FM,2019,830.856812464893
DT.ODA.ODAT.PC.ZS,FM,2018,890.569651899208
DT.ODA.ODAT.PC.ZS,FM,2017,888.798347603721
DT.ODA.ODAT.PC.ZS,FM,2016,462.406202693243
DT.ODA.ODAT.PC.ZS,FM,2015,743.545699783015
DT.ODA.ODAT.PC.ZS,FM,2014,1073.24994621579
DT.ODA.ODAT.PC.ZS,FM,2013,1318.58323632357
DT.ODA.ODAT.PC.ZS,FM,2012,1323.63805997151
DT.ODA.ODAT.PC.ZS,FM,2011,1210.89658058569
DT.ODA.ODAT.PC.ZS,FM,2010,592.724099878831
DT.ODA.ODAT.PC.ZS,FM,2009,1120.90706847359
DT.ODA.ODAT.PC.ZS,FM,2008,838.331590865267
DT.ODA.ODAT.PC.ZS,FM,2007,1019.88459157573
DT.ODA.ODAT.PC.ZS,FM,2006,963.182544707392
DT.ODA.ODAT.PC.ZS,FM,2005,944.835043219975
DT.ODA.ODAT.PC.ZS,FM,2004,766.076228455123
DT.ODA.ODAT.PC.ZS,FM,2003,1004.15899685225
DT.ODA.ODAT.PC.ZS,FM,2002,988.731367927477
DT.ODA.ODAT.PC.ZS,FM,2001,1209.49006589206
DT.ODA.ODAT.PC.ZS,FM,2000,872.624438110927
DT.ODA.ODAT.PC.ZS,FM,1999,922.367936357848
DT.ODA.ODAT.PC.ZS,FM,1998,661.005685417737
DT.ODA.ODAT.PC.ZS,FM,1997,759.810339335808
DT.ODA.ODAT.PC.ZS,FM,1996,1017.19549073797
DT.ODA.ODAT.PC.ZS,FM,1995,666.648566562956
DT.ODA.ODAT.PC.ZS,GH,2019,28.8998670538966
DT.ODA.ODAT.PC.ZS,GH,2018,34.5836678647907
DT.ODA.ODAT.PC.ZS,GH,2017,41.808255088997
DT.ODA.ODAT.PC.ZS,GH,2016,44.6178691615248
DT.ODA.ODAT.PC.ZS,GH,2015,61.3239486415302
DT.ODA.ODAT.PC.ZS,GH,2014,39.8324494561606
DT.ODA.ODAT.PC.ZS,GH,2013,48.2521793785366
DT.ODA.ODAT.PC.ZS,GH,2012,66.990430508185
DT.ODA.ODAT.PC.ZS,GH,2011,68.8343912213337
DT.ODA.ODAT.PC.ZS,GH,2010,66.3631913493607
DT.ODA.ODAT.PC.ZS,GH,2009,53.5771227773525
DT.ODA.ODAT.PC.ZS,GH,2008,42.7253247026663
DT.ODA.ODAT.PC.ZS,GH,2007,38.9411810060245
DT.ODA.ODAT.PC.ZS,GH,2006,53.5205921262886
DT.ODA.ODAT.PC.ZS,GH,2005,51.2353880598504
DT.ODA.ODAT.PC.ZS,GH,2004,64.7759175229731
DT.ODA.ODAT.PC.ZS,GH,2003,46.1820169942618
DT.ODA.ODAT.PC.ZS,GH,2002,33.2093250253989
DT.ODA.ODAT.PC.ZS,GH,2001,31.9302575799611
DT.ODA.ODAT.PC.ZS,GH,2000,30.543335451801
DT.ODA.ODAT.PC.ZS,GH,1999,31.8139790361938
DT.ODA.ODAT.PC.ZS,GH,1998,37.6110599685987
DT.ODA.ODAT.PC.ZS,GH,1997,27.0510691583626
DT.ODA.ODAT.PC.ZS,GH,1996,36.4979631557733
DT.ODA.ODAT.PC.ZS,GH,1995,37.2655938174212
DT.ODA.ODAT.PC.ZS,GN,2019,43.6480927830888
DT.ODA.ODAT.PC.ZS,GN,2018,52.0905674672681
DT.ODA.ODAT.PC.ZS,GN,2017,38.5792117023155
DT.ODA.ODAT.PC.ZS,GN,2016,47.52164054089
DT.ODA.ODAT.PC.ZS,GN,2015,46.3960190268451
DT.ODA.ODAT.PC.ZS,GN,2014,49.6869195615943
DT.ODA.ODAT.PC.ZS,GN,2013,42.2796773556283
DT.ODA.ODAT.PC.ZS,GN,2012,58.6892268938423
DT.ODA.ODAT.PC.ZS,GN,2011,19.1988530002709
DT.ODA.ODAT.PC.ZS,GN,2010,21.5145412497248
DT.ODA.ODAT.PC.ZS,GN,2009,24.2453018649038
DT.ODA.ODAT.PC.ZS,GN,2008,32.5048060513026
DT.ODA.ODAT.PC.ZS,GN,2007,21.5856532740637
DT.ODA.ODAT.PC.ZS,GN,2006,18.5539548655302
DT.ODA.ODAT.PC.ZS,GN,2005,21.1058640693222
DT.ODA.ODAT.PC.ZS,GN,2004,30.6672024927683
DT.ODA.ODAT.PC.ZS,GN,2003,28.5707646954606
DT.ODA.ODAT.PC.ZS,GN,2002,29.6335072835085
DT.ODA.ODAT.PC.ZS,GN,2001,34.2481283708654
DT.ODA.ODAT.PC.ZS,GN,2000,18.4011767903254
DT.ODA.ODAT.PC.ZS,GN,1999,29.0927215145408
DT.ODA.ODAT.PC.ZS,GN,1998,44.9881742704256
DT.ODA.ODAT.PC.ZS,GN,1997,48.6292807253473
DT.ODA.ODAT.PC.ZS,GN,1996,38.7941606442952
DT.ODA.ODAT.PC.ZS,GN,1995,55.6910402566638
DT.ODA.ODAT.PC.ZS,GM,2019,75.6472076562092
DT.ODA.ODAT.PC.ZS,GM,2018,95.7619831858489
DT.ODA.ODAT.PC.ZS,GM,2017,119.465879223303
DT.ODA.ODAT.PC.ZS,GM,2016,39.6770949330385
DT.ODA.ODAT.PC.ZS,GM,2015,50.569585746339
DT.ODA.ODAT.PC.ZS,GM,2014,45.8378827858009
DT.ODA.ODAT.PC.ZS,GM,2013,52.8456111485117
DT.ODA.ODAT.PC.ZS,GM,2012,67.4328246812195
DT.ODA.ODAT.PC.ZS,GM,2011,67.915720010623
DT.ODA.ODAT.PC.ZS,GM,2010,62.510484300949
DT.ODA.ODAT.PC.ZS,GM,2009,57.9090047735154
DT.ODA.ODAT.PC.ZS,GM,2008,47.4913509737609
DT.ODA.ODAT.PC.ZS,GM,2007,53.1706613627592
DT.ODA.ODAT.PC.ZS,GM,2006,43.9433533619835
DT.ODA.ODAT.PC.ZS,GM,2005,36.5942961569563
DT.ODA.ODAT.PC.ZS,GM,2004,38.0467987734887
DT.ODA.ODAT.PC.ZS,GM,2003,40.4084393018051
DT.ODA.ODAT.PC.ZS,GM,2002,42.3525339064665
DT.ODA.ODAT.PC.ZS,GM,2001,35.6416473580612
DT.ODA.ODAT.PC.ZS,GM,2000,34.5312366409874
DT.ODA.ODAT.PC.ZS,GM,1999,24.5972238248084
DT.ODA.ODAT.PC.ZS,GM,1998,29.0888664949646
DT.ODA.ODAT.PC.ZS,GM,1997,29.5367824239287
DT.ODA.ODAT.PC.ZS,GM,1996,28.1923595841439
DT.ODA.ODAT.PC.ZS,GM,1995,36.5735357545361
DT.ODA.ODAT.PC.ZS,GW,2019,57.2405289308658
DT.ODA.ODAT.PC.ZS,GW,2018,79.7940762789343
DT.ODA.ODAT.PC.ZS,GW,2017,60.2981331645168
DT.ODA.ODAT.PC.ZS,GW,2016,107.285052331152
DT.ODA.ODAT.PC.ZS,GW,2015,53.1550038531038
DT.ODA.ODAT.PC.ZS,GW,2014,63.2418005069669
DT.ODA.ODAT.PC.ZS,GW,2013,62.2116425337384
DT.ODA.ODAT.PC.ZS,GW,2012,48.5745586082172
DT.ODA.ODAT.PC.ZS,GW,2011,74.9774547998237
DT.ODA.ODAT.PC.ZS,GW,2010,82.3113538622529
DT.ODA.ODAT.PC.ZS,GW,2009,88.2466980482276
DT.ODA.ODAT.PC.ZS,GW,2008,79.8559023631945
DT.ODA.ODAT.PC.ZS,GW,2007,75.2668604558588
DT.ODA.ODAT.PC.ZS,GW,2006,62.3722214116646
DT.ODA.ODAT.PC.ZS,GW,2005,48.3868762099295
DT.ODA.ODAT.PC.ZS,GW,2004,57.794712933708
DT.ODA.ODAT.PC.ZS,GW,2003,110.492656587404
DT.ODA.ODAT.PC.ZS,GW,2002,46.5746486041724
DT.ODA.ODAT.PC.ZS,GW,2001,48.2670303541563
DT.ODA.ODAT.PC.ZS,GW,2000,65.8651058698705
DT.ODA.ODAT.PC.ZS,GW,1999,43.5981202032709
DT.ODA.ODAT.PC.ZS,GW,1998,81.0846664906332
DT.ODA.ODAT.PC.ZS,GW,1997,107.127832314614
DT.ODA.ODAT.PC.ZS,GW,1996,158.486209300038
DT.ODA.ODAT.PC.ZS,GW,1995,105.261083718474
DT.ODA.ODAT.PC.ZS,HN,2019,45.4069461587332
DT.ODA.ODAT.PC.ZS,HN,2018,67.9005603518287
DT.ODA.ODAT.PC.ZS,HN,2017,45.9371838642753
DT.ODA.ODAT.PC.ZS,HN,2016,43.5904026168283
DT.ODA.ODAT.PC.ZS,HN,2015,58.1633960696065
DT.ODA.ODAT.PC.ZS,HN,2014,66.4209309947686
DT.ODA.ODAT.PC.ZS,HN,2013,69.8464404024379
DT.ODA.ODAT.PC.ZS,HN,2012,64.3956288950866
DT.ODA.ODAT.PC.ZS,HN,2011,41.6642311792491
DT.ODA.ODAT.PC.ZS,HN,2010,55.6743261365343
DT.ODA.ODAT.PC.ZS,HN,2009,44.5821584151058
DT.ODA.ODAT.PC.ZS,HN,2008,50.7296115407768
DT.ODA.ODAT.PC.ZS,HN,2007,45.8050036691864
DT.ODA.ODAT.PC.ZS,HN,2006,66.909825500794
DT.ODA.ODAT.PC.ZS,HN,2005,85.8417985628033
DT.ODA.ODAT.PC.ZS,HN,2004,73.078730093603
DT.ODA.ODAT.PC.ZS,HN,2003,44.052381560543
DT.ODA.ODAT.PC.ZS,HN,2002,54.4294877280288
DT.ODA.ODAT.PC.ZS,HN,2001,82.2260060565724
DT.ODA.ODAT.PC.ZS,HN,2000,60.0670759425267
DT.ODA.ODAT.PC.ZS,HN,1999,116.908651861617
DT.ODA.ODAT.PC.ZS,HN,1998,44.9391039475555
DT.ODA.ODAT.PC.ZS,HN,1997,44.842930762602
DT.ODA.ODAT.PC.ZS,HN,1996,39.9444488421479
DT.ODA.ODAT.PC.ZS,HN,1995,64.4556755515614
DT.ODA.ODAT.PC.ZS,HT,2019,62.3541857778398
DT.ODA.ODAT.PC.ZS,HT,2018,92.360252604905
DT.ODA.ODAT.PC.ZS,HT,2017,90.3250440487049
DT.ODA.ODAT.PC.ZS,HT,2016,100.027548802577
DT.ODA.ODAT.PC.ZS,HT,2015,99.0045478470927
DT.ODA.ODAT.PC.ZS,HT,2014,103.945741980647
DT.ODA.ODAT.PC.ZS,HT,2013,112.28017495047
DT.ODA.ODAT.PC.ZS,HT,2012,125.967756130331
DT.ODA.ODAT.PC.ZS,HT,2011,151.337426528071
DT.ODA.ODAT.PC.ZS,HT,2010,293.597004930532
DT.ODA.ODAT.PC.ZS,HT,2009,97.0008343628458
DT.ODA.ODAT.PC.ZS,HT,2008,83.6176835067055
DT.ODA.ODAT.PC.ZS,HT,2007,62.1081405549325
DT.ODA.ODAT.PC.ZS,HT,2006,57.3627733162777
DT.ODA.ODAT.PC.ZS,HT,2005,40.2363947017431
DT.ODA.ODAT.PC.ZS,HT,2004,31.251502686506
DT.ODA.ODAT.PC.ZS,HT,2003,21.190968418736
DT.ODA.ODAT.PC.ZS,HT,2002,17.5430572034417
DT.ODA.ODAT.PC.ZS,HT,2001,19.9759671337356
DT.ODA.ODAT.PC.ZS,HT,2000,21.7266879048887
DT.ODA.ODAT.PC.ZS,HT,1999,26.0411183698922
DT.ODA.ODAT.PC.ZS,HT,1998,43.5348617170822
DT.ODA.ODAT.PC.ZS,HT,1997,35.4761700431739
DT.ODA.ODAT.PC.ZS,HT,1996,42.6106457192602
DT.ODA.ODAT.PC.ZS,HT,1995,85.8493325559042
DT.ODA.ODAT.PC.ZS,IN,2019,1.84389982601871
DT.ODA.ODAT.PC.ZS,IN,2018,1.7983813329333
DT.ODA.ODAT.PC.ZS,IN,2017,2.36165270633423
DT.ODA.ODAT.PC.ZS,IN,2016,2.00132026825336
DT.ODA.ODAT.PC.ZS,IN,2015,2.39959972201144
DT.ODA.ODAT.PC.ZS,IN,2014,2.28864261465729
DT.ODA.ODAT.PC.ZS,IN,2013,1.90247005576116
DT.ODA.ODAT.PC.ZS,IN,2012,1.31962875405222
DT.ODA.ODAT.PC.ZS,IN,2011,2.60032193645116
DT.ODA.ODAT.PC.ZS,IN,2010,2.28220941818342
DT.ODA.ODAT.PC.ZS,IN,2009,1.62247858557919
DT.ODA.ODAT.PC.ZS,IN,2008,1.59988756854374
DT.ODA.ODAT.PC.ZS,IN,2007,1.04000887431721
DT.ODA.ODAT.PC.ZS,IN,2006,1.1801525846249
DT.ODA.ODAT.PC.ZS,IN,2005,1.62471597376408
DT.ODA.ODAT.PC.ZS,IN,2004,0.684972504822492
DT.ODA.ODAT.PC.ZS,IN,2003,0.645149693766998
DT.ODA.ODAT.PC.ZS,IN,2002,1.58261797794927
DT.ODA.ODAT.PC.ZS,IN,2001,1.60301818531939
DT.ODA.ODAT.PC.ZS,IN,2000,1.30556443852665
DT.ODA.ODAT.PC.ZS,IN,1999,1.43273419740316
DT.ODA.ODAT.PC.ZS,IN,1998,1.57518649649851
DT.ODA.ODAT.PC.ZS,IN,1997,1.64241458419056
DT.ODA.ODAT.PC.ZS,IN,1996,1.93652638691412
DT.ODA.ODAT.PC.ZS,IN,1995,1.79702111550595
DT.ODA.ODAT.PC.ZS,JO,2019,251.418805254465
DT.ODA.ODAT.PC.ZS,JO,2018,241.504082285598
DT.ODA.ODAT.PC.ZS,JO,2017,291.683678965021
DT.ODA.ODAT.PC.ZS,JO,2016,273.764590639469
DT.ODA.ODAT.PC.ZS,JO,2015,225.510277364641
DT.ODA.ODAT.PC.ZS,JO,2014,311.521345871378
DT.ODA.ODAT.PC.ZS,JO,2013,181.98360039043
DT.ODA.ODAT.PC.ZS,JO,2012,160.499443763699
DT.ODA.ODAT.PC.ZS,JO,2011,137.004601361177
DT.ODA.ODAT.PC.ZS,JO,2010,137.745557877084
DT.ODA.ODAT.PC.ZS,JO,2009,107.961180595109
DT.ODA.ODAT.PC.ZS,JO,2008,111.057456532458
DT.ODA.ODAT.PC.ZS,JO,2007,97.947664989293
DT.ODA.ODAT.PC.ZS,JO,2006,94.4063000282804
DT.ODA.ODAT.PC.ZS,JO,2005,125.005851085146
DT.ODA.ODAT.PC.ZS,JO,2004,109.28846273736
DT.ODA.ODAT.PC.ZS,JO,2003,244.846427663286
DT.ODA.ODAT.PC.ZS,JO,2002,106.666014101161
DT.ODA.ODAT.PC.ZS,JO,2001,87.2134343199603
DT.ODA.ODAT.PC.ZS,JO,2000,109.604612633145
DT.ODA.ODAT.PC.ZS,JO,1999,87.9054314136738
DT.ODA.ODAT.PC.ZS,JO,1998,85.4408693211752
DT.ODA.ODAT.PC.ZS,JO,1997,100.465497098806
DT.ODA.ODAT.PC.ZS,JO,1996,110.461222826744
DT.ODA.ODAT.PC.ZS,JO,1995,121.235161367857
DT.ODA.ODAT.PC.ZS,KE,2019,62.2537714211274
DT.ODA.ODAT.PC.ZS,KE,2018,49.8667717708048
DT.ODA.ODAT.PC.ZS,KE,2017,50.6703650580844
DT.ODA.ODAT.PC.ZS,KE,2016,45.6917208653516
DT.ODA.ODAT.PC.ZS,KE,2015,52.5823226488292
DT.ODA.ODAT.PC.ZS,KE,2014,58.0606995900839
DT.ODA.ODAT.PC.ZS,KE,2013,73.8259716005778
DT.ODA.ODAT.PC.ZS,KE,2012,60.6886448727641
DT.ODA.ODAT.PC.ZS,KE,2011,58.1403001326647
DT.ODA.ODAT.PC.ZS,KE,2010,39.2905278498736
DT.ODA.ODAT.PC.ZS,KE,2009,42.0587994154197
DT.ODA.ODAT.PC.ZS,KE,2008,31.8838747931149
DT.ODA.ODAT.PC.ZS,KE,2007,32.1278410370322
DT.ODA.ODAT.PC.ZS,KE,2006,25.501518551926
DT.ODA.ODAT.PC.ZS,KE,2005,21.1078814899814
DT.ODA.ODAT.PC.ZS,KE,2004,18.8529858750708
DT.ODA.ODAT.PC.ZS,KE,2003,15.4854779869621
DT.ODA.ODAT.PC.ZS,KE,2002,11.8432610578984
DT.ODA.ODAT.PC.ZS,KE,2001,14.8555002586642
DT.ODA.ODAT.PC.ZS,KE,2000,16.6578032569895
DT.ODA.ODAT.PC.ZS,KE,1999,10.387073588103
DT.ODA.ODAT.PC.ZS,KE,1998,14.2517999054213
DT.ODA.ODAT.PC.ZS,KE,1997,15.8174382348325
DT.ODA.ODAT.PC.ZS,KE,1996,21.5913133644392
DT.ODA.ODAT.PC.ZS,KE,1995,27.2743717035675
DT.ODA.ODAT.PC.ZS,KG,2019,68.6657797658404
DT.ODA.ODAT.PC.ZS,KG,2018,69.4201924267383
DT.ODA.ODAT.PC.ZS,KG,2017,75.016940598997
DT.ODA.ODAT.PC.ZS,KG,2016,85.4494596980632
DT.ODA.ODAT.PC.ZS,KG,2015,130.052547797119
DT.ODA.ODAT.PC.ZS,KG,2014,107.37212018237
DT.ODA.ODAT.PC.ZS,KG,2013,94.3160382206852
DT.ODA.ODAT.PC.ZS,KG,2012,83.9081877290582
DT.ODA.ODAT.PC.ZS,KG,2011,79.4001351596785
DT.ODA.ODAT.PC.ZS,KG,2010,68.2905355356967
DT.ODA.ODAT.PC.ZS,KG,2009,47.3259904282617
DT.ODA.ODAT.PC.ZS,KG,2008,54.2087365943217
DT.ODA.ODAT.PC.ZS,KG,2007,39.6780793573254
DT.ODA.ODAT.PC.ZS,KG,2006,51.8473090523137
DT.ODA.ODAT.PC.ZS,KG,2005,46.0756198654143
DT.ODA.ODAT.PC.ZS,KG,2004,40.4940558140277
DT.ODA.ODAT.PC.ZS,KG,2003,34.5607049058668
DT.ODA.ODAT.PC.ZS,KG,2002,31.7630801836338
DT.ODA.ODAT.PC.ZS,KG,2001,26.1713611795404
DT.ODA.ODAT.PC.ZS,KG,2000,39.4720737594962
DT.ODA.ODAT.PC.ZS,KG,1999,42.0564431295387
DT.ODA.ODAT.PC.ZS,KG,1998,41.1427986399386
DT.ODA.ODAT.PC.ZS,KG,1997,39.962522927302
DT.ODA.ODAT.PC.ZS,KG,1996,44.1253987830652
DT.ODA.ODAT.PC.ZS,KG,1995,53.6509951251963
DT.ODA.ODAT.PC.ZS,KH,2019,59.628279122921
DT.ODA.ODAT.PC.ZS,KH,2018,48.885390932357
DT.ODA.ODAT.PC.ZS,KH,2017,54.0886129318582
DT.ODA.ODAT.PC.ZS,KH,2016,46.6220420464974
DT.ODA.ODAT.PC.ZS,KH,2015,44.0433899808253
DT.ODA.ODAT.PC.ZS,KH,2014,52.7703405198932
DT.ODA.ODAT.PC.ZS,KH,2013,53.8818068336948
DT.ODA.ODAT.PC.ZS,KH,2012,54.6229571046165
DT.ODA.ODAT.PC.ZS,KH,2011,47.4787616484576
DT.ODA.ODAT.PC.ZS,KH,2010,47.4145201909491
DT.ODA.ODAT.PC.ZS,KH,2009,42.9726738099594
DT.ODA.ODAT.PC.ZS,KH,2008,41.5414983252878
DT.ODA.ODAT.PC.ZS,KH,2007,42.5482224284237
DT.ODA.ODAT.PC.ZS,KH,2006,35.3433608091894
DT.ODA.ODAT.PC.ZS,KH,2005,34.1899487510465
DT.ODA.ODAT.PC.ZS,KH,2004,31.2698515595224
DT.ODA.ODAT.PC.ZS,KH,2003,34.6551496446282
DT.ODA.ODAT.PC.ZS,KH,2002,32.4229560594023
DT.ODA.ODAT.PC.ZS,KH,2001,29.7450388193019
DT.ODA.ODAT.PC.ZS,KH,2000,28.5142776903001
DT.ODA.ODAT.PC.ZS,KH,1999,21.118570180243
DT.ODA.ODAT.PC.ZS,KH,1998,26.4236834102552
DT.ODA.ODAT.PC.ZS,KH,1997,28.4038011061326
DT.ODA.ODAT.PC.ZS,KH,1996,34.3810552687246
DT.ODA.ODAT.PC.ZS,KH,1995,46.3005348374276
DT.ODA.ODAT.PC.ZS,KI,2019,456.049129091138
DT.ODA.ODAT.PC.ZS,KI,2018,654.583217700632
DT.ODA.ODAT.PC.ZS,KI,2017,640.983047189968
DT.ODA.ODAT.PC.ZS,KI,2016,513.361404677866
DT.ODA.ODAT.PC.ZS,KI,2015,556.521861998357
DT.ODA.ODAT.PC.ZS,KI,2014,701.482833953206
DT.ODA.ODAT.PC.ZS,KI,2013,573.554181533739
DT.ODA.ODAT.PC.ZS,KI,2012,588.345949299802
DT.ODA.ODAT.PC.ZS,KI,2011,587.416160001523
DT.ODA.ODAT.PC.ZS,KI,2010,220.102786774978
DT.ODA.ODAT.PC.ZS,KI,2009,237.273101046552
DT.ODA.ODAT.PC.ZS,KI,2008,259.507911646464
DT.ODA.ODAT.PC.ZS,KI,2007,269.711173051254
DT.ODA.ODAT.PC.ZS,KI,2006,254.988364235322
DT.ODA.ODAT.PC.ZS,KI,2005,271.382578029098
DT.ODA.ODAT.PC.ZS,KI,2004,151.313605957107
DT.ODA.ODAT.PC.ZS,KI,2003,172.106631272256
DT.ODA.ODAT.PC.ZS,KI,2002,217.74892683153
DT.ODA.ODAT.PC.ZS,KI,2001,122.278553145599
DT.ODA.ODAT.PC.ZS,KI,2000,190.597351059102
DT.ODA.ODAT.PC.ZS,KI,1999,240.351012638893
DT.ODA.ODAT.PC.ZS,KI,1998,203.018473006164
DT.ODA.ODAT.PC.ZS,KI,1997,186.5777807828
DT.ODA.ODAT.PC.ZS,KI,1996,155.616191125686
DT.ODA.ODAT.PC.ZS,KI,1995,178.323777726969
DT.ODA.ODAT.PC.ZS,LA,2019,86.1848917810531
DT.ODA.ODAT.PC.ZS,LA,2018,82.8627013452733
DT.ODA.ODAT.PC.ZS,LA,2017,68.6432813295103
DT.ODA.ODAT.PC.ZS,LA,2016,57.9653098313175
DT.ODA.ODAT.PC.ZS,LA,2015,69.4063525970463
DT.ODA.ODAT.PC.ZS,LA,2014,70.8993909885257
DT.ODA.ODAT.PC.ZS,LA,2013,64.133696874119
DT.ODA.ODAT.PC.ZS,LA,2012,63.0991615827105
DT.ODA.ODAT.PC.ZS,LA,2011,57.9693042775144
DT.ODA.ODAT.PC.ZS,LA,2010,61.5505714559876
DT.ODA.ODAT.PC.ZS,LA,2009,54.9941950152832
DT.ODA.ODAT.PC.ZS,LA,2008,68.1403972651134
DT.ODA.ODAT.PC.ZS,LA,2007,51.1028351596908
DT.ODA.ODAT.PC.ZS,LA,2006,51.6665576800657
DT.ODA.ODAT.PC.ZS,LA,2005,41.2252229698996
DT.ODA.ODAT.PC.ZS,LA,2004,40.0439161569939
DT.ODA.ODAT.PC.ZS,LA,2003,44.5890490210509
DT.ODA.ODAT.PC.ZS,LA,2002,41.8044556475797
DT.ODA.ODAT.PC.ZS,LA,2001,37.0726208624503
DT.ODA.ODAT.PC.ZS,LA,2000,43.015342269502
DT.ODA.ODAT.PC.ZS,LA,1999,46.96954626023
DT.ODA.ODAT.PC.ZS,LA,1998,40.4580054323844
DT.ODA.ODAT.PC.ZS,LA,1997,47.2241920606234
DT.ODA.ODAT.PC.ZS,LA,1996,49.261347679739
DT.ODA.ODAT.PC.ZS,LA,1995,50.0199700819216
DT.ODA.ODAT.PC.ZS,LB,2019,213.849852814564
DT.ODA.ODAT.PC.ZS,LB,2018,239.008322831139
DT.ODA.ODAT.PC.ZS,LB,2017,213.289620245244
DT.ODA.ODAT.PC.ZS,LB,2016,180.445552895984
DT.ODA.ODAT.PC.ZS,LB,2015,150.901553280944
DT.ODA.ODAT.PC.ZS,LB,2014,130.842407412129
DT.ODA.ODAT.PC.ZS,LB,2013,109.458757693403
DT.ODA.ODAT.PC.ZS,LB,2012,137.414775648986
DT.ODA.ODAT.PC.ZS,LB,2011,94.2487041242704
DT.ODA.ODAT.PC.ZS,LB,2010,89.0928372508689
DT.ODA.ODAT.PC.ZS,LB,2009,111.281548716229
DT.ODA.ODAT.PC.ZS,LB,2008,218.585224597684
DT.ODA.ODAT.PC.ZS,LB,2007,203.544648691354
DT.ODA.ODAT.PC.ZS,LB,2006,173.530419102615
DT.ODA.ODAT.PC.ZS,LB,2005,49.6915388311425
DT.ODA.ODAT.PC.ZS,LB,2004,58.2911139942896
DT.ODA.ODAT.PC.ZS,LB,2003,118.682113273318
DT.ODA.ODAT.PC.ZS,LB,2002,45.8815670600088
DT.ODA.ODAT.PC.ZS,LB,2001,45.3317235989937
DT.ODA.ODAT.PC.ZS,LB,2000,46.5648397718223
DT.ODA.ODAT.PC.ZS,LB,1999,45.7668421576454
DT.ODA.ODAT.PC.ZS,LB,1998,81.5620014272731
DT.ODA.ODAT.PC.ZS,LB,1997,63.5999383171079
DT.ODA.ODAT.PC.ZS,LB,1996,58.3157718825653
DT.ODA.ODAT.PC.ZS,LB,1995,48.3099456733776
DT.ODA.ODAT.PC.ZS,LR,2019,116.587016460455
DT.ODA.ODAT.PC.ZS,LR,2018,121.477298953393
DT.ODA.ODAT.PC.ZS,LR,2017,131.673674054867
DT.ODA.ODAT.PC.ZS,LR,2016,174.067808775676
DT.ODA.ODAT.PC.ZS,LR,2015,237.290089440172
DT.ODA.ODAT.PC.ZS,LR,2014,165.860591799056
DT.ODA.ODAT.PC.ZS,LR,2013,121.050847924188
DT.ODA.ODAT.PC.ZS,LR,2012,130.827340046415
DT.ODA.ODAT.PC.ZS,LR,2011,182.306303289765
DT.ODA.ODAT.PC.ZS,LR,2010,352.270021202113
DT.ODA.ODAT.PC.ZS,LR,2009,119.910907975851
DT.ODA.ODAT.PC.ZS,LR,2008,329.240819980552
DT.ODA.ODAT.PC.ZS,LR,2007,81.1976638076777
DT.ODA.ODAT.PC.ZS,LR,2006,75.5079672935148
DT.ODA.ODAT.PC.ZS,LR,2005,67.993990890627
DT.ODA.ODAT.PC.ZS,LR,2004,68.3406313668889
DT.ODA.ODAT.PC.ZS,LR,2003,34.610700527749
DT.ODA.ODAT.PC.ZS,LR,2002,17.9670717001694
DT.ODA.ODAT.PC.ZS,LR,2001,12.9056144595996
DT.ODA.ODAT.PC.ZS,LR,2000,23.2866258945578
DT.ODA.ODAT.PC.ZS,LR,1999,33.6769361723435
DT.ODA.ODAT.PC.ZS,LR,1998,27.2769563567812
DT.ODA.ODAT.PC.ZS,LR,1997,31.7584871570538
DT.ODA.ODAT.PC.ZS,LR,1996,78.3451279053057
DT.ODA.ODAT.PC.ZS,LR,1995,57.4583338269122
DT.ODA.ODAT.PC.ZS,LK,2019,8.79236788277952
DT.ODA.ODAT.PC.ZS,LK,2018,-11.4111674563589
DT.ODA.ODAT.PC.ZS,LK,2017,14.7009235365432
DT.ODA.ODAT.PC.ZS,LK,2016,17.4311033958285
DT.ODA.ODAT.PC.ZS,LK,2015,20.856555715518
DT.ODA.ODAT.PC.ZS,LK,2014,23.1470138282167
DT.ODA.ODAT.PC.ZS,LK,2013,19.0788694241848
DT.ODA.ODAT.PC.ZS,LK,2012,23.3547401130856
DT.ODA.ODAT.PC.ZS,LK,2011,29.3694900578803
DT.ODA.ODAT.PC.ZS,LK,2010,27.0260776722569
DT.ODA.ODAT.PC.ZS,LK,2009,22.739437704025
DT.ODA.ODAT.PC.ZS,LK,2008,27.0151663189207
DT.ODA.ODAT.PC.ZS,LK,2007,21.584115314637
DT.ODA.ODAT.PC.ZS,LK,2006,34.4733604213975
DT.ODA.ODAT.PC.ZS,LK,2005,52.8498064267404
DT.ODA.ODAT.PC.ZS,LK,2004,20.9513071364874
DT.ODA.ODAT.PC.ZS,LK,2003,27.2447323780088
DT.ODA.ODAT.PC.ZS,LK,2002,13.0753930183124
DT.ODA.ODAT.PC.ZS,LK,2001,14.0568776857143
DT.ODA.ODAT.PC.ZS,LK,2000,11.8462717143681
DT.ODA.ODAT.PC.ZS,LK,1999,9.74643789152274
DT.ODA.ODAT.PC.ZS,LK,1998,17.3225304759888
DT.ODA.ODAT.PC.ZS,LK,1997,13.7562090775878
DT.ODA.ODAT.PC.ZS,LK,1996,18.975025219134
DT.ODA.ODAT.PC.ZS,LK,1995,25.9369073724864
DT.ODA.ODAT.PC.ZS,LS,2019,63.0003483039073
DT.ODA.ODAT.PC.ZS,LS,2018,69.953960550276
DT.ODA.ODAT.PC.ZS,LS,2017,67.1053454672607
DT.ODA.ODAT.PC.ZS,LS,2016,52.2745759517471
DT.ODA.ODAT.PC.ZS,LS,2015,40.8256504720838
DT.ODA.ODAT.PC.ZS,LS,2014,51.1492219843555
DT.ODA.ODAT.PC.ZS,LS,2013,154.618826025131
DT.ODA.ODAT.PC.ZS,LS,2012,134.451545061476
DT.ODA.ODAT.PC.ZS,LS,2011,126.011133763434
DT.ODA.ODAT.PC.ZS,LS,2010,126.585276256976
DT.ODA.ODAT.PC.ZS,LS,2009,55.2566740991256
DT.ODA.ODAT.PC.ZS,LS,2008,62.450687733465
DT.ODA.ODAT.PC.ZS,LS,2007,59.1238043741967
DT.ODA.ODAT.PC.ZS,LS,2006,36.0131134680674
DT.ODA.ODAT.PC.ZS,LS,2005,34.6106866516267
DT.ODA.ODAT.PC.ZS,LS,2004,48.0058253509617
DT.ODA.ODAT.PC.ZS,LS,2003,39.7033648532225
DT.ODA.ODAT.PC.ZS,LS,2002,38.5475291033845
DT.ODA.ODAT.PC.ZS,LS,2001,27.7823202599187
DT.ODA.ODAT.PC.ZS,LS,2000,18.5977385353694
DT.ODA.ODAT.PC.ZS,LS,1999,15.8807126695663
DT.ODA.ODAT.PC.ZS,LS,1998,31.148662206031
DT.ODA.ODAT.PC.ZS,LS,1997,46.380904320572
DT.ODA.ODAT.PC.ZS,LS,1996,52.7901921461088
DT.ODA.ODAT.PC.ZS,LS,1995,58.2447777603081
DT.ODA.ODAT.PC.ZS,MA,2019,20.7071276238859
DT.ODA.ODAT.PC.ZS,MA,2018,22.7761388209538
DT.ODA.ODAT.PC.ZS,MA,2017,68.3301068063456
DT.ODA.ODAT.PC.ZS,MA,2016,58.7428302253383
DT.ODA.ODAT.PC.ZS,MA,2015,43.7791227929251
DT.ODA.ODAT.PC.ZS,MA,2014,65.4085044678684
DT.ODA.ODAT.PC.ZS,MA,2013,59.4204266056968
DT.ODA.ODAT.PC.ZS,MA,2012,44.1089754877055
DT.ODA.ODAT.PC.ZS,MA,2011,43.7713702108198
DT.ODA.ODAT.PC.ZS,MA,2010,30.3558939795376
DT.ODA.ODAT.PC.ZS,MA,2009,32.9277541334987
DT.ODA.ODAT.PC.ZS,MA,2008,45.9838887005845
DT.ODA.ODAT.PC.ZS,MA,2007,39.0805977139459
DT.ODA.ODAT.PC.ZS,MA,2006,35.7256589800662
DT.ODA.ODAT.PC.ZS,MA,2005,24.0747362635578
DT.ODA.ODAT.PC.ZS,MA,2004,25.9913004586082
DT.ODA.ODAT.PC.ZS,MA,2003,19.7021238351708
DT.ODA.ODAT.PC.ZS,MA,2002,12.4357480851252
DT.ODA.ODAT.PC.ZS,MA,2001,17.0704580113754
DT.ODA.ODAT.PC.ZS,MA,2000,15.667629852785
DT.ODA.ODAT.PC.ZS,MA,1999,24.2020113939539
DT.ODA.ODAT.PC.ZS,MA,1998,19.1138948943675
DT.ODA.ODAT.PC.ZS,MA,1997,17.2120292929568
DT.ODA.ODAT.PC.ZS,MA,1996,24.0596981111724
DT.ODA.ODAT.PC.ZS,MA,1995,18.8187185330315
DT.ODA.ODAT.PC.ZS,MG,2019,26.5974079652027
DT.ODA.ODAT.PC.ZS,MG,2018,28.1231764556047
DT.ODA.ODAT.PC.ZS,MG,2017,29.7689572873436
DT.ODA.ODAT.PC.ZS,MG,2016,24.3738316659835
DT.ODA.ODAT.PC.ZS,MG,2015,27.2629837394147
DT.ODA.ODAT.PC.ZS,MG,2014,24.2864460683801
DT.ODA.ODAT.PC.ZS,MG,2013,21.1666293715174
DT.ODA.ODAT.PC.ZS,MG,2012,16.0448549799347
DT.ODA.ODAT.PC.ZS,MG,2011,20.014177400182
DT.ODA.ODAT.PC.ZS,MG,2010,21.9644210319028
DT.ODA.ODAT.PC.ZS,MG,2009,18.8993828365911
DT.ODA.ODAT.PC.ZS,MG,2008,30.7873814613708
DT.ODA.ODAT.PC.ZS,MG,2007,34.5360830814706
DT.ODA.ODAT.PC.ZS,MG,2006,40.5373567170477
DT.ODA.ODAT.PC.ZS,MG,2005,48.7516862428542
DT.ODA.ODAT.PC.ZS,MG,2004,68.6283233539164
DT.ODA.ODAT.PC.ZS,MG,2003,30.7690389838342
DT.ODA.ODAT.PC.ZS,MG,2002,21.7256237701937
DT.ODA.ODAT.PC.ZS,MG,2001,22.4139741149387
DT.ODA.ODAT.PC.ZS,MG,2000,20.0093356538395
DT.ODA.ODAT.PC.ZS,MG,1999,23.0368485084239
DT.ODA.ODAT.PC.ZS,MG,1998,31.7796938487658
DT.ODA.ODAT.PC.ZS,MG,1997,56.6801191475549
DT.ODA.ODAT.PC.ZS,MG,1996,24.7732594385431
DT.ODA.ODAT.PC.ZS,MG,1995,21.588220094292
DT.ODA.ODAT.PC.ZS,ML,2019,88.2876715910529
DT.ODA.ODAT.PC.ZS,ML,2018,78.1030791107337
DT.ODA.ODAT.PC.ZS,ML,2017,70.4279973411369
DT.ODA.ODAT.PC.ZS,ML,2016,64.4445542243017
DT.ODA.ODAT.PC.ZS,ML,2015,66.3416432629196
DT.ODA.ODAT.PC.ZS,ML,2014,70.4109538660967
DT.ODA.ODAT.PC.ZS,ML,2013,82.1875621819394
DT.ODA.ODAT.PC.ZS,ML,2012,60.2845223218487
DT.ODA.ODAT.PC.ZS,ML,2011,79.0299885968926
DT.ODA.ODAT.PC.ZS,ML,2010,70.2844509918134
DT.ODA.ODAT.PC.ZS,ML,2009,54.4648360051315
DT.ODA.ODAT.PC.ZS,ML,2008,58.7322605623464
DT.ODA.ODAT.PC.ZS,ML,2007,61.8191471335894
DT.ODA.ODAT.PC.ZS,ML,2006,63.8013283189026
DT.ODA.ODAT.PC.ZS,ML,2005,54.9741833141474
DT.ODA.ODAT.PC.ZS,ML,2004,45.8986995990015
DT.ODA.ODAT.PC.ZS,ML,2003,45.0674561933623
DT.ODA.ODAT.PC.ZS,ML,2002,35.1787812073905
DT.ODA.ODAT.PC.ZS,ML,2001,30.3647560800626
DT.ODA.ODAT.PC.ZS,ML,2000,25.6283850945838
DT.ODA.ODAT.PC.ZS,ML,1999,32.4622370508471
DT.ODA.ODAT.PC.ZS,ML,1998,32.6557905672033
DT.ODA.ODAT.PC.ZS,ML,1997,41.4439146591325
DT.ODA.ODAT.PC.ZS,ML,1996,48.3788552151721
DT.ODA.ODAT.PC.ZS,ML,1995,54.4708046455896
DT.ODA.ODAT.PC.ZS,MM,2019,38.5318970865799
DT.ODA.ODAT.PC.ZS,MM,2018,32.5036932891923
DT.ODA.ODAT.PC.ZS,MM,2017,29.4968235045038
DT.ODA.ODAT.PC.ZS,MM,2016,29.6124585568422
DT.ODA.ODAT.PC.ZS,MM,2015,22.6963941713174
DT.ODA.ODAT.PC.ZS,MM,2014,27.1077722029452
DT.ODA.ODAT.PC.ZS,MM,2013,77.7147006886248
DT.ODA.ODAT.PC.ZS,MM,2012,10.0467589336273
DT.ODA.ODAT.PC.ZS,MM,2011,7.6303576567525
DT.ODA.ODAT.PC.ZS,MM,2010,7.18592657890816
DT.ODA.ODAT.PC.ZS,MM,2009,7.26214261560443
DT.ODA.ODAT.PC.ZS,MM,2008,10.9705656828695
DT.ODA.ODAT.PC.ZS,MM,2007,4.04350053142335
DT.ODA.ODAT.PC.ZS,MM,2006,3.030052746619
DT.ODA.ODAT.PC.ZS,MM,2005,3.034711517935
DT.ODA.ODAT.PC.ZS,MM,2004,2.60781684612634
DT.ODA.ODAT.PC.ZS,MM,2003,2.66429153536881
DT.ODA.ODAT.PC.ZS,MM,2002,2.56087370435338
DT.ODA.ODAT.PC.ZS,MM,2001,2.73107624418584
DT.ODA.ODAT.PC.ZS,MM,2000,2.31980388279588
DT.ODA.ODAT.PC.ZS,MM,1999,1.79944625128088
DT.ODA.ODAT.PC.ZS,MM,1998,1.62704868589201
DT.ODA.ODAT.PC.ZS,MM,1997,1.38815466797991
DT.ODA.ODAT.PC.ZS,MM,1996,1.13809681991614
DT.ODA.ODAT.PC.ZS,MM,1995,3.74182138454908
DT.ODA.ODAT.PC.ZS,MZ,2019,60.8021752160042
DT.ODA.ODAT.PC.ZS,MZ,2018,61.9755172514565
DT.ODA.ODAT.PC.ZS,MZ,2017,63.2175465323354
DT.ODA.ODAT.PC.ZS,MZ,2016,55.3777700133822
DT.ODA.ODAT.PC.ZS,MZ,2015,67.7682570549475
DT.ODA.ODAT.PC.ZS,MZ,2014,80.8799857998167
DT.ODA.ODAT.PC.ZS,MZ,2013,91.5857986595802
DT.ODA.ODAT.PC.ZS,MZ,2012,84.6019626484544
DT.ODA.ODAT.PC.ZS,MZ,2011,86.9290140399082
DT.ODA.ODAT.PC.ZS,MZ,2010,84.2139781639404
DT.ODA.ODAT.PC.ZS,MZ,2009,80.2450121235041
DT.ODA.ODAT.PC.ZS,MZ,2008,78.4305425274331
DT.ODA.ODAT.PC.ZS,MZ,2007,71.4837072272412
DT.ODA.ODAT.PC.ZS,MZ,2006,79.1831291812585
DT.ODA.ODAT.PC.ZS,MZ,2005,63.8193414450861
DT.ODA.ODAT.PC.ZS,MZ,2004,63.1798553946346
DT.ODA.ODAT.PC.ZS,MZ,2003,54.700238483865
DT.ODA.ODAT.PC.ZS,MZ,2002,118.607997968408
DT.ODA.ODAT.PC.ZS,MZ,2001,52.7679576753803
DT.ODA.ODAT.PC.ZS,MZ,2000,51.0673247213785
DT.ODA.ODAT.PC.ZS,MZ,1999,47.2185393525128
DT.ODA.ODAT.PC.ZS,MZ,1998,61.4511592622953
DT.ODA.ODAT.PC.ZS,MZ,1997,57.3917117833863
DT.ODA.ODAT.PC.ZS,MZ,1996,55.1464322713915
DT.ODA.ODAT.PC.ZS,MZ,1995,68.1886249897203
DT.ODA.ODAT.PC.ZS,MR,2019,90.4616028800762
DT.ODA.ODAT.PC.ZS,MR,2018,104.996544759307
DT.ODA.ODAT.PC.ZS,MR,2017,70.1223412547979
DT.ODA.ODAT.PC.ZS,MR,2016,75.8362144034752
DT.ODA.ODAT.PC.ZS,MR,2015,83.4874871282083
DT.ODA.ODAT.PC.ZS,MR,2014,67.8371552927549
DT.ODA.ODAT.PC.ZS,MR,2013,78.7451826841745
DT.ODA.ODAT.PC.ZS,MR,2012,112.700020198746
DT.ODA.ODAT.PC.ZS,MR,2011,108.312437974928
DT.ODA.ODAT.PC.ZS,MR,2010,109.259905391979
DT.ODA.ODAT.PC.ZS,MR,2009,101.359891958414
DT.ODA.ODAT.PC.ZS,MR,2008,126.881338654566
DT.ODA.ODAT.PC.ZS,MR,2007,87.946501590575
DT.ODA.ODAT.PC.ZS,MR,2006,70.2057546921112
DT.ODA.ODAT.PC.ZS,MR,2005,62.6751128854978
DT.ODA.ODAT.PC.ZS,MR,2004,66.10047403255
DT.ODA.ODAT.PC.ZS,MR,2003,90.4684403024549
DT.ODA.ODAT.PC.ZS,MR,2002,128.8087341067
DT.ODA.ODAT.PC.ZS,MR,2001,102.37440640996
DT.ODA.ODAT.PC.ZS,MR,2000,82.9795012780368
DT.ODA.ODAT.PC.ZS,MR,1999,84.9801809380492
DT.ODA.ODAT.PC.ZS,MR,1998,65.0303609409884
DT.ODA.ODAT.PC.ZS,MR,1997,96.2331942416344
DT.ODA.ODAT.PC.ZS,MR,1996,112.099882829194
DT.ODA.ODAT.PC.ZS,MR,1995,96.721434335475
DT.ODA.ODAT.PC.ZS,MW,2019,61.8852562686276
DT.ODA.ODAT.PC.ZS,MW,2018,69.6487476988029
DT.ODA.ODAT.PC.ZS,MW,2017,85.0179393046958
DT.ODA.ODAT.PC.ZS,MW,2016,71.333839301111
DT.ODA.ODAT.PC.ZS,MW,2015,61.9755383085986
DT.ODA.ODAT.PC.ZS,MW,2014,56.5094000767164
DT.ODA.ODAT.PC.ZS,MW,2013,70.6749423207583
DT.ODA.ODAT.PC.ZS,MW,2012,75.148653608089
DT.ODA.ODAT.PC.ZS,MW,2011,52.7053396933147
DT.ODA.ODAT.PC.ZS,MW,2010,69.0868882266006
DT.ODA.ODAT.PC.ZS,MW,2009,48.3945227681602
DT.ODA.ODAT.PC.ZS,MW,2008,62.8024632864406
DT.ODA.ODAT.PC.ZS,MW,2007,49.343989377034
DT.ODA.ODAT.PC.ZS,MW,2006,55.1039089965792
DT.ODA.ODAT.PC.ZS,MW,2005,44.9722369584096
DT.ODA.ODAT.PC.ZS,MW,2004,40.8835735432747
DT.ODA.ODAT.PC.ZS,MW,2003,42.9824215510401
DT.ODA.ODAT.PC.ZS,MW,2002,32.2236882923969
DT.ODA.ODAT.PC.ZS,MW,2001,35.7515012502603
DT.ODA.ODAT.PC.ZS,MW,2000,39.9086783540797
DT.ODA.ODAT.PC.ZS,MW,1999,40.7127565282107
DT.ODA.ODAT.PC.ZS,MW,1998,40.5014465166017
DT.ODA.ODAT.PC.ZS,MW,1997,32.7319077121468
DT.ODA.ODAT.PC.ZS,MW,1996,47.7705902689874
DT.ODA.ODAT.PC.ZS,MW,1995,43.0285703456325
DT.ODA.ODAT.PC.ZS,NE,2019,61.4040817185145
DT.ODA.ODAT.PC.ZS,NE,2018,57.9570642020763
DT.ODA.ODAT.PC.ZS,NE,2017,56.3393295445572
DT.ODA.ODAT.PC.ZS,NE,2016,45.5258426828372
DT.ODA.ODAT.PC.ZS,NE,2015,43.1992578906633
DT.ODA.ODAT.PC.ZS,NE,2014,47.3765933318485
DT.ODA.ODAT.PC.ZS,NE,2013,42.7433379010736
DT.ODA.ODAT.PC.ZS,NE,2012,49.6334974832885
DT.ODA.ODAT.PC.ZS,NE,2011,37.3005731207526
DT.ODA.ODAT.PC.ZS,NE,2010,44.5338993797951
DT.ODA.ODAT.PC.ZS,NE,2009,26.888159152005
DT.ODA.ODAT.PC.ZS,NE,2008,35.8113040262
DT.ODA.ODAT.PC.ZS,NE,2007,31.2507703162874
DT.ODA.ODAT.PC.ZS,NE,2006,37.7259773391725
DT.ODA.ODAT.PC.ZS,NE,2005,37.754000954259
DT.ODA.ODAT.PC.ZS,NE,2004,41.0477080244037
DT.ODA.ODAT.PC.ZS,NE,2003,37.2860878297897
DT.ODA.ODAT.PC.ZS,NE,2002,23.7474084897563
DT.ODA.ODAT.PC.ZS,NE,2001,21.5252892620684
DT.ODA.ODAT.PC.ZS,NE,2000,18.0001752363909
DT.ODA.ODAT.PC.ZS,NE,1999,16.6736875000466
DT.ODA.ODAT.PC.ZS,NE,1998,26.9315661780917
DT.ODA.ODAT.PC.ZS,NE,1997,31.7537286532179
DT.ODA.ODAT.PC.ZS,NE,1996,24.8336514363187
DT.ODA.ODAT.PC.ZS,NE,1995,27.7554810065091
DT.ODA.ODAT.PC.ZS,NG,2019,16.1108585446768
DT.ODA.ODAT.PC.ZS,NG,2018,16.6505852007272
DT.ODA.ODAT.PC.ZS,NG,2017,17.3458454480706
DT.ODA.ODAT.PC.ZS,NG,2016,13.2412708902667
DT.ODA.ODAT.PC.ZS,NG,2015,13.2151942451426
DT.ODA.ODAT.PC.ZS,NG,2014,13.8176702767522
DT.ODA.ODAT.PC.ZS,NG,2013,14.3977321130703
DT.ODA.ODAT.PC.ZS,NG,2012,11.2662030589464
DT.ODA.ODAT.PC.ZS,NG,2011,10.9381060204552
DT.ODA.ODAT.PC.ZS,NG,2010,12.7513123822781
DT.ODA.ODAT.PC.ZS,NG,2009,7.42861782413353
DT.ODA.ODAT.PC.ZS,NG,2008,6.30439817465517
DT.ODA.ODAT.PC.ZS,NG,2007,11.0807561376477
DT.ODA.ODAT.PC.ZS,NG,2006,79.2072240964622
DT.ODA.ODAT.PC.ZS,NG,2005,45.5673509818143
DT.ODA.ODAT.PC.ZS,NG,2004,4.23210996740178
DT.ODA.ODAT.PC.ZS,NG,2003,2.3276026840178
DT.ODA.ODAT.PC.ZS,NG,2002,2.31164525971919
DT.ODA.ODAT.PC.ZS,NG,2001,1.33029286405017
DT.ODA.ODAT.PC.ZS,NG,2000,1.41471059231537
DT.ODA.ODAT.PC.ZS,NG,1999,1.26980482103212
DT.ODA.ODAT.PC.ZS,NG,1998,1.74255787136766
DT.ODA.ODAT.PC.ZS,NG,1997,1.75619933444483
DT.ODA.ODAT.PC.ZS,NG,1996,1.70112196451459
DT.ODA.ODAT.PC.ZS,NG,1995,1.94994608637594
DT.ODA.ODAT.PC.ZS,NI,2019,58.2374583410452
DT.ODA.ODAT.PC.ZS,NI,2018,53.8416677180439
DT.ODA.ODAT.PC.ZS,NI,2017,86.8123214043953
DT.ODA.ODAT.PC.ZS,NI,2016,67.4540865982121
DT.ODA.ODAT.PC.ZS,NI,2015,72.7018954738394
DT.ODA.ODAT.PC.ZS,NI,2014,69.6074353739403
DT.ODA.ODAT.PC.ZS,NI,2013,81.0212911788874
DT.ODA.ODAT.PC.ZS,NI,2012,88.2697226538256
DT.ODA.ODAT.PC.ZS,NI,2011,90.2945278047741
DT.ODA.ODAT.PC.ZS,NI,2010,87.2922171092657
DT.ODA.ODAT.PC.ZS,NI,2009,102.544969456589
DT.ODA.ODAT.PC.ZS,NI,2008,111.458956698303
DT.ODA.ODAT.PC.ZS,NI,2007,120.667977894498
DT.ODA.ODAT.PC.ZS,NI,2006,112.815786215105
DT.ODA.ODAT.PC.ZS,NI,2005,120.327904889333
DT.ODA.ODAT.PC.ZS,NI,2004,205.136332858794
DT.ODA.ODAT.PC.ZS,NI,2003,138.518023433781
DT.ODA.ODAT.PC.ZS,NI,2002,79.110008344718
DT.ODA.ODAT.PC.ZS,NI,2001,158.888408432237
DT.ODA.ODAT.PC.ZS,NI,2000,97.9715485051753
DT.ODA.ODAT.PC.ZS,NI,1999,118.367214066236
DT.ODA.ODAT.PC.ZS,NI,1998,101.418179921654
DT.ODA.ODAT.PC.ZS,NI,1997,72.3371634955723
DT.ODA.ODAT.PC.ZS,NI,1996,183.559479134502
DT.ODA.ODAT.PC.ZS,NI,1995,120.516426088622
DT.ODA.ODAT.PC.ZS,NP,2019,46.2214597623092
DT.ODA.ODAT.PC.ZS,NP,2018,50.9480007849225
DT.ODA.ODAT.PC.ZS,NP,2017,45.0495274922949
DT.ODA.ODAT.PC.ZS,NP,2016,38.2072751676831
DT.ODA.ODAT.PC.ZS,NP,2015,44.3471759715342
DT.ODA.ODAT.PC.ZS,NP,2014,32.1832567146969
DT.ODA.ODAT.PC.ZS,NP,2013,31.894829095347
DT.ODA.ODAT.PC.ZS,NP,2012,28.1617434477069
DT.ODA.ODAT.PC.ZS,NP,2011,27.4814436377983
DT.ODA.ODAT.PC.ZS,NP,2010,28.2513146456513
DT.ODA.ODAT.PC.ZS,NP,2009,21.9370003674644
DT.ODA.ODAT.PC.ZS,NP,2008,20.5107260710755
DT.ODA.ODAT.PC.ZS,NP,2007,18.7522075298721
DT.ODA.ODAT.PC.ZS,NP,2006,17.0636337950528
DT.ODA.ODAT.PC.ZS,NP,2005,15.4928022361835
DT.ODA.ODAT.PC.ZS,NP,2004,16.5228650193195
DT.ODA.ODAT.PC.ZS,NP,2003,17.6335173915202
DT.ODA.ODAT.PC.ZS,NP,2002,13.2045495653789
DT.ODA.ODAT.PC.ZS,NP,2001,13.9372903420662
DT.ODA.ODAT.PC.ZS,NP,2000,12.6728960375568
DT.ODA.ODAT.PC.ZS,NP,1999,12.1040513047373
DT.ODA.ODAT.PC.ZS,NP,1998,12.9825656121507
DT.ODA.ODAT.PC.ZS,NP,1997,13.563350699843
DT.ODA.ODAT.PC.ZS,NP,1996,14.5426811429515
DT.ODA.ODAT.PC.ZS,NP,1995,17.0643470585359
DT.ODA.ODAT.PC.ZS,PK,2019,8.99847970717314
DT.ODA.ODAT.PC.ZS,PK,2018,6.31197654390817
DT.ODA.ODAT.PC.ZS,PK,2017,10.9265819795419
DT.ODA.ODAT.PC.ZS,PK,2016,13.8676609610883
DT.ODA.ODAT.PC.ZS,PK,2015,17.8415535114083
DT.ODA.ODAT.PC.ZS,PK,2014,17.3627457469834
DT.ODA.ODAT.PC.ZS,PK,2013,10.6871336609282
DT.ODA.ODAT.PC.ZS,PK,2012,9.97696117430572
DT.ODA.ODAT.PC.ZS,PK,2011,18.702461732536
DT.ODA.ODAT.PC.ZS,PK,2010,15.0842998804661
DT.ODA.ODAT.PC.ZS,PK,2009,7.28727383164562
DT.ODA.ODAT.PC.ZS,PK,2008,5.74903896272666
DT.ODA.ODAT.PC.ZS,PK,2007,6.10967666090488
DT.ODA.ODAT.PC.ZS,PK,2006,11.5657336711258
DT.ODA.ODAT.PC.ZS,PK,2005,8.46867112404578
DT.ODA.ODAT.PC.ZS,PK,2004,7.77920155325973
DT.ODA.ODAT.PC.ZS,PK,2003,6.25132254052442
DT.ODA.ODAT.PC.ZS,PK,2002,11.9534270216739
DT.ODA.ODAT.PC.ZS,PK,2001,11.2120054597568
DT.ODA.ODAT.PC.ZS,PK,2000,3.56040853603833
DT.ODA.ODAT.PC.ZS,PK,1999,4.0992164752415
DT.ODA.ODAT.PC.ZS,PK,1998,5.67481499534342
DT.ODA.ODAT.PC.ZS,PK,1997,4.82720364823729
DT.ODA.ODAT.PC.ZS,PK,1996,5.00784021196954
DT.ODA.ODAT.PC.ZS,PK,1995,3.76088872544757
DT.ODA.ODAT.PC.ZS,PH,2019,8.02920424036094
DT.ODA.ODAT.PC.ZS,PH,2018,5.04196272689212
DT.ODA.ODAT.PC.ZS,PH,2017,1.50348744102692
DT.ODA.ODAT.PC.ZS,PH,2016,2.70464147281861
DT.ODA.ODAT.PC.ZS,PH,2015,4.9979927200521
DT.ODA.ODAT.PC.ZS,PH,2014,6.68579973940941
DT.ODA.ODAT.PC.ZS,PH,2013,1.926377045499
DT.ODA.ODAT.PC.ZS,PH,2012,-0.0343764177843423
DT.ODA.ODAT.PC.ZS,PH,2011,-1.41034812656973
DT.ODA.ODAT.PC.ZS,PH,2010,6.15458920489653
DT.ODA.ODAT.PC.ZS,PH,2009,3.71566771836941
DT.ODA.ODAT.PC.ZS,PH,2008,0.962057678568405
DT.ODA.ODAT.PC.ZS,PH,2007,7.18233720061746
DT.ODA.ODAT.PC.ZS,PH,2006,6.76902831170276
DT.ODA.ODAT.PC.ZS,PH,2005,6.81372006278167
DT.ODA.ODAT.PC.ZS,PH,2004,5.496084912916
DT.ODA.ODAT.PC.ZS,PH,2003,8.73818699414936
DT.ODA.ODAT.PC.ZS,PH,2002,6.8053896782049
DT.ODA.ODAT.PC.ZS,PH,2001,6.94722069694322
DT.ODA.ODAT.PC.ZS,PH,2000,7.09097727629026
DT.ODA.ODAT.PC.ZS,PH,1999,8.68928683233369
DT.ODA.ODAT.PC.ZS,PH,1998,7.95683594431177
DT.ODA.ODAT.PC.ZS,PH,1997,8.67505659992154
DT.ODA.ODAT.PC.ZS,PH,1996,12.1348981510519
DT.ODA.ODAT.PC.ZS,PH,1995,12.383598726354
DT.ODA.ODAT.PC.ZS,PG,2019,68.0325873369928
DT.ODA.ODAT.PC.ZS,PG,2018,84.7176272574285
DT.ODA.ODAT.PC.ZS,PG,2017,58.4357570792383
DT.ODA.ODAT.PC.ZS,PG,2016,59.7336691875212
DT.ODA.ODAT.PC.ZS,PG,2015,68.1154299197918
DT.ODA.ODAT.PC.ZS,PG,2014,68.7499355392714
DT.ODA.ODAT.PC.ZS,PG,2013,79.7319600366844
DT.ODA.ODAT.PC.ZS,PG,2012,83.5066668823572
DT.ODA.ODAT.PC.ZS,PG,2011,78.9687006669773
DT.ODA.ODAT.PC.ZS,PG,2010,67.8177220532299
DT.ODA.ODAT.PC.ZS,PG,2009,53.661627589003
DT.ODA.ODAT.PC.ZS,PG,2008,43.1620221745807
DT.ODA.ODAT.PC.ZS,PG,2007,48.0171676692963
DT.ODA.ODAT.PC.ZS,PG,2006,40.7992172050198
DT.ODA.ODAT.PC.ZS,PG,2005,41.2982814180114
DT.ODA.ODAT.PC.ZS,PG,2004,41.6562973067108
DT.ODA.ODAT.PC.ZS,PG,2003,36.5852451227702
DT.ODA.ODAT.PC.ZS,PG,2002,34.5518352358648
DT.ODA.ODAT.PC.ZS,PG,2001,36.1411589893816
DT.ODA.ODAT.PC.ZS,PG,2000,49.9210574495762
DT.ODA.ODAT.PC.ZS,PG,1999,39.9162781706782
DT.ODA.ODAT.PC.ZS,PG,1998,69.8213518669271
DT.ODA.ODAT.PC.ZS,PG,1997,68.2802494309538
DT.ODA.ODAT.PC.ZS,PG,1996,79.2370081710324
DT.ODA.ODAT.PC.ZS,PG,1995,77.6182696932027
DT.ODA.ODAT.PC.ZS,KP,2019,5.20511365185298
DT.ODA.ODAT.PC.ZS,KP,2018,4.70041741844273
DT.ODA.ODAT.PC.ZS,KP,2017,5.21705284696755
DT.ODA.ODAT.PC.ZS,KP,2016,4.71255749156137
DT.ODA.ODAT.PC.ZS,KP,2015,5.20349650104258
DT.ODA.ODAT.PC.ZS,KP,2014,6.1103716596597
DT.ODA.ODAT.PC.ZS,KP,2013,4.36368243743069
DT.ODA.ODAT.PC.ZS,KP,2012,3.9324536809277
DT.ODA.ODAT.PC.ZS,KP,2011,4.78094765347502
DT.ODA.ODAT.PC.ZS,KP,2010,3.19325175267529
DT.ODA.ODAT.PC.ZS,KP,2009,2.65321389426105
DT.ODA.ODAT.PC.ZS,KP,2008,8.4281989293469
DT.ODA.ODAT.PC.ZS,KP,2007,4.08843541972131
DT.ODA.ODAT.PC.ZS,KP,2006,2.27680081121347
DT.ODA.ODAT.PC.ZS,KP,2005,3.62848272938597
DT.ODA.ODAT.PC.ZS,KP,2004,6.71637547495926
DT.ODA.ODAT.PC.ZS,KP,2003,5.51432239029974
DT.ODA.ODAT.PC.ZS,KP,2002,11.1851847358303
DT.ODA.ODAT.PC.ZS,KP,2001,5.01392404394765
DT.ODA.ODAT.PC.ZS,KP,2000,3.14759350125139
DT.ODA.ODAT.PC.ZS,KP,1999,8.65909672666829
DT.ODA.ODAT.PC.ZS,KP,1998,4.5718235875615
DT.ODA.ODAT.PC.ZS,KP,1997,3.87385794699967
DT.ODA.ODAT.PC.ZS,KP,1996,1.13069812251595
DT.ODA.ODAT.PC.ZS,KP,1995,0.602174526544118
DT.ODA.ODAT.PC.ZS,PS,2019,489.980795477926
DT.ODA.ODAT.PC.ZS,PS,2018,502.54020165161
DT.ODA.ODAT.PC.ZS,PS,2017,481.991901248344
DT.ODA.ODAT.PC.ZS,PS,2016,549.945389721796
DT.ODA.ODAT.PC.ZS,PS,2015,438.447218686974
DT.ODA.ODAT.PC.ZS,PS,2014,596.118579606026
DT.ODA.ODAT.PC.ZS,PS,2013,638.341053154899
DT.ODA.ODAT.PC.ZS,PS,2012,504.04547328565
DT.ODA.ODAT.PC.ZS,PS,2011,627.027753959036
DT.ODA.ODAT.PC.ZS,PS,2010,663.616803034459
DT.ODA.ODAT.PC.ZS,PS,2009,703.922580524575
DT.ODA.ODAT.PC.ZS,PS,2008,687.665894888804
DT.ODA.ODAT.PC.ZS,PS,2007,491.375576149339
DT.ODA.ODAT.PC.ZS,PS,2006,399.329601853488
DT.ODA.ODAT.PC.ZS,PS,2005,305.900266706941
DT.ODA.ODAT.PC.ZS,PS,2004,358.65743086174
DT.ODA.ODAT.PC.ZS,PS,2003,330.221934294857
DT.ODA.ODAT.PC.ZS,PS,2002,315.932404086126
DT.ODA.ODAT.PC.ZS,PS,2001,332.775819357055
DT.ODA.ODAT.PC.ZS,PS,2000,234.245092573866
DT.ODA.ODAT.PC.ZS,PS,1999,203.813955048576
DT.ODA.ODAT.PC.ZS,PS,1998,220.621287619903
DT.ODA.ODAT.PC.ZS,PS,1997,226.501367918807
DT.ODA.ODAT.PC.ZS,PS,1996,213.450778012699
DT.ODA.ODAT.PC.ZS,PS,1995,207.749241857917
DT.ODA.ODAT.PC.ZS,RW,2019,91.0227877412406
DT.ODA.ODAT.PC.ZS,RW,2018,89.3486359806885
DT.ODA.ODAT.PC.ZS,RW,2017,100.678317751837
DT.ODA.ODAT.PC.ZS,RW,2016,96.4277688297529
DT.ODA.ODAT.PC.ZS,RW,2015,93.5432303005782
DT.ODA.ODAT.PC.ZS,RW,2014,91.044068298916
DT.ODA.ODAT.PC.ZS,RW,2013,97.8520665560945
DT.ODA.ODAT.PC.ZS,RW,2012,81.0528545198366
DT.ODA.ODAT.PC.ZS,RW,2011,119.430659187135
DT.ODA.ODAT.PC.ZS,RW,2010,100.212131074231
DT.ODA.ODAT.PC.ZS,RW,2009,81.6459082209017
DT.ODA.ODAT.PC.ZS,RW,2008,81.304470715815
DT.ODA.ODAT.PC.ZS,RW,2007,65.0088318147353
DT.ODA.ODAT.PC.ZS,RW,2006,65.3059012361334
DT.ODA.ODAT.PC.ZS,RW,2005,63.4490417360045
DT.ODA.ODAT.PC.ZS,RW,2004,55.8630830893599
DT.ODA.ODAT.PC.ZS,RW,2003,39.2110533547508
DT.ODA.ODAT.PC.ZS,RW,2002,42.9499347417415
DT.ODA.ODAT.PC.ZS,RW,2001,37.0454996773577
DT.ODA.ODAT.PC.ZS,RW,2000,39.6375372956829
DT.ODA.ODAT.PC.ZS,RW,1999,46.5866735261678
DT.ODA.ODAT.PC.ZS,RW,1998,44.2382450359824
DT.ODA.ODAT.PC.ZS,RW,1997,29.9645267015384
DT.ODA.ODAT.PC.ZS,RW,1996,69.2888548388125
DT.ODA.ODAT.PC.ZS,RW,1995,122.158008525041
DT.ODA.ODAT.PC.ZS,SD,2019,35.5159777647346
DT.ODA.ODAT.PC.ZS,SD,2018,23.0376589522778
DT.ODA.ODAT.PC.ZS,SD,2017,21.1999414831481
DT.ODA.ODAT.PC.ZS,SD,2016,20.547186285928
DT.ODA.ODAT.PC.ZS,SD,2015,25.4039844462498
DT.ODA.ODAT.PC.ZS,SD,2014,23.637926691991
DT.ODA.ODAT.PC.ZS,SD,2013,41.8810911855097
DT.ODA.ODAT.PC.ZS,SD,2012,38.9402191253808
DT.ODA.ODAT.PC.ZS,SD,2011,50.6222852525658
DT.ODA.ODAT.PC.ZS,SD,2010,60.0430942048978
DT.ODA.ODAT.PC.ZS,SD,2009,71.0540574322371
DT.ODA.ODAT.PC.ZS,SD,2008,80.0761145724549
DT.ODA.ODAT.PC.ZS,SD,2007,67.9868874363752
DT.ODA.ODAT.PC.ZS,SD,2006,67.5318004293629
DT.ODA.ODAT.PC.ZS,SD,2005,61.8170046357443
DT.ODA.ODAT.PC.ZS,SD,2004,34.4962382213181
DT.ODA.ODAT.PC.ZS,SD,2003,22.0025714472984
DT.ODA.ODAT.PC.ZS,SD,2002,11.0600825378866
DT.ODA.ODAT.PC.ZS,SD,2001,7.13467879293062
DT.ODA.ODAT.PC.ZS,SD,2000,8.5665591047207
DT.ODA.ODAT.PC.ZS,SD,1999,9.60983223629042
DT.ODA.ODAT.PC.ZS,SD,1998,8.43856292943406
DT.ODA.ODAT.PC.ZS,SD,1997,5.68160173736647
DT.ODA.ODAT.PC.ZS,SD,1996,9.1399567510969
DT.ODA.ODAT.PC.ZS,SD,1995,10.1942402637674
DT.ODA.ODAT.PC.ZS,SN,2019,89.8768613598261
DT.ODA.ODAT.PC.ZS,SN,2018,64.1429121371592
DT.ODA.ODAT.PC.ZS,SN,2017,59.9130773466865
DT.ODA.ODAT.PC.ZS,SN,2016,49.5656109949845
DT.ODA.ODAT.PC.ZS,SN,2015,60.5592827517334
DT.ODA.ODAT.PC.ZS,SN,2014,79.3597430859033
DT.ODA.ODAT.PC.ZS,SN,2013,73.1429631477024
DT.ODA.ODAT.PC.ZS,SN,2012,81.3016624024238
DT.ODA.ODAT.PC.ZS,SN,2011,81.9050795429858
DT.ODA.ODAT.PC.ZS,SN,2010,74.7319219354756
DT.ODA.ODAT.PC.ZS,SN,2009,72.5541520067701
DT.ODA.ODAT.PC.ZS,SN,2008,78.5265393952469
DT.ODA.ODAT.PC.ZS,SN,2007,63.3568249877323
DT.ODA.ODAT.PC.ZS,SN,2006,77.1845969024737
DT.ODA.ODAT.PC.ZS,SN,2005,63.9098170882417
DT.ODA.ODAT.PC.ZS,SN,2004,99.6701340210975
DT.ODA.ODAT.PC.ZS,SN,2003,43.9196725382727
DT.ODA.ODAT.PC.ZS,SN,2002,43.7365863479633
DT.ODA.ODAT.PC.ZS,SN,2001,42.6221408507208
DT.ODA.ODAT.PC.ZS,SN,2000,44.5318645147741
DT.ODA.ODAT.PC.ZS,SN,1999,56.5465381115483
DT.ODA.ODAT.PC.ZS,SN,1998,54.2113671734297
DT.ODA.ODAT.PC.ZS,SN,1997,46.9014162982999
DT.ODA.ODAT.PC.ZS,SN,1996,64.8934247386801
DT.ODA.ODAT.PC.ZS,SN,1995,75.5663306515634
DT.ODA.ODAT.PC.ZS,SB,2019,331.692327756952
DT.ODA.ODAT.PC.ZS,SB,2018,296.640567613442
DT.ODA.ODAT.PC.ZS,SB,2017,290.242587493193
DT.ODA.ODAT.PC.ZS,SB,2016,279.413216324737
DT.ODA.ODAT.PC.ZS,SB,2015,310.172034699992
DT.ODA.ODAT.PC.ZS,SB,2014,335.668557057897
DT.ODA.ODAT.PC.ZS,SB,2013,497.677550285931
DT.ODA.ODAT.PC.ZS,SB,2012,537.372118478161
DT.ODA.ODAT.PC.ZS,SB,2011,592.139371421371
DT.ODA.ODAT.PC.ZS,SB,2010,615.939492487918
DT.ODA.ODAT.PC.ZS,SB,2009,390.293889368107
DT.ODA.ODAT.PC.ZS,SB,2008,435.677445506102
DT.ODA.ODAT.PC.ZS,SB,2007,472.019488844863
DT.ODA.ODAT.PC.ZS,SB,2006,404.71798826225
DT.ODA.ODAT.PC.ZS,SB,2005,407.866742840482
DT.ODA.ODAT.PC.ZS,SB,2004,257.659733901235
DT.ODA.ODAT.PC.ZS,SB,2003,134.297159306505
DT.ODA.ODAT.PC.ZS,SB,2002,58.0796883156797
DT.ODA.ODAT.PC.ZS,SB,2001,134.379364673023
DT.ODA.ODAT.PC.ZS,SB,2000,159.031385916065
DT.ODA.ODAT.PC.ZS,SB,1999,95.5802191518817
DT.ODA.ODAT.PC.ZS,SB,1998,70.1466370058842
DT.ODA.ODAT.PC.ZS,SB,1997,105.251230110886
DT.ODA.ODAT.PC.ZS,SB,1996,110.731501363746
DT.ODA.ODAT.PC.ZS,SB,1995,127.482420409593
DT.ODA.ODAT.PC.ZS,SL,2019,70.3680991111498
DT.ODA.ODAT.PC.ZS,SL,2018,64.639591676787
DT.ODA.ODAT.PC.ZS,SL,2017,70.4806791107842
DT.ODA.ODAT.PC.ZS,SL,2016,92.5030784281397
DT.ODA.ODAT.PC.ZS,SL,2015,129.459925920206
DT.ODA.ODAT.PC.ZS,SL,2014,128.003076075705
DT.ODA.ODAT.PC.ZS,SL,2013,64.4751024476725
DT.ODA.ODAT.PC.ZS,SL,2012,64.7763651308255
DT.ODA.ODAT.PC.ZS,SL,2011,64.1054649190025
DT.ODA.ODAT.PC.ZS,SL,2010,71.20110152643
DT.ODA.ODAT.PC.ZS,SL,2009,65.6981453790088
DT.ODA.ODAT.PC.ZS,SL,2008,53.9431209317886
DT.ODA.ODAT.PC.ZS,SL,2007,86.2798331474959
DT.ODA.ODAT.PC.ZS,SL,2006,65.4655407143016
DT.ODA.ODAT.PC.ZS,SL,2005,59.8205227752457
DT.ODA.ODAT.PC.ZS,SL,2004,67.9934287273227
DT.ODA.ODAT.PC.ZS,SL,2003,63.011749863665
DT.ODA.ODAT.PC.ZS,SL,2002,74.5528340437415
DT.ODA.ODAT.PC.ZS,SL,2001,68.8950774048553
DT.ODA.ODAT.PC.ZS,SL,2000,39.406055668394
DT.ODA.ODAT.PC.ZS,SL,1999,16.4754445625636
DT.ODA.ODAT.PC.ZS,SL,1998,23.93946005973
DT.ODA.ODAT.PC.ZS,SL,1997,26.789841548392
DT.ODA.ODAT.PC.ZS,SL,1996,41.9840051048015
DT.ODA.ODAT.PC.ZS,SL,1995,49.0894287575338
DT.ODA.ODAT.PC.ZS,SO,2019,107.609518013827
DT.ODA.ODAT.PC.ZS,SO,2018,102.210787482767
DT.ODA.ODAT.PC.ZS,SO,2017,118.430020323109
DT.ODA.ODAT.PC.ZS,SO,2016,82.8134530963943
DT.ODA.ODAT.PC.ZS,SO,2015,91.5844716313632
DT.ODA.ODAT.PC.ZS,SO,2014,83.3406240983708
DT.ODA.ODAT.PC.ZS,SO,2013,82.0526113086061
DT.ODA.ODAT.PC.ZS,SO,2012,79.616886404155
DT.ODA.ODAT.PC.ZS,SO,2011,89.9561793669466
DT.ODA.ODAT.PC.ZS,SO,2010,42.0466243486262
DT.ODA.ODAT.PC.ZS,SO,2009,56.0987129049417
DT.ODA.ODAT.PC.ZS,SO,2008,66.9181908678026
DT.ODA.ODAT.PC.ZS,SO,2007,35.4143489939079
DT.ODA.ODAT.PC.ZS,SO,2006,36.733519261266
DT.ODA.ODAT.PC.ZS,SO,2005,22.9495844026041
DT.ODA.ODAT.PC.ZS,SO,2004,19.8945296150848
DT.ODA.ODAT.PC.ZS,SO,2003,18.0544086274807
DT.ODA.ODAT.PC.ZS,SO,2002,16.2276410342872
DT.ODA.ODAT.PC.ZS,SO,2001,16.4595047190444
DT.ODA.ODAT.PC.ZS,SO,2000,11.7216549463805
DT.ODA.ODAT.PC.ZS,SO,1999,13.799306665118
DT.ODA.ODAT.PC.ZS,SO,1998,10.0932595959598
DT.ODA.ODAT.PC.ZS,SO,1997,10.4960841777642
DT.ODA.ODAT.PC.ZS,SO,1996,11.8006812096669
DT.ODA.ODAT.PC.ZS,SO,1995,26.0618245740537
DT.ODA.ODAT.PC.ZS,SS,2019,160.479863602879
DT.ODA.ODAT.PC.ZS,SS,2018,151.750848866832
DT.ODA.ODAT.PC.ZS,SS,2017,204.840842203419
DT.ODA.ODAT.PC.ZS,SS,2016,143.413606621018
DT.ODA.ODAT.PC.ZS,SS,2015,149.614545408756
DT.ODA.ODAT.PC.ZS,SS,2014,175.160104311742
DT.ODA.ODAT.PC.ZS,SS,2013,125.994610390348
DT.ODA.ODAT.PC.ZS,SS,2012,110.848804512448
DT.ODA.ODAT.PC.ZS,SS,2011,42.5488488850749
DT.ODA.ODAT.PC.ZS,SS,2010,None
DT.ODA.ODAT.PC.ZS,SS,2009,None
DT.ODA.ODAT.PC.ZS,SS,2008,None
DT.ODA.ODAT.PC.ZS,SS,2007,None
DT.ODA.ODAT.PC.ZS,SS,2006,None
DT.ODA.ODAT.PC.ZS,SS,2005,None
DT.ODA.ODAT.PC.ZS,SS,2004,None
DT.ODA.ODAT.PC.ZS,SS,2003,None
DT.ODA.ODAT.PC.ZS,SS,2002,None
DT.ODA.ODAT.PC.ZS,SS,2001,None
DT.ODA.ODAT.PC.ZS,SS,2000,None
DT.ODA.ODAT.PC.ZS,SS,1999,None
DT.ODA.ODAT.PC.ZS,SS,1998,None
DT.ODA.ODAT.PC.ZS,SS,1997,None
DT.ODA.ODAT.PC.ZS,SS,1996,None
DT.ODA.ODAT.PC.ZS,SS,1995,None
DT.ODA.ODAT.PC.ZS,ST,2019,236.860385328239
DT.ODA.ODAT.PC.ZS,ST,2018,246.896057163562
DT.ODA.ODAT.PC.ZS,ST,2017,193.428068596141
DT.ODA.ODAT.PC.ZS,ST,2016,229.876074687866
DT.ODA.ODAT.PC.ZS,ST,2015,243.630794932479
DT.ODA.ODAT.PC.ZS,ST,2014,209.522175365272
DT.ODA.ODAT.PC.ZS,ST,2013,277.409332307994
DT.ODA.ODAT.PC.ZS,ST,2012,266.948888834163
DT.ODA.ODAT.PC.ZS,ST,2011,394.960350008243
DT.ODA.ODAT.PC.ZS,ST,2010,275.560281911018
DT.ODA.ODAT.PC.ZS,ST,2009,164.881438287262
DT.ODA.ODAT.PC.ZS,ST,2008,221.086878581545
DT.ODA.ODAT.PC.ZS,ST,2007,282.257344206241
DT.ODA.ODAT.PC.ZS,ST,2006,139.146172671247
DT.ODA.ODAT.PC.ZS,ST,2005,202.251365431343
DT.ODA.ODAT.PC.ZS,ST,2004,213.574134607353
DT.ODA.ODAT.PC.ZS,ST,2003,246.159639404541
DT.ODA.ODAT.PC.ZS,ST,2002,174.117899323869
DT.ODA.ODAT.PC.ZS,ST,2001,261.045551731706
DT.ODA.ODAT.PC.ZS,ST,2000,243.121746153534
DT.ODA.ODAT.PC.ZS,ST,1999,194.065218166561
DT.ODA.ODAT.PC.ZS,ST,1998,200.729662107035
DT.ODA.ODAT.PC.ZS,ST,1997,242.779088226778
DT.ODA.ODAT.PC.ZS,ST,1996,350.042843513713
DT.ODA.ODAT.PC.ZS,ST,1995,631.889780637455
DT.ODA.ODAT.PC.ZS,SZ,2019,60.3019962836399
DT.ODA.ODAT.PC.ZS,SZ,2018,104.539012811302
DT.ODA.ODAT.PC.ZS,SZ,2017,128.201565594935
DT.ODA.ODAT.PC.ZS,SZ,2016,129.222667873627
DT.ODA.ODAT.PC.ZS,SZ,2015,81.6889112378635
DT.ODA.ODAT.PC.ZS,SZ,2014,76.714350962666
DT.ODA.ODAT.PC.ZS,SZ,2013,105.32772931116
DT.ODA.ODAT.PC.ZS,SZ,2012,80.63384457209
DT.ODA.ODAT.PC.ZS,SZ,2011,112.2609479875
DT.ODA.ODAT.PC.ZS,SZ,2010,82.8605711230348
DT.ODA.ODAT.PC.ZS,SZ,2009,51.1651445518197
DT.ODA.ODAT.PC.ZS,SZ,2008,64.4664062101264
DT.ODA.ODAT.PC.ZS,SZ,2007,46.9738213822641
DT.ODA.ODAT.PC.ZS,SZ,2006,32.2713828346457
DT.ODA.ODAT.PC.ZS,SZ,2005,43.5773945032146
DT.ODA.ODAT.PC.ZS,SZ,2004,20.5674052382084
DT.ODA.ODAT.PC.ZS,SZ,2003,32.2913633366065
DT.ODA.ODAT.PC.ZS,SZ,2002,21.0885135618482
DT.ODA.ODAT.PC.ZS,SZ,2001,27.9912728861358
DT.ODA.ODAT.PC.ZS,SZ,2000,12.7414372442405
DT.ODA.ODAT.PC.ZS,SZ,1999,28.6241735504093
DT.ODA.ODAT.PC.ZS,SZ,1998,34.7806007458257
DT.ODA.ODAT.PC.ZS,SZ,1997,28.7059902396179
DT.ODA.ODAT.PC.ZS,SZ,1996,33.9466316179864
DT.ODA.ODAT.PC.ZS,SZ,1995,60.5616979507599
DT.ODA.ODAT.PC.ZS,SY,2019,503.774693348939
DT.ODA.ODAT.PC.ZS,SY,2018,516.765678098512
DT.ODA.ODAT.PC.ZS,SY,2017,548.679113740087
DT.ODA.ODAT.PC.ZS,SY,2016,469.290338178115
DT.ODA.ODAT.PC.ZS,SY,2015,256.205394963991
DT.ODA.ODAT.PC.ZS,SY,2014,207.964418635344
DT.ODA.ODAT.PC.ZS,SY,2013,169.228239813305
DT.ODA.ODAT.PC.ZS,SY,2012,73.9441443511099
DT.ODA.ODAT.PC.ZS,SY,2011,14.7606321808308
DT.ODA.ODAT.PC.ZS,SY,2010,5.86724691312987
DT.ODA.ODAT.PC.ZS,SY,2009,5.57423245694802
DT.ODA.ODAT.PC.ZS,SY,2008,7.41359595539167
DT.ODA.ODAT.PC.ZS,SY,2007,4.13756378178479
DT.ODA.ODAT.PC.ZS,SY,2006,1.02511274445653
DT.ODA.ODAT.PC.ZS,SY,2005,3.82596283769147
DT.ODA.ODAT.PC.ZS,SY,2004,5.88973462221232
DT.ODA.ODAT.PC.ZS,SY,2003,6.7223670562135
DT.ODA.ODAT.PC.ZS,SY,2002,3.65998152151085
DT.ODA.ODAT.PC.ZS,SY,2001,9.18701999048425
DT.ODA.ODAT.PC.ZS,SY,2000,9.79662644957
DT.ODA.ODAT.PC.ZS,SY,1999,14.4246962928893
DT.ODA.ODAT.PC.ZS,SY,1998,10.065454761031
DT.ODA.ODAT.PC.ZS,SY,1997,13.1163965225065
DT.ODA.ODAT.PC.ZS,SY,1996,14.6843281186258
DT.ODA.ODAT.PC.ZS,SY,1995,24.8696157265162
DT.ODA.ODAT.PC.ZS,TD,2019,39.8043849877686
DT.ODA.ODAT.PC.ZS,TD,2018,56.093835432423
DT.ODA.ODAT.PC.ZS,TD,2017,43.0190223170714
DT.ODA.ODAT.PC.ZS,TD,2016,42.7929679335537
DT.ODA.ODAT.PC.ZS,TD,2015,42.8895487246658
DT.ODA.ODAT.PC.ZS,TD,2014,28.6140313432016
DT.ODA.ODAT.PC.ZS,TD,2013,34.7543412918025
DT.ODA.ODAT.PC.ZS,TD,2012,37.2507649121689
DT.ODA.ODAT.PC.ZS,TD,2011,37.1545734207609
DT.ODA.ODAT.PC.ZS,TD,2010,41.2081759978274
DT.ODA.ODAT.PC.ZS,TD,2009,48.1683920012025
DT.ODA.ODAT.PC.ZS,TD,2008,42.4330362831987
DT.ODA.ODAT.PC.ZS,TD,2007,31.9517467473131
DT.ODA.ODAT.PC.ZS,TD,2006,28.0475436367135
DT.ODA.ODAT.PC.ZS,TD,2005,38.6246415737838
DT.ODA.ODAT.PC.ZS,TD,2004,34.5430782694161
DT.ODA.ODAT.PC.ZS,TD,2003,27.4010413997403
DT.ODA.ODAT.PC.ZS,TD,2002,25.9380435462697
DT.ODA.ODAT.PC.ZS,TD,2001,22.0874031191624
DT.ODA.ODAT.PC.ZS,TD,2000,15.9011773059407
DT.ODA.ODAT.PC.ZS,TD,1999,23.5445510048788
DT.ODA.ODAT.PC.ZS,TD,1998,22.6277597936217
DT.ODA.ODAT.PC.ZS,TD,1997,30.5950693454039
DT.ODA.ODAT.PC.ZS,TD,1996,41.0788951140026
DT.ODA.ODAT.PC.ZS,TD,1995,34.1159699480525
DT.ODA.ODAT.PC.ZS,TG,2019,48.979180661336
DT.ODA.ODAT.PC.ZS,TG,2018,41.8421068420159
DT.ODA.ODAT.PC.ZS,TG,2017,43.9257617754451
DT.ODA.ODAT.PC.ZS,TG,2016,21.9608701020733
DT.ODA.ODAT.PC.ZS,TG,2015,26.6912737747904
DT.ODA.ODAT.PC.ZS,TG,2014,28.9419480893644
DT.ODA.ODAT.PC.ZS,TG,2013,31.8481162546576
DT.ODA.ODAT.PC.ZS,TG,2012,35.3822601928722
DT.ODA.ODAT.PC.ZS,TG,2011,80.3684050555151
DT.ODA.ODAT.PC.ZS,TG,2010,61.3799307627471
DT.ODA.ODAT.PC.ZS,TG,2009,76.1757548853838
DT.ODA.ODAT.PC.ZS,TG,2008,45.4111409762566
DT.ODA.ODAT.PC.ZS,TG,2007,20.2545264069935
DT.ODA.ODAT.PC.ZS,TG,2006,13.5898434233288
DT.ODA.ODAT.PC.ZS,TG,2005,14.4635555712967
DT.ODA.ODAT.PC.ZS,TG,2004,11.703045101453
DT.ODA.ODAT.PC.ZS,TG,2003,9.23999094495424
DT.ODA.ODAT.PC.ZS,TG,2002,9.6808923968956
DT.ODA.ODAT.PC.ZS,TG,2001,8.95747021774055
DT.ODA.ODAT.PC.ZS,TG,2000,13.9036562750496
DT.ODA.ODAT.PC.ZS,TG,1999,14.6940973153325
DT.ODA.ODAT.PC.ZS,TG,1998,27.1683455404487
DT.ODA.ODAT.PC.ZS,TG,1997,27.2463004765148
DT.ODA.ODAT.PC.ZS,TG,1996,34.9536849927189
DT.ODA.ODAT.PC.ZS,TG,1995,44.7101403128006
DT.ODA.ODAT.PC.ZS,TJ,2019,38.7351287589534
DT.ODA.ODAT.PC.ZS,TJ,2018,44.231393673974
DT.ODA.ODAT.PC.ZS,TJ,2017,36.7698261381158
DT.ODA.ODAT.PC.ZS,TJ,2016,41.2282980386879
DT.ODA.ODAT.PC.ZS,TJ,2015,50.7093858879269
DT.ODA.ODAT.PC.ZS,TJ,2014,42.8110849384482
DT.ODA.ODAT.PC.ZS,TJ,2013,47.9991037782282
DT.ODA.ODAT.PC.ZS,TJ,2012,49.5489043872363
DT.ODA.ODAT.PC.ZS,TJ,2011,36.2410487492147
DT.ODA.ODAT.PC.ZS,TJ,2010,50.900191701574
DT.ODA.ODAT.PC.ZS,TJ,2009,33.7104864518661
DT.ODA.ODAT.PC.ZS,TJ,2008,28.0737851747008
DT.ODA.ODAT.PC.ZS,TJ,2007,21.9409324312914
DT.ODA.ODAT.PC.ZS,TJ,2006,29.3039220381329
DT.ODA.ODAT.PC.ZS,TJ,2005,32.6692535828285
DT.ODA.ODAT.PC.ZS,TJ,2004,33.6587460351057
DT.ODA.ODAT.PC.ZS,TJ,2003,19.9775440797468
DT.ODA.ODAT.PC.ZS,TJ,2002,23.6480878523029
DT.ODA.ODAT.PC.ZS,TJ,2001,25.3775660987996
DT.ODA.ODAT.PC.ZS,TJ,2000,17.817636263086
DT.ODA.ODAT.PC.ZS,TJ,1999,18.1967549017448
DT.ODA.ODAT.PC.ZS,TJ,1998,26.0833332122572
DT.ODA.ODAT.PC.ZS,TJ,1997,14.0492125299561
DT.ODA.ODAT.PC.ZS,TJ,1996,17.0886074938114
DT.ODA.ODAT.PC.ZS,TJ,1995,11.0003547616094
DT.ODA.ODAT.PC.ZS,TL,2019,179.54793117393
DT.ODA.ODAT.PC.ZS,TL,2018,164.560618694439
DT.ODA.ODAT.PC.ZS,TL,2017,186.577764231112
DT.ODA.ODAT.PC.ZS,TL,2016,182.677558954338
DT.ODA.ODAT.PC.ZS,TL,2015,176.055485623503
DT.ODA.ODAT.PC.ZS,TL,2014,210.612487264952
DT.ODA.ODAT.PC.ZS,TL,2013,222.606770513853
DT.ODA.ODAT.PC.ZS,TL,2012,249.315283655837
DT.ODA.ODAT.PC.ZS,TL,2011,247.732207361797
DT.ODA.ODAT.PC.ZS,TL,2010,266.379183753425
DT.ODA.ODAT.PC.ZS,TL,2009,195.759892953705
DT.ODA.ODAT.PC.ZS,TL,2008,255.561442621841
DT.ODA.ODAT.PC.ZS,TL,2007,271.454097224615
DT.ODA.ODAT.PC.ZS,TL,2006,210.283098312072
DT.ODA.ODAT.PC.ZS,TL,2005,190.464788068651
DT.ODA.ODAT.PC.ZS,TL,2004,170.445962366543
DT.ODA.ODAT.PC.ZS,TL,2003,188.870219601473
DT.ODA.ODAT.PC.ZS,TL,2002,240.809819116988
DT.ODA.ODAT.PC.ZS,TL,2001,217.435364763248
DT.ODA.ODAT.PC.ZS,TL,2000,263.297513858169
DT.ODA.ODAT.PC.ZS,TL,1999,176.334372190147
DT.ODA.ODAT.PC.ZS,TL,1998,1.95228242523128
DT.ODA.ODAT.PC.ZS,TL,1997,0.509876796162593
DT.ODA.ODAT.PC.ZS,TL,1996,0.096238399617766
DT.ODA.ODAT.PC.ZS,TL,1995,0.0244132871185304
DT.ODA.ODAT.PC.ZS,TN,2019,81.2569102984177
DT.ODA.ODAT.PC.ZS,TN,2018,67.6105937952421
DT.ODA.ODAT.PC.ZS,TN,2017,68.7375805520492
DT.ODA.ODAT.PC.ZS,TN,2016,55.3515693476649
DT.ODA.ODAT.PC.ZS,TN,2015,42.9035712758643
DT.ODA.ODAT.PC.ZS,TN,2014,80.7335908962952
DT.ODA.ODAT.PC.ZS,TN,2013,63.2426559495789
DT.ODA.ODAT.PC.ZS,TN,2012,91.4708225843709
DT.ODA.ODAT.PC.ZS,TN,2011,83.8638234563058
DT.ODA.ODAT.PC.ZS,TN,2010,50.4953504549779
DT.ODA.ODAT.PC.ZS,TN,2009,46.1708756077962
DT.ODA.ODAT.PC.ZS,TN,2008,35.6607157345701
DT.ODA.ODAT.PC.ZS,TN,2007,31.0583853770642
DT.ODA.ODAT.PC.ZS,TN,2006,41.670013759023
DT.ODA.ODAT.PC.ZS,TN,2005,35.4580100643102
DT.ODA.ODAT.PC.ZS,TN,2004,32.4215611727694
DT.ODA.ODAT.PC.ZS,TN,2003,29.5934855122432
DT.ODA.ODAT.PC.ZS,TN,2002,21.5313975618668
DT.ODA.ODAT.PC.ZS,TN,2001,36.63986938637
DT.ODA.ODAT.PC.ZS,TN,2000,22.5242978530041
DT.ODA.ODAT.PC.ZS,TN,1999,25.8917304791417
DT.ODA.ODAT.PC.ZS,TN,1998,15.5996381076188
DT.ODA.ODAT.PC.ZS,TN,1997,20.4248863062137
DT.ODA.ODAT.PC.ZS,TN,1996,13.4520256623794
DT.ODA.ODAT.PC.ZS,TN,1995,8.11159586904129
DT.ODA.ODAT.PC.ZS,TZ,2019,35.5075723669867
DT.ODA.ODAT.PC.ZS,TZ,2018,42.2651270050029
DT.ODA.ODAT.PC.ZS,TZ,2017,45.9523100073281
DT.ODA.ODAT.PC.ZS,TZ,2016,42.6068587319613
DT.ODA.ODAT.PC.ZS,TZ,2015,49.1924455779146
DT.ODA.ODAT.PC.ZS,TZ,2014,52.1606491685935
DT.ODA.ODAT.PC.ZS,TZ,2013,69.7053005852659
DT.ODA.ODAT.PC.ZS,TZ,2012,59.0595967292512
DT.ODA.ODAT.PC.ZS,TZ,2011,52.6074725804324
DT.ODA.ODAT.PC.ZS,TZ,2010,65.6234864778625
DT.ODA.ODAT.PC.ZS,TZ,2009,52.3323042026339
DT.ODA.ODAT.PC.ZS,TZ,2008,44.542350614675
DT.ODA.ODAT.PC.ZS,TZ,2007,55.47589505815
DT.ODA.ODAT.PC.ZS,TZ,2006,46.5373404780917
DT.ODA.ODAT.PC.ZS,TZ,2005,37.8414980404009
DT.ODA.ODAT.PC.ZS,TZ,2004,46.2502423672794
DT.ODA.ODAT.PC.ZS,TZ,2003,46.2249906309225
DT.ODA.ODAT.PC.ZS,TZ,2002,34.6714615895479
DT.ODA.ODAT.PC.ZS,TZ,2001,35.9994109869065
DT.ODA.ODAT.PC.ZS,TZ,2000,30.8803139674134
DT.ODA.ODAT.PC.ZS,TZ,1999,29.6103508537732
DT.ODA.ODAT.PC.ZS,TZ,1998,30.6959085832626
DT.ODA.ODAT.PC.ZS,TZ,1997,29.6940334885514
DT.ODA.ODAT.PC.ZS,TZ,1996,27.8480927848634
DT.ODA.ODAT.PC.ZS,TZ,1995,28.5028784060406
DT.ODA.ODAT.PC.ZS,UG,2019,47.2552600961199
DT.ODA.ODAT.PC.ZS,UG,2018,46.8643009616146
DT.ODA.ODAT.PC.ZS,UG,2017,50.1359632426265
DT.ODA.ODAT.PC.ZS,UG,2016,45.4884477789835
DT.ODA.ODAT.PC.ZS,UG,2015,43.710661824161
DT.ODA.ODAT.PC.ZS,UG,2014,44.9597044372041
DT.ODA.ODAT.PC.ZS,UG,2013,48.1122258342524
DT.ODA.ODAT.PC.ZS,UG,2012,47.9236093290709
DT.ODA.ODAT.PC.ZS,UG,2011,47.2408824200055
DT.ODA.ODAT.PC.ZS,UG,2010,52.2588036931249
DT.ODA.ODAT.PC.ZS,UG,2009,44.2848894512742
DT.ODA.ODAT.PC.ZS,UG,2008,47.9526924538984
DT.ODA.ODAT.PC.ZS,UG,2007,46.0370897589825
DT.ODA.ODAT.PC.ZS,UG,2006,55.2329420842768
DT.ODA.ODAT.PC.ZS,UG,2005,42.7719461157366
DT.ODA.ODAT.PC.ZS,UG,2004,45.0245416699654
DT.ODA.ODAT.PC.ZS,UG,2003,38.0846168207741
DT.ODA.ODAT.PC.ZS,UG,2002,28.6935759658216
DT.ODA.ODAT.PC.ZS,UG,2001,33.4745032196365
DT.ODA.ODAT.PC.ZS,UG,2000,35.6330206686251
DT.ODA.ODAT.PC.ZS,UG,1999,26.103936810146
DT.ODA.ODAT.PC.ZS,UG,1998,29.2000160613822
DT.ODA.ODAT.PC.ZS,UG,1997,37.1825396218166
DT.ODA.ODAT.PC.ZS,UG,1996,31.7596987310056
DT.ODA.ODAT.PC.ZS,UG,1995,40.3252665220588
DT.ODA.ODAT.PC.ZS,UZ,2019,34.3275153614763
DT.ODA.ODAT.PC.ZS,UZ,2018,32.10573933368
DT.ODA.ODAT.PC.ZS,UZ,2017,19.7334869259072
DT.ODA.ODAT.PC.ZS,UZ,2016,16.0465835358994
DT.ODA.ODAT.PC.ZS,UZ,2015,14.4094520893706
DT.ODA.ODAT.PC.ZS,UZ,2014,10.5557311966673
DT.ODA.ODAT.PC.ZS,UZ,2013,9.75954937513586
DT.ODA.ODAT.PC.ZS,UZ,2012,8.59493874496999
DT.ODA.ODAT.PC.ZS,UZ,2011,4.90057733898093
DT.ODA.ODAT.PC.ZS,UZ,2010,6.9370920997412
DT.ODA.ODAT.PC.ZS,UZ,2009,5.16757080220561
DT.ODA.ODAT.PC.ZS,UZ,2008,6.09937437842628
DT.ODA.ODAT.PC.ZS,UZ,2007,5.64984379379775
DT.ODA.ODAT.PC.ZS,UZ,2006,5.6481647753382
DT.ODA.ODAT.PC.ZS,UZ,2005,6.46119185708025
DT.ODA.ODAT.PC.ZS,UZ,2004,9.4009705983906
DT.ODA.ODAT.PC.ZS,UZ,2003,7.51340096189974
DT.ODA.ODAT.PC.ZS,UZ,2002,7.25787776395258
DT.ODA.ODAT.PC.ZS,UZ,2001,5.99372326980218
DT.ODA.ODAT.PC.ZS,UZ,2000,7.51468558291809
DT.ODA.ODAT.PC.ZS,UZ,1999,6.42695991427978
DT.ODA.ODAT.PC.ZS,UZ,1998,6.57103626818565
DT.ODA.ODAT.PC.ZS,UZ,1997,5.91033949730904
DT.ODA.ODAT.PC.ZS,UZ,1996,3.77567287153526
DT.ODA.ODAT.PC.ZS,UZ,1995,3.67434721179298
DT.ODA.ODAT.PC.ZS,VN,2019,11.3601727486929
DT.ODA.ODAT.PC.ZS,VN,2018,17.3296272128212
DT.ODA.ODAT.PC.ZS,VN,2017,25.6025944222757
DT.ODA.ODAT.PC.ZS,VN,2016,31.2056091810249
DT.ODA.ODAT.PC.ZS,VN,2015,34.3566749316257
DT.ODA.ODAT.PC.ZS,VN,2014,46.205916911332
DT.ODA.ODAT.PC.ZS,VN,2013,45.260910962401
DT.ODA.ODAT.PC.ZS,VN,2012,46.061018831834
DT.ODA.ODAT.PC.ZS,VN,2011,37.7140158627731
DT.ODA.ODAT.PC.ZS,VN,2010,31.6877707287256
DT.ODA.ODAT.PC.ZS,VN,2009,24.9829679976965
DT.ODA.ODAT.PC.ZS,VN,2008,20.5636293978944
DT.ODA.ODAT.PC.ZS,VN,2007,19.1309172723384
DT.ODA.ODAT.PC.ZS,VN,2006,20.1317896172082
DT.ODA.ODAT.PC.ZS,VN,2005,20.3685026275649
DT.ODA.ODAT.PC.ZS,VN,2004,20.1429385839963
DT.ODA.ODAT.PC.ZS,VN,2003,18.8269335279054
DT.ODA.ODAT.PC.ZS,VN,2002,13.1961754361657
DT.ODA.ODAT.PC.ZS,VN,2001,15.7360937217188
DT.ODA.ODAT.PC.ZS,VN,2000,18.8006145472081
DT.ODA.ODAT.PC.ZS,VN,1999,15.8695739290131
DT.ODA.ODAT.PC.ZS,VN,1998,13.6222157758557
DT.ODA.ODAT.PC.ZS,VN,1997,11.2017570219423
DT.ODA.ODAT.PC.ZS,VN,1996,12.1460057425666
DT.ODA.ODAT.PC.ZS,VN,1995,10.5477139059077
DT.ODA.ODAT.PC.ZS,VU,2019,429.035118144032
DT.ODA.ODAT.PC.ZS,VU,2018,440.433512641881
DT.ODA.ODAT.PC.ZS,VU,2017,457.209392770241
DT.ODA.ODAT.PC.ZS,VU,2016,455.938552220597
DT.ODA.ODAT.PC.ZS,VU,2015,674.871029158777
DT.ODA.ODAT.PC.ZS,VU,2014,371.98947738503
DT.ODA.ODAT.PC.ZS,VU,2013,346.596630180131
DT.ODA.ODAT.PC.ZS,VU,2012,396.171209544042
DT.ODA.ODAT.PC.ZS,VU,2011,369.646706207265
DT.ODA.ODAT.PC.ZS,VU,2010,445.991701958025
DT.ODA.ODAT.PC.ZS,VU,2009,423.632293995665
DT.ODA.ODAT.PC.ZS,VU,2008,399.825609165672
DT.ODA.ODAT.PC.ZS,VU,2007,253.914031584823
DT.ODA.ODAT.PC.ZS,VU,2006,222.453493594595
DT.ODA.ODAT.PC.ZS,VU,2005,185.17497076285
DT.ODA.ODAT.PC.ZS,VU,2004,181.713751278686
DT.ODA.ODAT.PC.ZS,VU,2003,159.270080390302
DT.ODA.ODAT.PC.ZS,VU,2002,135.015465259257
DT.ODA.ODAT.PC.ZS,VU,2001,147.436479171415
DT.ODA.ODAT.PC.ZS,VU,2000,184.77254432389
DT.ODA.ODAT.PC.ZS,VU,1999,165.926844836899
DT.ODA.ODAT.PC.ZS,VU,1998,161.124705059862
DT.ODA.ODAT.PC.ZS,VU,1997,151.338113471855
DT.ODA.ODAT.PC.ZS,VU,1996,175.944685435158
DT.ODA.ODAT.PC.ZS,VU,1995,261.41184954236
DT.ODA.ODAT.PC.ZS,WS,2019,583.846540764508
DT.ODA.ODAT.PC.ZS,WS,2018,610.86979129101
DT.ODA.ODAT.PC.ZS,WS,2017,656.0709012219
DT.ODA.ODAT.PC.ZS,WS,2016,431.245861662945
DT.ODA.ODAT.PC.ZS,WS,2015,460.379922585747
DT.ODA.ODAT.PC.ZS,WS,2014,465.857431780654
DT.ODA.ODAT.PC.ZS,WS,2013,565.222403514222
DT.ODA.ODAT.PC.ZS,WS,2012,592.00299264868
DT.ODA.ODAT.PC.ZS,WS,2011,452.251340974876
DT.ODA.ODAT.PC.ZS,WS,2010,639.229074758599
DT.ODA.ODAT.PC.ZS,WS,2009,340.880846865662
DT.ODA.ODAT.PC.ZS,WS,2008,201.52565880836
DT.ODA.ODAT.PC.ZS,WS,2007,174.035854670245
DT.ODA.ODAT.PC.ZS,WS,2006,254.780097054056
DT.ODA.ODAT.PC.ZS,WS,2005,229.183673206431
DT.ODA.ODAT.PC.ZS,WS,2004,161.533017289917
DT.ODA.ODAT.PC.ZS,WS,2003,177.49680141786
DT.ODA.ODAT.PC.ZS,WS,2002,203.825756392473
DT.ODA.ODAT.PC.ZS,WS,2001,219.964433640333
DT.ODA.ODAT.PC.ZS,WS,2000,156.786663522617
DT.ODA.ODAT.PC.ZS,WS,1999,135.33760227106
DT.ODA.ODAT.PC.ZS,WS,1998,182.165926270763
DT.ODA.ODAT.PC.ZS,WS,1997,157.441068036
DT.ODA.ODAT.PC.ZS,WS,1996,183.687669183777
DT.ODA.ODAT.PC.ZS,WS,1995,219.665859561042
DT.ODA.ODAT.PC.ZS,YE,2019,119.154491722781
DT.ODA.ODAT.PC.ZS,YE,2018,259.344496717422
DT.ODA.ODAT.PC.ZS,YE,2017,107.67690362423
DT.ODA.ODAT.PC.ZS,YE,2016,78.6059284761229
DT.ODA.ODAT.PC.ZS,YE,2015,62.3641480473771
DT.ODA.ODAT.PC.ZS,YE,2014,41.9207724387068
DT.ODA.ODAT.PC.ZS,YE,2013,38.5276433378122
DT.ODA.ODAT.PC.ZS,YE,2012,27.1444683612512
DT.ODA.ODAT.PC.ZS,YE,2011,18.7453799062307
DT.ODA.ODAT.PC.ZS,YE,2010,26.9593223768692
DT.ODA.ODAT.PC.ZS,YE,2009,14.7022909357676
DT.ODA.ODAT.PC.ZS,YE,2008,14.1471967060798
DT.ODA.ODAT.PC.ZS,YE,2007,6.84449975177053
DT.ODA.ODAT.PC.ZS,YE,2006,13.1023442165172
DT.ODA.ODAT.PC.ZS,YE,2005,13.8832403539269
DT.ODA.ODAT.PC.ZS,YE,2004,12.8541354838479
DT.ODA.ODAT.PC.ZS,YE,2003,12.0888814415654
DT.ODA.ODAT.PC.ZS,YE,2002,11.0118417735159
DT.ODA.ODAT.PC.ZS,YE,2001,19.4233458759442
DT.ODA.ODAT.PC.ZS,YE,2000,16.7912944968231
DT.ODA.ODAT.PC.ZS,YE,1999,25.4397672419537
DT.ODA.ODAT.PC.ZS,YE,1998,22.3896531355354
DT.ODA.ODAT.PC.ZS,YE,1997,20.773079695418
DT.ODA.ODAT.PC.ZS,YE,1996,15.1838843340657
DT.ODA.ODAT.PC.ZS,YE,1995,10.6679734734599
DT.ODA.ODAT.PC.ZS,ZM,2019,51.5677600127281
DT.ODA.ODAT.PC.ZS,ZM,2018,56.0846607077212
DT.ODA.ODAT.PC.ZS,ZM,2017,60.1506961554392
DT.ODA.ODAT.PC.ZS,ZM,2016,57.6379888747613
DT.ODA.ODAT.PC.ZS,ZM,2015,49.0933469476848
DT.ODA.ODAT.PC.ZS,ZM,2014,63.3970710168033
DT.ODA.ODAT.PC.ZS,ZM,2013,75.1724190441783
DT.ODA.ODAT.PC.ZS,ZM,2012,64.9143584509344
DT.ODA.ODAT.PC.ZS,ZM,2011,72.4438136304826
DT.ODA.ODAT.PC.ZS,ZM,2010,66.6556173826221
DT.ODA.ODAT.PC.ZS,ZM,2009,92.2234544821925
DT.ODA.ODAT.PC.ZS,ZM,2008,82.1755811982915
DT.ODA.ODAT.PC.ZS,ZM,2007,75.488188303089
DT.ODA.ODAT.PC.ZS,ZM,2006,122.813497976602
DT.ODA.ODAT.PC.ZS,ZM,2005,101.086311288249
DT.ODA.ODAT.PC.ZS,ZM,2004,100.8621663108
DT.ODA.ODAT.PC.ZS,ZM,2003,71.0880173079441
DT.ODA.ODAT.PC.ZS,ZM,2002,77.1514368049419
DT.ODA.ODAT.PC.ZS,ZM,2001,56.0088346912792
DT.ODA.ODAT.PC.ZS,ZM,2000,80.3396115890089
DT.ODA.ODAT.PC.ZS,ZM,1999,64.7744107330737
DT.ODA.ODAT.PC.ZS,ZM,1998,37.1461823557481
DT.ODA.ODAT.PC.ZS,ZM,1997,66.7556759614536
DT.ODA.ODAT.PC.ZS,ZM,1996,68.3058525890131
DT.ODA.ODAT.PC.ZS,ZM,1995,233.836766004364
