NY.GNP.MKTP.KD.ZG,AF,2023,None
NY.GNP.MKTP.KD.ZG,AF,2022,-6.52957280857129
NY.GNP.MKTP.KD.ZG,AF,2021,-20.8628928830608
NY.GNP.MKTP.KD.ZG,AF,2020,None
NY.GNP.MKTP.KD.ZG,AF,2019,None
NY.GNP.MKTP.KD.ZG,AF,2018,None
NY.GNP.MKTP.KD.ZG,AF,2017,None
NY.GNP.MKTP.KD.ZG,AF,2016,None
NY.GNP.MKTP.KD.ZG,AF,2015,None
NY.GNP.MKTP.KD.ZG,AF,2014,None
NY.GNP.MKTP.KD.ZG,AF,2013,None
NY.GNP.MKTP.KD.ZG,AF,2012,None
NY.GNP.MKTP.KD.ZG,AF,2011,None
NY.GNP.MKTP.KD.ZG,AF,2010,None
NY.GNP.MKTP.KD.ZG,AF,2009,None
NY.GNP.MKTP.KD.ZG,AF,2008,None
NY.GNP.MKTP.KD.ZG,AF,2007,None
NY.GNP.MKTP.KD.ZG,AF,2006,None
NY.GNP.MKTP.KD.ZG,AF,2005,None
NY.GNP.MKTP.KD.ZG,AF,2004,None
NY.GNP.MKTP.KD.ZG,AF,2003,None
NY.GNP.MKTP.KD.ZG,AF,2002,None
NY.GNP.MKTP.KD.ZG,AF,2001,None
NY.GNP.MKTP.KD.ZG,AF,2000,None
NY.GNP.MKTP.KD.ZG,AF,1999,None
NY.GNP.MKTP.KD.ZG,AF,1998,None
NY.GNP.MKTP.KD.ZG,AF,1997,None
NY.GNP.MKTP.KD.ZG,AF,1996,None
NY.GNP.MKTP.KD.ZG,AF,1995,None
NY.GNP.MKTP.KD.ZG,AO,2023,-0.0111020403621467
NY.GNP.MKTP.KD.ZG,AO,2022,3.597488171756
NY.GNP.MKTP.KD.ZG,AO,2021,0.637204964193216
NY.GNP.MKTP.KD.ZG,AO,2020,-3.35328283821613
NY.GNP.MKTP.KD.ZG,AO,2019,-3.50332626556687
NY.GNP.MKTP.KD.ZG,AO,2018,-3.47562918440792
NY.GNP.MKTP.KD.ZG,AO,2017,-1.32857405304046
NY.GNP.MKTP.KD.ZG,AO,2016,-2.82483483809092
NY.GNP.MKTP.KD.ZG,AO,2015,2.79807383753938
NY.GNP.MKTP.KD.ZG,AO,2014,6.7337779025243
NY.GNP.MKTP.KD.ZG,AO,2013,6.39778213730986
NY.GNP.MKTP.KD.ZG,AO,2012,9.62930691648374
NY.GNP.MKTP.KD.ZG,AO,2011,3.27673467247929
NY.GNP.MKTP.KD.ZG,AO,2010,2.44699777623329
NY.GNP.MKTP.KD.ZG,AO,2009,11.9441157432001
NY.GNP.MKTP.KD.ZG,AO,2008,5.92780747100944
NY.GNP.MKTP.KD.ZG,AO,2007,16.3070886522575
NY.GNP.MKTP.KD.ZG,AO,2006,9.0767262778859
NY.GNP.MKTP.KD.ZG,AO,2005,13.301499087936
NY.GNP.MKTP.KD.ZG,AO,2004,8.94291238827991
NY.GNP.MKTP.KD.ZG,AO,2003,3.99192347986713
NY.GNP.MKTP.KD.ZG,AO,2002,None
NY.GNP.MKTP.KD.ZG,AO,2001,None
NY.GNP.MKTP.KD.ZG,AO,2000,None
NY.GNP.MKTP.KD.ZG,AO,1999,None
NY.GNP.MKTP.KD.ZG,AO,1998,None
NY.GNP.MKTP.KD.ZG,AO,1997,None
NY.GNP.MKTP.KD.ZG,AO,1996,None
NY.GNP.MKTP.KD.ZG,AO,1995,None
NY.GNP.MKTP.KD.ZG,BI,2023,2.45511386222958
NY.GNP.MKTP.KD.ZG,BI,2022,2.01146224953872
NY.GNP.MKTP.KD.ZG,BI,2021,2.78144013527914
NY.GNP.MKTP.KD.ZG,BI,2020,0.650878211271191
NY.GNP.MKTP.KD.ZG,BI,2019,1.90699697388219
NY.GNP.MKTP.KD.ZG,BI,2018,1.79238378913793
NY.GNP.MKTP.KD.ZG,BI,2017,0.616793880261596
NY.GNP.MKTP.KD.ZG,BI,2016,-0.667301796099579
NY.GNP.MKTP.KD.ZG,BI,2015,-3.61748800771576
NY.GNP.MKTP.KD.ZG,BI,2014,3.87224622588822
NY.GNP.MKTP.KD.ZG,BI,2013,5.29728820135153
NY.GNP.MKTP.KD.ZG,BI,2012,4.9754209587975
NY.GNP.MKTP.KD.ZG,BI,2011,3.78710069550014
NY.GNP.MKTP.KD.ZG,BI,2010,5.56224919109951
NY.GNP.MKTP.KD.ZG,BI,2009,3.09423187087943
NY.GNP.MKTP.KD.ZG,BI,2008,5.03750068004265
NY.GNP.MKTP.KD.ZG,BI,2007,3.72377104208701
NY.GNP.MKTP.KD.ZG,BI,2006,6.37122940279443
NY.GNP.MKTP.KD.ZG,BI,2005,2.1707830443769
NY.GNP.MKTP.KD.ZG,BI,2004,4.09292899795224
NY.GNP.MKTP.KD.ZG,BI,2003,-1.8013107249854
NY.GNP.MKTP.KD.ZG,BI,2002,4.19235851312692
NY.GNP.MKTP.KD.ZG,BI,2001,-0.802035212873236
NY.GNP.MKTP.KD.ZG,BI,2000,2.0245233186871
NY.GNP.MKTP.KD.ZG,BI,1999,-1.47560399530579
NY.GNP.MKTP.KD.ZG,BI,1998,5.14382261048215
NY.GNP.MKTP.KD.ZG,BI,1997,None
NY.GNP.MKTP.KD.ZG,BI,1996,None
NY.GNP.MKTP.KD.ZG,BI,1995,None
NY.GNP.MKTP.KD.ZG,BJ,2023,6.59383540513774
NY.GNP.MKTP.KD.ZG,BJ,2022,5.89528797540866
NY.GNP.MKTP.KD.ZG,BJ,2021,7.73081045669653
NY.GNP.MKTP.KD.ZG,BJ,2020,3.80934841146481
NY.GNP.MKTP.KD.ZG,BJ,2019,6.87390560471171
NY.GNP.MKTP.KD.ZG,BJ,2018,6.79508185607027
NY.GNP.MKTP.KD.ZG,BJ,2017,5.43007787423808
NY.GNP.MKTP.KD.ZG,BJ,2016,3.27077430715694
NY.GNP.MKTP.KD.ZG,BJ,2015,1.41433209789277
NY.GNP.MKTP.KD.ZG,BJ,2014,6.4571502688664
NY.GNP.MKTP.KD.ZG,BJ,2013,7.23636722189921
NY.GNP.MKTP.KD.ZG,BJ,2012,4.34047714584858
NY.GNP.MKTP.KD.ZG,BJ,2011,3.38384644305746
NY.GNP.MKTP.KD.ZG,BJ,2010,1.8918100800484
NY.GNP.MKTP.KD.ZG,BJ,2009,2.09442354321037
NY.GNP.MKTP.KD.ZG,BJ,2008,5.38249436865672
NY.GNP.MKTP.KD.ZG,BJ,2007,5.82082438084386
NY.GNP.MKTP.KD.ZG,BJ,2006,3.78271831548102
NY.GNP.MKTP.KD.ZG,BJ,2005,2.05091920846677
NY.GNP.MKTP.KD.ZG,BJ,2004,4.53801248839838
NY.GNP.MKTP.KD.ZG,BJ,2003,3.39891629213433
NY.GNP.MKTP.KD.ZG,BJ,2002,4.35709036050191
NY.GNP.MKTP.KD.ZG,BJ,2001,5.28588972294814
NY.GNP.MKTP.KD.ZG,BJ,2000,5.83789387702167
NY.GNP.MKTP.KD.ZG,BJ,1999,5.56074425170365
NY.GNP.MKTP.KD.ZG,BJ,1998,4.75576748020568
NY.GNP.MKTP.KD.ZG,BJ,1997,6.40373042321332
NY.GNP.MKTP.KD.ZG,BJ,1996,4.36862332330732
NY.GNP.MKTP.KD.ZG,BJ,1995,6.18759748572543
NY.GNP.MKTP.KD.ZG,BF,2023,None
NY.GNP.MKTP.KD.ZG,BF,2022,None
NY.GNP.MKTP.KD.ZG,BF,2021,5.62247047250159
NY.GNP.MKTP.KD.ZG,BF,2020,2.9759259457748
NY.GNP.MKTP.KD.ZG,BF,2019,4.32871399147021
NY.GNP.MKTP.KD.ZG,BF,2018,7.26559639341569
NY.GNP.MKTP.KD.ZG,BF,2017,6.98556096700487
NY.GNP.MKTP.KD.ZG,BF,2016,5.97446094178704
NY.GNP.MKTP.KD.ZG,BF,2015,3.65457433990322
NY.GNP.MKTP.KD.ZG,BF,2014,2.58358152096582
NY.GNP.MKTP.KD.ZG,BF,2013,5.68056446870237
NY.GNP.MKTP.KD.ZG,BF,2012,8.08455599672119
NY.GNP.MKTP.KD.ZG,BF,2011,5.36901452481125
NY.GNP.MKTP.KD.ZG,BF,2010,6.53402711690912
NY.GNP.MKTP.KD.ZG,BF,2009,2.12729895826553
NY.GNP.MKTP.KD.ZG,BF,2008,5.70771626443162
NY.GNP.MKTP.KD.ZG,BF,2007,4.10184398184907
NY.GNP.MKTP.KD.ZG,BF,2006,7.01513979685733
NY.GNP.MKTP.KD.ZG,BF,2005,8.45590672072265
NY.GNP.MKTP.KD.ZG,BF,2004,4.79055950111172
NY.GNP.MKTP.KD.ZG,BF,2003,7.59397139009323
NY.GNP.MKTP.KD.ZG,BF,2002,3.79148052903065
NY.GNP.MKTP.KD.ZG,BF,2001,6.36181096448153
NY.GNP.MKTP.KD.ZG,BF,2000,1.65888172800217
NY.GNP.MKTP.KD.ZG,BF,1999,7.61562434461204
NY.GNP.MKTP.KD.ZG,BF,1998,7.29530454599139
NY.GNP.MKTP.KD.ZG,BF,1997,5.95402262536689
NY.GNP.MKTP.KD.ZG,BF,1996,11.7579349002217
NY.GNP.MKTP.KD.ZG,BF,1995,6.04782466446436
NY.GNP.MKTP.KD.ZG,BD,2023,5.80516461980001
NY.GNP.MKTP.KD.ZG,BD,2022,5.77526570848303
NY.GNP.MKTP.KD.ZG,BD,2021,8.093225771175
NY.GNP.MKTP.KD.ZG,BD,2020,3.49080963550054
NY.GNP.MKTP.KD.ZG,BD,2019,7.98268368888708
NY.GNP.MKTP.KD.ZG,BD,2018,7.88618973378394
NY.GNP.MKTP.KD.ZG,BD,2017,5.33537013976184
NY.GNP.MKTP.KD.ZG,BD,2016,None
NY.GNP.MKTP.KD.ZG,BD,2015,None
NY.GNP.MKTP.KD.ZG,BD,2014,None
NY.GNP.MKTP.KD.ZG,BD,2013,None
NY.GNP.MKTP.KD.ZG,BD,2012,None
NY.GNP.MKTP.KD.ZG,BD,2011,None
NY.GNP.MKTP.KD.ZG,BD,2010,None
NY.GNP.MKTP.KD.ZG,BD,2009,None
NY.GNP.MKTP.KD.ZG,BD,2008,None
NY.GNP.MKTP.KD.ZG,BD,2007,None
NY.GNP.MKTP.KD.ZG,BD,2006,None
NY.GNP.MKTP.KD.ZG,BD,2005,None
NY.GNP.MKTP.KD.ZG,BD,2004,None
NY.GNP.MKTP.KD.ZG,BD,2003,None
NY.GNP.MKTP.KD.ZG,BD,2002,None
NY.GNP.MKTP.KD.ZG,BD,2001,None
NY.GNP.MKTP.KD.ZG,BD,2000,None
NY.GNP.MKTP.KD.ZG,BD,1999,None
NY.GNP.MKTP.KD.ZG,BD,1998,None
NY.GNP.MKTP.KD.ZG,BD,1997,None
NY.GNP.MKTP.KD.ZG,BD,1996,None
NY.GNP.MKTP.KD.ZG,BD,1995,None
NY.GNP.MKTP.KD.ZG,BO,2023,None
NY.GNP.MKTP.KD.ZG,BO,2022,3.24816658202454
NY.GNP.MKTP.KD.ZG,BO,2021,4.57577676076252
NY.GNP.MKTP.KD.ZG,BO,2020,-7.88660616405011
NY.GNP.MKTP.KD.ZG,BO,2019,2.62260610189222
NY.GNP.MKTP.KD.ZG,BO,2018,4.7747467688785
NY.GNP.MKTP.KD.ZG,BO,2017,2.94636963205595
NY.GNP.MKTP.KD.ZG,BO,2016,5.93904703228725
NY.GNP.MKTP.KD.ZG,BO,2015,7.14356528137672
NY.GNP.MKTP.KD.ZG,BO,2014,7.06706480742338
NY.GNP.MKTP.KD.ZG,BO,2013,6.64082260948149
NY.GNP.MKTP.KD.ZG,BO,2012,2.74004631898769
NY.GNP.MKTP.KD.ZG,BO,2011,5.57204441732885
NY.GNP.MKTP.KD.ZG,BO,2010,3.18969192157084
NY.GNP.MKTP.KD.ZG,BO,2009,2.76981469395959
NY.GNP.MKTP.KD.ZG,BO,2008,6.67356917691694
NY.GNP.MKTP.KD.ZG,BO,2007,4.31332301432326
NY.GNP.MKTP.KD.ZG,BO,2006,5.17011497386611
NY.GNP.MKTP.KD.ZG,BO,2005,4.89873689491547
NY.GNP.MKTP.KD.ZG,BO,2004,3.36240197715367
NY.GNP.MKTP.KD.ZG,BO,2003,1.4629632167611
NY.GNP.MKTP.KD.ZG,BO,2002,2.45956770322215
NY.GNP.MKTP.KD.ZG,BO,2001,1.77313808790353
NY.GNP.MKTP.KD.ZG,BO,2000,2.20801376444599
NY.GNP.MKTP.KD.ZG,BO,1999,-0.0206817578466314
NY.GNP.MKTP.KD.ZG,BO,1998,5.62082596323295
NY.GNP.MKTP.KD.ZG,BO,1997,5.28606067113418
NY.GNP.MKTP.KD.ZG,BO,1996,4.60216067815931
NY.GNP.MKTP.KD.ZG,BO,1995,4.62803123567529
NY.GNP.MKTP.KD.ZG,BT,2023,None
NY.GNP.MKTP.KD.ZG,BT,2022,5.96642347218305
NY.GNP.MKTP.KD.ZG,BT,2021,4.62389653970779
NY.GNP.MKTP.KD.ZG,BT,2020,-7.83658335796711
NY.GNP.MKTP.KD.ZG,BT,2019,6.02185638858339
NY.GNP.MKTP.KD.ZG,BT,2018,3.2697880495848
NY.GNP.MKTP.KD.ZG,BT,2017,3.28042082551727
NY.GNP.MKTP.KD.ZG,BT,2016,6.89753885488508
NY.GNP.MKTP.KD.ZG,BT,2015,6.40248380157662
NY.GNP.MKTP.KD.ZG,BT,2014,5.50018239511462
NY.GNP.MKTP.KD.ZG,BT,2013,2.64132793569406
NY.GNP.MKTP.KD.ZG,BT,2012,3.50726224501724
NY.GNP.MKTP.KD.ZG,BT,2011,7.61179689666555
NY.GNP.MKTP.KD.ZG,BT,2010,10.2129288343619
NY.GNP.MKTP.KD.ZG,BT,2009,6.32593192463833
NY.GNP.MKTP.KD.ZG,BT,2008,3.24578740747438
NY.GNP.MKTP.KD.ZG,BT,2007,14.9761096295904
NY.GNP.MKTP.KD.ZG,BT,2006,6.68708895034196
NY.GNP.MKTP.KD.ZG,BT,2005,7.84019002774828
NY.GNP.MKTP.KD.ZG,BT,2004,5.09613494993275
NY.GNP.MKTP.KD.ZG,BT,2003,7.03979747689513
NY.GNP.MKTP.KD.ZG,BT,2002,8.90807111892089
NY.GNP.MKTP.KD.ZG,BT,2001,7.3918042091067
NY.GNP.MKTP.KD.ZG,BT,2000,23.28067752188
NY.GNP.MKTP.KD.ZG,BT,1999,4.9871665465952
NY.GNP.MKTP.KD.ZG,BT,1998,-0.866016527414814
NY.GNP.MKTP.KD.ZG,BT,1997,8.05077894449744
NY.GNP.MKTP.KD.ZG,BT,1996,7.05785986368383
NY.GNP.MKTP.KD.ZG,BT,1995,1.76288436158261
NY.GNP.MKTP.KD.ZG,CF,2023,None
NY.GNP.MKTP.KD.ZG,CF,2022,-0.795933321121993
NY.GNP.MKTP.KD.ZG,CF,2021,1.99648528892862
NY.GNP.MKTP.KD.ZG,CF,2020,-0.722206431983011
NY.GNP.MKTP.KD.ZG,CF,2019,2.96891923766375
NY.GNP.MKTP.KD.ZG,CF,2018,6.78672859332907
NY.GNP.MKTP.KD.ZG,CF,2017,7.59246811349792
NY.GNP.MKTP.KD.ZG,CF,2016,4.85135417429687
NY.GNP.MKTP.KD.ZG,CF,2015,4.51815802925188
NY.GNP.MKTP.KD.ZG,CF,2014,0.186444809479809
NY.GNP.MKTP.KD.ZG,CF,2013,-36.1606570252006
NY.GNP.MKTP.KD.ZG,CF,2012,5.07650870656502
NY.GNP.MKTP.KD.ZG,CF,2011,4.12010079737925
NY.GNP.MKTP.KD.ZG,CF,2010,5.39685972409015
NY.GNP.MKTP.KD.ZG,CF,2009,None
NY.GNP.MKTP.KD.ZG,CF,2008,None
NY.GNP.MKTP.KD.ZG,CF,2007,None
NY.GNP.MKTP.KD.ZG,CF,2006,None
NY.GNP.MKTP.KD.ZG,CF,2005,None
NY.GNP.MKTP.KD.ZG,CF,2004,None
NY.GNP.MKTP.KD.ZG,CF,2003,None
NY.GNP.MKTP.KD.ZG,CF,2002,None
NY.GNP.MKTP.KD.ZG,CF,2001,None
NY.GNP.MKTP.KD.ZG,CF,2000,None
NY.GNP.MKTP.KD.ZG,CF,1999,None
NY.GNP.MKTP.KD.ZG,CF,1998,None
NY.GNP.MKTP.KD.ZG,CF,1997,None
NY.GNP.MKTP.KD.ZG,CF,1996,None
NY.GNP.MKTP.KD.ZG,CF,1995,None
NY.GNP.MKTP.KD.ZG,CI,2023,5.58577805530919
NY.GNP.MKTP.KD.ZG,CI,2022,6.0532131982264
NY.GNP.MKTP.KD.ZG,CI,2021,6.93293673249782
NY.GNP.MKTP.KD.ZG,CI,2020,0.460945702605912
NY.GNP.MKTP.KD.ZG,CI,2019,6.72081069919012
NY.GNP.MKTP.KD.ZG,CI,2018,5.02189022947191
NY.GNP.MKTP.KD.ZG,CI,2017,6.71390700309273
NY.GNP.MKTP.KD.ZG,CI,2016,7.12872089673348
NY.GNP.MKTP.KD.ZG,CI,2015,6.79635593756902
NY.GNP.MKTP.KD.ZG,CI,2014,49.6840713661639
NY.GNP.MKTP.KD.ZG,CI,2013,9.25382201811584
NY.GNP.MKTP.KD.ZG,CI,2012,9.11034855109807
NY.GNP.MKTP.KD.ZG,CI,2011,-5.03773370138354
NY.GNP.MKTP.KD.ZG,CI,2010,6.45744675158106
NY.GNP.MKTP.KD.ZG,CI,2009,4.98956530522665
NY.GNP.MKTP.KD.ZG,CI,2008,None
NY.GNP.MKTP.KD.ZG,CI,2007,None
NY.GNP.MKTP.KD.ZG,CI,2006,None
NY.GNP.MKTP.KD.ZG,CI,2005,None
NY.GNP.MKTP.KD.ZG,CI,2004,None
NY.GNP.MKTP.KD.ZG,CI,2003,None
NY.GNP.MKTP.KD.ZG,CI,2002,None
NY.GNP.MKTP.KD.ZG,CI,2001,None
NY.GNP.MKTP.KD.ZG,CI,2000,None
NY.GNP.MKTP.KD.ZG,CI,1999,None
NY.GNP.MKTP.KD.ZG,CI,1998,None
NY.GNP.MKTP.KD.ZG,CI,1997,None
NY.GNP.MKTP.KD.ZG,CI,1996,None
NY.GNP.MKTP.KD.ZG,CI,1995,None
NY.GNP.MKTP.KD.ZG,CM,2023,4.46731551770671
NY.GNP.MKTP.KD.ZG,CM,2022,2.58395867884235
NY.GNP.MKTP.KD.ZG,CM,2021,3.89565818930897
NY.GNP.MKTP.KD.ZG,CM,2020,0.254868187271896
NY.GNP.MKTP.KD.ZG,CM,2019,3.15875560807429
NY.GNP.MKTP.KD.ZG,CM,2018,3.92715126290757
NY.GNP.MKTP.KD.ZG,CM,2017,3.34330830437742
NY.GNP.MKTP.KD.ZG,CM,2016,4.2195884431685
NY.GNP.MKTP.KD.ZG,CM,2015,6.25253721075629
NY.GNP.MKTP.KD.ZG,CM,2014,5.66258825654715
NY.GNP.MKTP.KD.ZG,CM,2013,4.58943066226855
NY.GNP.MKTP.KD.ZG,CM,2012,4.10606208084066
NY.GNP.MKTP.KD.ZG,CM,2011,3.34909045637789
NY.GNP.MKTP.KD.ZG,CM,2010,2.33738037772639
NY.GNP.MKTP.KD.ZG,CM,2009,3.65810504263166
NY.GNP.MKTP.KD.ZG,CM,2008,3.45248594215298
NY.GNP.MKTP.KD.ZG,CM,2007,3.43647286866783
NY.GNP.MKTP.KD.ZG,CM,2006,5.13018158366827
NY.GNP.MKTP.KD.ZG,CM,2005,1.81254587515964
NY.GNP.MKTP.KD.ZG,CM,2004,8.22756713570601
NY.GNP.MKTP.KD.ZG,CM,2003,7.65596657969772
NY.GNP.MKTP.KD.ZG,CM,2002,5.54126475081189
NY.GNP.MKTP.KD.ZG,CM,2001,3.66643846881973
NY.GNP.MKTP.KD.ZG,CM,2000,1.90347629544753
NY.GNP.MKTP.KD.ZG,CM,1999,4.85836413141598
NY.GNP.MKTP.KD.ZG,CM,1998,5.88948776939098
NY.GNP.MKTP.KD.ZG,CM,1997,4.26832552692136
NY.GNP.MKTP.KD.ZG,CM,1996,4.14097139557794
NY.GNP.MKTP.KD.ZG,CM,1995,2.73822706232194
NY.GNP.MKTP.KD.ZG,CD,2023,10.2341585396648
NY.GNP.MKTP.KD.ZG,CD,2022,5.73203769556523
NY.GNP.MKTP.KD.ZG,CD,2021,3.97845570403103
NY.GNP.MKTP.KD.ZG,CD,2020,5.22376325856966
NY.GNP.MKTP.KD.ZG,CD,2019,2.3404553322768
NY.GNP.MKTP.KD.ZG,CD,2018,4.59805756514935
NY.GNP.MKTP.KD.ZG,CD,2017,2.43362947877885
NY.GNP.MKTP.KD.ZG,CD,2016,9.08496041588387
NY.GNP.MKTP.KD.ZG,CD,2015,8.79679433064757
NY.GNP.MKTP.KD.ZG,CD,2014,10.0381073350007
NY.GNP.MKTP.KD.ZG,CD,2013,3.97182401979619
NY.GNP.MKTP.KD.ZG,CD,2012,6.17629527492515
NY.GNP.MKTP.KD.ZG,CD,2011,5.59494393859438
NY.GNP.MKTP.KD.ZG,CD,2010,6.84146068013931
NY.GNP.MKTP.KD.ZG,CD,2009,5.43067571286915
NY.GNP.MKTP.KD.ZG,CD,2008,3.34930024540225
NY.GNP.MKTP.KD.ZG,CD,2007,5.49084454339794
NY.GNP.MKTP.KD.ZG,CD,2006,6.40104573139556
NY.GNP.MKTP.KD.ZG,CD,2005,4.76264652127725
NY.GNP.MKTP.KD.ZG,CD,2004,6.22062845242827
NY.GNP.MKTP.KD.ZG,CD,2003,6.37539264802143
NY.GNP.MKTP.KD.ZG,CD,2002,4.77181379617753
NY.GNP.MKTP.KD.ZG,CD,2001,-5.10705680286584
NY.GNP.MKTP.KD.ZG,CD,2000,0.0875823389778958
NY.GNP.MKTP.KD.ZG,CD,1999,-7.6002423106742
NY.GNP.MKTP.KD.ZG,CD,1998,-1.06417005663695
NY.GNP.MKTP.KD.ZG,CD,1997,-6.11415357093412
NY.GNP.MKTP.KD.ZG,CD,1996,7.1474055572524
NY.GNP.MKTP.KD.ZG,CD,1995,-1.43317247615258
NY.GNP.MKTP.KD.ZG,CG,2023,3.97183587472637
NY.GNP.MKTP.KD.ZG,CG,2022,-2.20265511402002
NY.GNP.MKTP.KD.ZG,CG,2021,-2.21203323421125
NY.GNP.MKTP.KD.ZG,CG,2020,3.20557950677671
NY.GNP.MKTP.KD.ZG,CG,2019,-3.18867683755391
NY.GNP.MKTP.KD.ZG,CG,2018,3.87929753852634
NY.GNP.MKTP.KD.ZG,CG,2017,-13.6333324435072
NY.GNP.MKTP.KD.ZG,CG,2016,-10.91174353035
NY.GNP.MKTP.KD.ZG,CG,2015,-1.52712822573731
NY.GNP.MKTP.KD.ZG,CG,2014,11.0677667236238
NY.GNP.MKTP.KD.ZG,CG,2013,2.99328101530246
NY.GNP.MKTP.KD.ZG,CG,2012,15.8610974014398
NY.GNP.MKTP.KD.ZG,CG,2011,-0.723931337846835
NY.GNP.MKTP.KD.ZG,CG,2010,7.65988767973893
NY.GNP.MKTP.KD.ZG,CG,2009,20.7810710336064
NY.GNP.MKTP.KD.ZG,CG,2008,8.20350356971305
NY.GNP.MKTP.KD.ZG,CG,2007,-6.45564162427507
NY.GNP.MKTP.KD.ZG,CG,2006,20.9860457602339
NY.GNP.MKTP.KD.ZG,CG,2005,16.3252584657773
NY.GNP.MKTP.KD.ZG,CG,2004,-1.63083598924182
NY.GNP.MKTP.KD.ZG,CG,2003,-0.169821636813708
NY.GNP.MKTP.KD.ZG,CG,2002,4.76764139873669
NY.GNP.MKTP.KD.ZG,CG,2001,11.6841808122062
NY.GNP.MKTP.KD.ZG,CG,2000,-3.59098573575245
NY.GNP.MKTP.KD.ZG,CG,1999,-13.9887036822481
NY.GNP.MKTP.KD.ZG,CG,1998,12.5056326656729
NY.GNP.MKTP.KD.ZG,CG,1997,12.1159627542917
NY.GNP.MKTP.KD.ZG,CG,1996,3.69086076402412
NY.GNP.MKTP.KD.ZG,CG,1995,-16.4718199013888
NY.GNP.MKTP.KD.ZG,KM,2023,2.41034489387985
NY.GNP.MKTP.KD.ZG,KM,2022,2.37346402518328
NY.GNP.MKTP.KD.ZG,KM,2021,2.11905010947065
NY.GNP.MKTP.KD.ZG,KM,2020,-0.208184984372394
NY.GNP.MKTP.KD.ZG,KM,2019,1.69943607530033
NY.GNP.MKTP.KD.ZG,KM,2018,3.7135381946263
NY.GNP.MKTP.KD.ZG,KM,2017,3.73740142268511
NY.GNP.MKTP.KD.ZG,KM,2016,3.35090011293097
NY.GNP.MKTP.KD.ZG,KM,2015,1.3041317656578
NY.GNP.MKTP.KD.ZG,KM,2014,2.48642398764281
NY.GNP.MKTP.KD.ZG,KM,2013,4.65722650734813
NY.GNP.MKTP.KD.ZG,KM,2012,3.07646512623788
NY.GNP.MKTP.KD.ZG,KM,2011,4.16055596026598
NY.GNP.MKTP.KD.ZG,KM,2010,3.82697312728999
NY.GNP.MKTP.KD.ZG,KM,2009,3.29627239662089
NY.GNP.MKTP.KD.ZG,KM,2008,3.56331531688792
NY.GNP.MKTP.KD.ZG,KM,2007,1.20414519553962
NY.GNP.MKTP.KD.ZG,KM,2006,2.69785095203588
NY.GNP.MKTP.KD.ZG,KM,2005,2.92577436267985
NY.GNP.MKTP.KD.ZG,KM,2004,1.82373328051528
NY.GNP.MKTP.KD.ZG,KM,2003,2.03299030893361
NY.GNP.MKTP.KD.ZG,KM,2002,1.95284857555509
NY.GNP.MKTP.KD.ZG,KM,2001,2.42557638126905
NY.GNP.MKTP.KD.ZG,KM,2000,10.8971902136197
NY.GNP.MKTP.KD.ZG,KM,1999,2.07888928577596
NY.GNP.MKTP.KD.ZG,KM,1998,1.11790958593264
NY.GNP.MKTP.KD.ZG,KM,1997,4.00031506454255
NY.GNP.MKTP.KD.ZG,KM,1996,-1.45099971678029
NY.GNP.MKTP.KD.ZG,KM,1995,3.72752458305339
NY.GNP.MKTP.KD.ZG,CV,2023,6.07923793302891
NY.GNP.MKTP.KD.ZG,CV,2022,17.6855266755088
NY.GNP.MKTP.KD.ZG,CV,2021,7.87373652133753
NY.GNP.MKTP.KD.ZG,CV,2020,-21.0022655273093
NY.GNP.MKTP.KD.ZG,CV,2019,7.2015144838182
NY.GNP.MKTP.KD.ZG,CV,2018,4.67018423623757
NY.GNP.MKTP.KD.ZG,CV,2017,4.75513045738671
NY.GNP.MKTP.KD.ZG,CV,2016,4.37953930050132
NY.GNP.MKTP.KD.ZG,CV,2015,2.12336398138216
NY.GNP.MKTP.KD.ZG,CV,2014,-0.712675186677359
NY.GNP.MKTP.KD.ZG,CV,2013,1.34054928296182
NY.GNP.MKTP.KD.ZG,CV,2012,0.763876117785216
NY.GNP.MKTP.KD.ZG,CV,2011,4.43480694177379
NY.GNP.MKTP.KD.ZG,CV,2010,0.103917708158832
NY.GNP.MKTP.KD.ZG,CV,2009,-1.46462812093094
NY.GNP.MKTP.KD.ZG,CV,2008,6.51238657471833
NY.GNP.MKTP.KD.ZG,CV,2007,None
NY.GNP.MKTP.KD.ZG,CV,2006,None
NY.GNP.MKTP.KD.ZG,CV,2005,None
NY.GNP.MKTP.KD.ZG,CV,2004,None
NY.GNP.MKTP.KD.ZG,CV,2003,None
NY.GNP.MKTP.KD.ZG,CV,2002,None
NY.GNP.MKTP.KD.ZG,CV,2001,None
NY.GNP.MKTP.KD.ZG,CV,2000,None
NY.GNP.MKTP.KD.ZG,CV,1999,None
NY.GNP.MKTP.KD.ZG,CV,1998,None
NY.GNP.MKTP.KD.ZG,CV,1997,None
NY.GNP.MKTP.KD.ZG,CV,1996,None
NY.GNP.MKTP.KD.ZG,CV,1995,None
NY.GNP.MKTP.KD.ZG,DJ,2023,2.82801044828926
NY.GNP.MKTP.KD.ZG,DJ,2022,7.39623653074139
NY.GNP.MKTP.KD.ZG,DJ,2021,5.98983816960259
NY.GNP.MKTP.KD.ZG,DJ,2020,1.25339587709314
NY.GNP.MKTP.KD.ZG,DJ,2019,3.0491128835388
NY.GNP.MKTP.KD.ZG,DJ,2018,4.37442587555654
NY.GNP.MKTP.KD.ZG,DJ,2017,3.68277887190133
NY.GNP.MKTP.KD.ZG,DJ,2016,5.31271634502542
NY.GNP.MKTP.KD.ZG,DJ,2015,8.51622433250094
NY.GNP.MKTP.KD.ZG,DJ,2014,8.93437320025828
NY.GNP.MKTP.KD.ZG,DJ,2013,None
NY.GNP.MKTP.KD.ZG,DJ,2012,None
NY.GNP.MKTP.KD.ZG,DJ,2011,None
NY.GNP.MKTP.KD.ZG,DJ,2010,None
NY.GNP.MKTP.KD.ZG,DJ,2009,None
NY.GNP.MKTP.KD.ZG,DJ,2008,None
NY.GNP.MKTP.KD.ZG,DJ,2007,None
NY.GNP.MKTP.KD.ZG,DJ,2006,None
NY.GNP.MKTP.KD.ZG,DJ,2005,None
NY.GNP.MKTP.KD.ZG,DJ,2004,None
NY.GNP.MKTP.KD.ZG,DJ,2003,None
NY.GNP.MKTP.KD.ZG,DJ,2002,None
NY.GNP.MKTP.KD.ZG,DJ,2001,None
NY.GNP.MKTP.KD.ZG,DJ,2000,None
NY.GNP.MKTP.KD.ZG,DJ,1999,None
NY.GNP.MKTP.KD.ZG,DJ,1998,None
NY.GNP.MKTP.KD.ZG,DJ,1997,None
NY.GNP.MKTP.KD.ZG,DJ,1996,None
NY.GNP.MKTP.KD.ZG,DJ,1995,None
NY.GNP.MKTP.KD.ZG,EG,2023,2.61325519127359
NY.GNP.MKTP.KD.ZG,EG,2022,6.15965860395605
NY.GNP.MKTP.KD.ZG,EG,2021,3.33247307180183
NY.GNP.MKTP.KD.ZG,EG,2020,4.10370878028414
NY.GNP.MKTP.KD.ZG,EG,2019,4.39777059191924
NY.GNP.MKTP.KD.ZG,EG,2018,4.74003336431311
NY.GNP.MKTP.KD.ZG,EG,2017,3.68293414008029
NY.GNP.MKTP.KD.ZG,EG,2016,4.76381514117763
NY.GNP.MKTP.KD.ZG,EG,2015,5.08699781470054
NY.GNP.MKTP.KD.ZG,EG,2014,3.14212816647745
NY.GNP.MKTP.KD.ZG,EG,2013,1.90283318476976
NY.GNP.MKTP.KD.ZG,EG,2012,2.48242631983769
NY.GNP.MKTP.KD.ZG,EG,2011,1.08816062240986
NY.GNP.MKTP.KD.ZG,EG,2010,2.9836592514703
NY.GNP.MKTP.KD.ZG,EG,2009,3.88008173890113
NY.GNP.MKTP.KD.ZG,EG,2008,7.0753736092428
NY.GNP.MKTP.KD.ZG,EG,2007,7.52621517394469
NY.GNP.MKTP.KD.ZG,EG,2006,7.69907162626993
NY.GNP.MKTP.KD.ZG,EG,2005,4.44929328520563
NY.GNP.MKTP.KD.ZG,EG,2004,3.95532538709054
NY.GNP.MKTP.KD.ZG,EG,2003,2.93391611151345
NY.GNP.MKTP.KD.ZG,EG,2002,1.36716440758342
NY.GNP.MKTP.KD.ZG,EG,2001,4.21203730636314
NY.GNP.MKTP.KD.ZG,EG,2000,6.27282225064221
NY.GNP.MKTP.KD.ZG,EG,1999,5.59607517303394
NY.GNP.MKTP.KD.ZG,EG,1998,5.88118866941778
NY.GNP.MKTP.KD.ZG,EG,1997,5.5057086052029
NY.GNP.MKTP.KD.ZG,EG,1996,5.11434318907855
NY.GNP.MKTP.KD.ZG,EG,1995,4.78362716458007
NY.GNP.MKTP.KD.ZG,ER,2023,None
NY.GNP.MKTP.KD.ZG,ER,2022,None
NY.GNP.MKTP.KD.ZG,ER,2021,None
NY.GNP.MKTP.KD.ZG,ER,2020,None
NY.GNP.MKTP.KD.ZG,ER,2019,None
NY.GNP.MKTP.KD.ZG,ER,2018,None
NY.GNP.MKTP.KD.ZG,ER,2017,None
NY.GNP.MKTP.KD.ZG,ER,2016,None
NY.GNP.MKTP.KD.ZG,ER,2015,None
NY.GNP.MKTP.KD.ZG,ER,2014,None
NY.GNP.MKTP.KD.ZG,ER,2013,None
NY.GNP.MKTP.KD.ZG,ER,2012,None
NY.GNP.MKTP.KD.ZG,ER,2011,7.69235957792922
NY.GNP.MKTP.KD.ZG,ER,2010,2.17718056994416
NY.GNP.MKTP.KD.ZG,ER,2009,3.86407798925512
NY.GNP.MKTP.KD.ZG,ER,2008,-9.85142467411202
NY.GNP.MKTP.KD.ZG,ER,2007,1.4690502467942
NY.GNP.MKTP.KD.ZG,ER,2006,-0.927738463281287
NY.GNP.MKTP.KD.ZG,ER,2005,2.7348269533817
NY.GNP.MKTP.KD.ZG,ER,2004,1.37035414991983
NY.GNP.MKTP.KD.ZG,ER,2003,-2.73417915745895
NY.GNP.MKTP.KD.ZG,ER,2002,2.87332070083872
NY.GNP.MKTP.KD.ZG,ER,2001,8.64994225299962
NY.GNP.MKTP.KD.ZG,ER,2000,-3.33614186718742
NY.GNP.MKTP.KD.ZG,ER,1999,0.083508705056019
NY.GNP.MKTP.KD.ZG,ER,1998,2.04361795227095
NY.GNP.MKTP.KD.ZG,ER,1997,8.08851369488546
NY.GNP.MKTP.KD.ZG,ER,1996,8.59207909685264
NY.GNP.MKTP.KD.ZG,ER,1995,3.18580921420568
NY.GNP.MKTP.KD.ZG,ET,2023,6.70474679085554
NY.GNP.MKTP.KD.ZG,ET,2022,5.39467743551781
NY.GNP.MKTP.KD.ZG,ET,2021,5.69546819576141
NY.GNP.MKTP.KD.ZG,ET,2020,6.09884297947461
NY.GNP.MKTP.KD.ZG,ET,2019,8.18236201452613
NY.GNP.MKTP.KD.ZG,ET,2018,6.97963158699409
NY.GNP.MKTP.KD.ZG,ET,2017,9.27622147527276
NY.GNP.MKTP.KD.ZG,ET,2016,9.50953385803746
NY.GNP.MKTP.KD.ZG,ET,2015,10.2496979607503
NY.GNP.MKTP.KD.ZG,ET,2014,10.2010266454453
NY.GNP.MKTP.KD.ZG,ET,2013,10.5787208835979
NY.GNP.MKTP.KD.ZG,ET,2012,8.64306160496433
NY.GNP.MKTP.KD.ZG,ET,2011,None
NY.GNP.MKTP.KD.ZG,ET,2010,None
NY.GNP.MKTP.KD.ZG,ET,2009,None
NY.GNP.MKTP.KD.ZG,ET,2008,None
NY.GNP.MKTP.KD.ZG,ET,2007,None
NY.GNP.MKTP.KD.ZG,ET,2006,None
NY.GNP.MKTP.KD.ZG,ET,2005,None
NY.GNP.MKTP.KD.ZG,ET,2004,None
NY.GNP.MKTP.KD.ZG,ET,2003,None
NY.GNP.MKTP.KD.ZG,ET,2002,None
NY.GNP.MKTP.KD.ZG,ET,2001,None
NY.GNP.MKTP.KD.ZG,ET,2000,None
NY.GNP.MKTP.KD.ZG,ET,1999,None
NY.GNP.MKTP.KD.ZG,ET,1998,None
NY.GNP.MKTP.KD.ZG,ET,1997,None
NY.GNP.MKTP.KD.ZG,ET,1996,None
NY.GNP.MKTP.KD.ZG,ET,1995,None
NY.GNP.MKTP.KD.ZG,FM,2023,None
NY.GNP.MKTP.KD.ZG,FM,2022,None
NY.GNP.MKTP.KD.ZG,FM,2021,None
NY.GNP.MKTP.KD.ZG,FM,2020,None
NY.GNP.MKTP.KD.ZG,FM,2019,None
NY.GNP.MKTP.KD.ZG,FM,2018,None
NY.GNP.MKTP.KD.ZG,FM,2017,None
NY.GNP.MKTP.KD.ZG,FM,2016,None
NY.GNP.MKTP.KD.ZG,FM,2015,None
NY.GNP.MKTP.KD.ZG,FM,2014,None
NY.GNP.MKTP.KD.ZG,FM,2013,None
NY.GNP.MKTP.KD.ZG,FM,2012,None
NY.GNP.MKTP.KD.ZG,FM,2011,None
NY.GNP.MKTP.KD.ZG,FM,2010,None
NY.GNP.MKTP.KD.ZG,FM,2009,None
NY.GNP.MKTP.KD.ZG,FM,2008,None
NY.GNP.MKTP.KD.ZG,FM,2007,None
NY.GNP.MKTP.KD.ZG,FM,2006,None
NY.GNP.MKTP.KD.ZG,FM,2005,None
NY.GNP.MKTP.KD.ZG,FM,2004,None
NY.GNP.MKTP.KD.ZG,FM,2003,None
NY.GNP.MKTP.KD.ZG,FM,2002,None
NY.GNP.MKTP.KD.ZG,FM,2001,None
NY.GNP.MKTP.KD.ZG,FM,2000,None
NY.GNP.MKTP.KD.ZG,FM,1999,None
NY.GNP.MKTP.KD.ZG,FM,1998,None
NY.GNP.MKTP.KD.ZG,FM,1997,None
NY.GNP.MKTP.KD.ZG,FM,1996,None
NY.GNP.MKTP.KD.ZG,FM,1995,None
NY.GNP.MKTP.KD.ZG,GH,2023,None
NY.GNP.MKTP.KD.ZG,GH,2022,5.20269841739997
NY.GNP.MKTP.KD.ZG,GH,2021,0.888850813532443
NY.GNP.MKTP.KD.ZG,GH,2020,5.68684028796702
NY.GNP.MKTP.KD.ZG,GH,2019,6.92977654126146
NY.GNP.MKTP.KD.ZG,GH,2018,6.58863205550033
NY.GNP.MKTP.KD.ZG,GH,2017,7.13104901132404
NY.GNP.MKTP.KD.ZG,GH,2016,2.37399776254162
NY.GNP.MKTP.KD.ZG,GH,2015,4.55744861981586
NY.GNP.MKTP.KD.ZG,GH,2014,0.403173051531752
NY.GNP.MKTP.KD.ZG,GH,2013,9.97096919108888
NY.GNP.MKTP.KD.ZG,GH,2012,6.93567758786813
NY.GNP.MKTP.KD.ZG,GH,2011,12.3600815231916
NY.GNP.MKTP.KD.ZG,GH,2010,6.56581288740104
NY.GNP.MKTP.KD.ZG,GH,2009,4.91873087718793
NY.GNP.MKTP.KD.ZG,GH,2008,9.33202287688597
NY.GNP.MKTP.KD.ZG,GH,2007,4.3877433218735
NY.GNP.MKTP.KD.ZG,GH,2006,None
NY.GNP.MKTP.KD.ZG,GH,2005,None
NY.GNP.MKTP.KD.ZG,GH,2004,None
NY.GNP.MKTP.KD.ZG,GH,2003,None
NY.GNP.MKTP.KD.ZG,GH,2002,None
NY.GNP.MKTP.KD.ZG,GH,2001,None
NY.GNP.MKTP.KD.ZG,GH,2000,None
NY.GNP.MKTP.KD.ZG,GH,1999,None
NY.GNP.MKTP.KD.ZG,GH,1998,None
NY.GNP.MKTP.KD.ZG,GH,1997,None
NY.GNP.MKTP.KD.ZG,GH,1996,None
NY.GNP.MKTP.KD.ZG,GH,1995,None
NY.GNP.MKTP.KD.ZG,GN,2023,4.84618577586518
NY.GNP.MKTP.KD.ZG,GN,2022,8.89061505535689
NY.GNP.MKTP.KD.ZG,GN,2021,-2.14349745583161
NY.GNP.MKTP.KD.ZG,GN,2020,-0.467281362036218
NY.GNP.MKTP.KD.ZG,GN,2019,4.84817753510947
NY.GNP.MKTP.KD.ZG,GN,2018,3.06579420401678
NY.GNP.MKTP.KD.ZG,GN,2017,11.7526346521065
NY.GNP.MKTP.KD.ZG,GN,2016,10.7043418055772
NY.GNP.MKTP.KD.ZG,GN,2015,5.61598693191254
NY.GNP.MKTP.KD.ZG,GN,2014,5.5610917510737
NY.GNP.MKTP.KD.ZG,GN,2013,0.331849080072871
NY.GNP.MKTP.KD.ZG,GN,2012,6.24211059996473
NY.GNP.MKTP.KD.ZG,GN,2011,4.72153266777946
NY.GNP.MKTP.KD.ZG,GN,2010,6.05162355671838
NY.GNP.MKTP.KD.ZG,GN,2009,-2.17600375548383
NY.GNP.MKTP.KD.ZG,GN,2008,3.82912618859285
NY.GNP.MKTP.KD.ZG,GN,2007,6.79940326884471
NY.GNP.MKTP.KD.ZG,GN,2006,None
NY.GNP.MKTP.KD.ZG,GN,2005,None
NY.GNP.MKTP.KD.ZG,GN,2004,None
NY.GNP.MKTP.KD.ZG,GN,2003,None
NY.GNP.MKTP.KD.ZG,GN,2002,None
NY.GNP.MKTP.KD.ZG,GN,2001,None
NY.GNP.MKTP.KD.ZG,GN,2000,None
NY.GNP.MKTP.KD.ZG,GN,1999,None
NY.GNP.MKTP.KD.ZG,GN,1998,None
NY.GNP.MKTP.KD.ZG,GN,1997,None
NY.GNP.MKTP.KD.ZG,GN,1996,None
NY.GNP.MKTP.KD.ZG,GN,1995,None
NY.GNP.MKTP.KD.ZG,GM,2023,5.45864217526173
NY.GNP.MKTP.KD.ZG,GM,2022,5.99010509335042
NY.GNP.MKTP.KD.ZG,GM,2021,4.13562990560283
NY.GNP.MKTP.KD.ZG,GM,2020,0.805529010218635
NY.GNP.MKTP.KD.ZG,GM,2019,6.37043032247789
NY.GNP.MKTP.KD.ZG,GM,2018,7.36224598660107
NY.GNP.MKTP.KD.ZG,GM,2017,4.8731843232467
NY.GNP.MKTP.KD.ZG,GM,2016,2.44926729731476
NY.GNP.MKTP.KD.ZG,GM,2015,3.92571754395254
NY.GNP.MKTP.KD.ZG,GM,2014,-1.57217694915042
NY.GNP.MKTP.KD.ZG,GM,2013,2.78534499820616
NY.GNP.MKTP.KD.ZG,GM,2012,5.45827343842571
NY.GNP.MKTP.KD.ZG,GM,2011,-8.49867562833559
NY.GNP.MKTP.KD.ZG,GM,2010,5.94838151946216
NY.GNP.MKTP.KD.ZG,GM,2009,6.34192279829789
NY.GNP.MKTP.KD.ZG,GM,2008,6.75923395997116
NY.GNP.MKTP.KD.ZG,GM,2007,3.37264710068064
NY.GNP.MKTP.KD.ZG,GM,2006,-0.862199107021993
NY.GNP.MKTP.KD.ZG,GM,2005,-2.40520176055233
NY.GNP.MKTP.KD.ZG,GM,2004,None
NY.GNP.MKTP.KD.ZG,GM,2003,None
NY.GNP.MKTP.KD.ZG,GM,2002,None
NY.GNP.MKTP.KD.ZG,GM,2001,None
NY.GNP.MKTP.KD.ZG,GM,2000,None
NY.GNP.MKTP.KD.ZG,GM,1999,None
NY.GNP.MKTP.KD.ZG,GM,1998,None
NY.GNP.MKTP.KD.ZG,GM,1997,None
NY.GNP.MKTP.KD.ZG,GM,1996,None
NY.GNP.MKTP.KD.ZG,GM,1995,None
NY.GNP.MKTP.KD.ZG,GW,2023,4.14135873359878
NY.GNP.MKTP.KD.ZG,GW,2022,4.69292089353937
NY.GNP.MKTP.KD.ZG,GW,2021,5.68073143810759
NY.GNP.MKTP.KD.ZG,GW,2020,1.37612750021951
NY.GNP.MKTP.KD.ZG,GW,2019,10.025311947996
NY.GNP.MKTP.KD.ZG,GW,2018,-0.703058458196622
NY.GNP.MKTP.KD.ZG,GW,2017,4.38106324677463
NY.GNP.MKTP.KD.ZG,GW,2016,4.47805751538499
NY.GNP.MKTP.KD.ZG,GW,2015,5.36154507295694
NY.GNP.MKTP.KD.ZG,GW,2014,4.63037994749725
NY.GNP.MKTP.KD.ZG,GW,2013,5.5757966683171
NY.GNP.MKTP.KD.ZG,GW,2012,-3.05125761329083
NY.GNP.MKTP.KD.ZG,GW,2011,6.7267182165748
NY.GNP.MKTP.KD.ZG,GW,2010,6.52958862268696
NY.GNP.MKTP.KD.ZG,GW,2009,2.81337190282727
NY.GNP.MKTP.KD.ZG,GW,2008,4.2387947419179
NY.GNP.MKTP.KD.ZG,GW,2007,2.59848191267818
NY.GNP.MKTP.KD.ZG,GW,2006,2.67434920323186
NY.GNP.MKTP.KD.ZG,GW,2005,6.93153747123401
NY.GNP.MKTP.KD.ZG,GW,2004,1.0412658559347
NY.GNP.MKTP.KD.ZG,GW,2003,-0.000946123077838479
NY.GNP.MKTP.KD.ZG,GW,2002,4.52629340103805
NY.GNP.MKTP.KD.ZG,GW,2001,5.06634742449825
NY.GNP.MKTP.KD.ZG,GW,2000,0.33090418203652
NY.GNP.MKTP.KD.ZG,GW,1999,16.7122396902645
NY.GNP.MKTP.KD.ZG,GW,1998,-22.761199539192
NY.GNP.MKTP.KD.ZG,GW,1997,None
NY.GNP.MKTP.KD.ZG,GW,1996,None
NY.GNP.MKTP.KD.ZG,GW,1995,None
NY.GNP.MKTP.KD.ZG,HN,2023,4.26232348609548
NY.GNP.MKTP.KD.ZG,HN,2022,5.43416789911362
NY.GNP.MKTP.KD.ZG,HN,2021,11.2208902703147
NY.GNP.MKTP.KD.ZG,HN,2020,-8.30999279098054
NY.GNP.MKTP.KD.ZG,HN,2019,2.37792339149428
NY.GNP.MKTP.KD.ZG,HN,2018,2.19508667598716
NY.GNP.MKTP.KD.ZG,HN,2017,6.05388894661409
NY.GNP.MKTP.KD.ZG,HN,2016,3.42850579444544
NY.GNP.MKTP.KD.ZG,HN,2015,4.43049662867305
NY.GNP.MKTP.KD.ZG,HN,2014,1.57643407186963
NY.GNP.MKTP.KD.ZG,HN,2013,2.97038742482576
NY.GNP.MKTP.KD.ZG,HN,2012,2.24026598713624
NY.GNP.MKTP.KD.ZG,HN,2011,3.1847580308569
NY.GNP.MKTP.KD.ZG,HN,2010,0.908249419823193
NY.GNP.MKTP.KD.ZG,HN,2009,-1.88214855434668
NY.GNP.MKTP.KD.ZG,HN,2008,4.59716922943301
NY.GNP.MKTP.KD.ZG,HN,2007,8.06276695202655
NY.GNP.MKTP.KD.ZG,HN,2006,6.54209185068521
NY.GNP.MKTP.KD.ZG,HN,2005,6.77458398640663
NY.GNP.MKTP.KD.ZG,HN,2004,5.68008215905536
NY.GNP.MKTP.KD.ZG,HN,2003,3.86447996571988
NY.GNP.MKTP.KD.ZG,HN,2002,3.26215519890324
NY.GNP.MKTP.KD.ZG,HN,2001,2.34032712523029
NY.GNP.MKTP.KD.ZG,HN,2000,None
NY.GNP.MKTP.KD.ZG,HN,1999,None
NY.GNP.MKTP.KD.ZG,HN,1998,None
NY.GNP.MKTP.KD.ZG,HN,1997,None
NY.GNP.MKTP.KD.ZG,HN,1996,None
NY.GNP.MKTP.KD.ZG,HN,1995,None
NY.GNP.MKTP.KD.ZG,HT,2023,-1.96574924414284
NY.GNP.MKTP.KD.ZG,HT,2022,-1.67354613983369
NY.GNP.MKTP.KD.ZG,HT,2021,-1.88064910177438
NY.GNP.MKTP.KD.ZG,HT,2020,-3.4608861819424
NY.GNP.MKTP.KD.ZG,HT,2019,-1.68765634562246
NY.GNP.MKTP.KD.ZG,HT,2018,1.57238112613834
NY.GNP.MKTP.KD.ZG,HT,2017,2.56765109545239
NY.GNP.MKTP.KD.ZG,HT,2016,1.89705768792172
NY.GNP.MKTP.KD.ZG,HT,2015,1.35728321299867
NY.GNP.MKTP.KD.ZG,HT,2014,3.00028815360697
NY.GNP.MKTP.KD.ZG,HT,2013,4.13716871713757
NY.GNP.MKTP.KD.ZG,HT,2012,0.611052040890982
NY.GNP.MKTP.KD.ZG,HT,2011,5.19829252463512
NY.GNP.MKTP.KD.ZG,HT,2010,-5.57873421034097
NY.GNP.MKTP.KD.ZG,HT,2009,5.95605182406598
NY.GNP.MKTP.KD.ZG,HT,2008,2.689225499945
NY.GNP.MKTP.KD.ZG,HT,2007,4.63725718742572
NY.GNP.MKTP.KD.ZG,HT,2006,2.37922505633097
NY.GNP.MKTP.KD.ZG,HT,2005,2.76717538409021
NY.GNP.MKTP.KD.ZG,HT,2004,-1.24264126364822
NY.GNP.MKTP.KD.ZG,HT,2003,3.42972563079447
NY.GNP.MKTP.KD.ZG,HT,2002,0.974301155333393
NY.GNP.MKTP.KD.ZG,HT,2001,-0.356379528587141
NY.GNP.MKTP.KD.ZG,HT,2000,0.645845702039651
NY.GNP.MKTP.KD.ZG,HT,1999,2.59564596620214
NY.GNP.MKTP.KD.ZG,HT,1998,2.08348742121025
NY.GNP.MKTP.KD.ZG,HT,1997,2.61132974151246
NY.GNP.MKTP.KD.ZG,HT,1996,4.31304672538737
NY.GNP.MKTP.KD.ZG,HT,1995,10.1904165527905
NY.GNP.MKTP.KD.ZG,IN,2023,7.60054735965015
NY.GNP.MKTP.KD.ZG,IN,2022,6.76570471576856
NY.GNP.MKTP.KD.ZG,IN,2021,9.88547346764928
NY.GNP.MKTP.KD.ZG,IN,2020,-6.24560540623662
NY.GNP.MKTP.KD.ZG,IN,2019,3.99138300981068
NY.GNP.MKTP.KD.ZG,IN,2018,6.47587502084981
NY.GNP.MKTP.KD.ZG,IN,2017,6.86535817547434
NY.GNP.MKTP.KD.ZG,IN,2016,8.26954140418997
NY.GNP.MKTP.KD.ZG,IN,2015,7.99370362235106
NY.GNP.MKTP.KD.ZG,IN,2014,7.47967821154927
NY.GNP.MKTP.KD.ZG,IN,2013,6.30846933049443
NY.GNP.MKTP.KD.ZG,IN,2012,5.14068066250246
NY.GNP.MKTP.KD.ZG,IN,2011,5.45176352602843
NY.GNP.MKTP.KD.ZG,IN,2010,7.96044081837526
NY.GNP.MKTP.KD.ZG,IN,2009,7.85753564208672
NY.GNP.MKTP.KD.ZG,IN,2008,2.91053569523665
NY.GNP.MKTP.KD.ZG,IN,2007,8.04666398779537
NY.GNP.MKTP.KD.ZG,IN,2006,7.99349647019194
NY.GNP.MKTP.KD.ZG,IN,2005,7.90010168382524
NY.GNP.MKTP.KD.ZG,IN,2004,7.92152627104184
NY.GNP.MKTP.KD.ZG,IN,2003,7.85169760704764
NY.GNP.MKTP.KD.ZG,IN,2002,3.92386930226547
NY.GNP.MKTP.KD.ZG,IN,2001,4.96359656809018
NY.GNP.MKTP.KD.ZG,IN,2000,3.56625446767916
NY.GNP.MKTP.KD.ZG,IN,1999,8.82865011428147
NY.GNP.MKTP.KD.ZG,IN,1998,6.18402169535956
NY.GNP.MKTP.KD.ZG,IN,1997,4.23542274032191
NY.GNP.MKTP.KD.ZG,IN,1996,7.65734814326984
NY.GNP.MKTP.KD.ZG,IN,1995,7.57465478073884
NY.GNP.MKTP.KD.ZG,JO,2023,None
NY.GNP.MKTP.KD.ZG,JO,2022,None
NY.GNP.MKTP.KD.ZG,JO,2021,None
NY.GNP.MKTP.KD.ZG,JO,2020,None
NY.GNP.MKTP.KD.ZG,JO,2019,None
NY.GNP.MKTP.KD.ZG,JO,2018,None
NY.GNP.MKTP.KD.ZG,JO,2017,None
NY.GNP.MKTP.KD.ZG,JO,2016,None
NY.GNP.MKTP.KD.ZG,JO,2015,None
NY.GNP.MKTP.KD.ZG,JO,2014,None
NY.GNP.MKTP.KD.ZG,JO,2013,None
NY.GNP.MKTP.KD.ZG,JO,2012,None
NY.GNP.MKTP.KD.ZG,JO,2011,None
NY.GNP.MKTP.KD.ZG,JO,2010,None
NY.GNP.MKTP.KD.ZG,JO,2009,None
NY.GNP.MKTP.KD.ZG,JO,2008,None
NY.GNP.MKTP.KD.ZG,JO,2007,None
NY.GNP.MKTP.KD.ZG,JO,2006,None
NY.GNP.MKTP.KD.ZG,JO,2005,None
NY.GNP.MKTP.KD.ZG,JO,2004,None
NY.GNP.MKTP.KD.ZG,JO,2003,None
NY.GNP.MKTP.KD.ZG,JO,2002,None
NY.GNP.MKTP.KD.ZG,JO,2001,None
NY.GNP.MKTP.KD.ZG,JO,2000,None
NY.GNP.MKTP.KD.ZG,JO,1999,None
NY.GNP.MKTP.KD.ZG,JO,1998,None
NY.GNP.MKTP.KD.ZG,JO,1997,None
NY.GNP.MKTP.KD.ZG,JO,1996,None
NY.GNP.MKTP.KD.ZG,JO,1995,None
NY.GNP.MKTP.KD.ZG,KE,2023,None
NY.GNP.MKTP.KD.ZG,KE,2022,5.02814525043875
NY.GNP.MKTP.KD.ZG,KE,2021,7.64025430925605
NY.GNP.MKTP.KD.ZG,KE,2020,-0.405210941584116
NY.GNP.MKTP.KD.ZG,KE,2019,5.01916394398417
NY.GNP.MKTP.KD.ZG,KE,2018,6.07310540087076
NY.GNP.MKTP.KD.ZG,KE,2017,3.25549996533283
NY.GNP.MKTP.KD.ZG,KE,2016,13.9943128751597
NY.GNP.MKTP.KD.ZG,KE,2015,6.38565716095047
NY.GNP.MKTP.KD.ZG,KE,2014,5.4640954673883
NY.GNP.MKTP.KD.ZG,KE,2013,3.03566536851557
NY.GNP.MKTP.KD.ZG,KE,2012,3.60291032597944
NY.GNP.MKTP.KD.ZG,KE,2011,7.66900395475795
NY.GNP.MKTP.KD.ZG,KE,2010,9.09953337283011
NY.GNP.MKTP.KD.ZG,KE,2009,-9.91941456911675
NY.GNP.MKTP.KD.ZG,KE,2008,0.570243766334102
NY.GNP.MKTP.KD.ZG,KE,2007,6.67591892908268
NY.GNP.MKTP.KD.ZG,KE,2006,6.23205970155026
NY.GNP.MKTP.KD.ZG,KE,2005,6.71407715192022
NY.GNP.MKTP.KD.ZG,KE,2004,5.33836041624373
NY.GNP.MKTP.KD.ZG,KE,2003,2.75665509199005
NY.GNP.MKTP.KD.ZG,KE,2002,0.7313046627484
NY.GNP.MKTP.KD.ZG,KE,2001,3.69330588076583
NY.GNP.MKTP.KD.ZG,KE,2000,0.908730364761439
NY.GNP.MKTP.KD.ZG,KE,1999,1.90522888403062
NY.GNP.MKTP.KD.ZG,KE,1998,3.66706760869025
NY.GNP.MKTP.KD.ZG,KE,1997,0.979092878504261
NY.GNP.MKTP.KD.ZG,KE,1996,5.81492750967647
NY.GNP.MKTP.KD.ZG,KE,1995,6.03008496150927
NY.GNP.MKTP.KD.ZG,KG,2023,None
NY.GNP.MKTP.KD.ZG,KG,2022,10.7866608570206
NY.GNP.MKTP.KD.ZG,KG,2021,1.28821550772089
NY.GNP.MKTP.KD.ZG,KG,2020,-1.90918827406647
NY.GNP.MKTP.KD.ZG,KG,2019,-1.22601244637389
NY.GNP.MKTP.KD.ZG,KG,2018,5.5949584555806
NY.GNP.MKTP.KD.ZG,KG,2017,5.05173473433558
NY.GNP.MKTP.KD.ZG,KG,2016,2.84083993150071
NY.GNP.MKTP.KD.ZG,KG,2015,4.09468688637178
NY.GNP.MKTP.KD.ZG,KG,2014,5.59294601567709
NY.GNP.MKTP.KD.ZG,KG,2013,7.76790012811315
NY.GNP.MKTP.KD.ZG,KG,2012,8.50909276478259
NY.GNP.MKTP.KD.ZG,KG,2011,1.12672581803569
NY.GNP.MKTP.KD.ZG,KG,2010,None
NY.GNP.MKTP.KD.ZG,KG,2009,None
NY.GNP.MKTP.KD.ZG,KG,2008,None
NY.GNP.MKTP.KD.ZG,KG,2007,None
NY.GNP.MKTP.KD.ZG,KG,2006,None
NY.GNP.MKTP.KD.ZG,KG,2005,None
NY.GNP.MKTP.KD.ZG,KG,2004,None
NY.GNP.MKTP.KD.ZG,KG,2003,None
NY.GNP.MKTP.KD.ZG,KG,2002,None
NY.GNP.MKTP.KD.ZG,KG,2001,None
NY.GNP.MKTP.KD.ZG,KG,2000,None
NY.GNP.MKTP.KD.ZG,KG,1999,None
NY.GNP.MKTP.KD.ZG,KG,1998,None
NY.GNP.MKTP.KD.ZG,KG,1997,None
NY.GNP.MKTP.KD.ZG,KG,1996,None
NY.GNP.MKTP.KD.ZG,KG,1995,None
NY.GNP.MKTP.KD.ZG,KH,2023,8.03955676126972
NY.GNP.MKTP.KD.ZG,KH,2022,5.34664533821712
NY.GNP.MKTP.KD.ZG,KH,2021,1.39963911198839
NY.GNP.MKTP.KD.ZG,KH,2020,-0.927876598930339
NY.GNP.MKTP.KD.ZG,KH,2019,6.43661419964666
NY.GNP.MKTP.KD.ZG,KH,2018,6.89290809635952
NY.GNP.MKTP.KD.ZG,KH,2017,7.07636125627535
NY.GNP.MKTP.KD.ZG,KH,2016,7.21107255686928
NY.GNP.MKTP.KD.ZG,KH,2015,7.01647547029303
NY.GNP.MKTP.KD.ZG,KH,2014,7.12087235937877
NY.GNP.MKTP.KD.ZG,KH,2013,6.59050705939063
NY.GNP.MKTP.KD.ZG,KH,2012,6.39089670046027
NY.GNP.MKTP.KD.ZG,KH,2011,6.24334601586651
NY.GNP.MKTP.KD.ZG,KH,2010,7.01456578633999
NY.GNP.MKTP.KD.ZG,KH,2009,-0.250985396252574
NY.GNP.MKTP.KD.ZG,KH,2008,5.96002294666864
NY.GNP.MKTP.KD.ZG,KH,2007,10.9309296184082
NY.GNP.MKTP.KD.ZG,KH,2006,10.9511704881543
NY.GNP.MKTP.KD.ZG,KH,2005,12.5624644875876
NY.GNP.MKTP.KD.ZG,KH,2004,10.0855929438421
NY.GNP.MKTP.KD.ZG,KH,2003,9.15515102001476
NY.GNP.MKTP.KD.ZG,KH,2002,5.65555579710477
NY.GNP.MKTP.KD.ZG,KH,2001,7.86648255245159
NY.GNP.MKTP.KD.ZG,KH,2000,9.46215076952173
NY.GNP.MKTP.KD.ZG,KH,1999,11.5385425939133
NY.GNP.MKTP.KD.ZG,KH,1998,4.05275147113538
NY.GNP.MKTP.KD.ZG,KH,1997,5.3612531363582
NY.GNP.MKTP.KD.ZG,KH,1996,5.15780531269874
NY.GNP.MKTP.KD.ZG,KH,1995,None
NY.GNP.MKTP.KD.ZG,KI,2023,None
NY.GNP.MKTP.KD.ZG,KI,2022,None
NY.GNP.MKTP.KD.ZG,KI,2021,None
NY.GNP.MKTP.KD.ZG,KI,2020,None
NY.GNP.MKTP.KD.ZG,KI,2019,None
NY.GNP.MKTP.KD.ZG,KI,2018,None
NY.GNP.MKTP.KD.ZG,KI,2017,None
NY.GNP.MKTP.KD.ZG,KI,2016,None
NY.GNP.MKTP.KD.ZG,KI,2015,None
NY.GNP.MKTP.KD.ZG,KI,2014,None
NY.GNP.MKTP.KD.ZG,KI,2013,None
NY.GNP.MKTP.KD.ZG,KI,2012,None
NY.GNP.MKTP.KD.ZG,KI,2011,None
NY.GNP.MKTP.KD.ZG,KI,2010,None
NY.GNP.MKTP.KD.ZG,KI,2009,None
NY.GNP.MKTP.KD.ZG,KI,2008,None
NY.GNP.MKTP.KD.ZG,KI,2007,None
NY.GNP.MKTP.KD.ZG,KI,2006,None
NY.GNP.MKTP.KD.ZG,KI,2005,None
NY.GNP.MKTP.KD.ZG,KI,2004,None
NY.GNP.MKTP.KD.ZG,KI,2003,None
NY.GNP.MKTP.KD.ZG,KI,2002,None
NY.GNP.MKTP.KD.ZG,KI,2001,None
NY.GNP.MKTP.KD.ZG,KI,2000,None
NY.GNP.MKTP.KD.ZG,KI,1999,None
NY.GNP.MKTP.KD.ZG,KI,1998,None
NY.GNP.MKTP.KD.ZG,KI,1997,None
NY.GNP.MKTP.KD.ZG,KI,1996,None
NY.GNP.MKTP.KD.ZG,KI,1995,None
NY.GNP.MKTP.KD.ZG,LA,2023,None
NY.GNP.MKTP.KD.ZG,LA,2022,None
NY.GNP.MKTP.KD.ZG,LA,2021,None
NY.GNP.MKTP.KD.ZG,LA,2020,None
NY.GNP.MKTP.KD.ZG,LA,2019,None
NY.GNP.MKTP.KD.ZG,LA,2018,None
NY.GNP.MKTP.KD.ZG,LA,2017,None
NY.GNP.MKTP.KD.ZG,LA,2016,6.90044041554403
NY.GNP.MKTP.KD.ZG,LA,2015,7.31113869904134
NY.GNP.MKTP.KD.ZG,LA,2014,8.64643701870801
NY.GNP.MKTP.KD.ZG,LA,2013,8.7225137279496
NY.GNP.MKTP.KD.ZG,LA,2012,9.40819397568555
NY.GNP.MKTP.KD.ZG,LA,2011,6.97451610405855
NY.GNP.MKTP.KD.ZG,LA,2010,4.64882658218204
NY.GNP.MKTP.KD.ZG,LA,2009,9.53990409864419
NY.GNP.MKTP.KD.ZG,LA,2008,6.5205519881283
NY.GNP.MKTP.KD.ZG,LA,2007,10.0479793321261
NY.GNP.MKTP.KD.ZG,LA,2006,4.90954696236166
NY.GNP.MKTP.KD.ZG,LA,2005,8.6985393018808
NY.GNP.MKTP.KD.ZG,LA,2004,7.63062084583055
NY.GNP.MKTP.KD.ZG,LA,2003,4.23619698773585
NY.GNP.MKTP.KD.ZG,LA,2002,6.07571237932247
NY.GNP.MKTP.KD.ZG,LA,2001,5.65540691683137
NY.GNP.MKTP.KD.ZG,LA,2000,None
NY.GNP.MKTP.KD.ZG,LA,1999,None
NY.GNP.MKTP.KD.ZG,LA,1998,None
NY.GNP.MKTP.KD.ZG,LA,1997,None
NY.GNP.MKTP.KD.ZG,LA,1996,None
NY.GNP.MKTP.KD.ZG,LA,1995,None
NY.GNP.MKTP.KD.ZG,LB,2023,-1.17788263662139
NY.GNP.MKTP.KD.ZG,LB,2022,3.74387016239488
NY.GNP.MKTP.KD.ZG,LB,2021,-9.92948884033943
NY.GNP.MKTP.KD.ZG,LB,2020,-22.0286598692748
NY.GNP.MKTP.KD.ZG,LB,2019,-7.37212283850579
NY.GNP.MKTP.KD.ZG,LB,2018,-3.66324921662523
NY.GNP.MKTP.KD.ZG,LB,2017,2.27120058520296
NY.GNP.MKTP.KD.ZG,LB,2016,0.854682106010202
NY.GNP.MKTP.KD.ZG,LB,2015,0.57537431566827
NY.GNP.MKTP.KD.ZG,LB,2014,1.72307708326305
NY.GNP.MKTP.KD.ZG,LB,2013,3.82221634925126
NY.GNP.MKTP.KD.ZG,LB,2012,2.68218820150146
NY.GNP.MKTP.KD.ZG,LB,2011,1.64423618646255
NY.GNP.MKTP.KD.ZG,LB,2010,7.2227131958192
NY.GNP.MKTP.KD.ZG,LB,2009,8.02345348887144
NY.GNP.MKTP.KD.ZG,LB,2008,7.48676686499898
NY.GNP.MKTP.KD.ZG,LB,2007,11.7159088418342
NY.GNP.MKTP.KD.ZG,LB,2006,3.18089298891302
NY.GNP.MKTP.KD.ZG,LB,2005,5.93799102619954
NY.GNP.MKTP.KD.ZG,LB,2004,23.7421687567018
NY.GNP.MKTP.KD.ZG,LB,2003,-10.2281160089246
NY.GNP.MKTP.KD.ZG,LB,2002,-1.11055554461362
NY.GNP.MKTP.KD.ZG,LB,2001,1.46419807404811
NY.GNP.MKTP.KD.ZG,LB,2000,2.01860488662791
NY.GNP.MKTP.KD.ZG,LB,1999,-0.167186453534015
NY.GNP.MKTP.KD.ZG,LB,1998,2.52624104373665
NY.GNP.MKTP.KD.ZG,LB,1997,0.255110560723381
NY.GNP.MKTP.KD.ZG,LB,1996,10.0197579698161
NY.GNP.MKTP.KD.ZG,LB,1995,7.25374106133496
NY.GNP.MKTP.KD.ZG,LR,2023,None
NY.GNP.MKTP.KD.ZG,LR,2022,None
NY.GNP.MKTP.KD.ZG,LR,2021,None
NY.GNP.MKTP.KD.ZG,LR,2020,None
NY.GNP.MKTP.KD.ZG,LR,2019,None
NY.GNP.MKTP.KD.ZG,LR,2018,None
NY.GNP.MKTP.KD.ZG,LR,2017,None
NY.GNP.MKTP.KD.ZG,LR,2016,None
NY.GNP.MKTP.KD.ZG,LR,2015,None
NY.GNP.MKTP.KD.ZG,LR,2014,None
NY.GNP.MKTP.KD.ZG,LR,2013,None
NY.GNP.MKTP.KD.ZG,LR,2012,None
NY.GNP.MKTP.KD.ZG,LR,2011,None
NY.GNP.MKTP.KD.ZG,LR,2010,None
NY.GNP.MKTP.KD.ZG,LR,2009,None
NY.GNP.MKTP.KD.ZG,LR,2008,None
NY.GNP.MKTP.KD.ZG,LR,2007,None
NY.GNP.MKTP.KD.ZG,LR,2006,None
NY.GNP.MKTP.KD.ZG,LR,2005,None
NY.GNP.MKTP.KD.ZG,LR,2004,None
NY.GNP.MKTP.KD.ZG,LR,2003,None
NY.GNP.MKTP.KD.ZG,LR,2002,None
NY.GNP.MKTP.KD.ZG,LR,2001,None
NY.GNP.MKTP.KD.ZG,LR,2000,None
NY.GNP.MKTP.KD.ZG,LR,1999,None
NY.GNP.MKTP.KD.ZG,LR,1998,None
NY.GNP.MKTP.KD.ZG,LR,1997,None
NY.GNP.MKTP.KD.ZG,LR,1996,None
NY.GNP.MKTP.KD.ZG,LR,1995,None
NY.GNP.MKTP.KD.ZG,LK,2023,-2.91860476530358
NY.GNP.MKTP.KD.ZG,LK,2022,-7.64257096954468
NY.GNP.MKTP.KD.ZG,LK,2021,4.74974328086111
NY.GNP.MKTP.KD.ZG,LK,2020,-4.574455380313
NY.GNP.MKTP.KD.ZG,LK,2019,-0.458337635273125
NY.GNP.MKTP.KD.ZG,LK,2018,2.23419822281043
NY.GNP.MKTP.KD.ZG,LK,2017,6.50766917872041
NY.GNP.MKTP.KD.ZG,LK,2016,4.90389193166723
NY.GNP.MKTP.KD.ZG,LK,2015,None
NY.GNP.MKTP.KD.ZG,LK,2014,None
NY.GNP.MKTP.KD.ZG,LK,2013,None
NY.GNP.MKTP.KD.ZG,LK,2012,None
NY.GNP.MKTP.KD.ZG,LK,2011,None
NY.GNP.MKTP.KD.ZG,LK,2010,None
NY.GNP.MKTP.KD.ZG,LK,2009,4.64214811784289
NY.GNP.MKTP.KD.ZG,LK,2008,4.73601534290415
NY.GNP.MKTP.KD.ZG,LK,2007,7.09617569520651
NY.GNP.MKTP.KD.ZG,LK,2006,7.52731936341877
NY.GNP.MKTP.KD.ZG,LK,2005,6.02778132535595
NY.GNP.MKTP.KD.ZG,LK,2004,5.38777443255715
NY.GNP.MKTP.KD.ZG,LK,2003,6.53039044508994
NY.GNP.MKTP.KD.ZG,LK,2002,4.23646724573194
NY.GNP.MKTP.KD.ZG,LK,2001,-1.47096060896257
NY.GNP.MKTP.KD.ZG,LK,2000,5.91826458294953
NY.GNP.MKTP.KD.ZG,LK,1999,4.06957050176895
NY.GNP.MKTP.KD.ZG,LK,1998,4.23167562781512
NY.GNP.MKTP.KD.ZG,LK,1997,6.65756603853322
NY.GNP.MKTP.KD.ZG,LK,1996,3.68182153202135
NY.GNP.MKTP.KD.ZG,LK,1995,4.86629523920163
NY.GNP.MKTP.KD.ZG,LS,2023,None
NY.GNP.MKTP.KD.ZG,LS,2022,4.61969615988851
NY.GNP.MKTP.KD.ZG,LS,2021,-3.13289168165119
NY.GNP.MKTP.KD.ZG,LS,2020,-5.79434449295717
NY.GNP.MKTP.KD.ZG,LS,2019,-1.91476536407531
NY.GNP.MKTP.KD.ZG,LS,2018,4.16199371933989
NY.GNP.MKTP.KD.ZG,LS,2017,-3.55152487022679
NY.GNP.MKTP.KD.ZG,LS,2016,4.81334045344626
NY.GNP.MKTP.KD.ZG,LS,2015,3.97343885657034
NY.GNP.MKTP.KD.ZG,LS,2014,-0.819178177708736
NY.GNP.MKTP.KD.ZG,LS,2013,0.472166207065911
NY.GNP.MKTP.KD.ZG,LS,2012,2.84990567639092
NY.GNP.MKTP.KD.ZG,LS,2011,-1.82829035386925
NY.GNP.MKTP.KD.ZG,LS,2010,3.30142595842781
NY.GNP.MKTP.KD.ZG,LS,2009,-5.01805534921908
NY.GNP.MKTP.KD.ZG,LS,2008,3.32927052118073
NY.GNP.MKTP.KD.ZG,LS,2007,None
NY.GNP.MKTP.KD.ZG,LS,2006,None
NY.GNP.MKTP.KD.ZG,LS,2005,None
NY.GNP.MKTP.KD.ZG,LS,2004,None
NY.GNP.MKTP.KD.ZG,LS,2003,None
NY.GNP.MKTP.KD.ZG,LS,2002,None
NY.GNP.MKTP.KD.ZG,LS,2001,None
NY.GNP.MKTP.KD.ZG,LS,2000,None
NY.GNP.MKTP.KD.ZG,LS,1999,None
NY.GNP.MKTP.KD.ZG,LS,1998,None
NY.GNP.MKTP.KD.ZG,LS,1997,None
NY.GNP.MKTP.KD.ZG,LS,1996,None
NY.GNP.MKTP.KD.ZG,LS,1995,None
NY.GNP.MKTP.KD.ZG,MA,2023,3.05312237720898
NY.GNP.MKTP.KD.ZG,MA,2022,1.28622584917053
NY.GNP.MKTP.KD.ZG,MA,2021,7.55185206242845
NY.GNP.MKTP.KD.ZG,MA,2020,-6.65280271802841
NY.GNP.MKTP.KD.ZG,MA,2019,2.87853521229231
NY.GNP.MKTP.KD.ZG,MA,2018,3.10696087847417
NY.GNP.MKTP.KD.ZG,MA,2017,4.90520024306285
NY.GNP.MKTP.KD.ZG,MA,2016,0.6782544315123
NY.GNP.MKTP.KD.ZG,MA,2015,4.78544694961418
NY.GNP.MKTP.KD.ZG,MA,2014,2.02994335747562
NY.GNP.MKTP.KD.ZG,MA,2013,4.80028288274875
NY.GNP.MKTP.KD.ZG,MA,2012,2.73351598104976
NY.GNP.MKTP.KD.ZG,MA,2011,5.22559776846853
NY.GNP.MKTP.KD.ZG,MA,2010,3.51103232108345
NY.GNP.MKTP.KD.ZG,MA,2009,2.50851210921932
NY.GNP.MKTP.KD.ZG,MA,2008,5.83552176689422
NY.GNP.MKTP.KD.ZG,MA,2007,3.64054626974462
NY.GNP.MKTP.KD.ZG,MA,2006,7.67571188868561
NY.GNP.MKTP.KD.ZG,MA,2005,3.75041255661479
NY.GNP.MKTP.KD.ZG,MA,2004,4.98255217556591
NY.GNP.MKTP.KD.ZG,MA,2003,6.3853929468294
NY.GNP.MKTP.KD.ZG,MA,2002,4.06755183088055
NY.GNP.MKTP.KD.ZG,MA,2001,7.87077581423384
NY.GNP.MKTP.KD.ZG,MA,2000,2.47889661968
NY.GNP.MKTP.KD.ZG,MA,1999,1.78058779655711
NY.GNP.MKTP.KD.ZG,MA,1998,7.94478553197855
NY.GNP.MKTP.KD.ZG,MA,1997,-1.64118692993765
NY.GNP.MKTP.KD.ZG,MA,1996,13.3176156071146
NY.GNP.MKTP.KD.ZG,MA,1995,-5.84183311240253
NY.GNP.MKTP.KD.ZG,MG,2023,4.32273223474226
NY.GNP.MKTP.KD.ZG,MG,2022,3.1965721302075
NY.GNP.MKTP.KD.ZG,MG,2021,6.7933029690596
NY.GNP.MKTP.KD.ZG,MG,2020,-6.25510367605402
NY.GNP.MKTP.KD.ZG,MG,2019,4.3585461666179
NY.GNP.MKTP.KD.ZG,MG,2018,2.88826225738393
NY.GNP.MKTP.KD.ZG,MG,2017,5.05782173619839
NY.GNP.MKTP.KD.ZG,MG,2016,3.62868157155636
NY.GNP.MKTP.KD.ZG,MG,2015,1.91349355655758
NY.GNP.MKTP.KD.ZG,MG,2014,4.10968815914245
NY.GNP.MKTP.KD.ZG,MG,2013,2.05789222673648
NY.GNP.MKTP.KD.ZG,MG,2012,1.47499185380717
NY.GNP.MKTP.KD.ZG,MG,2011,1.49903085855078
NY.GNP.MKTP.KD.ZG,MG,2010,0.292331036639055
NY.GNP.MKTP.KD.ZG,MG,2009,-4.52044169640942
NY.GNP.MKTP.KD.ZG,MG,2008,6.78229400512629
NY.GNP.MKTP.KD.ZG,MG,2007,7.15164031999949
NY.GNP.MKTP.KD.ZG,MG,2006,5.15858599614675
NY.GNP.MKTP.KD.ZG,MG,2005,4.06560913267498
NY.GNP.MKTP.KD.ZG,MG,2004,5.62196087044988
NY.GNP.MKTP.KD.ZG,MG,2003,9.82685388561092
NY.GNP.MKTP.KD.ZG,MG,2002,-12.3714957938524
NY.GNP.MKTP.KD.ZG,MG,2001,6.1782004979267
NY.GNP.MKTP.KD.ZG,MG,2000,4.80813050480432
NY.GNP.MKTP.KD.ZG,MG,1999,5.05898572198333
NY.GNP.MKTP.KD.ZG,MG,1998,4.15281999772266
NY.GNP.MKTP.KD.ZG,MG,1997,3.96039362123632
NY.GNP.MKTP.KD.ZG,MG,1996,3.16872798975321
NY.GNP.MKTP.KD.ZG,MG,1995,1.74614135194705
NY.GNP.MKTP.KD.ZG,ML,2023,4.53810711251043
NY.GNP.MKTP.KD.ZG,ML,2022,4.06728598401016
NY.GNP.MKTP.KD.ZG,ML,2021,2.70067772555727
NY.GNP.MKTP.KD.ZG,ML,2020,-1.69200222507112
NY.GNP.MKTP.KD.ZG,ML,2019,3.61640791828985
NY.GNP.MKTP.KD.ZG,ML,2018,5.13972767075582
NY.GNP.MKTP.KD.ZG,ML,2017,4.79286531190954
NY.GNP.MKTP.KD.ZG,ML,2016,5.30535448817638
NY.GNP.MKTP.KD.ZG,ML,2015,6.63411964153977
NY.GNP.MKTP.KD.ZG,ML,2014,7.78589031477286
NY.GNP.MKTP.KD.ZG,ML,2013,2.98010190199784
NY.GNP.MKTP.KD.ZG,ML,2012,-1.07737663923689
NY.GNP.MKTP.KD.ZG,ML,2011,3.47944346533949
NY.GNP.MKTP.KD.ZG,ML,2010,5.99008660201631
NY.GNP.MKTP.KD.ZG,ML,2009,3.05364122273227
NY.GNP.MKTP.KD.ZG,ML,2008,5.28182306659211
NY.GNP.MKTP.KD.ZG,ML,2007,3.58952163024131
NY.GNP.MKTP.KD.ZG,ML,2006,4.06494631669361
NY.GNP.MKTP.KD.ZG,ML,2005,6.61112362526266
NY.GNP.MKTP.KD.ZG,ML,2004,1.61526317997117
NY.GNP.MKTP.KD.ZG,ML,2003,12.2444661929954
NY.GNP.MKTP.KD.ZG,ML,2002,1.71087503365266
NY.GNP.MKTP.KD.ZG,ML,2001,11.0576958279195
NY.GNP.MKTP.KD.ZG,ML,2000,0.237856693577626
NY.GNP.MKTP.KD.ZG,ML,1999,6.26729579427409
NY.GNP.MKTP.KD.ZG,ML,1998,7.7259797857327
NY.GNP.MKTP.KD.ZG,ML,1997,4.62156274083509
NY.GNP.MKTP.KD.ZG,ML,1996,7.00130503174027
NY.GNP.MKTP.KD.ZG,ML,1995,0.246640473646224
NY.GNP.MKTP.KD.ZG,MM,2023,None
NY.GNP.MKTP.KD.ZG,MM,2022,None
NY.GNP.MKTP.KD.ZG,MM,2021,None
NY.GNP.MKTP.KD.ZG,MM,2020,None
NY.GNP.MKTP.KD.ZG,MM,2019,None
NY.GNP.MKTP.KD.ZG,MM,2018,None
NY.GNP.MKTP.KD.ZG,MM,2017,None
NY.GNP.MKTP.KD.ZG,MM,2016,None
NY.GNP.MKTP.KD.ZG,MM,2015,None
NY.GNP.MKTP.KD.ZG,MM,2014,None
NY.GNP.MKTP.KD.ZG,MM,2013,None
NY.GNP.MKTP.KD.ZG,MM,2012,None
NY.GNP.MKTP.KD.ZG,MM,2011,None
NY.GNP.MKTP.KD.ZG,MM,2010,None
NY.GNP.MKTP.KD.ZG,MM,2009,None
NY.GNP.MKTP.KD.ZG,MM,2008,None
NY.GNP.MKTP.KD.ZG,MM,2007,None
NY.GNP.MKTP.KD.ZG,MM,2006,None
NY.GNP.MKTP.KD.ZG,MM,2005,None
NY.GNP.MKTP.KD.ZG,MM,2004,None
NY.GNP.MKTP.KD.ZG,MM,2003,None
NY.GNP.MKTP.KD.ZG,MM,2002,None
NY.GNP.MKTP.KD.ZG,MM,2001,None
NY.GNP.MKTP.KD.ZG,MM,2000,None
NY.GNP.MKTP.KD.ZG,MM,1999,None
NY.GNP.MKTP.KD.ZG,MM,1998,None
NY.GNP.MKTP.KD.ZG,MM,1997,None
NY.GNP.MKTP.KD.ZG,MM,1996,None
NY.GNP.MKTP.KD.ZG,MM,1995,None
NY.GNP.MKTP.KD.ZG,MZ,2023,None
NY.GNP.MKTP.KD.ZG,MZ,2022,-2.59303615911038
NY.GNP.MKTP.KD.ZG,MZ,2021,2.23177843326405
NY.GNP.MKTP.KD.ZG,MZ,2020,-1.45523744440544
NY.GNP.MKTP.KD.ZG,MZ,2019,2.54513182866147
NY.GNP.MKTP.KD.ZG,MZ,2018,4.54231095961313
NY.GNP.MKTP.KD.ZG,MZ,2017,1.55394251163116
NY.GNP.MKTP.KD.ZG,MZ,2016,4.62027270706015
NY.GNP.MKTP.KD.ZG,MZ,2015,6.56878889518744
NY.GNP.MKTP.KD.ZG,MZ,2014,6.86155518616516
NY.GNP.MKTP.KD.ZG,MZ,2013,6.69476625061003
NY.GNP.MKTP.KD.ZG,MZ,2012,9.37452048992577
NY.GNP.MKTP.KD.ZG,MZ,2011,8.69149251042688
NY.GNP.MKTP.KD.ZG,MZ,2010,5.83952806659045
NY.GNP.MKTP.KD.ZG,MZ,2009,9.04461669758069
NY.GNP.MKTP.KD.ZG,MZ,2008,7.28754614874063
NY.GNP.MKTP.KD.ZG,MZ,2007,8.95311526927267
NY.GNP.MKTP.KD.ZG,MZ,2006,6.91703738927963
NY.GNP.MKTP.KD.ZG,MZ,2005,4.2161718613839
NY.GNP.MKTP.KD.ZG,MZ,2004,8.62875253163671
NY.GNP.MKTP.KD.ZG,MZ,2003,16.0216128399877
NY.GNP.MKTP.KD.ZG,MZ,2002,2.73642981938602
NY.GNP.MKTP.KD.ZG,MZ,2001,12.2159468045362
NY.GNP.MKTP.KD.ZG,MZ,2000,-0.50617062993544
NY.GNP.MKTP.KD.ZG,MZ,1999,12.2072163775371
NY.GNP.MKTP.KD.ZG,MZ,1998,9.68966090457626
NY.GNP.MKTP.KD.ZG,MZ,1997,12.3953821095573
NY.GNP.MKTP.KD.ZG,MZ,1996,12.0172961861382
NY.GNP.MKTP.KD.ZG,MZ,1995,3.24899764851345
NY.GNP.MKTP.KD.ZG,MR,2023,4.02853029333363
NY.GNP.MKTP.KD.ZG,MR,2022,7.72484709756134
NY.GNP.MKTP.KD.ZG,MR,2021,0.402124458477829
NY.GNP.MKTP.KD.ZG,MR,2020,-0.551348017339635
NY.GNP.MKTP.KD.ZG,MR,2019,2.24702610110397
NY.GNP.MKTP.KD.ZG,MR,2018,5.72096356754541
NY.GNP.MKTP.KD.ZG,MR,2017,6.74157781872124
NY.GNP.MKTP.KD.ZG,MR,2016,2.18262362968713
NY.GNP.MKTP.KD.ZG,MR,2015,6.52344249776596
NY.GNP.MKTP.KD.ZG,MR,2014,3.52223207192108
NY.GNP.MKTP.KD.ZG,MR,2013,4.34104265753162
NY.GNP.MKTP.KD.ZG,MR,2012,3.91596527678931
NY.GNP.MKTP.KD.ZG,MR,2011,2.65018816687285
NY.GNP.MKTP.KD.ZG,MR,2010,0.144596001550241
NY.GNP.MKTP.KD.ZG,MR,2009,1.62692008773546
NY.GNP.MKTP.KD.ZG,MR,2008,0.625443364408369
NY.GNP.MKTP.KD.ZG,MR,2007,-1.4834785318497
NY.GNP.MKTP.KD.ZG,MR,2006,13.7277408119349
NY.GNP.MKTP.KD.ZG,MR,2005,8.08392459785108
NY.GNP.MKTP.KD.ZG,MR,2004,4.66492143366881
NY.GNP.MKTP.KD.ZG,MR,2003,6.74352940539504
NY.GNP.MKTP.KD.ZG,MR,2002,5.91085116844748
NY.GNP.MKTP.KD.ZG,MR,2001,-3.03284980088698
NY.GNP.MKTP.KD.ZG,MR,2000,-4.51741810304229
NY.GNP.MKTP.KD.ZG,MR,1999,3.86814540997568
NY.GNP.MKTP.KD.ZG,MR,1998,3.23833684617469
NY.GNP.MKTP.KD.ZG,MR,1997,-4.28756948505502
NY.GNP.MKTP.KD.ZG,MR,1996,10.1769521261958
NY.GNP.MKTP.KD.ZG,MR,1995,9.85021529479407
NY.GNP.MKTP.KD.ZG,MW,2023,None
NY.GNP.MKTP.KD.ZG,MW,2022,None
NY.GNP.MKTP.KD.ZG,MW,2021,None
NY.GNP.MKTP.KD.ZG,MW,2020,None
NY.GNP.MKTP.KD.ZG,MW,2019,None
NY.GNP.MKTP.KD.ZG,MW,2018,None
NY.GNP.MKTP.KD.ZG,MW,2017,None
NY.GNP.MKTP.KD.ZG,MW,2016,None
NY.GNP.MKTP.KD.ZG,MW,2015,None
NY.GNP.MKTP.KD.ZG,MW,2014,None
NY.GNP.MKTP.KD.ZG,MW,2013,None
NY.GNP.MKTP.KD.ZG,MW,2012,None
NY.GNP.MKTP.KD.ZG,MW,2011,None
NY.GNP.MKTP.KD.ZG,MW,2010,None
NY.GNP.MKTP.KD.ZG,MW,2009,None
NY.GNP.MKTP.KD.ZG,MW,2008,None
NY.GNP.MKTP.KD.ZG,MW,2007,None
NY.GNP.MKTP.KD.ZG,MW,2006,None
NY.GNP.MKTP.KD.ZG,MW,2005,None
NY.GNP.MKTP.KD.ZG,MW,2004,None
NY.GNP.MKTP.KD.ZG,MW,2003,None
NY.GNP.MKTP.KD.ZG,MW,2002,None
NY.GNP.MKTP.KD.ZG,MW,2001,None
NY.GNP.MKTP.KD.ZG,MW,2000,None
NY.GNP.MKTP.KD.ZG,MW,1999,None
NY.GNP.MKTP.KD.ZG,MW,1998,None
NY.GNP.MKTP.KD.ZG,MW,1997,None
NY.GNP.MKTP.KD.ZG,MW,1996,None
NY.GNP.MKTP.KD.ZG,MW,1995,None
NY.GNP.MKTP.KD.ZG,NE,2023,None
NY.GNP.MKTP.KD.ZG,NE,2022,None
NY.GNP.MKTP.KD.ZG,NE,2021,None
NY.GNP.MKTP.KD.ZG,NE,2020,None
NY.GNP.MKTP.KD.ZG,NE,2019,6.07608262599028
NY.GNP.MKTP.KD.ZG,NE,2018,8.0231483307265
NY.GNP.MKTP.KD.ZG,NE,2017,5.44367567515445
NY.GNP.MKTP.KD.ZG,NE,2016,4.04873594302757
NY.GNP.MKTP.KD.ZG,NE,2015,4.80759736887046
NY.GNP.MKTP.KD.ZG,NE,2014,7.19794563945371
NY.GNP.MKTP.KD.ZG,NE,2013,5.86863563548756
NY.GNP.MKTP.KD.ZG,NE,2012,7.53738823168663
NY.GNP.MKTP.KD.ZG,NE,2011,3.17294911012232
NY.GNP.MKTP.KD.ZG,NE,2010,8.56573692523912
NY.GNP.MKTP.KD.ZG,NE,2009,2.00812442798994
NY.GNP.MKTP.KD.ZG,NE,2008,7.29811276214313
NY.GNP.MKTP.KD.ZG,NE,2007,2.79195022550122
NY.GNP.MKTP.KD.ZG,NE,2006,5.85074921218032
NY.GNP.MKTP.KD.ZG,NE,2005,7.37661745789448
NY.GNP.MKTP.KD.ZG,NE,2004,1.69605986501493
NY.GNP.MKTP.KD.ZG,NE,2003,1.85309085435712
NY.GNP.MKTP.KD.ZG,NE,2002,5.35232989749154
NY.GNP.MKTP.KD.ZG,NE,2001,7.73704379430922
NY.GNP.MKTP.KD.ZG,NE,2000,-0.993689443974887
NY.GNP.MKTP.KD.ZG,NE,1999,0.103902515271741
NY.GNP.MKTP.KD.ZG,NE,1998,11.384746562925
NY.GNP.MKTP.KD.ZG,NE,1997,1.71554124596737
NY.GNP.MKTP.KD.ZG,NE,1996,1.47565066269681
NY.GNP.MKTP.KD.ZG,NE,1995,2.8355490071483
NY.GNP.MKTP.KD.ZG,NG,2023,None
NY.GNP.MKTP.KD.ZG,NG,2022,None
NY.GNP.MKTP.KD.ZG,NG,2021,None
NY.GNP.MKTP.KD.ZG,NG,2020,None
NY.GNP.MKTP.KD.ZG,NG,2019,None
NY.GNP.MKTP.KD.ZG,NG,2018,None
NY.GNP.MKTP.KD.ZG,NG,2017,None
NY.GNP.MKTP.KD.ZG,NG,2016,None
NY.GNP.MKTP.KD.ZG,NG,2015,None
NY.GNP.MKTP.KD.ZG,NG,2014,None
NY.GNP.MKTP.KD.ZG,NG,2013,None
NY.GNP.MKTP.KD.ZG,NG,2012,None
NY.GNP.MKTP.KD.ZG,NG,2011,None
NY.GNP.MKTP.KD.ZG,NG,2010,None
NY.GNP.MKTP.KD.ZG,NG,2009,None
NY.GNP.MKTP.KD.ZG,NG,2008,None
NY.GNP.MKTP.KD.ZG,NG,2007,None
NY.GNP.MKTP.KD.ZG,NG,2006,None
NY.GNP.MKTP.KD.ZG,NG,2005,None
NY.GNP.MKTP.KD.ZG,NG,2004,None
NY.GNP.MKTP.KD.ZG,NG,2003,None
NY.GNP.MKTP.KD.ZG,NG,2002,None
NY.GNP.MKTP.KD.ZG,NG,2001,None
NY.GNP.MKTP.KD.ZG,NG,2000,None
NY.GNP.MKTP.KD.ZG,NG,1999,None
NY.GNP.MKTP.KD.ZG,NG,1998,None
NY.GNP.MKTP.KD.ZG,NG,1997,None
NY.GNP.MKTP.KD.ZG,NG,1996,None
NY.GNP.MKTP.KD.ZG,NG,1995,None
NY.GNP.MKTP.KD.ZG,NI,2023,6.66933019264566
NY.GNP.MKTP.KD.ZG,NI,2022,3.06123222774359
NY.GNP.MKTP.KD.ZG,NI,2021,10.8813395912365
NY.GNP.MKTP.KD.ZG,NI,2020,-4.9798940635377
NY.GNP.MKTP.KD.ZG,NI,2019,-1.46324863797906
NY.GNP.MKTP.KD.ZG,NI,2018,-3.0336947309529
NY.GNP.MKTP.KD.ZG,NI,2017,4.17883631519089
NY.GNP.MKTP.KD.ZG,NI,2016,3.36283316672856
NY.GNP.MKTP.KD.ZG,NI,2015,4.53364015060774
NY.GNP.MKTP.KD.ZG,NI,2014,5.93979841483025
NY.GNP.MKTP.KD.ZG,NI,2013,3.95642481214065
NY.GNP.MKTP.KD.ZG,NI,2012,5.15648538730301
NY.GNP.MKTP.KD.ZG,NI,2011,6.37059305690934
NY.GNP.MKTP.KD.ZG,NI,2010,4.67271985668802
NY.GNP.MKTP.KD.ZG,NI,2009,-3.82696510362614
NY.GNP.MKTP.KD.ZG,NI,2008,3.46042341396159
NY.GNP.MKTP.KD.ZG,NI,2007,5.67052445185243
NY.GNP.MKTP.KD.ZG,NI,2006,3.37558964431544
NY.GNP.MKTP.KD.ZG,NI,2005,5.36307819323414
NY.GNP.MKTP.KD.ZG,NI,2004,5.84736966599013
NY.GNP.MKTP.KD.ZG,NI,2003,2.83624332588165
NY.GNP.MKTP.KD.ZG,NI,2002,1.42264372318439
NY.GNP.MKTP.KD.ZG,NI,2001,2.35200536188688
NY.GNP.MKTP.KD.ZG,NI,2000,4.31220498953225
NY.GNP.MKTP.KD.ZG,NI,1999,7.09471699013979
NY.GNP.MKTP.KD.ZG,NI,1998,6.15465313789241
NY.GNP.MKTP.KD.ZG,NI,1997,5.88334620804538
NY.GNP.MKTP.KD.ZG,NI,1996,8.46969704591176
NY.GNP.MKTP.KD.ZG,NI,1995,10.3552461625496
NY.GNP.MKTP.KD.ZG,NP,2023,2.55474773070428
NY.GNP.MKTP.KD.ZG,NP,2022,5.6865115324251
NY.GNP.MKTP.KD.ZG,NP,2021,4.20025555910929
NY.GNP.MKTP.KD.ZG,NP,2020,-2.26823616205681
NY.GNP.MKTP.KD.ZG,NP,2019,7.08301617206419
NY.GNP.MKTP.KD.ZG,NP,2018,7.23861674183996
NY.GNP.MKTP.KD.ZG,NP,2017,8.73770541813705
NY.GNP.MKTP.KD.ZG,NP,2016,0.311286062410858
NY.GNP.MKTP.KD.ZG,NP,2015,3.90263838358082
NY.GNP.MKTP.KD.ZG,NP,2014,6.83935882369522
NY.GNP.MKTP.KD.ZG,NP,2013,3.48610952498389
NY.GNP.MKTP.KD.ZG,NP,2012,4.89123882388543
NY.GNP.MKTP.KD.ZG,NP,2011,3.15809533080792
NY.GNP.MKTP.KD.ZG,NP,2010,4.41663690671461
NY.GNP.MKTP.KD.ZG,NP,2009,4.74834736377827
NY.GNP.MKTP.KD.ZG,NP,2008,6.04185101143628
NY.GNP.MKTP.KD.ZG,NP,2007,3.66726629494991
NY.GNP.MKTP.KD.ZG,NP,2006,3.83795632126207
NY.GNP.MKTP.KD.ZG,NP,2005,4.07812451537728
NY.GNP.MKTP.KD.ZG,NP,2004,4.5030117327703
NY.GNP.MKTP.KD.ZG,NP,2003,3.94146304653427
NY.GNP.MKTP.KD.ZG,NP,2002,-0.392025942890555
NY.GNP.MKTP.KD.ZG,NP,2001,None
NY.GNP.MKTP.KD.ZG,NP,2000,None
NY.GNP.MKTP.KD.ZG,NP,1999,None
NY.GNP.MKTP.KD.ZG,NP,1998,None
NY.GNP.MKTP.KD.ZG,NP,1997,None
NY.GNP.MKTP.KD.ZG,NP,1996,None
NY.GNP.MKTP.KD.ZG,NP,1995,None
NY.GNP.MKTP.KD.ZG,PK,2023,-0.384279009427246
NY.GNP.MKTP.KD.ZG,PK,2022,4.64350627108232
NY.GNP.MKTP.KD.ZG,PK,2021,7.11731211082463
NY.GNP.MKTP.KD.ZG,PK,2020,-1.35986917127333
NY.GNP.MKTP.KD.ZG,PK,2019,2.2594287717961
NY.GNP.MKTP.KD.ZG,PK,2018,6.10081154269038
NY.GNP.MKTP.KD.ZG,PK,2017,4.6643519816455
NY.GNP.MKTP.KD.ZG,PK,2016,6.36572361380495
NY.GNP.MKTP.KD.ZG,PK,2015,4.1338790288373
NY.GNP.MKTP.KD.ZG,PK,2014,4.07343846380842
NY.GNP.MKTP.KD.ZG,PK,2013,4.24262240658808
NY.GNP.MKTP.KD.ZG,PK,2012,3.05782427329042
NY.GNP.MKTP.KD.ZG,PK,2011,3.05061735468286
NY.GNP.MKTP.KD.ZG,PK,2010,2.19872179649489
NY.GNP.MKTP.KD.ZG,PK,2009,3.0517307302085
NY.GNP.MKTP.KD.ZG,PK,2008,2.17582923445813
NY.GNP.MKTP.KD.ZG,PK,2007,4.1283526982872
NY.GNP.MKTP.KD.ZG,PK,2006,6.0819829802183
NY.GNP.MKTP.KD.ZG,PK,2005,7.30838879040334
NY.GNP.MKTP.KD.ZG,PK,2004,8.18873995837981
NY.GNP.MKTP.KD.ZG,PK,2003,5.876648822965
NY.GNP.MKTP.KD.ZG,PK,2002,2.43253044063979
NY.GNP.MKTP.KD.ZG,PK,2001,3.45145199917769
NY.GNP.MKTP.KD.ZG,PK,2000,5.32386595357902
NY.GNP.MKTP.KD.ZG,PK,1999,4.76519230820607
NY.GNP.MKTP.KD.ZG,PK,1998,2.10799587357585
NY.GNP.MKTP.KD.ZG,PK,1997,0.563040500763194
NY.GNP.MKTP.KD.ZG,PK,1996,4.65438524704543
NY.GNP.MKTP.KD.ZG,PK,1995,5.0736504787609
NY.GNP.MKTP.KD.ZG,PH,2023,10.4504738294746
NY.GNP.MKTP.KD.ZG,PH,2022,9.88721431481629
NY.GNP.MKTP.KD.ZG,PH,2021,1.70426453148136
NY.GNP.MKTP.KD.ZG,PH,2020,-11.4606924402038
NY.GNP.MKTP.KD.ZG,PH,2019,5.37633464826935
NY.GNP.MKTP.KD.ZG,PH,2018,5.91129495703638
NY.GNP.MKTP.KD.ZG,PH,2017,6.83853587578504
NY.GNP.MKTP.KD.ZG,PH,2016,6.81955164594967
NY.GNP.MKTP.KD.ZG,PH,2015,6.11882325839068
NY.GNP.MKTP.KD.ZG,PH,2014,6.18063943258905
NY.GNP.MKTP.KD.ZG,PH,2013,7.43086730718292
NY.GNP.MKTP.KD.ZG,PH,2012,7.06089039254552
NY.GNP.MKTP.KD.ZG,PH,2011,3.34115274911488
NY.GNP.MKTP.KD.ZG,PH,2010,7.05868395192503
NY.GNP.MKTP.KD.ZG,PH,2009,3.64717977378419
NY.GNP.MKTP.KD.ZG,PH,2008,4.65174415054418
NY.GNP.MKTP.KD.ZG,PH,2007,6.32298742041159
NY.GNP.MKTP.KD.ZG,PH,2006,4.73656000972152
NY.GNP.MKTP.KD.ZG,PH,2005,5.25783329596845
NY.GNP.MKTP.KD.ZG,PH,2004,6.44174508680113
NY.GNP.MKTP.KD.ZG,PH,2003,5.00865205254635
NY.GNP.MKTP.KD.ZG,PH,2002,3.71959894974229
NY.GNP.MKTP.KD.ZG,PH,2001,3.10748865609041
NY.GNP.MKTP.KD.ZG,PH,2000,7.68918811587751
NY.GNP.MKTP.KD.ZG,PH,1999,2.7025702686573
NY.GNP.MKTP.KD.ZG,PH,1998,1.90266430278379
NY.GNP.MKTP.KD.ZG,PH,1997,5.35104218707427
NY.GNP.MKTP.KD.ZG,PH,1996,9.43022752803995
NY.GNP.MKTP.KD.ZG,PH,1995,5.20598449707957
NY.GNP.MKTP.KD.ZG,PG,2023,None
NY.GNP.MKTP.KD.ZG,PG,2022,None
NY.GNP.MKTP.KD.ZG,PG,2021,None
NY.GNP.MKTP.KD.ZG,PG,2020,None
NY.GNP.MKTP.KD.ZG,PG,2019,None
NY.GNP.MKTP.KD.ZG,PG,2018,None
NY.GNP.MKTP.KD.ZG,PG,2017,None
NY.GNP.MKTP.KD.ZG,PG,2016,None
NY.GNP.MKTP.KD.ZG,PG,2015,None
NY.GNP.MKTP.KD.ZG,PG,2014,None
NY.GNP.MKTP.KD.ZG,PG,2013,None
NY.GNP.MKTP.KD.ZG,PG,2012,None
NY.GNP.MKTP.KD.ZG,PG,2011,None
NY.GNP.MKTP.KD.ZG,PG,2010,None
NY.GNP.MKTP.KD.ZG,PG,2009,None
NY.GNP.MKTP.KD.ZG,PG,2008,None
NY.GNP.MKTP.KD.ZG,PG,2007,None
NY.GNP.MKTP.KD.ZG,PG,2006,None
NY.GNP.MKTP.KD.ZG,PG,2005,None
NY.GNP.MKTP.KD.ZG,PG,2004,3.23471843342689
NY.GNP.MKTP.KD.ZG,PG,2003,1.18923988770494
NY.GNP.MKTP.KD.ZG,PG,2002,-0.0403364277220817
NY.GNP.MKTP.KD.ZG,PG,2001,-0.480662667807792
NY.GNP.MKTP.KD.ZG,PG,2000,-1.94053276276232
NY.GNP.MKTP.KD.ZG,PG,1999,1.44202656756146
NY.GNP.MKTP.KD.ZG,PG,1998,-3.94496286278773
NY.GNP.MKTP.KD.ZG,PG,1997,-3.22461069397352
NY.GNP.MKTP.KD.ZG,PG,1996,6.7766460647339
NY.GNP.MKTP.KD.ZG,PG,1995,-2.80516310807688
NY.GNP.MKTP.KD.ZG,KP,2023,None
NY.GNP.MKTP.KD.ZG,KP,2022,None
NY.GNP.MKTP.KD.ZG,KP,2021,None
NY.GNP.MKTP.KD.ZG,KP,2020,None
NY.GNP.MKTP.KD.ZG,KP,2019,None
NY.GNP.MKTP.KD.ZG,KP,2018,None
NY.GNP.MKTP.KD.ZG,KP,2017,None
NY.GNP.MKTP.KD.ZG,KP,2016,None
NY.GNP.MKTP.KD.ZG,KP,2015,None
NY.GNP.MKTP.KD.ZG,KP,2014,None
NY.GNP.MKTP.KD.ZG,KP,2013,None
NY.GNP.MKTP.KD.ZG,KP,2012,None
NY.GNP.MKTP.KD.ZG,KP,2011,None
NY.GNP.MKTP.KD.ZG,KP,2010,None
NY.GNP.MKTP.KD.ZG,KP,2009,None
NY.GNP.MKTP.KD.ZG,KP,2008,None
NY.GNP.MKTP.KD.ZG,KP,2007,None
NY.GNP.MKTP.KD.ZG,KP,2006,None
NY.GNP.MKTP.KD.ZG,KP,2005,None
NY.GNP.MKTP.KD.ZG,KP,2004,None
NY.GNP.MKTP.KD.ZG,KP,2003,None
NY.GNP.MKTP.KD.ZG,KP,2002,None
NY.GNP.MKTP.KD.ZG,KP,2001,None
NY.GNP.MKTP.KD.ZG,KP,2000,None
NY.GNP.MKTP.KD.ZG,KP,1999,None
NY.GNP.MKTP.KD.ZG,KP,1998,None
NY.GNP.MKTP.KD.ZG,KP,1997,None
NY.GNP.MKTP.KD.ZG,KP,1996,None
NY.GNP.MKTP.KD.ZG,KP,1995,None
NY.GNP.MKTP.KD.ZG,PS,2023,None
NY.GNP.MKTP.KD.ZG,PS,2022,6.48051442152983
NY.GNP.MKTP.KD.ZG,PS,2021,10.4810792941925
NY.GNP.MKTP.KD.ZG,PS,2020,-12.9395729707422
NY.GNP.MKTP.KD.ZG,PS,2019,1.62293408382308
NY.GNP.MKTP.KD.ZG,PS,2018,4.55938100431013
NY.GNP.MKTP.KD.ZG,PS,2017,2.52355853697492
NY.GNP.MKTP.KD.ZG,PS,2016,7.77759359379782
NY.GNP.MKTP.KD.ZG,PS,2015,5.15208195061778
NY.GNP.MKTP.KD.ZG,PS,2014,1.09113335547227
NY.GNP.MKTP.KD.ZG,PS,2013,6.11430338508892
NY.GNP.MKTP.KD.ZG,PS,2012,6.51984066186611
NY.GNP.MKTP.KD.ZG,PS,2011,10.0025280188759
NY.GNP.MKTP.KD.ZG,PS,2010,3.19938082110774
NY.GNP.MKTP.KD.ZG,PS,2009,6.50174583916052
NY.GNP.MKTP.KD.ZG,PS,2008,8.85270692610143
NY.GNP.MKTP.KD.ZG,PS,2007,4.87861613940113
NY.GNP.MKTP.KD.ZG,PS,2006,0.361861304186334
NY.GNP.MKTP.KD.ZG,PS,2005,12.6364103606134
NY.GNP.MKTP.KD.ZG,PS,2004,19.8142078515505
NY.GNP.MKTP.KD.ZG,PS,2003,12.8427615333943
NY.GNP.MKTP.KD.ZG,PS,2002,-13.9160860086297
NY.GNP.MKTP.KD.ZG,PS,2001,-11.7929293725658
NY.GNP.MKTP.KD.ZG,PS,2000,-13.231299899094
NY.GNP.MKTP.KD.ZG,PS,1999,8.11412714427662
NY.GNP.MKTP.KD.ZG,PS,1998,17.2399060932311
NY.GNP.MKTP.KD.ZG,PS,1997,15.4558567987228
NY.GNP.MKTP.KD.ZG,PS,1996,0.233910906011261
NY.GNP.MKTP.KD.ZG,PS,1995,8.13469715736387
NY.GNP.MKTP.KD.ZG,RW,2023,8.37886334228905
NY.GNP.MKTP.KD.ZG,RW,2022,8.12424852783633
NY.GNP.MKTP.KD.ZG,RW,2021,11.1741105742849
NY.GNP.MKTP.KD.ZG,RW,2020,-2.33855425508027
NY.GNP.MKTP.KD.ZG,RW,2019,9.7278090319366
NY.GNP.MKTP.KD.ZG,RW,2018,8.05936935231601
NY.GNP.MKTP.KD.ZG,RW,2017,3.4452173549234
NY.GNP.MKTP.KD.ZG,RW,2016,5.07298472589981
NY.GNP.MKTP.KD.ZG,RW,2015,9.26671702670119
NY.GNP.MKTP.KD.ZG,RW,2014,5.50267989728097
NY.GNP.MKTP.KD.ZG,RW,2013,4.36096632093854
NY.GNP.MKTP.KD.ZG,RW,2012,8.10295532816131
NY.GNP.MKTP.KD.ZG,RW,2011,7.95119736837447
NY.GNP.MKTP.KD.ZG,RW,2010,7.14458276848318
NY.GNP.MKTP.KD.ZG,RW,2009,6.30620510414693
NY.GNP.MKTP.KD.ZG,RW,2008,10.8813177781814
NY.GNP.MKTP.KD.ZG,RW,2007,8.13229472720869
NY.GNP.MKTP.KD.ZG,RW,2006,9.23091602874884
NY.GNP.MKTP.KD.ZG,RW,2005,9.88950850633626
NY.GNP.MKTP.KD.ZG,RW,2004,7.45182648619847
NY.GNP.MKTP.KD.ZG,RW,2003,1.77387945644676
NY.GNP.MKTP.KD.ZG,RW,2002,13.392456887406
NY.GNP.MKTP.KD.ZG,RW,2001,8.07367102609614
NY.GNP.MKTP.KD.ZG,RW,2000,8.12359935012472
NY.GNP.MKTP.KD.ZG,RW,1999,4.67673436032501
NY.GNP.MKTP.KD.ZG,RW,1998,8.7964457190505
NY.GNP.MKTP.KD.ZG,RW,1997,13.9130411876798
NY.GNP.MKTP.KD.ZG,RW,1996,11.4460132538361
NY.GNP.MKTP.KD.ZG,RW,1995,36.2578080199159
NY.GNP.MKTP.KD.ZG,SD,2023,-10.8188788678664
NY.GNP.MKTP.KD.ZG,SD,2022,1.04547874943275
NY.GNP.MKTP.KD.ZG,SD,2021,-0.192712878427642
NY.GNP.MKTP.KD.ZG,SD,2020,-4.53396105202178
NY.GNP.MKTP.KD.ZG,SD,2019,-1.51140506246324
NY.GNP.MKTP.KD.ZG,SD,2018,None
NY.GNP.MKTP.KD.ZG,SD,2017,None
NY.GNP.MKTP.KD.ZG,SD,2016,None
NY.GNP.MKTP.KD.ZG,SD,2015,None
NY.GNP.MKTP.KD.ZG,SD,2014,None
NY.GNP.MKTP.KD.ZG,SD,2013,None
NY.GNP.MKTP.KD.ZG,SD,2012,None
NY.GNP.MKTP.KD.ZG,SD,2011,None
NY.GNP.MKTP.KD.ZG,SD,2010,None
NY.GNP.MKTP.KD.ZG,SD,2009,None
NY.GNP.MKTP.KD.ZG,SD,2008,None
NY.GNP.MKTP.KD.ZG,SD,2007,None
NY.GNP.MKTP.KD.ZG,SD,2006,None
NY.GNP.MKTP.KD.ZG,SD,2005,None
NY.GNP.MKTP.KD.ZG,SD,2004,None
NY.GNP.MKTP.KD.ZG,SD,2003,None
NY.GNP.MKTP.KD.ZG,SD,2002,None
NY.GNP.MKTP.KD.ZG,SD,2001,None
NY.GNP.MKTP.KD.ZG,SD,2000,None
NY.GNP.MKTP.KD.ZG,SD,1999,None
NY.GNP.MKTP.KD.ZG,SD,1998,None
NY.GNP.MKTP.KD.ZG,SD,1997,None
NY.GNP.MKTP.KD.ZG,SD,1996,None
NY.GNP.MKTP.KD.ZG,SD,1995,None
NY.GNP.MKTP.KD.ZG,SN,2023,3.31465471934263
NY.GNP.MKTP.KD.ZG,SN,2022,3.14844672455801
NY.GNP.MKTP.KD.ZG,SN,2021,5.5588650369104
NY.GNP.MKTP.KD.ZG,SN,2020,2.33465517260223
NY.GNP.MKTP.KD.ZG,SN,2019,4.59783747157509
NY.GNP.MKTP.KD.ZG,SN,2018,6.46543345723751
NY.GNP.MKTP.KD.ZG,SN,2017,7.20080303460786
NY.GNP.MKTP.KD.ZG,SN,2016,6.27530667131451
NY.GNP.MKTP.KD.ZG,SN,2015,5.62391119155615
NY.GNP.MKTP.KD.ZG,SN,2014,5.90127031268668
NY.GNP.MKTP.KD.ZG,SN,2013,2.35618250035894
NY.GNP.MKTP.KD.ZG,SN,2012,3.91250174430135
NY.GNP.MKTP.KD.ZG,SN,2011,0.705170926365952
NY.GNP.MKTP.KD.ZG,SN,2010,3.51380027177923
NY.GNP.MKTP.KD.ZG,SN,2009,1.96444907503242
NY.GNP.MKTP.KD.ZG,SN,2008,3.9573707840091
NY.GNP.MKTP.KD.ZG,SN,2007,2.83863284352812
NY.GNP.MKTP.KD.ZG,SN,2006,2.59430141467847
NY.GNP.MKTP.KD.ZG,SN,2005,4.37573888164221
NY.GNP.MKTP.KD.ZG,SN,2004,4.85317711435984
NY.GNP.MKTP.KD.ZG,SN,2003,5.94990833058941
NY.GNP.MKTP.KD.ZG,SN,2002,-0.150219886661503
NY.GNP.MKTP.KD.ZG,SN,2001,4.5594028676947
NY.GNP.MKTP.KD.ZG,SN,2000,3.83590874614622
NY.GNP.MKTP.KD.ZG,SN,1999,5.67280428079744
NY.GNP.MKTP.KD.ZG,SN,1998,6.24337372823814
NY.GNP.MKTP.KD.ZG,SN,1997,2.91895523701761
NY.GNP.MKTP.KD.ZG,SN,1996,3.27612675646908
NY.GNP.MKTP.KD.ZG,SN,1995,5.70273281667164
NY.GNP.MKTP.KD.ZG,SB,2023,None
NY.GNP.MKTP.KD.ZG,SB,2022,1.79649631373395
NY.GNP.MKTP.KD.ZG,SB,2021,1.26114826808403
NY.GNP.MKTP.KD.ZG,SB,2020,0.00508484902009343
NY.GNP.MKTP.KD.ZG,SB,2019,2.02608408857617
NY.GNP.MKTP.KD.ZG,SB,2018,3.43411304064603
NY.GNP.MKTP.KD.ZG,SB,2017,4.20720211788887
NY.GNP.MKTP.KD.ZG,SB,2016,4.24462732640463
NY.GNP.MKTP.KD.ZG,SB,2015,0.917868031473731
NY.GNP.MKTP.KD.ZG,SB,2014,-0.254063435097436
NY.GNP.MKTP.KD.ZG,SB,2013,10.8945921930883
NY.GNP.MKTP.KD.ZG,SB,2012,5.19898748928344
NY.GNP.MKTP.KD.ZG,SB,2011,5.48443421602252
NY.GNP.MKTP.KD.ZG,SB,2010,12.2286734918465
NY.GNP.MKTP.KD.ZG,SB,2009,3.44780454951912
NY.GNP.MKTP.KD.ZG,SB,2008,3.57613127859371
NY.GNP.MKTP.KD.ZG,SB,2007,0.179640096531799
NY.GNP.MKTP.KD.ZG,SB,2006,1.05613583201706
NY.GNP.MKTP.KD.ZG,SB,2005,7.19681318028816
NY.GNP.MKTP.KD.ZG,SB,2004,9.17048547576096
NY.GNP.MKTP.KD.ZG,SB,2003,8.04848636094195
NY.GNP.MKTP.KD.ZG,SB,2002,-5.03592875083136
NY.GNP.MKTP.KD.ZG,SB,2001,-6.95857741572539
NY.GNP.MKTP.KD.ZG,SB,2000,-11.6904665128103
NY.GNP.MKTP.KD.ZG,SB,1999,-2.57617437297783
NY.GNP.MKTP.KD.ZG,SB,1998,1.48090304323067
NY.GNP.MKTP.KD.ZG,SB,1997,-1.2878370614422
NY.GNP.MKTP.KD.ZG,SB,1996,2.15421801239614
NY.GNP.MKTP.KD.ZG,SB,1995,8.83089997876098
NY.GNP.MKTP.KD.ZG,SL,2023,None
NY.GNP.MKTP.KD.ZG,SL,2022,None
NY.GNP.MKTP.KD.ZG,SL,2021,4.77652439210298
NY.GNP.MKTP.KD.ZG,SL,2020,-2.7591782319152
NY.GNP.MKTP.KD.ZG,SL,2019,4.84727218321335
NY.GNP.MKTP.KD.ZG,SL,2018,4.21732608314436
NY.GNP.MKTP.KD.ZG,SL,2017,2.86860399053377
NY.GNP.MKTP.KD.ZG,SL,2016,6.04807193300152
NY.GNP.MKTP.KD.ZG,SL,2015,-19.3021497564381
NY.GNP.MKTP.KD.ZG,SL,2014,2.9870381812477
NY.GNP.MKTP.KD.ZG,SL,2013,33.9615102246283
NY.GNP.MKTP.KD.ZG,SL,2012,-0.238762002967533
NY.GNP.MKTP.KD.ZG,SL,2011,8.84276653342428
NY.GNP.MKTP.KD.ZG,SL,2010,-2.09870582376314
NY.GNP.MKTP.KD.ZG,SL,2009,3.40672794711332
NY.GNP.MKTP.KD.ZG,SL,2008,8.99491660286095
NY.GNP.MKTP.KD.ZG,SL,2007,33.0943404600286
NY.GNP.MKTP.KD.ZG,SL,2006,-9.22285099455394
NY.GNP.MKTP.KD.ZG,SL,2005,4.42334521991108
NY.GNP.MKTP.KD.ZG,SL,2004,6.28885012748306
NY.GNP.MKTP.KD.ZG,SL,2003,9.75922011257677
NY.GNP.MKTP.KD.ZG,SL,2002,26.6035867504205
NY.GNP.MKTP.KD.ZG,SL,2001,None
NY.GNP.MKTP.KD.ZG,SL,2000,None
NY.GNP.MKTP.KD.ZG,SL,1999,None
NY.GNP.MKTP.KD.ZG,SL,1998,None
NY.GNP.MKTP.KD.ZG,SL,1997,None
NY.GNP.MKTP.KD.ZG,SL,1996,None
NY.GNP.MKTP.KD.ZG,SL,1995,None
NY.GNP.MKTP.KD.ZG,SO,2023,None
NY.GNP.MKTP.KD.ZG,SO,2022,None
NY.GNP.MKTP.KD.ZG,SO,2021,None
NY.GNP.MKTP.KD.ZG,SO,2020,None
NY.GNP.MKTP.KD.ZG,SO,2019,None
NY.GNP.MKTP.KD.ZG,SO,2018,None
NY.GNP.MKTP.KD.ZG,SO,2017,None
NY.GNP.MKTP.KD.ZG,SO,2016,None
NY.GNP.MKTP.KD.ZG,SO,2015,None
NY.GNP.MKTP.KD.ZG,SO,2014,None
NY.GNP.MKTP.KD.ZG,SO,2013,None
NY.GNP.MKTP.KD.ZG,SO,2012,None
NY.GNP.MKTP.KD.ZG,SO,2011,None
NY.GNP.MKTP.KD.ZG,SO,2010,None
NY.GNP.MKTP.KD.ZG,SO,2009,None
NY.GNP.MKTP.KD.ZG,SO,2008,None
NY.GNP.MKTP.KD.ZG,SO,2007,None
NY.GNP.MKTP.KD.ZG,SO,2006,None
NY.GNP.MKTP.KD.ZG,SO,2005,None
NY.GNP.MKTP.KD.ZG,SO,2004,None
NY.GNP.MKTP.KD.ZG,SO,2003,None
NY.GNP.MKTP.KD.ZG,SO,2002,None
NY.GNP.MKTP.KD.ZG,SO,2001,None
NY.GNP.MKTP.KD.ZG,SO,2000,None
NY.GNP.MKTP.KD.ZG,SO,1999,None
NY.GNP.MKTP.KD.ZG,SO,1998,None
NY.GNP.MKTP.KD.ZG,SO,1997,None
NY.GNP.MKTP.KD.ZG,SO,1996,None
NY.GNP.MKTP.KD.ZG,SO,1995,None
NY.GNP.MKTP.KD.ZG,SS,2023,None
NY.GNP.MKTP.KD.ZG,SS,2022,None
NY.GNP.MKTP.KD.ZG,SS,2021,None
NY.GNP.MKTP.KD.ZG,SS,2020,None
NY.GNP.MKTP.KD.ZG,SS,2019,None
NY.GNP.MKTP.KD.ZG,SS,2018,None
NY.GNP.MKTP.KD.ZG,SS,2017,None
NY.GNP.MKTP.KD.ZG,SS,2016,None
NY.GNP.MKTP.KD.ZG,SS,2015,-5.95919502833296
NY.GNP.MKTP.KD.ZG,SS,2014,-12.5883528358781
NY.GNP.MKTP.KD.ZG,SS,2013,13.7690250881451
NY.GNP.MKTP.KD.ZG,SS,2012,14.4697098178489
NY.GNP.MKTP.KD.ZG,SS,2011,None
NY.GNP.MKTP.KD.ZG,SS,2010,None
NY.GNP.MKTP.KD.ZG,SS,2009,None
NY.GNP.MKTP.KD.ZG,SS,2008,None
NY.GNP.MKTP.KD.ZG,SS,2007,None
NY.GNP.MKTP.KD.ZG,SS,2006,None
NY.GNP.MKTP.KD.ZG,SS,2005,None
NY.GNP.MKTP.KD.ZG,SS,2004,None
NY.GNP.MKTP.KD.ZG,SS,2003,None
NY.GNP.MKTP.KD.ZG,SS,2002,None
NY.GNP.MKTP.KD.ZG,SS,2001,None
NY.GNP.MKTP.KD.ZG,SS,2000,None
NY.GNP.MKTP.KD.ZG,SS,1999,None
NY.GNP.MKTP.KD.ZG,SS,1998,None
NY.GNP.MKTP.KD.ZG,SS,1997,None
NY.GNP.MKTP.KD.ZG,SS,1996,None
NY.GNP.MKTP.KD.ZG,SS,1995,None
NY.GNP.MKTP.KD.ZG,ST,2023,None
NY.GNP.MKTP.KD.ZG,ST,2022,None
NY.GNP.MKTP.KD.ZG,ST,2021,None
NY.GNP.MKTP.KD.ZG,ST,2020,None
NY.GNP.MKTP.KD.ZG,ST,2019,None
NY.GNP.MKTP.KD.ZG,ST,2018,None
NY.GNP.MKTP.KD.ZG,ST,2017,None
NY.GNP.MKTP.KD.ZG,ST,2016,None
NY.GNP.MKTP.KD.ZG,ST,2015,None
NY.GNP.MKTP.KD.ZG,ST,2014,None
NY.GNP.MKTP.KD.ZG,ST,2013,None
NY.GNP.MKTP.KD.ZG,ST,2012,None
NY.GNP.MKTP.KD.ZG,ST,2011,None
NY.GNP.MKTP.KD.ZG,ST,2010,None
NY.GNP.MKTP.KD.ZG,ST,2009,None
NY.GNP.MKTP.KD.ZG,ST,2008,None
NY.GNP.MKTP.KD.ZG,ST,2007,None
NY.GNP.MKTP.KD.ZG,ST,2006,None
NY.GNP.MKTP.KD.ZG,ST,2005,None
NY.GNP.MKTP.KD.ZG,ST,2004,None
NY.GNP.MKTP.KD.ZG,ST,2003,None
NY.GNP.MKTP.KD.ZG,ST,2002,None
NY.GNP.MKTP.KD.ZG,ST,2001,None
NY.GNP.MKTP.KD.ZG,ST,2000,None
NY.GNP.MKTP.KD.ZG,ST,1999,None
NY.GNP.MKTP.KD.ZG,ST,1998,None
NY.GNP.MKTP.KD.ZG,ST,1997,None
NY.GNP.MKTP.KD.ZG,ST,1996,None
NY.GNP.MKTP.KD.ZG,ST,1995,None
NY.GNP.MKTP.KD.ZG,SZ,2023,None
NY.GNP.MKTP.KD.ZG,SZ,2022,17.814093471381
NY.GNP.MKTP.KD.ZG,SZ,2021,14.0071089017609
NY.GNP.MKTP.KD.ZG,SZ,2020,-0.393240275605251
NY.GNP.MKTP.KD.ZG,SZ,2019,-1.78824370895524
NY.GNP.MKTP.KD.ZG,SZ,2018,1.92467459050899
NY.GNP.MKTP.KD.ZG,SZ,2017,0.60841583377487
NY.GNP.MKTP.KD.ZG,SZ,2016,-0.600027668513135
NY.GNP.MKTP.KD.ZG,SZ,2015,2.53943251596982
NY.GNP.MKTP.KD.ZG,SZ,2014,0.931703783207524
NY.GNP.MKTP.KD.ZG,SZ,2013,6.29852565505156
NY.GNP.MKTP.KD.ZG,SZ,2012,4.78863311911806
NY.GNP.MKTP.KD.ZG,SZ,2011,1.25131004353514
NY.GNP.MKTP.KD.ZG,SZ,2010,0.61141420132482
NY.GNP.MKTP.KD.ZG,SZ,2009,-0.454117939459181
NY.GNP.MKTP.KD.ZG,SZ,2008,-0.552898860988094
NY.GNP.MKTP.KD.ZG,SZ,2007,5.24050583471032
NY.GNP.MKTP.KD.ZG,SZ,2006,0.44345329669224
NY.GNP.MKTP.KD.ZG,SZ,2005,12.2483260213695
NY.GNP.MKTP.KD.ZG,SZ,2004,5.88337864445518
NY.GNP.MKTP.KD.ZG,SZ,2003,1.52110052947538
NY.GNP.MKTP.KD.ZG,SZ,2002,-2.24760565985919
NY.GNP.MKTP.KD.ZG,SZ,2001,6.00588341635462
NY.GNP.MKTP.KD.ZG,SZ,2000,-1.31370903043059
NY.GNP.MKTP.KD.ZG,SZ,1999,4.6500728586728
NY.GNP.MKTP.KD.ZG,SZ,1998,-1.50910604951068
NY.GNP.MKTP.KD.ZG,SZ,1997,3.12138047732446
NY.GNP.MKTP.KD.ZG,SZ,1996,6.9120165934302
NY.GNP.MKTP.KD.ZG,SZ,1995,11.0656940959516
NY.GNP.MKTP.KD.ZG,SY,2023,None
NY.GNP.MKTP.KD.ZG,SY,2022,None
NY.GNP.MKTP.KD.ZG,SY,2021,None
NY.GNP.MKTP.KD.ZG,SY,2020,None
NY.GNP.MKTP.KD.ZG,SY,2019,None
NY.GNP.MKTP.KD.ZG,SY,2018,None
NY.GNP.MKTP.KD.ZG,SY,2017,None
NY.GNP.MKTP.KD.ZG,SY,2016,None
NY.GNP.MKTP.KD.ZG,SY,2015,None
NY.GNP.MKTP.KD.ZG,SY,2014,None
NY.GNP.MKTP.KD.ZG,SY,2013,None
NY.GNP.MKTP.KD.ZG,SY,2012,None
NY.GNP.MKTP.KD.ZG,SY,2011,None
NY.GNP.MKTP.KD.ZG,SY,2010,None
NY.GNP.MKTP.KD.ZG,SY,2009,None
NY.GNP.MKTP.KD.ZG,SY,2008,None
NY.GNP.MKTP.KD.ZG,SY,2007,None
NY.GNP.MKTP.KD.ZG,SY,2006,None
NY.GNP.MKTP.KD.ZG,SY,2005,None
NY.GNP.MKTP.KD.ZG,SY,2004,None
NY.GNP.MKTP.KD.ZG,SY,2003,None
NY.GNP.MKTP.KD.ZG,SY,2002,None
NY.GNP.MKTP.KD.ZG,SY,2001,None
NY.GNP.MKTP.KD.ZG,SY,2000,None
NY.GNP.MKTP.KD.ZG,SY,1999,None
NY.GNP.MKTP.KD.ZG,SY,1998,None
NY.GNP.MKTP.KD.ZG,SY,1997,None
NY.GNP.MKTP.KD.ZG,SY,1996,None
NY.GNP.MKTP.KD.ZG,SY,1995,None
NY.GNP.MKTP.KD.ZG,TD,2023,4.27170138507655
NY.GNP.MKTP.KD.ZG,TD,2022,2.60829697256153
NY.GNP.MKTP.KD.ZG,TD,2021,-1.33493019377067
NY.GNP.MKTP.KD.ZG,TD,2020,-1.35157669068008
NY.GNP.MKTP.KD.ZG,TD,2019,3.17942046264972
NY.GNP.MKTP.KD.ZG,TD,2018,2.19217152856646
NY.GNP.MKTP.KD.ZG,TD,2017,-2.48562885463434
NY.GNP.MKTP.KD.ZG,TD,2016,-5.23891124195906
NY.GNP.MKTP.KD.ZG,TD,2015,4.76165678653749
NY.GNP.MKTP.KD.ZG,TD,2014,7.25125401942211
NY.GNP.MKTP.KD.ZG,TD,2013,3.23348893940593
NY.GNP.MKTP.KD.ZG,TD,2012,9.01874397618971
NY.GNP.MKTP.KD.ZG,TD,2011,0.879097569018626
NY.GNP.MKTP.KD.ZG,TD,2010,14.6311001168113
NY.GNP.MKTP.KD.ZG,TD,2009,19.4904669795453
NY.GNP.MKTP.KD.ZG,TD,2008,-0.0419538801956492
NY.GNP.MKTP.KD.ZG,TD,2007,None
NY.GNP.MKTP.KD.ZG,TD,2006,None
NY.GNP.MKTP.KD.ZG,TD,2005,None
NY.GNP.MKTP.KD.ZG,TD,2004,None
NY.GNP.MKTP.KD.ZG,TD,2003,-5.52011738331795
NY.GNP.MKTP.KD.ZG,TD,2002,6.25022709322296
NY.GNP.MKTP.KD.ZG,TD,2001,11.5400113403044
NY.GNP.MKTP.KD.ZG,TD,2000,-2.22972229103355
NY.GNP.MKTP.KD.ZG,TD,1999,-0.759940734990565
NY.GNP.MKTP.KD.ZG,TD,1998,8.26014904514849
NY.GNP.MKTP.KD.ZG,TD,1997,5.11464880480112
NY.GNP.MKTP.KD.ZG,TD,1996,1.87075437283288
NY.GNP.MKTP.KD.ZG,TD,1995,1.60542326191279
NY.GNP.MKTP.KD.ZG,TG,2023,6.34909336494778
NY.GNP.MKTP.KD.ZG,TG,2022,6.02250892471037
NY.GNP.MKTP.KD.ZG,TG,2021,5.62339620257224
NY.GNP.MKTP.KD.ZG,TG,2020,2.24998665830344
NY.GNP.MKTP.KD.ZG,TG,2019,4.96666263089456
NY.GNP.MKTP.KD.ZG,TG,2018,5.00156097170685
NY.GNP.MKTP.KD.ZG,TG,2017,3.34721707372935
NY.GNP.MKTP.KD.ZG,TG,2016,2.60546376522946
NY.GNP.MKTP.KD.ZG,TG,2015,7.12351344055919
NY.GNP.MKTP.KD.ZG,TG,2014,5.95113121315671
NY.GNP.MKTP.KD.ZG,TG,2013,6.14804059442152
NY.GNP.MKTP.KD.ZG,TG,2012,2.07562607138787
NY.GNP.MKTP.KD.ZG,TG,2011,10.8649071721245
NY.GNP.MKTP.KD.ZG,TG,2010,5.76488501830126
NY.GNP.MKTP.KD.ZG,TG,2009,5.34737332408604
NY.GNP.MKTP.KD.ZG,TG,2008,4.4779966751979
NY.GNP.MKTP.KD.ZG,TG,2007,-0.905880143894208
NY.GNP.MKTP.KD.ZG,TG,2006,2.58865841600941
NY.GNP.MKTP.KD.ZG,TG,2005,-4.64259309720701
NY.GNP.MKTP.KD.ZG,TG,2004,-1.23703872159825
NY.GNP.MKTP.KD.ZG,TG,2003,6.82683663137536
NY.GNP.MKTP.KD.ZG,TG,2002,4.30378799722249
NY.GNP.MKTP.KD.ZG,TG,2001,0.814164206808599
NY.GNP.MKTP.KD.ZG,TG,2000,-0.447228588365917
NY.GNP.MKTP.KD.ZG,TG,1999,1.84017307351338
NY.GNP.MKTP.KD.ZG,TG,1998,-2.12051263539509
NY.GNP.MKTP.KD.ZG,TG,1997,14.3872227774888
NY.GNP.MKTP.KD.ZG,TG,1996,9.144079014924
NY.GNP.MKTP.KD.ZG,TG,1995,9.14341897863883
NY.GNP.MKTP.KD.ZG,TJ,2023,None
NY.GNP.MKTP.KD.ZG,TJ,2022,12.7364668564422
NY.GNP.MKTP.KD.ZG,TJ,2021,10.383718464898
NY.GNP.MKTP.KD.ZG,TJ,2020,4.56887962632008
NY.GNP.MKTP.KD.ZG,TJ,2019,7.47778662856417
NY.GNP.MKTP.KD.ZG,TJ,2018,7.86443821690391
NY.GNP.MKTP.KD.ZG,TJ,2017,6.92829799044542
NY.GNP.MKTP.KD.ZG,TJ,2016,5.6187789326964
NY.GNP.MKTP.KD.ZG,TJ,2015,3.38100276520488
NY.GNP.MKTP.KD.ZG,TJ,2014,4.04822116687293
NY.GNP.MKTP.KD.ZG,TJ,2013,8.31408076673841
NY.GNP.MKTP.KD.ZG,TJ,2012,7.40201405362902
NY.GNP.MKTP.KD.ZG,TJ,2011,8.29709106980015
NY.GNP.MKTP.KD.ZG,TJ,2010,7.9015582059625
NY.GNP.MKTP.KD.ZG,TJ,2009,0.0999993648359521
NY.GNP.MKTP.KD.ZG,TJ,2008,8.14311838795976
NY.GNP.MKTP.KD.ZG,TJ,2007,7.22921424521388
NY.GNP.MKTP.KD.ZG,TJ,2006,11.5523324154583
NY.GNP.MKTP.KD.ZG,TJ,2005,19.9520246421467
NY.GNP.MKTP.KD.ZG,TJ,2004,12.1460145943453
NY.GNP.MKTP.KD.ZG,TJ,2003,9.98791321414959
NY.GNP.MKTP.KD.ZG,TJ,2002,12.0807251299182
NY.GNP.MKTP.KD.ZG,TJ,2001,9.86828472096006
NY.GNP.MKTP.KD.ZG,TJ,2000,6.34947530844107
NY.GNP.MKTP.KD.ZG,TJ,1999,3.68352492624939
NY.GNP.MKTP.KD.ZG,TJ,1998,5.85285980115087
NY.GNP.MKTP.KD.ZG,TJ,1997,6.04915123936058
NY.GNP.MKTP.KD.ZG,TJ,1996,-19.1635293897791
NY.GNP.MKTP.KD.ZG,TJ,1995,4.37612713975535
NY.GNP.MKTP.KD.ZG,TL,2023,None
NY.GNP.MKTP.KD.ZG,TL,2022,-26.9809138712826
NY.GNP.MKTP.KD.ZG,TL,2021,-8.61668601715471
NY.GNP.MKTP.KD.ZG,TL,2020,9.61665465396875
NY.GNP.MKTP.KD.ZG,TL,2019,33.5338782214047
NY.GNP.MKTP.KD.ZG,TL,2018,-0.451778538461241
NY.GNP.MKTP.KD.ZG,TL,2017,1.53573245772145
NY.GNP.MKTP.KD.ZG,TL,2016,-19.892277185585
NY.GNP.MKTP.KD.ZG,TL,2015,-17.9572360892183
NY.GNP.MKTP.KD.ZG,TL,2014,-18.0161576266473
NY.GNP.MKTP.KD.ZG,TL,2013,-10.7332283406349
NY.GNP.MKTP.KD.ZG,TL,2012,-11.7770454364054
NY.GNP.MKTP.KD.ZG,TL,2011,22.4029439197918
NY.GNP.MKTP.KD.ZG,TL,2010,21.0936009912866
NY.GNP.MKTP.KD.ZG,TL,2009,-20.7027505545094
NY.GNP.MKTP.KD.ZG,TL,2008,47.9894502538695
NY.GNP.MKTP.KD.ZG,TL,2007,35.4689705132393
NY.GNP.MKTP.KD.ZG,TL,2006,41.8446886703323
NY.GNP.MKTP.KD.ZG,TL,2005,21.2117081615573
NY.GNP.MKTP.KD.ZG,TL,2004,11.1735551888621
NY.GNP.MKTP.KD.ZG,TL,2003,-15.6901197318207
NY.GNP.MKTP.KD.ZG,TL,2002,11.6820098164383
NY.GNP.MKTP.KD.ZG,TL,2001,12.467449845239
NY.GNP.MKTP.KD.ZG,TL,2000,None
NY.GNP.MKTP.KD.ZG,TL,1999,None
NY.GNP.MKTP.KD.ZG,TL,1998,None
NY.GNP.MKTP.KD.ZG,TL,1997,None
NY.GNP.MKTP.KD.ZG,TL,1996,None
NY.GNP.MKTP.KD.ZG,TL,1995,None
NY.GNP.MKTP.KD.ZG,TN,2023,-0.0933333392121227
NY.GNP.MKTP.KD.ZG,TN,2022,3.16324363670776
NY.GNP.MKTP.KD.ZG,TN,2021,5.3613083589885
NY.GNP.MKTP.KD.ZG,TN,2020,-9.29289747491985
NY.GNP.MKTP.KD.ZG,TN,2019,1.41162284023453
NY.GNP.MKTP.KD.ZG,TN,2018,2.57889503329112
NY.GNP.MKTP.KD.ZG,TN,2017,2.07251998238522
NY.GNP.MKTP.KD.ZG,TN,2016,1.54396963152206
NY.GNP.MKTP.KD.ZG,TN,2015,1.80201087914207
NY.GNP.MKTP.KD.ZG,TN,2014,3.99675797755104
NY.GNP.MKTP.KD.ZG,TN,2013,2.30834358809516
NY.GNP.MKTP.KD.ZG,TN,2012,4.80288551597519
NY.GNP.MKTP.KD.ZG,TN,2011,-1.98161944317089
NY.GNP.MKTP.KD.ZG,TN,2010,1.9275682504535
NY.GNP.MKTP.KD.ZG,TN,2009,3.54210253757354
NY.GNP.MKTP.KD.ZG,TN,2008,3.98218302937165
NY.GNP.MKTP.KD.ZG,TN,2007,6.22857722415668
NY.GNP.MKTP.KD.ZG,TN,2006,5.75271351572364
NY.GNP.MKTP.KD.ZG,TN,2005,2.52228103392818
NY.GNP.MKTP.KD.ZG,TN,2004,6.11142320184845
NY.GNP.MKTP.KD.ZG,TN,2003,5.01034431626456
NY.GNP.MKTP.KD.ZG,TN,2002,1.31493018904992
NY.GNP.MKTP.KD.ZG,TN,2001,3.70750486479392
NY.GNP.MKTP.KD.ZG,TN,2000,4.32025607336787
NY.GNP.MKTP.KD.ZG,TN,1999,6.10892216886123
NY.GNP.MKTP.KD.ZG,TN,1998,5.12853613346094
NY.GNP.MKTP.KD.ZG,TN,1997,6.27336961297311
NY.GNP.MKTP.KD.ZG,TN,1996,6.65411658162347
NY.GNP.MKTP.KD.ZG,TN,1995,3.06904722118797
NY.GNP.MKTP.KD.ZG,TZ,2023,None
NY.GNP.MKTP.KD.ZG,TZ,2022,4.54814337641041
NY.GNP.MKTP.KD.ZG,TZ,2021,4.56847409921212
NY.GNP.MKTP.KD.ZG,TZ,2020,1.61733502074478
NY.GNP.MKTP.KD.ZG,TZ,2019,5.2807621406284
NY.GNP.MKTP.KD.ZG,TZ,2018,6.18897363181532
NY.GNP.MKTP.KD.ZG,TZ,2017,6.97347379367346
NY.GNP.MKTP.KD.ZG,TZ,2016,6.40141790185422
NY.GNP.MKTP.KD.ZG,TZ,2015,5.61460946769678
NY.GNP.MKTP.KD.ZG,TZ,2014,7.20836253897568
NY.GNP.MKTP.KD.ZG,TZ,2013,6.65002641397953
NY.GNP.MKTP.KD.ZG,TZ,2012,4.97809513516951
NY.GNP.MKTP.KD.ZG,TZ,2011,7.6267312797186
NY.GNP.MKTP.KD.ZG,TZ,2010,5.38966535626477
NY.GNP.MKTP.KD.ZG,TZ,2009,5.39945087142132
NY.GNP.MKTP.KD.ZG,TZ,2008,5.86297781841789
NY.GNP.MKTP.KD.ZG,TZ,2007,5.51478130916627
NY.GNP.MKTP.KD.ZG,TZ,2006,8.40143326196593
NY.GNP.MKTP.KD.ZG,TZ,2005,6.85501616487511
NY.GNP.MKTP.KD.ZG,TZ,2004,7.4637082002528
NY.GNP.MKTP.KD.ZG,TZ,2003,6.10429804778923
NY.GNP.MKTP.KD.ZG,TZ,2002,8.94349732336165
NY.GNP.MKTP.KD.ZG,TZ,2001,4.54516436330945
NY.GNP.MKTP.KD.ZG,TZ,2000,4.94631719793288
NY.GNP.MKTP.KD.ZG,TZ,1999,4.4282752408167
NY.GNP.MKTP.KD.ZG,TZ,1998,4.2895968352536
NY.GNP.MKTP.KD.ZG,TZ,1997,3.0339396455296
NY.GNP.MKTP.KD.ZG,TZ,1996,5.73256809058569
NY.GNP.MKTP.KD.ZG,TZ,1995,4.26122359989122
NY.GNP.MKTP.KD.ZG,UG,2023,5.39474601859709
NY.GNP.MKTP.KD.ZG,UG,2022,4.61642805561679
NY.GNP.MKTP.KD.ZG,UG,2021,3.35973053187411
NY.GNP.MKTP.KD.ZG,UG,2020,3.54128389124793
NY.GNP.MKTP.KD.ZG,UG,2019,6.65952877644658
NY.GNP.MKTP.KD.ZG,UG,2018,5.75504239368512
NY.GNP.MKTP.KD.ZG,UG,2017,2.51548539011948
NY.GNP.MKTP.KD.ZG,UG,2016,4.91968285168727
NY.GNP.MKTP.KD.ZG,UG,2015,5.6225761039679
NY.GNP.MKTP.KD.ZG,UG,2014,4.92593523385332
NY.GNP.MKTP.KD.ZG,UG,2013,3.4945906643552
NY.GNP.MKTP.KD.ZG,UG,2012,3.23949136712389
NY.GNP.MKTP.KD.ZG,UG,2011,9.52593239808441
NY.GNP.MKTP.KD.ZG,UG,2010,5.57217624234228
NY.GNP.MKTP.KD.ZG,UG,2009,6.98269990223184
NY.GNP.MKTP.KD.ZG,UG,2008,8.84401880513927
NY.GNP.MKTP.KD.ZG,UG,2007,8.99861454582282
NY.GNP.MKTP.KD.ZG,UG,2006,11.2766295877243
NY.GNP.MKTP.KD.ZG,UG,2005,6.08893042289263
NY.GNP.MKTP.KD.ZG,UG,2004,6.13801283856714
NY.GNP.MKTP.KD.ZG,UG,2003,6.57519930067936
NY.GNP.MKTP.KD.ZG,UG,2002,9.78942237700178
NY.GNP.MKTP.KD.ZG,UG,2001,3.82030019783753
NY.GNP.MKTP.KD.ZG,UG,2000,1.62031029575778
NY.GNP.MKTP.KD.ZG,UG,1999,7.93946529033256
NY.GNP.MKTP.KD.ZG,UG,1998,5.06439861119696
NY.GNP.MKTP.KD.ZG,UG,1997,5.64836858742017
NY.GNP.MKTP.KD.ZG,UG,1996,9.40857780951451
NY.GNP.MKTP.KD.ZG,UG,1995,12.059629560053
NY.GNP.MKTP.KD.ZG,UZ,2023,None
NY.GNP.MKTP.KD.ZG,UZ,2022,None
NY.GNP.MKTP.KD.ZG,UZ,2021,None
NY.GNP.MKTP.KD.ZG,UZ,2020,None
NY.GNP.MKTP.KD.ZG,UZ,2019,None
NY.GNP.MKTP.KD.ZG,UZ,2018,None
NY.GNP.MKTP.KD.ZG,UZ,2017,None
NY.GNP.MKTP.KD.ZG,UZ,2016,None
NY.GNP.MKTP.KD.ZG,UZ,2015,None
NY.GNP.MKTP.KD.ZG,UZ,2014,None
NY.GNP.MKTP.KD.ZG,UZ,2013,None
NY.GNP.MKTP.KD.ZG,UZ,2012,None
NY.GNP.MKTP.KD.ZG,UZ,2011,None
NY.GNP.MKTP.KD.ZG,UZ,2010,None
NY.GNP.MKTP.KD.ZG,UZ,2009,None
NY.GNP.MKTP.KD.ZG,UZ,2008,None
NY.GNP.MKTP.KD.ZG,UZ,2007,None
NY.GNP.MKTP.KD.ZG,UZ,2006,None
NY.GNP.MKTP.KD.ZG,UZ,2005,None
NY.GNP.MKTP.KD.ZG,UZ,2004,None
NY.GNP.MKTP.KD.ZG,UZ,2003,None
NY.GNP.MKTP.KD.ZG,UZ,2002,None
NY.GNP.MKTP.KD.ZG,UZ,2001,None
NY.GNP.MKTP.KD.ZG,UZ,2000,None
NY.GNP.MKTP.KD.ZG,UZ,1999,None
NY.GNP.MKTP.KD.ZG,UZ,1998,None
NY.GNP.MKTP.KD.ZG,UZ,1997,None
NY.GNP.MKTP.KD.ZG,UZ,1996,None
NY.GNP.MKTP.KD.ZG,UZ,1995,None
NY.GNP.MKTP.KD.ZG,VN,2023,None
NY.GNP.MKTP.KD.ZG,VN,2022,8.42510247522222
NY.GNP.MKTP.KD.ZG,VN,2021,1.62623894806933
NY.GNP.MKTP.KD.ZG,VN,2020,3.7239046912952
NY.GNP.MKTP.KD.ZG,VN,2019,7.44252312949396
NY.GNP.MKTP.KD.ZG,VN,2018,8.50920864823659
NY.GNP.MKTP.KD.ZG,VN,2017,6.20835990323737
NY.GNP.MKTP.KD.ZG,VN,2016,6.09418589697606
NY.GNP.MKTP.KD.ZG,VN,2015,5.6611140196424
NY.GNP.MKTP.KD.ZG,VN,2014,5.98891726705391
NY.GNP.MKTP.KD.ZG,VN,2013,5.3202580143892
NY.GNP.MKTP.KD.ZG,VN,2012,5.03279105289431
NY.GNP.MKTP.KD.ZG,VN,2011,6.66599562056058
NY.GNP.MKTP.KD.ZG,VN,2010,7.40832040239098
NY.GNP.MKTP.KD.ZG,VN,2009,4.08065141442387
NY.GNP.MKTP.KD.ZG,VN,2008,5.44265404194535
NY.GNP.MKTP.KD.ZG,VN,2007,6.47707382895439
NY.GNP.MKTP.KD.ZG,VN,2006,6.64072485281142
NY.GNP.MKTP.KD.ZG,VN,2005,7.53053012310608
NY.GNP.MKTP.KD.ZG,VN,2004,7.24030448752603
NY.GNP.MKTP.KD.ZG,VN,2003,6.9513253307872
NY.GNP.MKTP.KD.ZG,VN,2002,6.04591038276345
NY.GNP.MKTP.KD.ZG,VN,2001,6.27961434890381
NY.GNP.MKTP.KD.ZG,VN,2000,7.16844165302935
NY.GNP.MKTP.KD.ZG,VN,1999,5.17431254428206
NY.GNP.MKTP.KD.ZG,VN,1998,5.12507802722743
NY.GNP.MKTP.KD.ZG,VN,1997,7.46043422315674
NY.GNP.MKTP.KD.ZG,VN,1996,8.60949920438262
NY.GNP.MKTP.KD.ZG,VN,1995,None
NY.GNP.MKTP.KD.ZG,VU,2023,None
NY.GNP.MKTP.KD.ZG,VU,2022,2.91449846283012
NY.GNP.MKTP.KD.ZG,VU,2021,1.45505411875067
NY.GNP.MKTP.KD.ZG,VU,2020,-8.29818927499011
NY.GNP.MKTP.KD.ZG,VU,2019,16.3715293817254
NY.GNP.MKTP.KD.ZG,VU,2018,6.11985008050226
NY.GNP.MKTP.KD.ZG,VU,2017,4.11883406724611
NY.GNP.MKTP.KD.ZG,VU,2016,5.24523434133786
NY.GNP.MKTP.KD.ZG,VU,2015,0.63526500606099
NY.GNP.MKTP.KD.ZG,VU,2014,4.81953494222806
NY.GNP.MKTP.KD.ZG,VU,2013,6.4961793471558
NY.GNP.MKTP.KD.ZG,VU,2012,-2.35911227941136
NY.GNP.MKTP.KD.ZG,VU,2011,3.87662145627515
NY.GNP.MKTP.KD.ZG,VU,2010,1.8394979641523
NY.GNP.MKTP.KD.ZG,VU,2009,-0.38417121858096
NY.GNP.MKTP.KD.ZG,VU,2008,10.5243678571384
NY.GNP.MKTP.KD.ZG,VU,2007,2.61013826816858
NY.GNP.MKTP.KD.ZG,VU,2006,10.7818430448308
NY.GNP.MKTP.KD.ZG,VU,2005,3.71546075086387
NY.GNP.MKTP.KD.ZG,VU,2004,3.37700458460166
NY.GNP.MKTP.KD.ZG,VU,2003,4.07594465496702
NY.GNP.MKTP.KD.ZG,VU,2002,None
NY.GNP.MKTP.KD.ZG,VU,2001,None
NY.GNP.MKTP.KD.ZG,VU,2000,None
NY.GNP.MKTP.KD.ZG,VU,1999,None
NY.GNP.MKTP.KD.ZG,VU,1998,None
NY.GNP.MKTP.KD.ZG,VU,1997,None
NY.GNP.MKTP.KD.ZG,VU,1996,None
NY.GNP.MKTP.KD.ZG,VU,1995,None
NY.GNP.MKTP.KD.ZG,WS,2023,9.60834142204124
NY.GNP.MKTP.KD.ZG,WS,2022,-6.48724051284331
NY.GNP.MKTP.KD.ZG,WS,2021,-4.96369666553659
NY.GNP.MKTP.KD.ZG,WS,2020,-2.62172945091712
NY.GNP.MKTP.KD.ZG,WS,2019,3.70456114279756
NY.GNP.MKTP.KD.ZG,WS,2018,-1.03384918238781
NY.GNP.MKTP.KD.ZG,WS,2017,0.658466142168052
NY.GNP.MKTP.KD.ZG,WS,2016,7.66367011730897
NY.GNP.MKTP.KD.ZG,WS,2015,5.65799950470249
NY.GNP.MKTP.KD.ZG,WS,2014,1.4121459629324
NY.GNP.MKTP.KD.ZG,WS,2013,-0.954221282527143
NY.GNP.MKTP.KD.ZG,WS,2012,-3.55821279101517
NY.GNP.MKTP.KD.ZG,WS,2011,3.71480240099173
NY.GNP.MKTP.KD.ZG,WS,2010,7.75446995219768
NY.GNP.MKTP.KD.ZG,WS,2009,None
NY.GNP.MKTP.KD.ZG,WS,2008,None
NY.GNP.MKTP.KD.ZG,WS,2007,None
NY.GNP.MKTP.KD.ZG,WS,2006,None
NY.GNP.MKTP.KD.ZG,WS,2005,None
NY.GNP.MKTP.KD.ZG,WS,2004,None
NY.GNP.MKTP.KD.ZG,WS,2003,None
NY.GNP.MKTP.KD.ZG,WS,2002,None
NY.GNP.MKTP.KD.ZG,WS,2001,None
NY.GNP.MKTP.KD.ZG,WS,2000,None
NY.GNP.MKTP.KD.ZG,WS,1999,None
NY.GNP.MKTP.KD.ZG,WS,1998,None
NY.GNP.MKTP.KD.ZG,WS,1997,None
NY.GNP.MKTP.KD.ZG,WS,1996,None
NY.GNP.MKTP.KD.ZG,WS,1995,None
NY.GNP.MKTP.KD.ZG,YE,2023,None
NY.GNP.MKTP.KD.ZG,YE,2022,None
NY.GNP.MKTP.KD.ZG,YE,2021,None
NY.GNP.MKTP.KD.ZG,YE,2020,None
NY.GNP.MKTP.KD.ZG,YE,2019,None
NY.GNP.MKTP.KD.ZG,YE,2018,None
NY.GNP.MKTP.KD.ZG,YE,2017,None
NY.GNP.MKTP.KD.ZG,YE,2016,None
NY.GNP.MKTP.KD.ZG,YE,2015,None
NY.GNP.MKTP.KD.ZG,YE,2014,None
NY.GNP.MKTP.KD.ZG,YE,2013,None
NY.GNP.MKTP.KD.ZG,YE,2012,None
NY.GNP.MKTP.KD.ZG,YE,2011,None
NY.GNP.MKTP.KD.ZG,YE,2010,None
NY.GNP.MKTP.KD.ZG,YE,2009,None
NY.GNP.MKTP.KD.ZG,YE,2008,None
NY.GNP.MKTP.KD.ZG,YE,2007,None
NY.GNP.MKTP.KD.ZG,YE,2006,None
NY.GNP.MKTP.KD.ZG,YE,2005,None
NY.GNP.MKTP.KD.ZG,YE,2004,None
NY.GNP.MKTP.KD.ZG,YE,2003,None
NY.GNP.MKTP.KD.ZG,YE,2002,None
NY.GNP.MKTP.KD.ZG,YE,2001,None
NY.GNP.MKTP.KD.ZG,YE,2000,None
NY.GNP.MKTP.KD.ZG,YE,1999,None
NY.GNP.MKTP.KD.ZG,YE,1998,None
NY.GNP.MKTP.KD.ZG,YE,1997,None
NY.GNP.MKTP.KD.ZG,YE,1996,None
NY.GNP.MKTP.KD.ZG,YE,1995,None
NY.GNP.MKTP.KD.ZG,ZM,2023,None
NY.GNP.MKTP.KD.ZG,ZM,2022,None
NY.GNP.MKTP.KD.ZG,ZM,2021,None
NY.GNP.MKTP.KD.ZG,ZM,2020,None
NY.GNP.MKTP.KD.ZG,ZM,2019,None
NY.GNP.MKTP.KD.ZG,ZM,2018,None
NY.GNP.MKTP.KD.ZG,ZM,2017,None
NY.GNP.MKTP.KD.ZG,ZM,2016,None
NY.GNP.MKTP.KD.ZG,ZM,2015,None
NY.GNP.MKTP.KD.ZG,ZM,2014,None
NY.GNP.MKTP.KD.ZG,ZM,2013,None
NY.GNP.MKTP.KD.ZG,ZM,2012,None
NY.GNP.MKTP.KD.ZG,ZM,2011,None
NY.GNP.MKTP.KD.ZG,ZM,2010,None
NY.GNP.MKTP.KD.ZG,ZM,2009,None
NY.GNP.MKTP.KD.ZG,ZM,2008,None
NY.GNP.MKTP.KD.ZG,ZM,2007,None
NY.GNP.MKTP.KD.ZG,ZM,2006,None
NY.GNP.MKTP.KD.ZG,ZM,2005,None
NY.GNP.MKTP.KD.ZG,ZM,2004,None
NY.GNP.MKTP.KD.ZG,ZM,2003,None
NY.GNP.MKTP.KD.ZG,ZM,2002,None
NY.GNP.MKTP.KD.ZG,ZM,2001,None
NY.GNP.MKTP.KD.ZG,ZM,2000,None
NY.GNP.MKTP.KD.ZG,ZM,1999,None
NY.GNP.MKTP.KD.ZG,ZM,1998,None
NY.GNP.MKTP.KD.ZG,ZM,1997,None
NY.GNP.MKTP.KD.ZG,ZM,1996,None
NY.GNP.MKTP.KD.ZG,ZM,1995,None
NY.GNP.MKTP.KD.ZG,ZW,2023,None
NY.GNP.MKTP.KD.ZG,ZW,2022,6.31081705899589
NY.GNP.MKTP.KD.ZG,ZW,2021,8.65846270720461
NY.GNP.MKTP.KD.ZG,ZW,2020,-8.01763720752349
NY.GNP.MKTP.KD.ZG,ZW,2019,-6.03971783940783
NY.GNP.MKTP.KD.ZG,ZW,2018,15.3043442598962
NY.GNP.MKTP.KD.ZG,ZW,2017,5.22145653925182
NY.GNP.MKTP.KD.ZG,ZW,2016,0.380369390516464
NY.GNP.MKTP.KD.ZG,ZW,2015,0.393546119868262
NY.GNP.MKTP.KD.ZG,ZW,2014,-0.132087298490347
NY.GNP.MKTP.KD.ZG,ZW,2013,4.4420532541771
NY.GNP.MKTP.KD.ZG,ZW,2012,15.9669231884544
NY.GNP.MKTP.KD.ZG,ZW,2011,11.6123324690334
NY.GNP.MKTP.KD.ZG,ZW,2010,22.9417473195135
NY.GNP.MKTP.KD.ZG,ZW,2009,None
NY.GNP.MKTP.KD.ZG,ZW,2008,None
NY.GNP.MKTP.KD.ZG,ZW,2007,None
NY.GNP.MKTP.KD.ZG,ZW,2006,None
NY.GNP.MKTP.KD.ZG,ZW,2005,None
NY.GNP.MKTP.KD.ZG,ZW,2004,None
NY.GNP.MKTP.KD.ZG,ZW,2003,None
NY.GNP.MKTP.KD.ZG,ZW,2002,None
NY.GNP.MKTP.KD.ZG,ZW,2001,None
NY.GNP.MKTP.KD.ZG,ZW,2000,None
NY.GNP.MKTP.KD.ZG,ZW,1999,None
NY.GNP.MKTP.KD.ZG,ZW,1998,None
NY.GNP.MKTP.KD.ZG,ZW,1997,None
NY.GNP.MKTP.KD.ZG,ZW,1996,None
NY.GNP.MKTP.KD.ZG,ZW,1995,None
