RL.PER.RNK.LOWER,AF,2023,None
RL.PER.RNK.LOWER,AF,2022,1.41509437561035
RL.PER.RNK.LOWER,AF,2021,0.476190477609634
RL.PER.RNK.LOWER,AF,2020,0.952380955219269
RL.PER.RNK.LOWER,AF,2019,1.42857146263123
RL.PER.RNK.LOWER,AF,2018,1.42857146263123
RL.PER.RNK.LOWER,AF,2017,1.42857146263123
RL.PER.RNK.LOWER,AF,2016,1.90476191043854
RL.PER.RNK.LOWER,AF,2015,0.952380955219269
RL.PER.RNK.LOWER,AF,2014,0.961538434028625
RL.PER.RNK.LOWER,AF,2013,0
RL.PER.RNK.LOWER,AF,2012,0
RL.PER.RNK.LOWER,AF,2011,0
RL.PER.RNK.LOWER,AF,2010,0
RL.PER.RNK.LOWER,AF,2009,0
RL.PER.RNK.LOWER,AF,2008,0
RL.PER.RNK.LOWER,AF,2007,0
RL.PER.RNK.LOWER,AF,2006,0
RL.PER.RNK.LOWER,AF,2005,0
RL.PER.RNK.LOWER,AF,2004,0
RL.PER.RNK.LOWER,AF,2003,0
RL.PER.RNK.LOWER,AF,2002,0
RL.PER.RNK.LOWER,AF,2001,None
RL.PER.RNK.LOWER,AF,2000,0
RL.PER.RNK.LOWER,AF,1999,None
RL.PER.RNK.LOWER,AF,1998,0
RL.PER.RNK.LOWER,AF,1997,None
RL.PER.RNK.LOWER,AF,1996,0
RL.PER.RNK.LOWER,AF,1995,None
RL.PER.RNK.LOWER,AO,2023,None
RL.PER.RNK.LOWER,AO,2022,9.43396186828613
RL.PER.RNK.LOWER,AO,2021,9.5238094329834
RL.PER.RNK.LOWER,AO,2020,9.5238094329834
RL.PER.RNK.LOWER,AO,2019,7.61904764175415
RL.PER.RNK.LOWER,AO,2018,8.09523773193359
RL.PER.RNK.LOWER,AO,2017,8.09523773193359
RL.PER.RNK.LOWER,AO,2016,8.09523773193359
RL.PER.RNK.LOWER,AO,2015,6.1904764175415
RL.PER.RNK.LOWER,AO,2014,5.76923084259033
RL.PER.RNK.LOWER,AO,2013,3.75586843490601
RL.PER.RNK.LOWER,AO,2012,2.3474178314209
RL.PER.RNK.LOWER,AO,2011,2.3474178314209
RL.PER.RNK.LOWER,AO,2010,3.3175356388092
RL.PER.RNK.LOWER,AO,2009,3.79146909713745
RL.PER.RNK.LOWER,AO,2008,1.44230771064758
RL.PER.RNK.LOWER,AO,2007,1.43540668487549
RL.PER.RNK.LOWER,AO,2006,2.39234447479248
RL.PER.RNK.LOWER,AO,2005,0.478468894958496
RL.PER.RNK.LOWER,AO,2004,0
RL.PER.RNK.LOWER,AO,2003,0.497512429952621
RL.PER.RNK.LOWER,AO,2002,0
RL.PER.RNK.LOWER,AO,2001,None
RL.PER.RNK.LOWER,AO,2000,0
RL.PER.RNK.LOWER,AO,1999,None
RL.PER.RNK.LOWER,AO,1998,0.5
RL.PER.RNK.LOWER,AO,1997,None
RL.PER.RNK.LOWER,AO,1996,0
RL.PER.RNK.LOWER,AO,1995,None
RL.PER.RNK.LOWER,BI,2023,None
RL.PER.RNK.LOWER,BI,2022,5.18867921829224
RL.PER.RNK.LOWER,BI,2021,5.2380952835083
RL.PER.RNK.LOWER,BI,2020,4.7619047164917
RL.PER.RNK.LOWER,BI,2019,4.2857141494751
RL.PER.RNK.LOWER,BI,2018,2.85714292526245
RL.PER.RNK.LOWER,BI,2017,4.2857141494751
RL.PER.RNK.LOWER,BI,2016,2.38095235824585
RL.PER.RNK.LOWER,BI,2015,4.7619047164917
RL.PER.RNK.LOWER,BI,2014,7.21153831481934
RL.PER.RNK.LOWER,BI,2013,6.57277011871338
RL.PER.RNK.LOWER,BI,2012,7.0422534942627
RL.PER.RNK.LOWER,BI,2011,5.16431903839111
RL.PER.RNK.LOWER,BI,2010,4.26540279388428
RL.PER.RNK.LOWER,BI,2009,4.26540279388428
RL.PER.RNK.LOWER,BI,2008,8.17307662963867
RL.PER.RNK.LOWER,BI,2007,6.69856452941895
RL.PER.RNK.LOWER,BI,2006,9.56937789916992
RL.PER.RNK.LOWER,BI,2005,6.69856452941895
RL.PER.RNK.LOWER,BI,2004,0
RL.PER.RNK.LOWER,BI,2003,0
RL.PER.RNK.LOWER,BI,2002,0
RL.PER.RNK.LOWER,BI,2001,None
RL.PER.RNK.LOWER,BI,2000,0
RL.PER.RNK.LOWER,BI,1999,None
RL.PER.RNK.LOWER,BI,1998,1
RL.PER.RNK.LOWER,BI,1997,None
RL.PER.RNK.LOWER,BI,1996,0
RL.PER.RNK.LOWER,BI,1995,None
RL.PER.RNK.LOWER,BJ,2023,None
RL.PER.RNK.LOWER,BJ,2022,21.698112487793
RL.PER.RNK.LOWER,BJ,2021,20.9523811340332
RL.PER.RNK.LOWER,BJ,2020,16.6666660308838
RL.PER.RNK.LOWER,BJ,2019,18.5714282989502
RL.PER.RNK.LOWER,BJ,2018,17.1428565979004
RL.PER.RNK.LOWER,BJ,2017,18.5714282989502
RL.PER.RNK.LOWER,BJ,2016,18.5714282989502
RL.PER.RNK.LOWER,BJ,2015,23.3333339691162
RL.PER.RNK.LOWER,BJ,2014,25.9615383148193
RL.PER.RNK.LOWER,BJ,2013,23.9436626434326
RL.PER.RNK.LOWER,BJ,2012,25.8215961456299
RL.PER.RNK.LOWER,BJ,2011,22.0657272338867
RL.PER.RNK.LOWER,BJ,2010,20.3791465759277
RL.PER.RNK.LOWER,BJ,2009,19.9052124023438
RL.PER.RNK.LOWER,BJ,2008,24.519229888916
RL.PER.RNK.LOWER,BJ,2007,26.3157901763916
RL.PER.RNK.LOWER,BJ,2006,25.8373203277588
RL.PER.RNK.LOWER,BJ,2005,24.8803825378418
RL.PER.RNK.LOWER,BJ,2004,20.6730766296387
RL.PER.RNK.LOWER,BJ,2003,23.3830852508545
RL.PER.RNK.LOWER,BJ,2002,32.3383102416992
RL.PER.RNK.LOWER,BJ,2001,None
RL.PER.RNK.LOWER,BJ,2000,32.3383102416992
RL.PER.RNK.LOWER,BJ,1999,None
RL.PER.RNK.LOWER,BJ,1998,37.5
RL.PER.RNK.LOWER,BJ,1997,None
RL.PER.RNK.LOWER,BJ,1996,37.1859283447266
RL.PER.RNK.LOWER,BJ,1995,None
RL.PER.RNK.LOWER,BF,2023,None
RL.PER.RNK.LOWER,BF,2022,21.698112487793
RL.PER.RNK.LOWER,BF,2021,24.761905670166
RL.PER.RNK.LOWER,BF,2020,26.1904754638672
RL.PER.RNK.LOWER,BF,2019,24.761905670166
RL.PER.RNK.LOWER,BF,2018,25.7142848968506
RL.PER.RNK.LOWER,BF,2017,28.5714282989502
RL.PER.RNK.LOWER,BF,2016,25.238094329834
RL.PER.RNK.LOWER,BF,2015,23.8095245361328
RL.PER.RNK.LOWER,BF,2014,24.0384616851807
RL.PER.RNK.LOWER,BF,2013,27.2300472259521
RL.PER.RNK.LOWER,BF,2012,31.9248828887939
RL.PER.RNK.LOWER,BF,2011,33.3333320617676
RL.PER.RNK.LOWER,BF,2010,41.2322273254395
RL.PER.RNK.LOWER,BF,2009,41.7061614990234
RL.PER.RNK.LOWER,BF,2008,35.0961532592773
RL.PER.RNK.LOWER,BF,2007,31.1004791259766
RL.PER.RNK.LOWER,BF,2006,30.1435413360596
RL.PER.RNK.LOWER,BF,2005,25.3588523864746
RL.PER.RNK.LOWER,BF,2004,19.7115383148193
RL.PER.RNK.LOWER,BF,2003,16.9154224395752
RL.PER.RNK.LOWER,BF,2002,10.945273399353
RL.PER.RNK.LOWER,BF,2001,None
RL.PER.RNK.LOWER,BF,2000,13.9303483963013
RL.PER.RNK.LOWER,BF,1999,None
RL.PER.RNK.LOWER,BF,1998,8.5
RL.PER.RNK.LOWER,BF,1997,None
RL.PER.RNK.LOWER,BF,1996,7.03517580032349
RL.PER.RNK.LOWER,BF,1995,None
RL.PER.RNK.LOWER,BD,2023,None
RL.PER.RNK.LOWER,BD,2022,20.2830181121826
RL.PER.RNK.LOWER,BD,2021,20.4761905670166
RL.PER.RNK.LOWER,BD,2020,21.4285717010498
RL.PER.RNK.LOWER,BD,2019,19.0476188659668
RL.PER.RNK.LOWER,BD,2018,18.5714282989502
RL.PER.RNK.LOWER,BD,2017,17.1428565979004
RL.PER.RNK.LOWER,BD,2016,17.619047164917
RL.PER.RNK.LOWER,BD,2015,12.8571424484253
RL.PER.RNK.LOWER,BD,2014,12.9807691574097
RL.PER.RNK.LOWER,BD,2013,13.1455402374268
RL.PER.RNK.LOWER,BD,2012,9.38967132568359
RL.PER.RNK.LOWER,BD,2011,17.3708915710449
RL.PER.RNK.LOWER,BD,2010,14.2180099487305
RL.PER.RNK.LOWER,BD,2009,16.5876770019531
RL.PER.RNK.LOWER,BD,2008,16.3461532592773
RL.PER.RNK.LOWER,BD,2007,12.9186601638794
RL.PER.RNK.LOWER,BD,2006,11.4832534790039
RL.PER.RNK.LOWER,BD,2005,10.0478467941284
RL.PER.RNK.LOWER,BD,2004,6.73076915740967
RL.PER.RNK.LOWER,BD,2003,5.97014904022217
RL.PER.RNK.LOWER,BD,2002,8.4577112197876
RL.PER.RNK.LOWER,BD,2001,None
RL.PER.RNK.LOWER,BD,2000,10.4477615356445
RL.PER.RNK.LOWER,BD,1999,None
RL.PER.RNK.LOWER,BD,1998,9.5
RL.PER.RNK.LOWER,BD,1997,None
RL.PER.RNK.LOWER,BD,1996,10.0502510070801
RL.PER.RNK.LOWER,BD,1995,None
RL.PER.RNK.LOWER,BO,2023,None
RL.PER.RNK.LOWER,BO,2022,5.18867921829224
RL.PER.RNK.LOWER,BO,2021,6.66666650772095
RL.PER.RNK.LOWER,BO,2020,5.2380952835083
RL.PER.RNK.LOWER,BO,2019,5.7142858505249
RL.PER.RNK.LOWER,BO,2018,5.7142858505249
RL.PER.RNK.LOWER,BO,2017,5.2380952835083
RL.PER.RNK.LOWER,BO,2016,5.7142858505249
RL.PER.RNK.LOWER,BO,2015,5.2380952835083
RL.PER.RNK.LOWER,BO,2014,7.21153831481934
RL.PER.RNK.LOWER,BO,2013,7.98122072219849
RL.PER.RNK.LOWER,BO,2012,8.45070457458496
RL.PER.RNK.LOWER,BO,2011,10.3286380767822
RL.PER.RNK.LOWER,BO,2010,8.53080558776855
RL.PER.RNK.LOWER,BO,2009,4.7393364906311
RL.PER.RNK.LOWER,BO,2008,9.13461494445801
RL.PER.RNK.LOWER,BO,2007,12.4401912689209
RL.PER.RNK.LOWER,BO,2006,12.4401912689209
RL.PER.RNK.LOWER,BO,2005,16.2679424285889
RL.PER.RNK.LOWER,BO,2004,19.230770111084
RL.PER.RNK.LOWER,BO,2003,26.3681583404541
RL.PER.RNK.LOWER,BO,2002,31.343282699585
RL.PER.RNK.LOWER,BO,2001,None
RL.PER.RNK.LOWER,BO,2000,32.3383102416992
RL.PER.RNK.LOWER,BO,1999,None
RL.PER.RNK.LOWER,BO,1998,33
RL.PER.RNK.LOWER,BO,1997,None
RL.PER.RNK.LOWER,BO,1996,32.1608047485352
RL.PER.RNK.LOWER,BO,1995,None
RL.PER.RNK.LOWER,BT,2023,None
RL.PER.RNK.LOWER,BT,2022,61.3207550048828
RL.PER.RNK.LOWER,BT,2021,60
RL.PER.RNK.LOWER,BT,2020,60.9523811340332
RL.PER.RNK.LOWER,BT,2019,60.476188659668
RL.PER.RNK.LOWER,BT,2018,60.476188659668
RL.PER.RNK.LOWER,BT,2017,62.3809509277344
RL.PER.RNK.LOWER,BT,2016,58.0952377319336
RL.PER.RNK.LOWER,BT,2015,62.8571434020996
RL.PER.RNK.LOWER,BT,2014,62.019229888916
RL.PER.RNK.LOWER,BT,2013,55.3990592956543
RL.PER.RNK.LOWER,BT,2012,55.3990592956543
RL.PER.RNK.LOWER,BT,2011,53.051643371582
RL.PER.RNK.LOWER,BT,2010,51.1848335266113
RL.PER.RNK.LOWER,BT,2009,53.0805702209473
RL.PER.RNK.LOWER,BT,2008,56.730770111084
RL.PER.RNK.LOWER,BT,2007,53.1100463867188
RL.PER.RNK.LOWER,BT,2006,49.7607650756836
RL.PER.RNK.LOWER,BT,2005,50.7177047729492
RL.PER.RNK.LOWER,BT,2004,44.230770111084
RL.PER.RNK.LOWER,BT,2003,41.2935333251953
RL.PER.RNK.LOWER,BT,2002,38.3084564208984
RL.PER.RNK.LOWER,BT,2001,None
RL.PER.RNK.LOWER,BT,2000,39.8009948730469
RL.PER.RNK.LOWER,BT,1999,None
RL.PER.RNK.LOWER,BT,1998,35.5
RL.PER.RNK.LOWER,BT,1997,None
RL.PER.RNK.LOWER,BT,1996,32.1608047485352
RL.PER.RNK.LOWER,BT,1995,None
RL.PER.RNK.LOWER,CF,2023,None
RL.PER.RNK.LOWER,CF,2022,1.41509437561035
RL.PER.RNK.LOWER,CF,2021,1.42857146263123
RL.PER.RNK.LOWER,CF,2020,0.952380955219269
RL.PER.RNK.LOWER,CF,2019,0.952380955219269
RL.PER.RNK.LOWER,CF,2018,1.42857146263123
RL.PER.RNK.LOWER,CF,2017,0.952380955219269
RL.PER.RNK.LOWER,CF,2016,0.476190477609634
RL.PER.RNK.LOWER,CF,2015,0.476190477609634
RL.PER.RNK.LOWER,CF,2014,0
RL.PER.RNK.LOWER,CF,2013,0
RL.PER.RNK.LOWER,CF,2012,0.469483554363251
RL.PER.RNK.LOWER,CF,2011,2.3474178314209
RL.PER.RNK.LOWER,CF,2010,2.84360194206238
RL.PER.RNK.LOWER,CF,2009,2.36966824531555
RL.PER.RNK.LOWER,CF,2008,1.44230771064758
RL.PER.RNK.LOWER,CF,2007,0
RL.PER.RNK.LOWER,CF,2006,0.478468894958496
RL.PER.RNK.LOWER,CF,2005,0.478468894958496
RL.PER.RNK.LOWER,CF,2004,0
RL.PER.RNK.LOWER,CF,2003,0
RL.PER.RNK.LOWER,CF,2002,6.46766185760498
RL.PER.RNK.LOWER,CF,2001,None
RL.PER.RNK.LOWER,CF,2000,0.497512429952621
RL.PER.RNK.LOWER,CF,1999,None
RL.PER.RNK.LOWER,CF,1998,2
RL.PER.RNK.LOWER,CF,1997,None
RL.PER.RNK.LOWER,CF,1996,1.50753772258759
RL.PER.RNK.LOWER,CF,1995,None
RL.PER.RNK.LOWER,CI,2023,None
RL.PER.RNK.LOWER,CI,2022,24.5283012390137
RL.PER.RNK.LOWER,CI,2021,19.5238094329834
RL.PER.RNK.LOWER,CI,2020,20.4761905670166
RL.PER.RNK.LOWER,CI,2019,21.9047622680664
RL.PER.RNK.LOWER,CI,2018,20
RL.PER.RNK.LOWER,CI,2017,18.5714282989502
RL.PER.RNK.LOWER,CI,2016,18.0952377319336
RL.PER.RNK.LOWER,CI,2015,18.0952377319336
RL.PER.RNK.LOWER,CI,2014,20.6730766296387
RL.PER.RNK.LOWER,CI,2013,11.7370891571045
RL.PER.RNK.LOWER,CI,2012,7.0422534942627
RL.PER.RNK.LOWER,CI,2011,2.3474178314209
RL.PER.RNK.LOWER,CI,2010,4.26540279388428
RL.PER.RNK.LOWER,CI,2009,3.79146909713745
RL.PER.RNK.LOWER,CI,2008,1.44230771064758
RL.PER.RNK.LOWER,CI,2007,1.43540668487549
RL.PER.RNK.LOWER,CI,2006,0.956937789916992
RL.PER.RNK.LOWER,CI,2005,0.478468894958496
RL.PER.RNK.LOWER,CI,2004,1.44230771064758
RL.PER.RNK.LOWER,CI,2003,1.49253726005554
RL.PER.RNK.LOWER,CI,2002,1.99004971981049
RL.PER.RNK.LOWER,CI,2001,None
RL.PER.RNK.LOWER,CI,2000,2.98507452011108
RL.PER.RNK.LOWER,CI,1999,None
RL.PER.RNK.LOWER,CI,1998,9.5
RL.PER.RNK.LOWER,CI,1997,None
RL.PER.RNK.LOWER,CI,1996,16.0804023742676
RL.PER.RNK.LOWER,CI,1995,None
RL.PER.RNK.LOWER,CM,2023,None
RL.PER.RNK.LOWER,CM,2022,9.43396186828613
RL.PER.RNK.LOWER,CM,2021,7.14285707473755
RL.PER.RNK.LOWER,CM,2020,6.1904764175415
RL.PER.RNK.LOWER,CM,2019,6.1904764175415
RL.PER.RNK.LOWER,CM,2018,7.14285707473755
RL.PER.RNK.LOWER,CM,2017,8.5714282989502
RL.PER.RNK.LOWER,CM,2016,8.09523773193359
RL.PER.RNK.LOWER,CM,2015,8.09523773193359
RL.PER.RNK.LOWER,CM,2014,10.0961542129517
RL.PER.RNK.LOWER,CM,2013,7.98122072219849
RL.PER.RNK.LOWER,CM,2012,8.45070457458496
RL.PER.RNK.LOWER,CM,2011,7.98122072219849
RL.PER.RNK.LOWER,CM,2010,7.5829381942749
RL.PER.RNK.LOWER,CM,2009,4.26540279388428
RL.PER.RNK.LOWER,CM,2008,7.21153831481934
RL.PER.RNK.LOWER,CM,2007,5.26315784454346
RL.PER.RNK.LOWER,CM,2006,6.22009563446045
RL.PER.RNK.LOWER,CM,2005,6.69856452941895
RL.PER.RNK.LOWER,CM,2004,5.76923084259033
RL.PER.RNK.LOWER,CM,2003,5.97014904022217
RL.PER.RNK.LOWER,CM,2002,3.48258709907532
RL.PER.RNK.LOWER,CM,2001,None
RL.PER.RNK.LOWER,CM,2000,2.98507452011108
RL.PER.RNK.LOWER,CM,1999,None
RL.PER.RNK.LOWER,CM,1998,5.5
RL.PER.RNK.LOWER,CM,1997,None
RL.PER.RNK.LOWER,CM,1996,1.00502514839172
RL.PER.RNK.LOWER,CM,1995,None
RL.PER.RNK.LOWER,CD,2023,None
RL.PER.RNK.LOWER,CD,2022,1.41509437561035
RL.PER.RNK.LOWER,CD,2021,1.42857146263123
RL.PER.RNK.LOWER,CD,2020,0.952380955219269
RL.PER.RNK.LOWER,CD,2019,0.952380955219269
RL.PER.RNK.LOWER,CD,2018,0.952380955219269
RL.PER.RNK.LOWER,CD,2017,0.952380955219269
RL.PER.RNK.LOWER,CD,2016,1.42857146263123
RL.PER.RNK.LOWER,CD,2015,0.952380955219269
RL.PER.RNK.LOWER,CD,2014,0.961538434028625
RL.PER.RNK.LOWER,CD,2013,0
RL.PER.RNK.LOWER,CD,2012,0
RL.PER.RNK.LOWER,CD,2011,0.469483554363251
RL.PER.RNK.LOWER,CD,2010,0.473933637142181
RL.PER.RNK.LOWER,CD,2009,0
RL.PER.RNK.LOWER,CD,2008,0.480769217014313
RL.PER.RNK.LOWER,CD,2007,0
RL.PER.RNK.LOWER,CD,2006,0
RL.PER.RNK.LOWER,CD,2005,0.478468894958496
RL.PER.RNK.LOWER,CD,2004,0
RL.PER.RNK.LOWER,CD,2003,0
RL.PER.RNK.LOWER,CD,2002,0
RL.PER.RNK.LOWER,CD,2001,None
RL.PER.RNK.LOWER,CD,2000,0
RL.PER.RNK.LOWER,CD,1999,None
RL.PER.RNK.LOWER,CD,1998,0
RL.PER.RNK.LOWER,CD,1997,None
RL.PER.RNK.LOWER,CD,1996,0
RL.PER.RNK.LOWER,CD,1995,None
RL.PER.RNK.LOWER,CG,2023,None
RL.PER.RNK.LOWER,CG,2022,8.01886749267578
RL.PER.RNK.LOWER,CG,2021,7.14285707473755
RL.PER.RNK.LOWER,CG,2020,6.1904764175415
RL.PER.RNK.LOWER,CG,2019,6.1904764175415
RL.PER.RNK.LOWER,CG,2018,6.66666650772095
RL.PER.RNK.LOWER,CG,2017,6.1904764175415
RL.PER.RNK.LOWER,CG,2016,6.66666650772095
RL.PER.RNK.LOWER,CG,2015,5.2380952835083
RL.PER.RNK.LOWER,CG,2014,4.807692527771
RL.PER.RNK.LOWER,CG,2013,6.57277011871338
RL.PER.RNK.LOWER,CG,2012,5.63380289077759
RL.PER.RNK.LOWER,CG,2011,4.6948356628418
RL.PER.RNK.LOWER,CG,2010,4.26540279388428
RL.PER.RNK.LOWER,CG,2009,3.79146909713745
RL.PER.RNK.LOWER,CG,2008,4.32692289352417
RL.PER.RNK.LOWER,CG,2007,4.30622005462646
RL.PER.RNK.LOWER,CG,2006,3.34928226470947
RL.PER.RNK.LOWER,CG,2005,0.956937789916992
RL.PER.RNK.LOWER,CG,2004,3.36538457870483
RL.PER.RNK.LOWER,CG,2003,1.49253726005554
RL.PER.RNK.LOWER,CG,2002,0.497512429952621
RL.PER.RNK.LOWER,CG,2001,None
RL.PER.RNK.LOWER,CG,2000,1.49253726005554
RL.PER.RNK.LOWER,CG,1999,None
RL.PER.RNK.LOWER,CG,1998,0
RL.PER.RNK.LOWER,CG,1997,None
RL.PER.RNK.LOWER,CG,1996,5.02512550354004
RL.PER.RNK.LOWER,CG,1995,None
RL.PER.RNK.LOWER,KM,2023,None
RL.PER.RNK.LOWER,KM,2022,3.77358484268188
RL.PER.RNK.LOWER,KM,2021,4.2857141494751
RL.PER.RNK.LOWER,KM,2020,4.2857141494751
RL.PER.RNK.LOWER,KM,2019,5.2380952835083
RL.PER.RNK.LOWER,KM,2018,5.7142858505249
RL.PER.RNK.LOWER,KM,2017,6.1904764175415
RL.PER.RNK.LOWER,KM,2016,6.66666650772095
RL.PER.RNK.LOWER,KM,2015,10
RL.PER.RNK.LOWER,KM,2014,7.21153831481934
RL.PER.RNK.LOWER,KM,2013,8.92018795013428
RL.PER.RNK.LOWER,KM,2012,5.63380289077759
RL.PER.RNK.LOWER,KM,2011,6.1032862663269
RL.PER.RNK.LOWER,KM,2010,5.68720388412476
RL.PER.RNK.LOWER,KM,2009,3.79146909713745
RL.PER.RNK.LOWER,KM,2008,6.25
RL.PER.RNK.LOWER,KM,2007,5.74162673950195
RL.PER.RNK.LOWER,KM,2006,7.17703342437744
RL.PER.RNK.LOWER,KM,2005,7.17703342437744
RL.PER.RNK.LOWER,KM,2004,5.76923084259033
RL.PER.RNK.LOWER,KM,2003,8.4577112197876
RL.PER.RNK.LOWER,KM,2002,8.95522403717041
RL.PER.RNK.LOWER,KM,2001,None
RL.PER.RNK.LOWER,KM,2000,1.49253726005554
RL.PER.RNK.LOWER,KM,1999,None
RL.PER.RNK.LOWER,KM,1998,6.5
RL.PER.RNK.LOWER,KM,1997,None
RL.PER.RNK.LOWER,KM,1996,6.03015089035034
RL.PER.RNK.LOWER,KM,1995,None
RL.PER.RNK.LOWER,CV,2023,None
RL.PER.RNK.LOWER,CV,2022,54.7169799804688
RL.PER.RNK.LOWER,CV,2021,53.3333320617676
RL.PER.RNK.LOWER,CV,2020,55.7142868041992
RL.PER.RNK.LOWER,CV,2019,57.6190490722656
RL.PER.RNK.LOWER,CV,2018,57.1428565979004
RL.PER.RNK.LOWER,CV,2017,55.7142868041992
RL.PER.RNK.LOWER,CV,2016,52.3809509277344
RL.PER.RNK.LOWER,CV,2015,62.8571434020996
RL.PER.RNK.LOWER,CV,2014,66.3461532592773
RL.PER.RNK.LOWER,CV,2013,60.0938949584961
RL.PER.RNK.LOWER,CV,2012,61.0328636169434
RL.PER.RNK.LOWER,CV,2011,61.5023460388184
RL.PER.RNK.LOWER,CV,2010,61.1374397277832
RL.PER.RNK.LOWER,CV,2009,60.6635055541992
RL.PER.RNK.LOWER,CV,2008,58.6538467407227
RL.PER.RNK.LOWER,CV,2007,59.3301429748535
RL.PER.RNK.LOWER,CV,2006,60.7655487060547
RL.PER.RNK.LOWER,CV,2005,54.5454559326172
RL.PER.RNK.LOWER,CV,2004,50.961540222168
RL.PER.RNK.LOWER,CV,2003,48.2587051391602
RL.PER.RNK.LOWER,CV,2002,47.2636833190918
RL.PER.RNK.LOWER,CV,2001,None
RL.PER.RNK.LOWER,CV,2000,51.243782043457
RL.PER.RNK.LOWER,CV,1999,None
RL.PER.RNK.LOWER,CV,1998,51
RL.PER.RNK.LOWER,CV,1997,None
RL.PER.RNK.LOWER,CV,1996,61.3065338134766
RL.PER.RNK.LOWER,CV,1995,None
RL.PER.RNK.LOWER,DJ,2023,None
RL.PER.RNK.LOWER,DJ,2022,8.01886749267578
RL.PER.RNK.LOWER,DJ,2021,8.09523773193359
RL.PER.RNK.LOWER,DJ,2020,8.09523773193359
RL.PER.RNK.LOWER,DJ,2019,9.0476188659668
RL.PER.RNK.LOWER,DJ,2018,9.0476188659668
RL.PER.RNK.LOWER,DJ,2017,9.5238094329834
RL.PER.RNK.LOWER,DJ,2016,8.09523773193359
RL.PER.RNK.LOWER,DJ,2015,8.09523773193359
RL.PER.RNK.LOWER,DJ,2014,9.61538505554199
RL.PER.RNK.LOWER,DJ,2013,15.023473739624
RL.PER.RNK.LOWER,DJ,2012,14.5539903640747
RL.PER.RNK.LOWER,DJ,2011,14.0845069885254
RL.PER.RNK.LOWER,DJ,2010,16.1137447357178
RL.PER.RNK.LOWER,DJ,2009,17.5355453491211
RL.PER.RNK.LOWER,DJ,2008,17.7884616851807
RL.PER.RNK.LOWER,DJ,2007,12.4401912689209
RL.PER.RNK.LOWER,DJ,2006,10.0478467941284
RL.PER.RNK.LOWER,DJ,2005,8.13397121429443
RL.PER.RNK.LOWER,DJ,2004,13.4615383148193
RL.PER.RNK.LOWER,DJ,2003,7.96019887924194
RL.PER.RNK.LOWER,DJ,2002,5.97014904022217
RL.PER.RNK.LOWER,DJ,2001,None
RL.PER.RNK.LOWER,DJ,2000,9.45273590087891
RL.PER.RNK.LOWER,DJ,1999,None
RL.PER.RNK.LOWER,DJ,1998,7
RL.PER.RNK.LOWER,DJ,1997,None
RL.PER.RNK.LOWER,DJ,1996,5.52763795852661
RL.PER.RNK.LOWER,DJ,1995,None
RL.PER.RNK.LOWER,EG,2023,None
RL.PER.RNK.LOWER,EG,2022,32.5471687316895
RL.PER.RNK.LOWER,EG,2021,32.3809509277344
RL.PER.RNK.LOWER,EG,2020,30.9523811340332
RL.PER.RNK.LOWER,EG,2019,28.5714282989502
RL.PER.RNK.LOWER,EG,2018,32.3809509277344
RL.PER.RNK.LOWER,EG,2017,25.7142848968506
RL.PER.RNK.LOWER,EG,2016,23.8095245361328
RL.PER.RNK.LOWER,EG,2015,20.9523811340332
RL.PER.RNK.LOWER,EG,2014,14.9038457870483
RL.PER.RNK.LOWER,EG,2013,16.9014091491699
RL.PER.RNK.LOWER,EG,2012,26.2910804748535
RL.PER.RNK.LOWER,EG,2011,28.6384983062744
RL.PER.RNK.LOWER,EG,2010,41.2322273254395
RL.PER.RNK.LOWER,EG,2009,44.5497627258301
RL.PER.RNK.LOWER,EG,2008,41.3461532592773
RL.PER.RNK.LOWER,EG,2007,36.8421058654785
RL.PER.RNK.LOWER,EG,2006,35.8851661682129
RL.PER.RNK.LOWER,EG,2005,44.4976081848145
RL.PER.RNK.LOWER,EG,2004,43.269229888916
RL.PER.RNK.LOWER,EG,2003,43.2835807800293
RL.PER.RNK.LOWER,EG,2002,42.7860679626465
RL.PER.RNK.LOWER,EG,2001,None
RL.PER.RNK.LOWER,EG,2000,40.7960205078125
RL.PER.RNK.LOWER,EG,1999,None
RL.PER.RNK.LOWER,EG,1998,36.5
RL.PER.RNK.LOWER,EG,1997,None
RL.PER.RNK.LOWER,EG,1996,40.2010040283203
RL.PER.RNK.LOWER,EG,1995,None
RL.PER.RNK.LOWER,ER,2023,None
RL.PER.RNK.LOWER,ER,2022,1.41509437561035
RL.PER.RNK.LOWER,ER,2021,1.90476191043854
RL.PER.RNK.LOWER,ER,2020,4.2857141494751
RL.PER.RNK.LOWER,ER,2019,1.42857146263123
RL.PER.RNK.LOWER,ER,2018,1.42857146263123
RL.PER.RNK.LOWER,ER,2017,1.42857146263123
RL.PER.RNK.LOWER,ER,2016,1.42857146263123
RL.PER.RNK.LOWER,ER,2015,0.952380955219269
RL.PER.RNK.LOWER,ER,2014,0.961538434028625
RL.PER.RNK.LOWER,ER,2013,0.938967108726501
RL.PER.RNK.LOWER,ER,2012,0.469483554363251
RL.PER.RNK.LOWER,ER,2011,1.877934217453
RL.PER.RNK.LOWER,ER,2010,2.36966824531555
RL.PER.RNK.LOWER,ER,2009,2.36966824531555
RL.PER.RNK.LOWER,ER,2008,2.88461542129517
RL.PER.RNK.LOWER,ER,2007,2.87081336975098
RL.PER.RNK.LOWER,ER,2006,3.82775115966797
RL.PER.RNK.LOWER,ER,2005,8.13397121429443
RL.PER.RNK.LOWER,ER,2004,6.73076915740967
RL.PER.RNK.LOWER,ER,2003,8.4577112197876
RL.PER.RNK.LOWER,ER,2002,10.945273399353
RL.PER.RNK.LOWER,ER,2001,None
RL.PER.RNK.LOWER,ER,2000,10.4477615356445
RL.PER.RNK.LOWER,ER,1999,None
RL.PER.RNK.LOWER,ER,1998,13
RL.PER.RNK.LOWER,ER,1997,None
RL.PER.RNK.LOWER,ER,1996,12.0603017807007
RL.PER.RNK.LOWER,ER,1995,None
RL.PER.RNK.LOWER,ET,2023,None
RL.PER.RNK.LOWER,ET,2022,20.2830181121826
RL.PER.RNK.LOWER,ET,2021,21.4285717010498
RL.PER.RNK.LOWER,ET,2020,29.0476188659668
RL.PER.RNK.LOWER,ET,2019,24.761905670166
RL.PER.RNK.LOWER,ET,2018,26.6666660308838
RL.PER.RNK.LOWER,ET,2017,25.7142848968506
RL.PER.RNK.LOWER,ET,2016,24.2857151031494
RL.PER.RNK.LOWER,ET,2015,25.238094329834
RL.PER.RNK.LOWER,ET,2014,27.4038467407227
RL.PER.RNK.LOWER,ET,2013,21.5962448120117
RL.PER.RNK.LOWER,ET,2012,20.1877937316895
RL.PER.RNK.LOWER,ET,2011,17.3708915710449
RL.PER.RNK.LOWER,ET,2010,14.6919431686401
RL.PER.RNK.LOWER,ET,2009,14.2180099487305
RL.PER.RNK.LOWER,ET,2008,19.230770111084
RL.PER.RNK.LOWER,ET,2007,20.5741634368896
RL.PER.RNK.LOWER,ET,2006,20.5741634368896
RL.PER.RNK.LOWER,ET,2005,11.0047845840454
RL.PER.RNK.LOWER,ET,2004,13.4615383148193
RL.PER.RNK.LOWER,ET,2003,14.4278602600098
RL.PER.RNK.LOWER,ET,2002,8.95522403717041
RL.PER.RNK.LOWER,ET,2001,None
RL.PER.RNK.LOWER,ET,2000,9.95024871826172
RL.PER.RNK.LOWER,ET,1999,None
RL.PER.RNK.LOWER,ET,1998,9.5
RL.PER.RNK.LOWER,ET,1997,None
RL.PER.RNK.LOWER,ET,1996,9.04522609710693
RL.PER.RNK.LOWER,ET,1995,None
RL.PER.RNK.LOWER,FM,2023,None
RL.PER.RNK.LOWER,FM,2022,55.1886787414551
RL.PER.RNK.LOWER,FM,2021,51.4285697937012
RL.PER.RNK.LOWER,FM,2020,38.5714302062988
RL.PER.RNK.LOWER,FM,2019,36.1904754638672
RL.PER.RNK.LOWER,FM,2018,33.3333320617676
RL.PER.RNK.LOWER,FM,2017,32.8571434020996
RL.PER.RNK.LOWER,FM,2016,31.9047622680664
RL.PER.RNK.LOWER,FM,2015,29.0476188659668
RL.PER.RNK.LOWER,FM,2014,31.25
RL.PER.RNK.LOWER,FM,2013,47.8873252868652
RL.PER.RNK.LOWER,FM,2012,46.0093879699707
RL.PER.RNK.LOWER,FM,2011,43.1924896240234
RL.PER.RNK.LOWER,FM,2010,45.971565246582
RL.PER.RNK.LOWER,FM,2009,50.7108993530273
RL.PER.RNK.LOWER,FM,2008,56.25
RL.PER.RNK.LOWER,FM,2007,67.464111328125
RL.PER.RNK.LOWER,FM,2006,66.9856491088867
RL.PER.RNK.LOWER,FM,2005,68.8995208740234
RL.PER.RNK.LOWER,FM,2004,63.9423065185547
RL.PER.RNK.LOWER,FM,2003,42.7860679626465
RL.PER.RNK.LOWER,FM,2002,42.7860679626465
RL.PER.RNK.LOWER,FM,2001,None
RL.PER.RNK.LOWER,FM,2000,40.7960205078125
RL.PER.RNK.LOWER,FM,1999,None
RL.PER.RNK.LOWER,FM,1998,43
RL.PER.RNK.LOWER,FM,1997,None
RL.PER.RNK.LOWER,FM,1996,39.6984939575195
RL.PER.RNK.LOWER,FM,1995,None
RL.PER.RNK.LOWER,GH,2023,None
RL.PER.RNK.LOWER,GH,2022,40.5660362243652
RL.PER.RNK.LOWER,GH,2021,40.9523811340332
RL.PER.RNK.LOWER,GH,2020,42.8571434020996
RL.PER.RNK.LOWER,GH,2019,47.1428565979004
RL.PER.RNK.LOWER,GH,2018,48.5714302062988
RL.PER.RNK.LOWER,GH,2017,50.476188659668
RL.PER.RNK.LOWER,GH,2016,45.7142868041992
RL.PER.RNK.LOWER,GH,2015,53.3333320617676
RL.PER.RNK.LOWER,GH,2014,49.519229888916
RL.PER.RNK.LOWER,GH,2013,52.582160949707
RL.PER.RNK.LOWER,GH,2012,49.7652587890625
RL.PER.RNK.LOWER,GH,2011,49.2957763671875
RL.PER.RNK.LOWER,GH,2010,46.9194297790527
RL.PER.RNK.LOWER,GH,2009,46.445499420166
RL.PER.RNK.LOWER,GH,2008,46.1538467407227
RL.PER.RNK.LOWER,GH,2007,48.3253593444824
RL.PER.RNK.LOWER,GH,2006,49.7607650756836
RL.PER.RNK.LOWER,GH,2005,41.1483268737793
RL.PER.RNK.LOWER,GH,2004,40.8653831481934
RL.PER.RNK.LOWER,GH,2003,44.2786064147949
RL.PER.RNK.LOWER,GH,2002,42.7860679626465
RL.PER.RNK.LOWER,GH,2001,None
RL.PER.RNK.LOWER,GH,2000,42.7860679626465
RL.PER.RNK.LOWER,GH,1999,None
RL.PER.RNK.LOWER,GH,1998,24.5
RL.PER.RNK.LOWER,GH,1997,None
RL.PER.RNK.LOWER,GH,1996,32.1608047485352
RL.PER.RNK.LOWER,GH,1995,None
RL.PER.RNK.LOWER,GN,2023,None
RL.PER.RNK.LOWER,GN,2022,8.01886749267578
RL.PER.RNK.LOWER,GN,2021,6.66666650772095
RL.PER.RNK.LOWER,GN,2020,4.7619047164917
RL.PER.RNK.LOWER,GN,2019,5.2380952835083
RL.PER.RNK.LOWER,GN,2018,5.7142858505249
RL.PER.RNK.LOWER,GN,2017,5.2380952835083
RL.PER.RNK.LOWER,GN,2016,5.7142858505249
RL.PER.RNK.LOWER,GN,2015,4.7619047164917
RL.PER.RNK.LOWER,GN,2014,1.92307686805725
RL.PER.RNK.LOWER,GN,2013,1.877934217453
RL.PER.RNK.LOWER,GN,2012,1.877934217453
RL.PER.RNK.LOWER,GN,2011,1.4084507226944
RL.PER.RNK.LOWER,GN,2010,0.947867274284363
RL.PER.RNK.LOWER,GN,2009,0.947867274284363
RL.PER.RNK.LOWER,GN,2008,0.480769217014313
RL.PER.RNK.LOWER,GN,2007,1.43540668487549
RL.PER.RNK.LOWER,GN,2006,0.956937789916992
RL.PER.RNK.LOWER,GN,2005,0.478468894958496
RL.PER.RNK.LOWER,GN,2004,2.88461542129517
RL.PER.RNK.LOWER,GN,2003,3.48258709907532
RL.PER.RNK.LOWER,GN,2002,4.47761201858521
RL.PER.RNK.LOWER,GN,2001,None
RL.PER.RNK.LOWER,GN,2000,0.995024859905243
RL.PER.RNK.LOWER,GN,1999,None
RL.PER.RNK.LOWER,GN,1998,1
RL.PER.RNK.LOWER,GN,1997,None
RL.PER.RNK.LOWER,GN,1996,0
RL.PER.RNK.LOWER,GN,1995,None
RL.PER.RNK.LOWER,GM,2023,None
RL.PER.RNK.LOWER,GM,2022,24.5283012390137
RL.PER.RNK.LOWER,GM,2021,27.619047164917
RL.PER.RNK.LOWER,GM,2020,29.0476188659668
RL.PER.RNK.LOWER,GM,2019,26.1904754638672
RL.PER.RNK.LOWER,GM,2018,25.7142848968506
RL.PER.RNK.LOWER,GM,2017,25.238094329834
RL.PER.RNK.LOWER,GM,2016,11.9047622680664
RL.PER.RNK.LOWER,GM,2015,13.3333330154419
RL.PER.RNK.LOWER,GM,2014,15.865385055542
RL.PER.RNK.LOWER,GM,2013,19.2488269805908
RL.PER.RNK.LOWER,GM,2012,23.0046939849854
RL.PER.RNK.LOWER,GM,2011,25.3521118164063
RL.PER.RNK.LOWER,GM,2010,25.1184825897217
RL.PER.RNK.LOWER,GM,2009,27.488151550293
RL.PER.RNK.LOWER,GM,2008,29.8076915740967
RL.PER.RNK.LOWER,GM,2007,34.4497604370117
RL.PER.RNK.LOWER,GM,2006,30.6220092773438
RL.PER.RNK.LOWER,GM,2005,28.7081336975098
RL.PER.RNK.LOWER,GM,2004,28.365385055542
RL.PER.RNK.LOWER,GM,2003,44.7761192321777
RL.PER.RNK.LOWER,GM,2002,34.3283576965332
RL.PER.RNK.LOWER,GM,2001,None
RL.PER.RNK.LOWER,GM,2000,33.3333320617676
RL.PER.RNK.LOWER,GM,1999,None
RL.PER.RNK.LOWER,GM,1998,36.5
RL.PER.RNK.LOWER,GM,1997,None
RL.PER.RNK.LOWER,GM,1996,36.6834182739258
RL.PER.RNK.LOWER,GM,1995,None
RL.PER.RNK.LOWER,GW,2023,None
RL.PER.RNK.LOWER,GW,2022,1.88679242134094
RL.PER.RNK.LOWER,GW,2021,1.90476191043854
RL.PER.RNK.LOWER,GW,2020,3.80952382087708
RL.PER.RNK.LOWER,GW,2019,4.2857141494751
RL.PER.RNK.LOWER,GW,2018,4.7619047164917
RL.PER.RNK.LOWER,GW,2017,1.42857146263123
RL.PER.RNK.LOWER,GW,2016,1.42857146263123
RL.PER.RNK.LOWER,GW,2015,1.90476191043854
RL.PER.RNK.LOWER,GW,2014,1.44230771064758
RL.PER.RNK.LOWER,GW,2013,0
RL.PER.RNK.LOWER,GW,2012,0
RL.PER.RNK.LOWER,GW,2011,1.877934217453
RL.PER.RNK.LOWER,GW,2010,1.89573454856873
RL.PER.RNK.LOWER,GW,2009,1.42180097103119
RL.PER.RNK.LOWER,GW,2008,1.44230771064758
RL.PER.RNK.LOWER,GW,2007,1.43540668487549
RL.PER.RNK.LOWER,GW,2006,2.39234447479248
RL.PER.RNK.LOWER,GW,2005,3.34928226470947
RL.PER.RNK.LOWER,GW,2004,3.36538457870483
RL.PER.RNK.LOWER,GW,2003,1.49253726005554
RL.PER.RNK.LOWER,GW,2002,3.48258709907532
RL.PER.RNK.LOWER,GW,2001,None
RL.PER.RNK.LOWER,GW,2000,1.49253726005554
RL.PER.RNK.LOWER,GW,1999,None
RL.PER.RNK.LOWER,GW,1998,0
RL.PER.RNK.LOWER,GW,1997,None
RL.PER.RNK.LOWER,GW,1996,0
RL.PER.RNK.LOWER,GW,1995,None
RL.PER.RNK.LOWER,HN,2023,None
RL.PER.RNK.LOWER,HN,2022,9.43396186828613
RL.PER.RNK.LOWER,HN,2021,7.14285707473755
RL.PER.RNK.LOWER,HN,2020,8.5714282989502
RL.PER.RNK.LOWER,HN,2019,8.09523773193359
RL.PER.RNK.LOWER,HN,2018,7.61904764175415
RL.PER.RNK.LOWER,HN,2017,8.5714282989502
RL.PER.RNK.LOWER,HN,2016,7.14285707473755
RL.PER.RNK.LOWER,HN,2015,9.5238094329834
RL.PER.RNK.LOWER,HN,2014,8.17307662963867
RL.PER.RNK.LOWER,HN,2013,4.22535228729248
RL.PER.RNK.LOWER,HN,2012,5.16431903839111
RL.PER.RNK.LOWER,HN,2011,12.6760559082031
RL.PER.RNK.LOWER,HN,2010,12.3222751617432
RL.PER.RNK.LOWER,HN,2009,12.7962083816528
RL.PER.RNK.LOWER,HN,2008,9.13461494445801
RL.PER.RNK.LOWER,HN,2007,10.5263156890869
RL.PER.RNK.LOWER,HN,2006,9.56937789916992
RL.PER.RNK.LOWER,HN,2005,16.2679424285889
RL.PER.RNK.LOWER,HN,2004,13.942307472229
RL.PER.RNK.LOWER,HN,2003,9.95024871826172
RL.PER.RNK.LOWER,HN,2002,11.4427862167358
RL.PER.RNK.LOWER,HN,2001,None
RL.PER.RNK.LOWER,HN,2000,10.4477615356445
RL.PER.RNK.LOWER,HN,1999,None
RL.PER.RNK.LOWER,HN,1998,10.5
RL.PER.RNK.LOWER,HN,1997,None
RL.PER.RNK.LOWER,HN,1996,10.5527639389038
RL.PER.RNK.LOWER,HN,1995,None
RL.PER.RNK.LOWER,HT,2023,None
RL.PER.RNK.LOWER,HT,2022,5.18867921829224
RL.PER.RNK.LOWER,HT,2021,5.2380952835083
RL.PER.RNK.LOWER,HT,2020,8.09523773193359
RL.PER.RNK.LOWER,HT,2019,8.5714282989502
RL.PER.RNK.LOWER,HT,2018,7.14285707473755
RL.PER.RNK.LOWER,HT,2017,8.09523773193359
RL.PER.RNK.LOWER,HT,2016,8.09523773193359
RL.PER.RNK.LOWER,HT,2015,4.2857141494751
RL.PER.RNK.LOWER,HT,2014,3.8461537361145
RL.PER.RNK.LOWER,HT,2013,3.28638505935669
RL.PER.RNK.LOWER,HT,2012,2.3474178314209
RL.PER.RNK.LOWER,HT,2011,1.4084507226944
RL.PER.RNK.LOWER,HT,2010,2.36966824531555
RL.PER.RNK.LOWER,HT,2009,2.36966824531555
RL.PER.RNK.LOWER,HT,2008,2.88461542129517
RL.PER.RNK.LOWER,HT,2007,1.43540668487549
RL.PER.RNK.LOWER,HT,2006,0.956937789916992
RL.PER.RNK.LOWER,HT,2005,0
RL.PER.RNK.LOWER,HT,2004,0
RL.PER.RNK.LOWER,HT,2003,0
RL.PER.RNK.LOWER,HT,2002,0
RL.PER.RNK.LOWER,HT,2001,None
RL.PER.RNK.LOWER,HT,2000,0.497512429952621
RL.PER.RNK.LOWER,HT,1999,None
RL.PER.RNK.LOWER,HT,1998,0.5
RL.PER.RNK.LOWER,HT,1997,None
RL.PER.RNK.LOWER,HT,1996,0.502512574195862
RL.PER.RNK.LOWER,HT,1995,None
RL.PER.RNK.LOWER,IN,2023,None
RL.PER.RNK.LOWER,IN,2022,47.6415100097656
RL.PER.RNK.LOWER,IN,2021,40
RL.PER.RNK.LOWER,IN,2020,42.8571434020996
RL.PER.RNK.LOWER,IN,2019,42.8571434020996
RL.PER.RNK.LOWER,IN,2018,44.2857131958008
RL.PER.RNK.LOWER,IN,2017,43.8095245361328
RL.PER.RNK.LOWER,IN,2016,40.9523811340332
RL.PER.RNK.LOWER,IN,2015,43.8095245361328
RL.PER.RNK.LOWER,IN,2014,43.269229888916
RL.PER.RNK.LOWER,IN,2013,46.0093879699707
RL.PER.RNK.LOWER,IN,2012,46.478874206543
RL.PER.RNK.LOWER,IN,2011,46.478874206543
RL.PER.RNK.LOWER,IN,2010,46.9194297790527
RL.PER.RNK.LOWER,IN,2009,47.8672981262207
RL.PER.RNK.LOWER,IN,2008,50.480770111084
RL.PER.RNK.LOWER,IN,2007,50.7177047729492
RL.PER.RNK.LOWER,IN,2006,51.6746406555176
RL.PER.RNK.LOWER,IN,2005,49.2822952270508
RL.PER.RNK.LOWER,IN,2004,44.711540222168
RL.PER.RNK.LOWER,IN,2003,48.2587051391602
RL.PER.RNK.LOWER,IN,2002,42.7860679626465
RL.PER.RNK.LOWER,IN,2001,None
RL.PER.RNK.LOWER,IN,2000,52.7363166809082
RL.PER.RNK.LOWER,IN,1999,None
RL.PER.RNK.LOWER,IN,1998,52
RL.PER.RNK.LOWER,IN,1997,None
RL.PER.RNK.LOWER,IN,1996,51.2562828063965
RL.PER.RNK.LOWER,IN,1995,None
RL.PER.RNK.LOWER,JO,2023,None
RL.PER.RNK.LOWER,JO,2022,52.3584899902344
RL.PER.RNK.LOWER,JO,2021,51.4285697937012
RL.PER.RNK.LOWER,JO,2020,52.3809509277344
RL.PER.RNK.LOWER,JO,2019,50
RL.PER.RNK.LOWER,JO,2018,52.3809509277344
RL.PER.RNK.LOWER,JO,2017,52.8571434020996
RL.PER.RNK.LOWER,JO,2016,52.3809509277344
RL.PER.RNK.LOWER,JO,2015,60.476188659668
RL.PER.RNK.LOWER,JO,2014,62.980770111084
RL.PER.RNK.LOWER,JO,2013,56.3380279541016
RL.PER.RNK.LOWER,JO,2012,58.2159614562988
RL.PER.RNK.LOWER,JO,2011,53.9906120300293
RL.PER.RNK.LOWER,JO,2010,51.1848335266113
RL.PER.RNK.LOWER,JO,2009,54.028434753418
RL.PER.RNK.LOWER,JO,2008,58.1730766296387
RL.PER.RNK.LOWER,JO,2007,56.4593315124512
RL.PER.RNK.LOWER,JO,2006,54.0669860839844
RL.PER.RNK.LOWER,JO,2005,54.5454559326172
RL.PER.RNK.LOWER,JO,2004,53.8461532592773
RL.PER.RNK.LOWER,JO,2003,53.233829498291
RL.PER.RNK.LOWER,JO,2002,45.7711448669434
RL.PER.RNK.LOWER,JO,2001,None
RL.PER.RNK.LOWER,JO,2000,52.2388076782227
RL.PER.RNK.LOWER,JO,1999,None
RL.PER.RNK.LOWER,JO,1998,50.5
RL.PER.RNK.LOWER,JO,1997,None
RL.PER.RNK.LOWER,JO,1996,48.2412071228027
RL.PER.RNK.LOWER,JO,1995,None
RL.PER.RNK.LOWER,KE,2023,None
RL.PER.RNK.LOWER,KE,2022,30.1886787414551
RL.PER.RNK.LOWER,KE,2021,27.619047164917
RL.PER.RNK.LOWER,KE,2020,21.9047622680664
RL.PER.RNK.LOWER,KE,2019,24.761905670166
RL.PER.RNK.LOWER,KE,2018,27.1428565979004
RL.PER.RNK.LOWER,KE,2017,28.0952377319336
RL.PER.RNK.LOWER,KE,2016,25.238094329834
RL.PER.RNK.LOWER,KE,2015,27.1428565979004
RL.PER.RNK.LOWER,KE,2014,30.769229888916
RL.PER.RNK.LOWER,KE,2013,18.3098583221436
RL.PER.RNK.LOWER,KE,2012,15.023473739624
RL.PER.RNK.LOWER,KE,2011,12.6760559082031
RL.PER.RNK.LOWER,KE,2010,10.9004735946655
RL.PER.RNK.LOWER,KE,2009,9.00473976135254
RL.PER.RNK.LOWER,KE,2008,9.13461494445801
RL.PER.RNK.LOWER,KE,2007,10.5263156890869
RL.PER.RNK.LOWER,KE,2006,11.4832534790039
RL.PER.RNK.LOWER,KE,2005,13.8755979537964
RL.PER.RNK.LOWER,KE,2004,13.942307472229
RL.PER.RNK.LOWER,KE,2003,10.945273399353
RL.PER.RNK.LOWER,KE,2002,8.95522403717041
RL.PER.RNK.LOWER,KE,2001,None
RL.PER.RNK.LOWER,KE,2000,11.4427862167358
RL.PER.RNK.LOWER,KE,1999,None
RL.PER.RNK.LOWER,KE,1998,8
RL.PER.RNK.LOWER,KE,1997,None
RL.PER.RNK.LOWER,KE,1996,9.04522609710693
RL.PER.RNK.LOWER,KE,1995,None
RL.PER.RNK.LOWER,KG,2023,None
RL.PER.RNK.LOWER,KG,2022,7.07547187805176
RL.PER.RNK.LOWER,KG,2021,7.61904764175415
RL.PER.RNK.LOWER,KG,2020,10.9523811340332
RL.PER.RNK.LOWER,KG,2019,10.9523811340332
RL.PER.RNK.LOWER,KG,2018,9.5238094329834
RL.PER.RNK.LOWER,KG,2017,9.5238094329834
RL.PER.RNK.LOWER,KG,2016,8.09523773193359
RL.PER.RNK.LOWER,KG,2015,7.61904764175415
RL.PER.RNK.LOWER,KG,2014,9.13461494445801
RL.PER.RNK.LOWER,KG,2013,6.57277011871338
RL.PER.RNK.LOWER,KG,2012,6.57277011871338
RL.PER.RNK.LOWER,KG,2011,5.16431903839111
RL.PER.RNK.LOWER,KG,2010,3.3175356388092
RL.PER.RNK.LOWER,KG,2009,2.36966824531555
RL.PER.RNK.LOWER,KG,2008,2.4038462638855
RL.PER.RNK.LOWER,KG,2007,2.39234447479248
RL.PER.RNK.LOWER,KG,2006,2.39234447479248
RL.PER.RNK.LOWER,KG,2005,7.17703342437744
RL.PER.RNK.LOWER,KG,2004,13.942307472229
RL.PER.RNK.LOWER,KG,2003,14.4278602600098
RL.PER.RNK.LOWER,KG,2002,10.945273399353
RL.PER.RNK.LOWER,KG,2001,None
RL.PER.RNK.LOWER,KG,2000,10.4477615356445
RL.PER.RNK.LOWER,KG,1999,None
RL.PER.RNK.LOWER,KG,1998,11
RL.PER.RNK.LOWER,KG,1997,None
RL.PER.RNK.LOWER,KG,1996,14.5728645324707
RL.PER.RNK.LOWER,KG,1995,None
RL.PER.RNK.LOWER,KH,2023,None
RL.PER.RNK.LOWER,KH,2022,12.7358493804932
RL.PER.RNK.LOWER,KH,2021,10.9523811340332
RL.PER.RNK.LOWER,KH,2020,9.5238094329834
RL.PER.RNK.LOWER,KH,2019,9.0476188659668
RL.PER.RNK.LOWER,KH,2018,6.66666650772095
RL.PER.RNK.LOWER,KH,2017,8.09523773193359
RL.PER.RNK.LOWER,KH,2016,8.09523773193359
RL.PER.RNK.LOWER,KH,2015,7.61904764175415
RL.PER.RNK.LOWER,KH,2014,7.21153831481934
RL.PER.RNK.LOWER,KH,2013,9.38967132568359
RL.PER.RNK.LOWER,KH,2012,8.92018795013428
RL.PER.RNK.LOWER,KH,2011,8.92018795013428
RL.PER.RNK.LOWER,KH,2010,5.68720388412476
RL.PER.RNK.LOWER,KH,2009,4.26540279388428
RL.PER.RNK.LOWER,KH,2008,6.25
RL.PER.RNK.LOWER,KH,2007,5.74162673950195
RL.PER.RNK.LOWER,KH,2006,3.82775115966797
RL.PER.RNK.LOWER,KH,2005,4.30622005462646
RL.PER.RNK.LOWER,KH,2004,4.807692527771
RL.PER.RNK.LOWER,KH,2003,4.97512435913086
RL.PER.RNK.LOWER,KH,2002,4.47761201858521
RL.PER.RNK.LOWER,KH,2001,None
RL.PER.RNK.LOWER,KH,2000,5.47263669967651
RL.PER.RNK.LOWER,KH,1999,None
RL.PER.RNK.LOWER,KH,1998,3.5
RL.PER.RNK.LOWER,KH,1997,None
RL.PER.RNK.LOWER,KH,1996,5.02512550354004
RL.PER.RNK.LOWER,KH,1995,None
RL.PER.RNK.LOWER,KI,2023,None
RL.PER.RNK.LOWER,KI,2022,54.2452812194824
RL.PER.RNK.LOWER,KI,2021,58.0952377319336
RL.PER.RNK.LOWER,KI,2020,64.2857131958008
RL.PER.RNK.LOWER,KI,2019,60.476188659668
RL.PER.RNK.LOWER,KI,2018,54.2857131958008
RL.PER.RNK.LOWER,KI,2017,54.761905670166
RL.PER.RNK.LOWER,KI,2016,45.238094329834
RL.PER.RNK.LOWER,KI,2015,34.761905670166
RL.PER.RNK.LOWER,KI,2014,36.0576934814453
RL.PER.RNK.LOWER,KI,2013,52.1126747131348
RL.PER.RNK.LOWER,KI,2012,50.7042236328125
RL.PER.RNK.LOWER,KI,2011,48.8262901306152
RL.PER.RNK.LOWER,KI,2010,46.445499420166
RL.PER.RNK.LOWER,KI,2009,47.8672981262207
RL.PER.RNK.LOWER,KI,2008,55.769229888916
RL.PER.RNK.LOWER,KI,2007,59.3301429748535
RL.PER.RNK.LOWER,KI,2006,62.6794242858887
RL.PER.RNK.LOWER,KI,2005,58.8516731262207
RL.PER.RNK.LOWER,KI,2004,56.25
RL.PER.RNK.LOWER,KI,2003,42.7860679626465
RL.PER.RNK.LOWER,KI,2002,42.7860679626465
RL.PER.RNK.LOWER,KI,2001,None
RL.PER.RNK.LOWER,KI,2000,40.7960205078125
RL.PER.RNK.LOWER,KI,1999,None
RL.PER.RNK.LOWER,KI,1998,43
RL.PER.RNK.LOWER,KI,1997,None
RL.PER.RNK.LOWER,KI,1996,39.6984939575195
RL.PER.RNK.LOWER,KI,1995,None
RL.PER.RNK.LOWER,LA,2023,None
RL.PER.RNK.LOWER,LA,2022,14.6226415634155
RL.PER.RNK.LOWER,LA,2021,17.619047164917
RL.PER.RNK.LOWER,LA,2020,11.9047622680664
RL.PER.RNK.LOWER,LA,2019,8.5714282989502
RL.PER.RNK.LOWER,LA,2018,11.9047622680664
RL.PER.RNK.LOWER,LA,2017,9.5238094329834
RL.PER.RNK.LOWER,LA,2016,11.9047622680664
RL.PER.RNK.LOWER,LA,2015,11.9047622680664
RL.PER.RNK.LOWER,LA,2014,12.9807691574097
RL.PER.RNK.LOWER,LA,2013,15.023473739624
RL.PER.RNK.LOWER,LA,2012,12.2065725326538
RL.PER.RNK.LOWER,LA,2011,9.38967132568359
RL.PER.RNK.LOWER,LA,2010,9.00473976135254
RL.PER.RNK.LOWER,LA,2009,7.5829381942749
RL.PER.RNK.LOWER,LA,2008,11.057692527771
RL.PER.RNK.LOWER,LA,2007,9.09090900421143
RL.PER.RNK.LOWER,LA,2006,8.13397121429443
RL.PER.RNK.LOWER,LA,2005,4.30622005462646
RL.PER.RNK.LOWER,LA,2004,2.88461542129517
RL.PER.RNK.LOWER,LA,2003,0.497512429952621
RL.PER.RNK.LOWER,LA,2002,1.99004971981049
RL.PER.RNK.LOWER,LA,2001,None
RL.PER.RNK.LOWER,LA,2000,2.98507452011108
RL.PER.RNK.LOWER,LA,1999,None
RL.PER.RNK.LOWER,LA,1998,5.5
RL.PER.RNK.LOWER,LA,1997,None
RL.PER.RNK.LOWER,LA,1996,4.02010059356689
RL.PER.RNK.LOWER,LA,1995,None
RL.PER.RNK.LOWER,LB,2023,None
RL.PER.RNK.LOWER,LB,2022,7.07547187805176
RL.PER.RNK.LOWER,LB,2021,7.14285707473755
RL.PER.RNK.LOWER,LB,2020,11.9047622680664
RL.PER.RNK.LOWER,LB,2019,11.9047622680664
RL.PER.RNK.LOWER,LB,2018,15.7142858505249
RL.PER.RNK.LOWER,LB,2017,12.380952835083
RL.PER.RNK.LOWER,LB,2016,11.9047622680664
RL.PER.RNK.LOWER,LB,2015,11.9047622680664
RL.PER.RNK.LOWER,LB,2014,13.942307472229
RL.PER.RNK.LOWER,LB,2013,16.9014091491699
RL.PER.RNK.LOWER,LB,2012,17.3708915710449
RL.PER.RNK.LOWER,LB,2011,22.0657272338867
RL.PER.RNK.LOWER,LB,2010,20.3791465759277
RL.PER.RNK.LOWER,LB,2009,19.9052124023438
RL.PER.RNK.LOWER,LB,2008,20.6730766296387
RL.PER.RNK.LOWER,LB,2007,19.1387557983398
RL.PER.RNK.LOWER,LB,2006,22.0095691680908
RL.PER.RNK.LOWER,LB,2005,34.9282302856445
RL.PER.RNK.LOWER,LB,2004,36.538459777832
RL.PER.RNK.LOWER,LB,2003,29.3532333374023
RL.PER.RNK.LOWER,LB,2002,34.3283576965332
RL.PER.RNK.LOWER,LB,2001,None
RL.PER.RNK.LOWER,LB,2000,36.8159217834473
RL.PER.RNK.LOWER,LB,1999,None
RL.PER.RNK.LOWER,LB,1998,26
RL.PER.RNK.LOWER,LB,1997,None
RL.PER.RNK.LOWER,LB,1996,30.6532669067383
RL.PER.RNK.LOWER,LB,1995,None
RL.PER.RNK.LOWER,LR,2023,None
RL.PER.RNK.LOWER,LR,2022,12.2641506195068
RL.PER.RNK.LOWER,LR,2021,10.9523811340332
RL.PER.RNK.LOWER,LR,2020,8.5714282989502
RL.PER.RNK.LOWER,LR,2019,8.5714282989502
RL.PER.RNK.LOWER,LR,2018,8.5714282989502
RL.PER.RNK.LOWER,LR,2017,9.5238094329834
RL.PER.RNK.LOWER,LR,2016,9.5238094329834
RL.PER.RNK.LOWER,LR,2015,11.9047622680664
RL.PER.RNK.LOWER,LR,2014,12.9807691574097
RL.PER.RNK.LOWER,LR,2013,13.6150236129761
RL.PER.RNK.LOWER,LR,2012,12.2065725326538
RL.PER.RNK.LOWER,LR,2011,11.7370891571045
RL.PER.RNK.LOWER,LR,2010,9.95260620117188
RL.PER.RNK.LOWER,LR,2009,8.53080558776855
RL.PER.RNK.LOWER,LR,2008,5.76923084259033
RL.PER.RNK.LOWER,LR,2007,8.13397121429443
RL.PER.RNK.LOWER,LR,2006,9.56937789916992
RL.PER.RNK.LOWER,LR,2005,1.43540668487549
RL.PER.RNK.LOWER,LR,2004,0
RL.PER.RNK.LOWER,LR,2003,0
RL.PER.RNK.LOWER,LR,2002,0
RL.PER.RNK.LOWER,LR,2001,None
RL.PER.RNK.LOWER,LR,2000,0
RL.PER.RNK.LOWER,LR,1999,None
RL.PER.RNK.LOWER,LR,1998,0
RL.PER.RNK.LOWER,LR,1997,None
RL.PER.RNK.LOWER,LR,1996,0
RL.PER.RNK.LOWER,LR,1995,None
RL.PER.RNK.LOWER,LK,2023,None
RL.PER.RNK.LOWER,LK,2022,40.0943412780762
RL.PER.RNK.LOWER,LK,2021,44.2857131958008
RL.PER.RNK.LOWER,LK,2020,44.761905670166
RL.PER.RNK.LOWER,LK,2019,45.7142868041992
RL.PER.RNK.LOWER,LK,2018,44.2857131958008
RL.PER.RNK.LOWER,LK,2017,45.238094329834
RL.PER.RNK.LOWER,LK,2016,47.6190490722656
RL.PER.RNK.LOWER,LK,2015,48.5714302062988
RL.PER.RNK.LOWER,LK,2014,39.9038467407227
RL.PER.RNK.LOWER,LK,2013,39.9061050415039
RL.PER.RNK.LOWER,LK,2012,44.6009407043457
RL.PER.RNK.LOWER,LK,2011,44.6009407043457
RL.PER.RNK.LOWER,LK,2010,44.0758285522461
RL.PER.RNK.LOWER,LK,2009,44.5497627258301
RL.PER.RNK.LOWER,LK,2008,48.0769233703613
RL.PER.RNK.LOWER,LK,2007,51.6746406555176
RL.PER.RNK.LOWER,LK,2006,51.1961708068848
RL.PER.RNK.LOWER,LK,2005,49.7607650756836
RL.PER.RNK.LOWER,LK,2004,50
RL.PER.RNK.LOWER,LK,2003,49.7512435913086
RL.PER.RNK.LOWER,LK,2002,55.2238807678223
RL.PER.RNK.LOWER,LK,2001,None
RL.PER.RNK.LOWER,LK,2000,48.2587051391602
RL.PER.RNK.LOWER,LK,1999,None
RL.PER.RNK.LOWER,LK,1998,42.5
RL.PER.RNK.LOWER,LK,1997,None
RL.PER.RNK.LOWER,LK,1996,45.226131439209
RL.PER.RNK.LOWER,LK,1995,None
RL.PER.RNK.LOWER,LS,2023,None
RL.PER.RNK.LOWER,LS,2022,23.5849056243896
RL.PER.RNK.LOWER,LS,2021,25.7142848968506
RL.PER.RNK.LOWER,LS,2020,24.2857151031494
RL.PER.RNK.LOWER,LS,2019,25.7142848968506
RL.PER.RNK.LOWER,LS,2018,29.0476188659668
RL.PER.RNK.LOWER,LS,2017,31.4285717010498
RL.PER.RNK.LOWER,LS,2016,34.2857131958008
RL.PER.RNK.LOWER,LS,2015,39.0476188659668
RL.PER.RNK.LOWER,LS,2014,37.980770111084
RL.PER.RNK.LOWER,LS,2013,41.7840385437012
RL.PER.RNK.LOWER,LS,2012,40.3755874633789
RL.PER.RNK.LOWER,LS,2011,38.0281677246094
RL.PER.RNK.LOWER,LS,2010,35.5450248718262
RL.PER.RNK.LOWER,LS,2009,40.7582931518555
RL.PER.RNK.LOWER,LS,2008,36.538459777832
RL.PER.RNK.LOWER,LS,2007,35.4067001342773
RL.PER.RNK.LOWER,LS,2006,39.7129173278809
RL.PER.RNK.LOWER,LS,2005,37.7990417480469
RL.PER.RNK.LOWER,LS,2004,36.538459777832
RL.PER.RNK.LOWER,LS,2003,43.2835807800293
RL.PER.RNK.LOWER,LS,2002,40.2985076904297
RL.PER.RNK.LOWER,LS,2001,None
RL.PER.RNK.LOWER,LS,2000,40.7960205078125
RL.PER.RNK.LOWER,LS,1999,None
RL.PER.RNK.LOWER,LS,1998,41.5
RL.PER.RNK.LOWER,LS,1997,None
RL.PER.RNK.LOWER,LS,1996,38.1909561157227
RL.PER.RNK.LOWER,LS,1995,None
RL.PER.RNK.LOWER,MA,2023,None
RL.PER.RNK.LOWER,MA,2022,35.8490562438965
RL.PER.RNK.LOWER,MA,2021,33.3333320617676
RL.PER.RNK.LOWER,MA,2020,36.1904754638672
RL.PER.RNK.LOWER,MA,2019,33.3333320617676
RL.PER.RNK.LOWER,MA,2018,33.3333320617676
RL.PER.RNK.LOWER,MA,2017,31.4285717010498
RL.PER.RNK.LOWER,MA,2016,30.9523811340332
RL.PER.RNK.LOWER,MA,2015,39.0476188659668
RL.PER.RNK.LOWER,MA,2014,40.8653831481934
RL.PER.RNK.LOWER,MA,2013,33.8028182983398
RL.PER.RNK.LOWER,MA,2012,38.0281677246094
RL.PER.RNK.LOWER,MA,2011,37.0892028808594
RL.PER.RNK.LOWER,MA,2010,39.3364944458008
RL.PER.RNK.LOWER,MA,2009,36.4928894042969
RL.PER.RNK.LOWER,MA,2008,31.25
RL.PER.RNK.LOWER,MA,2007,34.4497604370117
RL.PER.RNK.LOWER,MA,2006,33.9712905883789
RL.PER.RNK.LOWER,MA,2005,34.4497604370117
RL.PER.RNK.LOWER,MA,2004,42.788459777832
RL.PER.RNK.LOWER,MA,2003,40.7960205078125
RL.PER.RNK.LOWER,MA,2002,40.2985076904297
RL.PER.RNK.LOWER,MA,2001,None
RL.PER.RNK.LOWER,MA,2000,43.7810935974121
RL.PER.RNK.LOWER,MA,1999,None
RL.PER.RNK.LOWER,MA,1998,43
RL.PER.RNK.LOWER,MA,1997,None
RL.PER.RNK.LOWER,MA,1996,47.2361793518066
RL.PER.RNK.LOWER,MA,1995,None
RL.PER.RNK.LOWER,MG,2023,None
RL.PER.RNK.LOWER,MG,2022,12.2641506195068
RL.PER.RNK.LOWER,MG,2021,11.9047622680664
RL.PER.RNK.LOWER,MG,2020,12.8571424484253
RL.PER.RNK.LOWER,MG,2019,8.5714282989502
RL.PER.RNK.LOWER,MG,2018,13.8095235824585
RL.PER.RNK.LOWER,MG,2017,11.4285717010498
RL.PER.RNK.LOWER,MG,2016,11.9047622680664
RL.PER.RNK.LOWER,MG,2015,17.619047164917
RL.PER.RNK.LOWER,MG,2014,14.9038457870483
RL.PER.RNK.LOWER,MG,2013,11.7370891571045
RL.PER.RNK.LOWER,MG,2012,10.3286380767822
RL.PER.RNK.LOWER,MG,2011,13.1455402374268
RL.PER.RNK.LOWER,MG,2010,12.3222751617432
RL.PER.RNK.LOWER,MG,2009,17.5355453491211
RL.PER.RNK.LOWER,MG,2008,28.8461532592773
RL.PER.RNK.LOWER,MG,2007,32.0574150085449
RL.PER.RNK.LOWER,MG,2006,29.6650714874268
RL.PER.RNK.LOWER,MG,2005,33.0143547058105
RL.PER.RNK.LOWER,MG,2004,34.1346168518066
RL.PER.RNK.LOWER,MG,2003,32.3383102416992
RL.PER.RNK.LOWER,MG,2002,34.3283576965332
RL.PER.RNK.LOWER,MG,2001,None
RL.PER.RNK.LOWER,MG,2000,32.3383102416992
RL.PER.RNK.LOWER,MG,1999,None
RL.PER.RNK.LOWER,MG,1998,23.5
RL.PER.RNK.LOWER,MG,1997,None
RL.PER.RNK.LOWER,MG,1996,21.1055278778076
RL.PER.RNK.LOWER,MG,1995,None
RL.PER.RNK.LOWER,ML,2023,None
RL.PER.RNK.LOWER,ML,2022,10.8490562438965
RL.PER.RNK.LOWER,ML,2021,11.9047622680664
RL.PER.RNK.LOWER,ML,2020,10.9523811340332
RL.PER.RNK.LOWER,ML,2019,12.380952835083
RL.PER.RNK.LOWER,ML,2018,15.2380952835083
RL.PER.RNK.LOWER,ML,2017,14.2857141494751
RL.PER.RNK.LOWER,ML,2016,12.8571424484253
RL.PER.RNK.LOWER,ML,2015,14.2857141494751
RL.PER.RNK.LOWER,ML,2014,18.75
RL.PER.RNK.LOWER,ML,2013,16.9014091491699
RL.PER.RNK.LOWER,ML,2012,20.6572761535645
RL.PER.RNK.LOWER,ML,2011,28.6384983062744
RL.PER.RNK.LOWER,ML,2010,30.3317527770996
RL.PER.RNK.LOWER,ML,2009,33.6492881774902
RL.PER.RNK.LOWER,ML,2008,34.6153831481934
RL.PER.RNK.LOWER,ML,2007,40.6698570251465
RL.PER.RNK.LOWER,ML,2006,34.9282302856445
RL.PER.RNK.LOWER,ML,2005,39.2344512939453
RL.PER.RNK.LOWER,ML,2004,36.538459777832
RL.PER.RNK.LOWER,ML,2003,43.2835807800293
RL.PER.RNK.LOWER,ML,2002,32.8358192443848
RL.PER.RNK.LOWER,ML,2001,None
RL.PER.RNK.LOWER,ML,2000,31.8407955169678
RL.PER.RNK.LOWER,ML,1999,None
RL.PER.RNK.LOWER,ML,1998,28.5
RL.PER.RNK.LOWER,ML,1997,None
RL.PER.RNK.LOWER,ML,1996,24.6231155395508
RL.PER.RNK.LOWER,ML,1995,None
RL.PER.RNK.LOWER,MM,2023,None
RL.PER.RNK.LOWER,MM,2022,1.88679242134094
RL.PER.RNK.LOWER,MM,2021,3.33333325386047
RL.PER.RNK.LOWER,MM,2020,5.2380952835083
RL.PER.RNK.LOWER,MM,2019,6.1904764175415
RL.PER.RNK.LOWER,MM,2018,7.61904764175415
RL.PER.RNK.LOWER,MM,2017,9.5238094329834
RL.PER.RNK.LOWER,MM,2016,9.5238094329834
RL.PER.RNK.LOWER,MM,2015,4.2857141494751
RL.PER.RNK.LOWER,MM,2014,3.36538457870483
RL.PER.RNK.LOWER,MM,2013,3.75586843490601
RL.PER.RNK.LOWER,MM,2012,1.877934217453
RL.PER.RNK.LOWER,MM,2011,0.938967108726501
RL.PER.RNK.LOWER,MM,2010,0.473933637142181
RL.PER.RNK.LOWER,MM,2009,0.947867274284363
RL.PER.RNK.LOWER,MM,2008,0.480769217014313
RL.PER.RNK.LOWER,MM,2007,0
RL.PER.RNK.LOWER,MM,2006,0.478468894958496
RL.PER.RNK.LOWER,MM,2005,0
RL.PER.RNK.LOWER,MM,2004,0
RL.PER.RNK.LOWER,MM,2003,0
RL.PER.RNK.LOWER,MM,2002,0
RL.PER.RNK.LOWER,MM,2001,None
RL.PER.RNK.LOWER,MM,2000,1.49253726005554
RL.PER.RNK.LOWER,MM,1999,None
RL.PER.RNK.LOWER,MM,1998,0.5
RL.PER.RNK.LOWER,MM,1997,None
RL.PER.RNK.LOWER,MM,1996,0
RL.PER.RNK.LOWER,MM,1995,None
RL.PER.RNK.LOWER,MZ,2023,None
RL.PER.RNK.LOWER,MZ,2022,9.90566062927246
RL.PER.RNK.LOWER,MZ,2021,8.09523773193359
RL.PER.RNK.LOWER,MZ,2020,8.09523773193359
RL.PER.RNK.LOWER,MZ,2019,7.61904764175415
RL.PER.RNK.LOWER,MZ,2018,7.14285707473755
RL.PER.RNK.LOWER,MZ,2017,8.5714282989502
RL.PER.RNK.LOWER,MZ,2016,8.09523773193359
RL.PER.RNK.LOWER,MZ,2015,11.9047622680664
RL.PER.RNK.LOWER,MZ,2014,12.9807691574097
RL.PER.RNK.LOWER,MZ,2013,15.023473739624
RL.PER.RNK.LOWER,MZ,2012,23.9436626434326
RL.PER.RNK.LOWER,MZ,2011,25.3521118164063
RL.PER.RNK.LOWER,MZ,2010,28.9099521636963
RL.PER.RNK.LOWER,MZ,2009,23.222749710083
RL.PER.RNK.LOWER,MZ,2008,21.634614944458
RL.PER.RNK.LOWER,MZ,2007,22.0095691680908
RL.PER.RNK.LOWER,MZ,2006,23.9234447479248
RL.PER.RNK.LOWER,MZ,2005,22.4880390167236
RL.PER.RNK.LOWER,MZ,2004,17.7884616851807
RL.PER.RNK.LOWER,MZ,2003,16.9154224395752
RL.PER.RNK.LOWER,MZ,2002,16.9154224395752
RL.PER.RNK.LOWER,MZ,2001,None
RL.PER.RNK.LOWER,MZ,2000,14.9253730773926
RL.PER.RNK.LOWER,MZ,1999,None
RL.PER.RNK.LOWER,MZ,1998,11.5
RL.PER.RNK.LOWER,MZ,1997,None
RL.PER.RNK.LOWER,MZ,1996,14.5728645324707
RL.PER.RNK.LOWER,MZ,1995,None
RL.PER.RNK.LOWER,MR,2023,None
RL.PER.RNK.LOWER,MR,2022,19.8113212585449
RL.PER.RNK.LOWER,MR,2021,18.0952377319336
RL.PER.RNK.LOWER,MR,2020,20.4761905670166
RL.PER.RNK.LOWER,MR,2019,20
RL.PER.RNK.LOWER,MR,2018,16.6666660308838
RL.PER.RNK.LOWER,MR,2017,20
RL.PER.RNK.LOWER,MR,2016,15.2380952835083
RL.PER.RNK.LOWER,MR,2015,11.4285717010498
RL.PER.RNK.LOWER,MR,2014,10.5769233703613
RL.PER.RNK.LOWER,MR,2013,9.85915470123291
RL.PER.RNK.LOWER,MR,2012,9.38967132568359
RL.PER.RNK.LOWER,MR,2011,12.2065725326538
RL.PER.RNK.LOWER,MR,2010,12.3222751617432
RL.PER.RNK.LOWER,MR,2009,15.1658763885498
RL.PER.RNK.LOWER,MR,2008,5.76923084259033
RL.PER.RNK.LOWER,MR,2007,16.7464122772217
RL.PER.RNK.LOWER,MR,2006,14.3540668487549
RL.PER.RNK.LOWER,MR,2005,16.2679424285889
RL.PER.RNK.LOWER,MR,2004,13.942307472229
RL.PER.RNK.LOWER,MR,2003,16.9154224395752
RL.PER.RNK.LOWER,MR,2002,19.9004974365234
RL.PER.RNK.LOWER,MR,2001,None
RL.PER.RNK.LOWER,MR,2000,26.3681583404541
RL.PER.RNK.LOWER,MR,1999,None
RL.PER.RNK.LOWER,MR,1998,18.5
RL.PER.RNK.LOWER,MR,1997,None
RL.PER.RNK.LOWER,MR,1996,17.5879402160645
RL.PER.RNK.LOWER,MR,1995,None
RL.PER.RNK.LOWER,MW,2023,None
RL.PER.RNK.LOWER,MW,2022,36.7924537658691
RL.PER.RNK.LOWER,MW,2021,33.8095245361328
RL.PER.RNK.LOWER,MW,2020,32.3809509277344
RL.PER.RNK.LOWER,MW,2019,29.0476188659668
RL.PER.RNK.LOWER,MW,2018,28.0952377319336
RL.PER.RNK.LOWER,MW,2017,29.5238094329834
RL.PER.RNK.LOWER,MW,2016,28.5714282989502
RL.PER.RNK.LOWER,MW,2015,32.3809509277344
RL.PER.RNK.LOWER,MW,2014,33.6538467407227
RL.PER.RNK.LOWER,MW,2013,42.7230033874512
RL.PER.RNK.LOWER,MW,2012,40.3755874633789
RL.PER.RNK.LOWER,MW,2011,43.1924896240234
RL.PER.RNK.LOWER,MW,2010,42.6540298461914
RL.PER.RNK.LOWER,MW,2009,44.5497627258301
RL.PER.RNK.LOWER,MW,2008,42.3076934814453
RL.PER.RNK.LOWER,MW,2007,41.6267929077148
RL.PER.RNK.LOWER,MW,2006,40.1913871765137
RL.PER.RNK.LOWER,MW,2005,41.1483268737793
RL.PER.RNK.LOWER,MW,2004,40.8653831481934
RL.PER.RNK.LOWER,MW,2003,38.8059692382813
RL.PER.RNK.LOWER,MW,2002,30.348258972168
RL.PER.RNK.LOWER,MW,2001,None
RL.PER.RNK.LOWER,MW,2000,26.3681583404541
RL.PER.RNK.LOWER,MW,1999,None
RL.PER.RNK.LOWER,MW,1998,26
RL.PER.RNK.LOWER,MW,1997,None
RL.PER.RNK.LOWER,MW,1996,27.6381912231445
RL.PER.RNK.LOWER,MW,1995,None
RL.PER.RNK.LOWER,NE,2023,None
RL.PER.RNK.LOWER,NE,2022,24.056604385376
RL.PER.RNK.LOWER,NE,2021,25.7142848968506
RL.PER.RNK.LOWER,NE,2020,21.4285717010498
RL.PER.RNK.LOWER,NE,2019,21.9047622680664
RL.PER.RNK.LOWER,NE,2018,19.5238094329834
RL.PER.RNK.LOWER,NE,2017,16.1904754638672
RL.PER.RNK.LOWER,NE,2016,17.619047164917
RL.PER.RNK.LOWER,NE,2015,21.4285717010498
RL.PER.RNK.LOWER,NE,2014,17.3076915740967
RL.PER.RNK.LOWER,NE,2013,19.2488269805908
RL.PER.RNK.LOWER,NE,2012,20.1877937316895
RL.PER.RNK.LOWER,NE,2011,31.4553985595703
RL.PER.RNK.LOWER,NE,2010,28.4360198974609
RL.PER.RNK.LOWER,NE,2009,27.962085723877
RL.PER.RNK.LOWER,NE,2008,18.75
RL.PER.RNK.LOWER,NE,2007,20.5741634368896
RL.PER.RNK.LOWER,NE,2006,20.5741634368896
RL.PER.RNK.LOWER,NE,2005,16.2679424285889
RL.PER.RNK.LOWER,NE,2004,16.8269233703613
RL.PER.RNK.LOWER,NE,2003,20.3980102539063
RL.PER.RNK.LOWER,NE,2002,16.9154224395752
RL.PER.RNK.LOWER,NE,2001,None
RL.PER.RNK.LOWER,NE,2000,12.4378108978271
RL.PER.RNK.LOWER,NE,1999,None
RL.PER.RNK.LOWER,NE,1998,14
RL.PER.RNK.LOWER,NE,1997,None
RL.PER.RNK.LOWER,NE,1996,15.5778894424438
RL.PER.RNK.LOWER,NE,1995,None
RL.PER.RNK.LOWER,NG,2023,None
RL.PER.RNK.LOWER,NG,2022,12.2641506195068
RL.PER.RNK.LOWER,NG,2021,12.380952835083
RL.PER.RNK.LOWER,NG,2020,14.2857141494751
RL.PER.RNK.LOWER,NG,2019,10
RL.PER.RNK.LOWER,NG,2018,9.5238094329834
RL.PER.RNK.LOWER,NG,2017,11.4285717010498
RL.PER.RNK.LOWER,NG,2016,8.09523773193359
RL.PER.RNK.LOWER,NG,2015,8.09523773193359
RL.PER.RNK.LOWER,NG,2014,7.21153831481934
RL.PER.RNK.LOWER,NG,2013,6.57277011871338
RL.PER.RNK.LOWER,NG,2012,6.57277011871338
RL.PER.RNK.LOWER,NG,2011,5.63380289077759
RL.PER.RNK.LOWER,NG,2010,5.68720388412476
RL.PER.RNK.LOWER,NG,2009,4.26540279388428
RL.PER.RNK.LOWER,NG,2008,8.65384578704834
RL.PER.RNK.LOWER,NG,2007,8.13397121429443
RL.PER.RNK.LOWER,NG,2006,8.13397121429443
RL.PER.RNK.LOWER,NG,2005,3.34928226470947
RL.PER.RNK.LOWER,NG,2004,1.92307686805725
RL.PER.RNK.LOWER,NG,2003,0.497512429952621
RL.PER.RNK.LOWER,NG,2002,0
RL.PER.RNK.LOWER,NG,2001,None
RL.PER.RNK.LOWER,NG,2000,3.98009943962097
RL.PER.RNK.LOWER,NG,1999,None
RL.PER.RNK.LOWER,NG,1998,3.5
RL.PER.RNK.LOWER,NG,1997,None
RL.PER.RNK.LOWER,NG,1996,3.01507544517517
RL.PER.RNK.LOWER,NG,1995,None
RL.PER.RNK.LOWER,NI,2023,None
RL.PER.RNK.LOWER,NI,2022,5.18867921829224
RL.PER.RNK.LOWER,NI,2021,4.7619047164917
RL.PER.RNK.LOWER,NI,2020,5.2380952835083
RL.PER.RNK.LOWER,NI,2019,5.7142858505249
RL.PER.RNK.LOWER,NI,2018,7.14285707473755
RL.PER.RNK.LOWER,NI,2017,18.0952377319336
RL.PER.RNK.LOWER,NI,2016,17.619047164917
RL.PER.RNK.LOWER,NI,2015,13.3333330154419
RL.PER.RNK.LOWER,NI,2014,14.9038457870483
RL.PER.RNK.LOWER,NI,2013,19.2488269805908
RL.PER.RNK.LOWER,NI,2012,16.9014091491699
RL.PER.RNK.LOWER,NI,2011,17.3708915710449
RL.PER.RNK.LOWER,NI,2010,14.2180099487305
RL.PER.RNK.LOWER,NI,2009,16.5876770019531
RL.PER.RNK.LOWER,NI,2008,13.942307472229
RL.PER.RNK.LOWER,NI,2007,13.3971290588379
RL.PER.RNK.LOWER,NI,2006,15.7894735336304
RL.PER.RNK.LOWER,NI,2005,22.4880390167236
RL.PER.RNK.LOWER,NI,2004,15.865385055542
RL.PER.RNK.LOWER,NI,2003,22.8855724334717
RL.PER.RNK.LOWER,NI,2002,17.9104480743408
RL.PER.RNK.LOWER,NI,2001,None
RL.PER.RNK.LOWER,NI,2000,14.4278602600098
RL.PER.RNK.LOWER,NI,1999,None
RL.PER.RNK.LOWER,NI,1998,18.5
RL.PER.RNK.LOWER,NI,1997,None
RL.PER.RNK.LOWER,NI,1996,22.1105518341064
RL.PER.RNK.LOWER,NI,1995,None
RL.PER.RNK.LOWER,NP,2023,None
RL.PER.RNK.LOWER,NP,2022,24.5283012390137
RL.PER.RNK.LOWER,NP,2021,23.8095245361328
RL.PER.RNK.LOWER,NP,2020,23.8095245361328
RL.PER.RNK.LOWER,NP,2019,21.9047622680664
RL.PER.RNK.LOWER,NP,2018,23.8095245361328
RL.PER.RNK.LOWER,NP,2017,16.6666660308838
RL.PER.RNK.LOWER,NP,2016,11.9047622680664
RL.PER.RNK.LOWER,NP,2015,15.7142858505249
RL.PER.RNK.LOWER,NP,2014,17.3076915740967
RL.PER.RNK.LOWER,NP,2013,17.3708915710449
RL.PER.RNK.LOWER,NP,2012,16.9014091491699
RL.PER.RNK.LOWER,NP,2011,12.6760559082031
RL.PER.RNK.LOWER,NP,2010,10.4265403747559
RL.PER.RNK.LOWER,NP,2009,13.7440757751465
RL.PER.RNK.LOWER,NP,2008,17.7884616851807
RL.PER.RNK.LOWER,NP,2007,20.0956935882568
RL.PER.RNK.LOWER,NP,2006,20.0956935882568
RL.PER.RNK.LOWER,NP,2005,13.8755979537964
RL.PER.RNK.LOWER,NP,2004,15.865385055542
RL.PER.RNK.LOWER,NP,2003,16.9154224395752
RL.PER.RNK.LOWER,NP,2002,20.3980102539063
RL.PER.RNK.LOWER,NP,2001,None
RL.PER.RNK.LOWER,NP,2000,32.3383102416992
RL.PER.RNK.LOWER,NP,1999,None
RL.PER.RNK.LOWER,NP,1998,35.5
RL.PER.RNK.LOWER,NP,1997,None
RL.PER.RNK.LOWER,NP,1996,34.1708526611328
RL.PER.RNK.LOWER,NP,1995,None
RL.PER.RNK.LOWER,PK,2023,None
RL.PER.RNK.LOWER,PK,2022,18.3962268829346
RL.PER.RNK.LOWER,PK,2021,19.5238094329834
RL.PER.RNK.LOWER,PK,2020,17.619047164917
RL.PER.RNK.LOWER,PK,2019,18.5714282989502
RL.PER.RNK.LOWER,PK,2018,17.619047164917
RL.PER.RNK.LOWER,PK,2017,15.2380952835083
RL.PER.RNK.LOWER,PK,2016,11.9047622680664
RL.PER.RNK.LOWER,PK,2015,12.8571424484253
RL.PER.RNK.LOWER,PK,2014,13.942307472229
RL.PER.RNK.LOWER,PK,2013,13.6150236129761
RL.PER.RNK.LOWER,PK,2012,12.2065725326538
RL.PER.RNK.LOWER,PK,2011,12.6760559082031
RL.PER.RNK.LOWER,PK,2010,17.0616111755371
RL.PER.RNK.LOWER,PK,2009,14.2180099487305
RL.PER.RNK.LOWER,PK,2008,9.13461494445801
RL.PER.RNK.LOWER,PK,2007,11.9617223739624
RL.PER.RNK.LOWER,PK,2006,11.9617223739624
RL.PER.RNK.LOWER,PK,2005,11.9617223739624
RL.PER.RNK.LOWER,PK,2004,8.17307662963867
RL.PER.RNK.LOWER,PK,2003,9.95024871826172
RL.PER.RNK.LOWER,PK,2002,9.45273590087891
RL.PER.RNK.LOWER,PK,2001,None
RL.PER.RNK.LOWER,PK,2000,9.45273590087891
RL.PER.RNK.LOWER,PK,1999,None
RL.PER.RNK.LOWER,PK,1998,13.5
RL.PER.RNK.LOWER,PK,1997,None
RL.PER.RNK.LOWER,PK,1996,18.0904521942139
RL.PER.RNK.LOWER,PK,1995,None
RL.PER.RNK.LOWER,PH,2023,None
RL.PER.RNK.LOWER,PH,2022,23.5849056243896
RL.PER.RNK.LOWER,PH,2021,18.5714282989502
RL.PER.RNK.LOWER,PH,2020,19.0476188659668
RL.PER.RNK.LOWER,PH,2019,21.9047622680664
RL.PER.RNK.LOWER,PH,2018,21.4285717010498
RL.PER.RNK.LOWER,PH,2017,22.8571434020996
RL.PER.RNK.LOWER,PH,2016,25.238094329834
RL.PER.RNK.LOWER,PH,2015,29.0476188659668
RL.PER.RNK.LOWER,PH,2014,31.25
RL.PER.RNK.LOWER,PH,2013,30.046947479248
RL.PER.RNK.LOWER,PH,2012,26.7605628967285
RL.PER.RNK.LOWER,PH,2011,28.1690139770508
RL.PER.RNK.LOWER,PH,2010,26.0663509368896
RL.PER.RNK.LOWER,PH,2009,23.222749710083
RL.PER.RNK.LOWER,PH,2008,24.0384616851807
RL.PER.RNK.LOWER,PH,2007,27.2727279663086
RL.PER.RNK.LOWER,PH,2006,30.6220092773438
RL.PER.RNK.LOWER,PH,2005,33.4928245544434
RL.PER.RNK.LOWER,PH,2004,19.230770111084
RL.PER.RNK.LOWER,PH,2003,23.3830852508545
RL.PER.RNK.LOWER,PH,2002,32.3383102416992
RL.PER.RNK.LOWER,PH,2001,None
RL.PER.RNK.LOWER,PH,2000,31.8407955169678
RL.PER.RNK.LOWER,PH,1999,None
RL.PER.RNK.LOWER,PH,1998,42.5
RL.PER.RNK.LOWER,PH,1997,None
RL.PER.RNK.LOWER,PH,1996,42.7135696411133
RL.PER.RNK.LOWER,PH,1995,None
RL.PER.RNK.LOWER,PG,2023,None
RL.PER.RNK.LOWER,PG,2022,19.8113212585449
RL.PER.RNK.LOWER,PG,2021,15.7142858505249
RL.PER.RNK.LOWER,PG,2020,16.6666660308838
RL.PER.RNK.LOWER,PG,2019,12.8571424484253
RL.PER.RNK.LOWER,PG,2018,15.2380952835083
RL.PER.RNK.LOWER,PG,2017,11.4285717010498
RL.PER.RNK.LOWER,PG,2016,11.9047622680664
RL.PER.RNK.LOWER,PG,2015,10.4761905670166
RL.PER.RNK.LOWER,PG,2014,11.5384616851807
RL.PER.RNK.LOWER,PG,2013,10.3286380767822
RL.PER.RNK.LOWER,PG,2012,12.6760559082031
RL.PER.RNK.LOWER,PG,2011,14.0845069885254
RL.PER.RNK.LOWER,PG,2010,10.4265403747559
RL.PER.RNK.LOWER,PG,2009,10.9004735946655
RL.PER.RNK.LOWER,PG,2008,9.61538505554199
RL.PER.RNK.LOWER,PG,2007,11.0047845840454
RL.PER.RNK.LOWER,PG,2006,11.4832534790039
RL.PER.RNK.LOWER,PG,2005,8.13397121429443
RL.PER.RNK.LOWER,PG,2004,15.865385055542
RL.PER.RNK.LOWER,PG,2003,8.4577112197876
RL.PER.RNK.LOWER,PG,2002,14.9253730773926
RL.PER.RNK.LOWER,PG,2001,None
RL.PER.RNK.LOWER,PG,2000,17.412935256958
RL.PER.RNK.LOWER,PG,1999,None
RL.PER.RNK.LOWER,PG,1998,22.5
RL.PER.RNK.LOWER,PG,1997,None
RL.PER.RNK.LOWER,PG,1996,19.0954780578613
RL.PER.RNK.LOWER,PG,1995,None
RL.PER.RNK.LOWER,KP,2023,None
RL.PER.RNK.LOWER,KP,2022,1.41509437561035
RL.PER.RNK.LOWER,KP,2021,1.42857146263123
RL.PER.RNK.LOWER,KP,2020,1.42857146263123
RL.PER.RNK.LOWER,KP,2019,1.42857146263123
RL.PER.RNK.LOWER,KP,2018,1.42857146263123
RL.PER.RNK.LOWER,KP,2017,0.952380955219269
RL.PER.RNK.LOWER,KP,2016,0.476190477609634
RL.PER.RNK.LOWER,KP,2015,0.476190477609634
RL.PER.RNK.LOWER,KP,2014,0
RL.PER.RNK.LOWER,KP,2013,0.938967108726501
RL.PER.RNK.LOWER,KP,2012,1.4084507226944
RL.PER.RNK.LOWER,KP,2011,1.4084507226944
RL.PER.RNK.LOWER,KP,2010,1.42180097103119
RL.PER.RNK.LOWER,KP,2009,1.89573454856873
RL.PER.RNK.LOWER,KP,2008,2.4038462638855
RL.PER.RNK.LOWER,KP,2007,1.43540668487549
RL.PER.RNK.LOWER,KP,2006,0.956937789916992
RL.PER.RNK.LOWER,KP,2005,6.69856452941895
RL.PER.RNK.LOWER,KP,2004,3.36538457870483
RL.PER.RNK.LOWER,KP,2003,2.48756217956543
RL.PER.RNK.LOWER,KP,2002,0.497512429952621
RL.PER.RNK.LOWER,KP,2001,None
RL.PER.RNK.LOWER,KP,2000,2.98507452011108
RL.PER.RNK.LOWER,KP,1999,None
RL.PER.RNK.LOWER,KP,1998,2.5
RL.PER.RNK.LOWER,KP,1997,None
RL.PER.RNK.LOWER,KP,1996,3.01507544517517
RL.PER.RNK.LOWER,KP,1995,None
RL.PER.RNK.LOWER,PS,2023,None
RL.PER.RNK.LOWER,PS,2022,19.8113212585449
RL.PER.RNK.LOWER,PS,2021,21.9047622680664
RL.PER.RNK.LOWER,PS,2020,23.3333339691162
RL.PER.RNK.LOWER,PS,2019,21.9047622680664
RL.PER.RNK.LOWER,PS,2018,20
RL.PER.RNK.LOWER,PS,2017,22.380952835083
RL.PER.RNK.LOWER,PS,2016,24.2857151031494
RL.PER.RNK.LOWER,PS,2015,15.7142858505249
RL.PER.RNK.LOWER,PS,2014,20.6730766296387
RL.PER.RNK.LOWER,PS,2013,24.8826293945313
RL.PER.RNK.LOWER,PS,2012,25.8215961456299
RL.PER.RNK.LOWER,PS,2011,25.3521118164063
RL.PER.RNK.LOWER,PS,2010,33.6492881774902
RL.PER.RNK.LOWER,PS,2009,30.8056869506836
RL.PER.RNK.LOWER,PS,2008,8.65384578704834
RL.PER.RNK.LOWER,PS,2007,11.0047845840454
RL.PER.RNK.LOWER,PS,2006,19.1387557983398
RL.PER.RNK.LOWER,PS,2005,21.5311012268066
RL.PER.RNK.LOWER,PS,2004,24.0384616851807
RL.PER.RNK.LOWER,PS,2003,29.3532333374023
RL.PER.RNK.LOWER,PS,2002,20.8955230712891
RL.PER.RNK.LOWER,PS,2001,None
RL.PER.RNK.LOWER,PS,2000,32.8358192443848
RL.PER.RNK.LOWER,PS,1999,None
RL.PER.RNK.LOWER,PS,1998,32.5
RL.PER.RNK.LOWER,PS,1997,None
RL.PER.RNK.LOWER,PS,1996,29.1457290649414
RL.PER.RNK.LOWER,PS,1995,None
RL.PER.RNK.LOWER,RW,2023,None
RL.PER.RNK.LOWER,RW,2022,49.5283012390137
RL.PER.RNK.LOWER,RW,2021,52.3809509277344
RL.PER.RNK.LOWER,RW,2020,48.0952377319336
RL.PER.RNK.LOWER,RW,2019,47.6190490722656
RL.PER.RNK.LOWER,RW,2018,50.476188659668
RL.PER.RNK.LOWER,RW,2017,49.523811340332
RL.PER.RNK.LOWER,RW,2016,48.0952377319336
RL.PER.RNK.LOWER,RW,2015,48.5714302062988
RL.PER.RNK.LOWER,RW,2014,49.519229888916
RL.PER.RNK.LOWER,RW,2013,42.7230033874512
RL.PER.RNK.LOWER,RW,2012,40.3755874633789
RL.PER.RNK.LOWER,RW,2011,35.6807518005371
RL.PER.RNK.LOWER,RW,2010,34.1232223510742
RL.PER.RNK.LOWER,RW,2009,27.488151550293
RL.PER.RNK.LOWER,RW,2008,25.480770111084
RL.PER.RNK.LOWER,RW,2007,22.0095691680908
RL.PER.RNK.LOWER,RW,2006,19.6172256469727
RL.PER.RNK.LOWER,RW,2005,11.0047845840454
RL.PER.RNK.LOWER,RW,2004,10.0961542129517
RL.PER.RNK.LOWER,RW,2003,6.96517419815063
RL.PER.RNK.LOWER,RW,2002,4.47761201858521
RL.PER.RNK.LOWER,RW,2001,None
RL.PER.RNK.LOWER,RW,2000,0.995024859905243
RL.PER.RNK.LOWER,RW,1999,None
RL.PER.RNK.LOWER,RW,1998,0
RL.PER.RNK.LOWER,RW,1997,None
RL.PER.RNK.LOWER,RW,1996,0
RL.PER.RNK.LOWER,RW,1995,None
RL.PER.RNK.LOWER,SD,2023,None
RL.PER.RNK.LOWER,SD,2022,5.66037750244141
RL.PER.RNK.LOWER,SD,2021,6.1904764175415
RL.PER.RNK.LOWER,SD,2020,7.14285707473755
RL.PER.RNK.LOWER,SD,2019,5.7142858505249
RL.PER.RNK.LOWER,SD,2018,6.66666650772095
RL.PER.RNK.LOWER,SD,2017,7.14285707473755
RL.PER.RNK.LOWER,SD,2016,4.7619047164917
RL.PER.RNK.LOWER,SD,2015,4.2857141494751
RL.PER.RNK.LOWER,SD,2014,3.36538457870483
RL.PER.RNK.LOWER,SD,2013,3.75586843490601
RL.PER.RNK.LOWER,SD,2012,2.81690144538879
RL.PER.RNK.LOWER,SD,2011,2.3474178314209
RL.PER.RNK.LOWER,SD,2010,2.36966824531555
RL.PER.RNK.LOWER,SD,2009,3.79146909713745
RL.PER.RNK.LOWER,SD,2008,1.44230771064758
RL.PER.RNK.LOWER,SD,2007,1.43540668487549
RL.PER.RNK.LOWER,SD,2006,1.43540668487549
RL.PER.RNK.LOWER,SD,2005,0
RL.PER.RNK.LOWER,SD,2004,0
RL.PER.RNK.LOWER,SD,2003,0
RL.PER.RNK.LOWER,SD,2002,1.99004971981049
RL.PER.RNK.LOWER,SD,2001,None
RL.PER.RNK.LOWER,SD,2000,0
RL.PER.RNK.LOWER,SD,1999,None
RL.PER.RNK.LOWER,SD,1998,0
RL.PER.RNK.LOWER,SD,1997,None
RL.PER.RNK.LOWER,SD,1996,0
RL.PER.RNK.LOWER,SD,1995,None
RL.PER.RNK.LOWER,SN,2023,None
RL.PER.RNK.LOWER,SN,2022,33.4905662536621
RL.PER.RNK.LOWER,SN,2021,27.619047164917
RL.PER.RNK.LOWER,SN,2020,31.4285717010498
RL.PER.RNK.LOWER,SN,2019,36.1904754638672
RL.PER.RNK.LOWER,SN,2018,35.238094329834
RL.PER.RNK.LOWER,SN,2017,38.5714302062988
RL.PER.RNK.LOWER,SN,2016,38.5714302062988
RL.PER.RNK.LOWER,SN,2015,41.9047622680664
RL.PER.RNK.LOWER,SN,2014,44.711540222168
RL.PER.RNK.LOWER,SN,2013,41.7840385437012
RL.PER.RNK.LOWER,SN,2012,40.3755874633789
RL.PER.RNK.LOWER,SN,2011,30.046947479248
RL.PER.RNK.LOWER,SN,2010,31.7535552978516
RL.PER.RNK.LOWER,SN,2009,33.6492881774902
RL.PER.RNK.LOWER,SN,2008,36.538459777832
RL.PER.RNK.LOWER,SN,2007,38.2775115966797
RL.PER.RNK.LOWER,SN,2006,40.1913871765137
RL.PER.RNK.LOWER,SN,2005,44.9760780334473
RL.PER.RNK.LOWER,SN,2004,43.75
RL.PER.RNK.LOWER,SN,2003,42.7860679626465
RL.PER.RNK.LOWER,SN,2002,45.7711448669434
RL.PER.RNK.LOWER,SN,2001,None
RL.PER.RNK.LOWER,SN,2000,42.7860679626465
RL.PER.RNK.LOWER,SN,1999,None
RL.PER.RNK.LOWER,SN,1998,42.5
RL.PER.RNK.LOWER,SN,1997,None
RL.PER.RNK.LOWER,SN,1996,34.1708526611328
RL.PER.RNK.LOWER,SN,1995,None
RL.PER.RNK.LOWER,SB,2023,None
RL.PER.RNK.LOWER,SB,2022,23.5849056243896
RL.PER.RNK.LOWER,SB,2021,19.5238094329834
RL.PER.RNK.LOWER,SB,2020,30
RL.PER.RNK.LOWER,SB,2019,27.1428565979004
RL.PER.RNK.LOWER,SB,2018,25.7142848968506
RL.PER.RNK.LOWER,SB,2017,26.6666660308838
RL.PER.RNK.LOWER,SB,2016,23.3333339691162
RL.PER.RNK.LOWER,SB,2015,20.9523811340332
RL.PER.RNK.LOWER,SB,2014,20.1923084259033
RL.PER.RNK.LOWER,SB,2013,22.0657272338867
RL.PER.RNK.LOWER,SB,2012,21.5962448120117
RL.PER.RNK.LOWER,SB,2011,22.5352115631104
RL.PER.RNK.LOWER,SB,2010,16.1137447357178
RL.PER.RNK.LOWER,SB,2009,16.1137447357178
RL.PER.RNK.LOWER,SB,2008,16.3461532592773
RL.PER.RNK.LOWER,SB,2007,9.09090900421143
RL.PER.RNK.LOWER,SB,2006,14.3540668487549
RL.PER.RNK.LOWER,SB,2005,10.0478467941284
RL.PER.RNK.LOWER,SB,2004,7.692307472229
RL.PER.RNK.LOWER,SB,2003,16.9154224395752
RL.PER.RNK.LOWER,SB,2002,16.9154224395752
RL.PER.RNK.LOWER,SB,2001,None
RL.PER.RNK.LOWER,SB,2000,40.7960205078125
RL.PER.RNK.LOWER,SB,1999,None
RL.PER.RNK.LOWER,SB,1998,48.5
RL.PER.RNK.LOWER,SB,1997,None
RL.PER.RNK.LOWER,SB,1996,47.2361793518066
RL.PER.RNK.LOWER,SB,1995,None
RL.PER.RNK.LOWER,SL,2023,None
RL.PER.RNK.LOWER,SL,2022,15.0943393707275
RL.PER.RNK.LOWER,SL,2021,15.2380952835083
RL.PER.RNK.LOWER,SL,2020,16.1904754638672
RL.PER.RNK.LOWER,SL,2019,14.2857141494751
RL.PER.RNK.LOWER,SL,2018,15.7142858505249
RL.PER.RNK.LOWER,SL,2017,13.8095235824585
RL.PER.RNK.LOWER,SL,2016,12.8571424484253
RL.PER.RNK.LOWER,SL,2015,11.9047622680664
RL.PER.RNK.LOWER,SL,2014,9.13461494445801
RL.PER.RNK.LOWER,SL,2013,13.6150236129761
RL.PER.RNK.LOWER,SL,2012,13.6150236129761
RL.PER.RNK.LOWER,SL,2011,13.1455402374268
RL.PER.RNK.LOWER,SL,2010,10.4265403747559
RL.PER.RNK.LOWER,SL,2009,11.3744077682495
RL.PER.RNK.LOWER,SL,2008,8.65384578704834
RL.PER.RNK.LOWER,SL,2007,7.65550231933594
RL.PER.RNK.LOWER,SL,2006,8.61244010925293
RL.PER.RNK.LOWER,SL,2005,6.22009563446045
RL.PER.RNK.LOWER,SL,2004,5.28846168518066
RL.PER.RNK.LOWER,SL,2003,2.48756217956543
RL.PER.RNK.LOWER,SL,2002,0.497512429952621
RL.PER.RNK.LOWER,SL,2001,None
RL.PER.RNK.LOWER,SL,2000,1.49253726005554
RL.PER.RNK.LOWER,SL,1999,None
RL.PER.RNK.LOWER,SL,1998,1
RL.PER.RNK.LOWER,SL,1997,None
RL.PER.RNK.LOWER,SL,1996,1.00502514839172
RL.PER.RNK.LOWER,SL,1995,None
RL.PER.RNK.LOWER,SO,2023,None
RL.PER.RNK.LOWER,SO,2022,0
RL.PER.RNK.LOWER,SO,2021,0
RL.PER.RNK.LOWER,SO,2020,0
RL.PER.RNK.LOWER,SO,2019,0
RL.PER.RNK.LOWER,SO,2018,0
RL.PER.RNK.LOWER,SO,2017,0
RL.PER.RNK.LOWER,SO,2016,0
RL.PER.RNK.LOWER,SO,2015,0
RL.PER.RNK.LOWER,SO,2014,0
RL.PER.RNK.LOWER,SO,2013,0
RL.PER.RNK.LOWER,SO,2012,0
RL.PER.RNK.LOWER,SO,2011,0
RL.PER.RNK.LOWER,SO,2010,0
RL.PER.RNK.LOWER,SO,2009,0
RL.PER.RNK.LOWER,SO,2008,0
RL.PER.RNK.LOWER,SO,2007,0
RL.PER.RNK.LOWER,SO,2006,0
RL.PER.RNK.LOWER,SO,2005,0
RL.PER.RNK.LOWER,SO,2004,0
RL.PER.RNK.LOWER,SO,2003,0
RL.PER.RNK.LOWER,SO,2002,0
RL.PER.RNK.LOWER,SO,2001,None
RL.PER.RNK.LOWER,SO,2000,0
RL.PER.RNK.LOWER,SO,1999,None
RL.PER.RNK.LOWER,SO,1998,0
RL.PER.RNK.LOWER,SO,1997,None
RL.PER.RNK.LOWER,SO,1996,0
RL.PER.RNK.LOWER,SO,1995,None
RL.PER.RNK.LOWER,SS,2023,None
RL.PER.RNK.LOWER,SS,2022,0
RL.PER.RNK.LOWER,SS,2021,0
RL.PER.RNK.LOWER,SS,2020,0
RL.PER.RNK.LOWER,SS,2019,0
RL.PER.RNK.LOWER,SS,2018,0
RL.PER.RNK.LOWER,SS,2017,0
RL.PER.RNK.LOWER,SS,2016,0
RL.PER.RNK.LOWER,SS,2015,0
RL.PER.RNK.LOWER,SS,2014,0
RL.PER.RNK.LOWER,SS,2013,0
RL.PER.RNK.LOWER,SS,2012,0
RL.PER.RNK.LOWER,SS,2011,0.469483554363251
RL.PER.RNK.LOWER,SS,2010,None
RL.PER.RNK.LOWER,SS,2009,None
RL.PER.RNK.LOWER,SS,2008,None
RL.PER.RNK.LOWER,SS,2007,None
RL.PER.RNK.LOWER,SS,2006,None
RL.PER.RNK.LOWER,SS,2005,None
RL.PER.RNK.LOWER,SS,2004,None
RL.PER.RNK.LOWER,SS,2003,None
RL.PER.RNK.LOWER,SS,2002,None
RL.PER.RNK.LOWER,SS,2001,None
RL.PER.RNK.LOWER,SS,2000,None
RL.PER.RNK.LOWER,SS,1999,None
RL.PER.RNK.LOWER,SS,1998,None
RL.PER.RNK.LOWER,SS,1997,None
RL.PER.RNK.LOWER,SS,1996,None
RL.PER.RNK.LOWER,SS,1995,None
RL.PER.RNK.LOWER,ST,2023,None
RL.PER.RNK.LOWER,ST,2022,19.8113212585449
RL.PER.RNK.LOWER,ST,2021,16.6666660308838
RL.PER.RNK.LOWER,ST,2020,17.619047164917
RL.PER.RNK.LOWER,ST,2019,17.1428565979004
RL.PER.RNK.LOWER,ST,2018,16.6666660308838
RL.PER.RNK.LOWER,ST,2017,14.7619047164917
RL.PER.RNK.LOWER,ST,2016,16.6666660308838
RL.PER.RNK.LOWER,ST,2015,12.380952835083
RL.PER.RNK.LOWER,ST,2014,11.5384616851807
RL.PER.RNK.LOWER,ST,2013,15.023473739624
RL.PER.RNK.LOWER,ST,2012,15.962441444397
RL.PER.RNK.LOWER,ST,2011,18.7793426513672
RL.PER.RNK.LOWER,ST,2010,18.9573459625244
RL.PER.RNK.LOWER,ST,2009,17.5355453491211
RL.PER.RNK.LOWER,ST,2008,24.0384616851807
RL.PER.RNK.LOWER,ST,2007,25.3588523864746
RL.PER.RNK.LOWER,ST,2006,24.8803825378418
RL.PER.RNK.LOWER,ST,2005,21.0526313781738
RL.PER.RNK.LOWER,ST,2004,30.769229888916
RL.PER.RNK.LOWER,ST,2003,27.3631839752197
RL.PER.RNK.LOWER,ST,2002,28.8557205200195
RL.PER.RNK.LOWER,ST,2001,None
RL.PER.RNK.LOWER,ST,2000,41.7910461425781
RL.PER.RNK.LOWER,ST,1999,None
RL.PER.RNK.LOWER,ST,1998,42.5
RL.PER.RNK.LOWER,ST,1997,None
RL.PER.RNK.LOWER,ST,1996,40.7035179138184
RL.PER.RNK.LOWER,ST,1995,None
RL.PER.RNK.LOWER,SZ,2023,None
RL.PER.RNK.LOWER,SZ,2022,19.8113212585449
RL.PER.RNK.LOWER,SZ,2021,20.9523811340332
RL.PER.RNK.LOWER,SZ,2020,22.8571434020996
RL.PER.RNK.LOWER,SZ,2019,22.8571434020996
RL.PER.RNK.LOWER,SZ,2018,31.4285717010498
RL.PER.RNK.LOWER,SZ,2017,30.4761905670166
RL.PER.RNK.LOWER,SZ,2016,24.761905670166
RL.PER.RNK.LOWER,SZ,2015,30
RL.PER.RNK.LOWER,SZ,2014,31.25
RL.PER.RNK.LOWER,SZ,2013,25.8215961456299
RL.PER.RNK.LOWER,SZ,2012,24.4131450653076
RL.PER.RNK.LOWER,SZ,2011,24.8826293945313
RL.PER.RNK.LOWER,SZ,2010,26.5402851104736
RL.PER.RNK.LOWER,SZ,2009,24.6445503234863
RL.PER.RNK.LOWER,SZ,2008,21.634614944458
RL.PER.RNK.LOWER,SZ,2007,15.3110046386719
RL.PER.RNK.LOWER,SZ,2006,20.0956935882568
RL.PER.RNK.LOWER,SZ,2005,8.13397121429443
RL.PER.RNK.LOWER,SZ,2004,10.0961542129517
RL.PER.RNK.LOWER,SZ,2003,16.4179096221924
RL.PER.RNK.LOWER,SZ,2002,10.945273399353
RL.PER.RNK.LOWER,SZ,2001,None
RL.PER.RNK.LOWER,SZ,2000,13.9303483963013
RL.PER.RNK.LOWER,SZ,1999,None
RL.PER.RNK.LOWER,SZ,1998,14
RL.PER.RNK.LOWER,SZ,1997,None
RL.PER.RNK.LOWER,SZ,1996,18.0904521942139
RL.PER.RNK.LOWER,SZ,1995,None
RL.PER.RNK.LOWER,SY,2023,None
RL.PER.RNK.LOWER,SY,2022,0
RL.PER.RNK.LOWER,SY,2021,0
RL.PER.RNK.LOWER,SY,2020,0
RL.PER.RNK.LOWER,SY,2019,0
RL.PER.RNK.LOWER,SY,2018,0
RL.PER.RNK.LOWER,SY,2017,0
RL.PER.RNK.LOWER,SY,2016,0
RL.PER.RNK.LOWER,SY,2015,0.952380955219269
RL.PER.RNK.LOWER,SY,2014,1.44230771064758
RL.PER.RNK.LOWER,SY,2013,0.938967108726501
RL.PER.RNK.LOWER,SY,2012,5.16431903839111
RL.PER.RNK.LOWER,SY,2011,15.4929580688477
RL.PER.RNK.LOWER,SY,2010,23.222749710083
RL.PER.RNK.LOWER,SY,2009,22.274881362915
RL.PER.RNK.LOWER,SY,2008,16.8269233703613
RL.PER.RNK.LOWER,SY,2007,12.4401912689209
RL.PER.RNK.LOWER,SY,2006,10.0478467941284
RL.PER.RNK.LOWER,SY,2005,21.0526313781738
RL.PER.RNK.LOWER,SY,2004,24.0384616851807
RL.PER.RNK.LOWER,SY,2003,25.3731346130371
RL.PER.RNK.LOWER,SY,2002,21.8905467987061
RL.PER.RNK.LOWER,SY,2001,None
RL.PER.RNK.LOWER,SY,2000,26.3681583404541
RL.PER.RNK.LOWER,SY,1999,None
RL.PER.RNK.LOWER,SY,1998,21.5
RL.PER.RNK.LOWER,SY,1997,None
RL.PER.RNK.LOWER,SY,1996,21.1055278778076
RL.PER.RNK.LOWER,SY,1995,None
RL.PER.RNK.LOWER,TD,2023,None
RL.PER.RNK.LOWER,TD,2022,5.18867921829224
RL.PER.RNK.LOWER,TD,2021,4.7619047164917
RL.PER.RNK.LOWER,TD,2020,4.7619047164917
RL.PER.RNK.LOWER,TD,2019,5.2380952835083
RL.PER.RNK.LOWER,TD,2018,5.2380952835083
RL.PER.RNK.LOWER,TD,2017,5.2380952835083
RL.PER.RNK.LOWER,TD,2016,2.85714292526245
RL.PER.RNK.LOWER,TD,2015,4.2857141494751
RL.PER.RNK.LOWER,TD,2014,4.32692289352417
RL.PER.RNK.LOWER,TD,2013,0.938967108726501
RL.PER.RNK.LOWER,TD,2012,0.469483554363251
RL.PER.RNK.LOWER,TD,2011,0.938967108726501
RL.PER.RNK.LOWER,TD,2010,0.947867274284363
RL.PER.RNK.LOWER,TD,2009,0.947867274284363
RL.PER.RNK.LOWER,TD,2008,0.480769217014313
RL.PER.RNK.LOWER,TD,2007,1.43540668487549
RL.PER.RNK.LOWER,TD,2006,0.478468894958496
RL.PER.RNK.LOWER,TD,2005,0.478468894958496
RL.PER.RNK.LOWER,TD,2004,2.88461542129517
RL.PER.RNK.LOWER,TD,2003,0
RL.PER.RNK.LOWER,TD,2002,3.48258709907532
RL.PER.RNK.LOWER,TD,2001,None
RL.PER.RNK.LOWER,TD,2000,2.98507452011108
RL.PER.RNK.LOWER,TD,1999,None
RL.PER.RNK.LOWER,TD,1998,2
RL.PER.RNK.LOWER,TD,1997,None
RL.PER.RNK.LOWER,TD,1996,1.50753772258759
RL.PER.RNK.LOWER,TD,1995,None
RL.PER.RNK.LOWER,TG,2023,None
RL.PER.RNK.LOWER,TG,2022,23.5849056243896
RL.PER.RNK.LOWER,TG,2021,22.380952835083
RL.PER.RNK.LOWER,TG,2020,18.5714282989502
RL.PER.RNK.LOWER,TG,2019,21.9047622680664
RL.PER.RNK.LOWER,TG,2018,19.0476188659668
RL.PER.RNK.LOWER,TG,2017,15.2380952835083
RL.PER.RNK.LOWER,TG,2016,17.619047164917
RL.PER.RNK.LOWER,TG,2015,12.380952835083
RL.PER.RNK.LOWER,TG,2014,11.057692527771
RL.PER.RNK.LOWER,TG,2013,9.85915470123291
RL.PER.RNK.LOWER,TG,2012,9.38967132568359
RL.PER.RNK.LOWER,TG,2011,12.6760559082031
RL.PER.RNK.LOWER,TG,2010,10.9004735946655
RL.PER.RNK.LOWER,TG,2009,12.3222751617432
RL.PER.RNK.LOWER,TG,2008,12.9807691574097
RL.PER.RNK.LOWER,TG,2007,10.5263156890869
RL.PER.RNK.LOWER,TG,2006,10.0478467941284
RL.PER.RNK.LOWER,TG,2005,7.17703342437744
RL.PER.RNK.LOWER,TG,2004,5.76923084259033
RL.PER.RNK.LOWER,TG,2003,7.46268653869629
RL.PER.RNK.LOWER,TG,2002,10.945273399353
RL.PER.RNK.LOWER,TG,2001,None
RL.PER.RNK.LOWER,TG,2000,17.412935256958
RL.PER.RNK.LOWER,TG,1999,None
RL.PER.RNK.LOWER,TG,1998,10.5
RL.PER.RNK.LOWER,TG,1997,None
RL.PER.RNK.LOWER,TG,1996,10.5527639389038
RL.PER.RNK.LOWER,TG,1995,None
RL.PER.RNK.LOWER,TJ,2023,None
RL.PER.RNK.LOWER,TJ,2022,5.66037750244141
RL.PER.RNK.LOWER,TJ,2021,6.66666650772095
RL.PER.RNK.LOWER,TJ,2020,5.2380952835083
RL.PER.RNK.LOWER,TJ,2019,5.2380952835083
RL.PER.RNK.LOWER,TJ,2018,5.2380952835083
RL.PER.RNK.LOWER,TJ,2017,4.2857141494751
RL.PER.RNK.LOWER,TJ,2016,6.66666650772095
RL.PER.RNK.LOWER,TJ,2015,6.1904764175415
RL.PER.RNK.LOWER,TJ,2014,7.21153831481934
RL.PER.RNK.LOWER,TJ,2013,3.75586843490601
RL.PER.RNK.LOWER,TJ,2012,3.75586843490601
RL.PER.RNK.LOWER,TJ,2011,3.28638505935669
RL.PER.RNK.LOWER,TJ,2010,4.26540279388428
RL.PER.RNK.LOWER,TJ,2009,3.79146909713745
RL.PER.RNK.LOWER,TJ,2008,3.8461537361145
RL.PER.RNK.LOWER,TJ,2007,3.82775115966797
RL.PER.RNK.LOWER,TJ,2006,4.78468894958496
RL.PER.RNK.LOWER,TJ,2005,7.17703342437744
RL.PER.RNK.LOWER,TJ,2004,5.28846168518066
RL.PER.RNK.LOWER,TJ,2003,6.46766185760498
RL.PER.RNK.LOWER,TJ,2002,5.47263669967651
RL.PER.RNK.LOWER,TJ,2001,None
RL.PER.RNK.LOWER,TJ,2000,1.49253726005554
RL.PER.RNK.LOWER,TJ,1999,None
RL.PER.RNK.LOWER,TJ,1998,0
RL.PER.RNK.LOWER,TJ,1997,None
RL.PER.RNK.LOWER,TJ,1996,0
RL.PER.RNK.LOWER,TJ,1995,None
RL.PER.RNK.LOWER,TL,2023,None
RL.PER.RNK.LOWER,TL,2022,12.2641506195068
RL.PER.RNK.LOWER,TL,2021,7.61904764175415
RL.PER.RNK.LOWER,TL,2020,5.2380952835083
RL.PER.RNK.LOWER,TL,2019,5.7142858505249
RL.PER.RNK.LOWER,TL,2018,6.1904764175415
RL.PER.RNK.LOWER,TL,2017,5.2380952835083
RL.PER.RNK.LOWER,TL,2016,5.7142858505249
RL.PER.RNK.LOWER,TL,2015,4.7619047164917
RL.PER.RNK.LOWER,TL,2014,4.32692289352417
RL.PER.RNK.LOWER,TL,2013,3.75586843490601
RL.PER.RNK.LOWER,TL,2012,4.6948356628418
RL.PER.RNK.LOWER,TL,2011,4.22535228729248
RL.PER.RNK.LOWER,TL,2010,4.26540279388428
RL.PER.RNK.LOWER,TL,2009,3.79146909713745
RL.PER.RNK.LOWER,TL,2008,7.21153831481934
RL.PER.RNK.LOWER,TL,2007,1.91387557983398
RL.PER.RNK.LOWER,TL,2006,3.82775115966797
RL.PER.RNK.LOWER,TL,2005,21.0526313781738
RL.PER.RNK.LOWER,TL,2004,15.865385055542
RL.PER.RNK.LOWER,TL,2003,18.4079608917236
RL.PER.RNK.LOWER,TL,2002,6.46766185760498
RL.PER.RNK.LOWER,TL,2001,None
RL.PER.RNK.LOWER,TL,2000,32.3383102416992
RL.PER.RNK.LOWER,TL,1999,None
RL.PER.RNK.LOWER,TL,1998,0
RL.PER.RNK.LOWER,TL,1997,None
RL.PER.RNK.LOWER,TL,1996,0
RL.PER.RNK.LOWER,TL,1995,None
RL.PER.RNK.LOWER,TN,2023,None
RL.PER.RNK.LOWER,TN,2022,40.0943412780762
RL.PER.RNK.LOWER,TN,2021,46.1904754638672
RL.PER.RNK.LOWER,TN,2020,50.476188659668
RL.PER.RNK.LOWER,TN,2019,49.0476188659668
RL.PER.RNK.LOWER,TN,2018,47.6190490722656
RL.PER.RNK.LOWER,TN,2017,48.0952377319336
RL.PER.RNK.LOWER,TN,2016,45.238094329834
RL.PER.RNK.LOWER,TN,2015,44.761905670166
RL.PER.RNK.LOWER,TN,2014,43.269229888916
RL.PER.RNK.LOWER,TN,2013,41.7840385437012
RL.PER.RNK.LOWER,TN,2012,42.2535209655762
RL.PER.RNK.LOWER,TN,2011,42.2535209655762
RL.PER.RNK.LOWER,TN,2010,47.3933639526367
RL.PER.RNK.LOWER,TN,2009,49.7630348205566
RL.PER.RNK.LOWER,TN,2008,49.519229888916
RL.PER.RNK.LOWER,TN,2007,48.8038291931152
RL.PER.RNK.LOWER,TN,2006,50.2392349243164
RL.PER.RNK.LOWER,TN,2005,43.0622024536133
RL.PER.RNK.LOWER,TN,2004,44.230770111084
RL.PER.RNK.LOWER,TN,2003,38.3084564208984
RL.PER.RNK.LOWER,TN,2002,38.3084564208984
RL.PER.RNK.LOWER,TN,2001,None
RL.PER.RNK.LOWER,TN,2000,33.3333320617676
RL.PER.RNK.LOWER,TN,1999,None
RL.PER.RNK.LOWER,TN,1998,30
RL.PER.RNK.LOWER,TN,1997,None
RL.PER.RNK.LOWER,TN,1996,30.6532669067383
RL.PER.RNK.LOWER,TN,1995,None
RL.PER.RNK.LOWER,TZ,2023,None
RL.PER.RNK.LOWER,TZ,2022,24.5283012390137
RL.PER.RNK.LOWER,TZ,2021,23.3333339691162
RL.PER.RNK.LOWER,TZ,2020,20.9523811340332
RL.PER.RNK.LOWER,TZ,2019,22.380952835083
RL.PER.RNK.LOWER,TZ,2018,21.9047622680664
RL.PER.RNK.LOWER,TZ,2017,26.1904754638672
RL.PER.RNK.LOWER,TZ,2016,29.5238094329834
RL.PER.RNK.LOWER,TZ,2015,30
RL.PER.RNK.LOWER,TZ,2014,31.25
RL.PER.RNK.LOWER,TZ,2013,30.9859161376953
RL.PER.RNK.LOWER,TZ,2012,26.7605628967285
RL.PER.RNK.LOWER,TZ,2011,28.1690139770508
RL.PER.RNK.LOWER,TZ,2010,28.9099521636963
RL.PER.RNK.LOWER,TZ,2009,28.9099521636963
RL.PER.RNK.LOWER,TZ,2008,34.1346168518066
RL.PER.RNK.LOWER,TZ,2007,32.0574150085449
RL.PER.RNK.LOWER,TZ,2006,29.6650714874268
RL.PER.RNK.LOWER,TZ,2005,35.8851661682129
RL.PER.RNK.LOWER,TZ,2004,31.730770111084
RL.PER.RNK.LOWER,TZ,2003,32.3383102416992
RL.PER.RNK.LOWER,TZ,2002,32.3383102416992
RL.PER.RNK.LOWER,TZ,2001,None
RL.PER.RNK.LOWER,TZ,2000,32.3383102416992
RL.PER.RNK.LOWER,TZ,1999,None
RL.PER.RNK.LOWER,TZ,1998,35
RL.PER.RNK.LOWER,TZ,1997,None
RL.PER.RNK.LOWER,TZ,1996,33.668342590332
RL.PER.RNK.LOWER,TZ,1995,None
RL.PER.RNK.LOWER,UG,2023,None
RL.PER.RNK.LOWER,UG,2022,25.4716987609863
RL.PER.RNK.LOWER,UG,2021,29.5238094329834
RL.PER.RNK.LOWER,UG,2020,30.9523811340332
RL.PER.RNK.LOWER,UG,2019,29.0476188659668
RL.PER.RNK.LOWER,UG,2018,32.3809509277344
RL.PER.RNK.LOWER,UG,2017,31.4285717010498
RL.PER.RNK.LOWER,UG,2016,31.9047622680664
RL.PER.RNK.LOWER,UG,2015,29.5238094329834
RL.PER.RNK.LOWER,UG,2014,31.25
RL.PER.RNK.LOWER,UG,2013,34.7417831420898
RL.PER.RNK.LOWER,UG,2012,34.7417831420898
RL.PER.RNK.LOWER,UG,2011,32.8638496398926
RL.PER.RNK.LOWER,UG,2010,31.7535552978516
RL.PER.RNK.LOWER,UG,2009,31.2796211242676
RL.PER.RNK.LOWER,UG,2008,35.0961532592773
RL.PER.RNK.LOWER,UG,2007,34.9282302856445
RL.PER.RNK.LOWER,UG,2006,34.9282302856445
RL.PER.RNK.LOWER,UG,2005,26.7942581176758
RL.PER.RNK.LOWER,UG,2004,17.7884616851807
RL.PER.RNK.LOWER,UG,2003,23.3830852508545
RL.PER.RNK.LOWER,UG,2002,16.9154224395752
RL.PER.RNK.LOWER,UG,2001,None
RL.PER.RNK.LOWER,UG,2000,12.93532371521
RL.PER.RNK.LOWER,UG,1999,None
RL.PER.RNK.LOWER,UG,1998,17.5
RL.PER.RNK.LOWER,UG,1997,None
RL.PER.RNK.LOWER,UG,1996,21.1055278778076
RL.PER.RNK.LOWER,UG,1995,None
RL.PER.RNK.LOWER,UZ,2023,None
RL.PER.RNK.LOWER,UZ,2022,13.2075471878052
RL.PER.RNK.LOWER,UZ,2021,11.4285717010498
RL.PER.RNK.LOWER,UZ,2020,6.1904764175415
RL.PER.RNK.LOWER,UZ,2019,6.1904764175415
RL.PER.RNK.LOWER,UZ,2018,6.66666650772095
RL.PER.RNK.LOWER,UZ,2017,7.14285707473755
RL.PER.RNK.LOWER,UZ,2016,7.14285707473755
RL.PER.RNK.LOWER,UZ,2015,5.2380952835083
RL.PER.RNK.LOWER,UZ,2014,5.28846168518066
RL.PER.RNK.LOWER,UZ,2013,3.75586843490601
RL.PER.RNK.LOWER,UZ,2012,2.81690144538879
RL.PER.RNK.LOWER,UZ,2011,1.4084507226944
RL.PER.RNK.LOWER,UZ,2010,1.89573454856873
RL.PER.RNK.LOWER,UZ,2009,2.36966824531555
RL.PER.RNK.LOWER,UZ,2008,5.76923084259033
RL.PER.RNK.LOWER,UZ,2007,4.30622005462646
RL.PER.RNK.LOWER,UZ,2006,0.956937789916992
RL.PER.RNK.LOWER,UZ,2005,0.478468894958496
RL.PER.RNK.LOWER,UZ,2004,3.36538457870483
RL.PER.RNK.LOWER,UZ,2003,3.48258709907532
RL.PER.RNK.LOWER,UZ,2002,0.497512429952621
RL.PER.RNK.LOWER,UZ,2001,None
RL.PER.RNK.LOWER,UZ,2000,2.98507452011108
RL.PER.RNK.LOWER,UZ,1999,None
RL.PER.RNK.LOWER,UZ,1998,2.5
RL.PER.RNK.LOWER,UZ,1997,None
RL.PER.RNK.LOWER,UZ,1996,3.51758790016174
RL.PER.RNK.LOWER,UZ,1995,None
RL.PER.RNK.LOWER,VN,2023,None
RL.PER.RNK.LOWER,VN,2022,38.2075462341309
RL.PER.RNK.LOWER,VN,2021,35.238094329834
RL.PER.RNK.LOWER,VN,2020,36.1904754638672
RL.PER.RNK.LOWER,VN,2019,43.3333320617676
RL.PER.RNK.LOWER,VN,2018,43.3333320617676
RL.PER.RNK.LOWER,VN,2017,45.7142868041992
RL.PER.RNK.LOWER,VN,2016,45.7142868041992
RL.PER.RNK.LOWER,VN,2015,30.4761905670166
RL.PER.RNK.LOWER,VN,2014,31.730770111084
RL.PER.RNK.LOWER,VN,2013,27.2300472259521
RL.PER.RNK.LOWER,VN,2012,26.2910804748535
RL.PER.RNK.LOWER,VN,2011,25.8215961456299
RL.PER.RNK.LOWER,VN,2010,25.1184825897217
RL.PER.RNK.LOWER,VN,2009,27.488151550293
RL.PER.RNK.LOWER,VN,2008,26.9230766296387
RL.PER.RNK.LOWER,VN,2007,26.7942581176758
RL.PER.RNK.LOWER,VN,2006,25.8373203277588
RL.PER.RNK.LOWER,VN,2005,33.9712905883789
RL.PER.RNK.LOWER,VN,2004,20.1923084259033
RL.PER.RNK.LOWER,VN,2003,18.4079608917236
RL.PER.RNK.LOWER,VN,2002,17.9104480743408
RL.PER.RNK.LOWER,VN,2001,None
RL.PER.RNK.LOWER,VN,2000,32.3383102416992
RL.PER.RNK.LOWER,VN,1999,None
RL.PER.RNK.LOWER,VN,1998,27.5
RL.PER.RNK.LOWER,VN,1997,None
RL.PER.RNK.LOWER,VN,1996,22.6130657196045
RL.PER.RNK.LOWER,VN,1995,None
RL.PER.RNK.LOWER,VU,2023,None
RL.PER.RNK.LOWER,VU,2022,45.7547187805176
RL.PER.RNK.LOWER,VU,2021,50.9523811340332
RL.PER.RNK.LOWER,VU,2020,44.761905670166
RL.PER.RNK.LOWER,VU,2019,44.2857131958008
RL.PER.RNK.LOWER,VU,2018,50.476188659668
RL.PER.RNK.LOWER,VU,2017,54.2857131958008
RL.PER.RNK.LOWER,VU,2016,51.4285697937012
RL.PER.RNK.LOWER,VU,2015,45.7142868041992
RL.PER.RNK.LOWER,VU,2014,50
RL.PER.RNK.LOWER,VU,2013,54.9295768737793
RL.PER.RNK.LOWER,VU,2012,54.9295768737793
RL.PER.RNK.LOWER,VU,2011,53.9906120300293
RL.PER.RNK.LOWER,VU,2010,52.1327018737793
RL.PER.RNK.LOWER,VU,2009,56.8720397949219
RL.PER.RNK.LOWER,VU,2008,58.1730766296387
RL.PER.RNK.LOWER,VU,2007,56.9377975463867
RL.PER.RNK.LOWER,VU,2006,55.0239219665527
RL.PER.RNK.LOWER,VU,2005,55.5023918151855
RL.PER.RNK.LOWER,VU,2004,50.480770111084
RL.PER.RNK.LOWER,VU,2003,49.7512435913086
RL.PER.RNK.LOWER,VU,2002,52.2388076782227
RL.PER.RNK.LOWER,VU,2001,None
RL.PER.RNK.LOWER,VU,2000,51.7412948608398
RL.PER.RNK.LOWER,VU,1999,None
RL.PER.RNK.LOWER,VU,1998,35.5
RL.PER.RNK.LOWER,VU,1997,None
RL.PER.RNK.LOWER,VU,1996,32.6633148193359
RL.PER.RNK.LOWER,VU,1995,None
RL.PER.RNK.LOWER,WS,2023,None
RL.PER.RNK.LOWER,WS,2022,61.3207550048828
RL.PER.RNK.LOWER,WS,2021,58.0952377319336
RL.PER.RNK.LOWER,WS,2020,64.2857131958008
RL.PER.RNK.LOWER,WS,2019,73.3333358764648
RL.PER.RNK.LOWER,WS,2018,62.8571434020996
RL.PER.RNK.LOWER,WS,2017,63.3333320617676
RL.PER.RNK.LOWER,WS,2016,60.9523811340332
RL.PER.RNK.LOWER,WS,2015,64.2857131958008
RL.PER.RNK.LOWER,WS,2014,66.3461532592773
RL.PER.RNK.LOWER,WS,2013,63.3802833557129
RL.PER.RNK.LOWER,WS,2012,63.3802833557129
RL.PER.RNK.LOWER,WS,2011,62.4413146972656
RL.PER.RNK.LOWER,WS,2010,62.0853080749512
RL.PER.RNK.LOWER,WS,2009,60.6635055541992
RL.PER.RNK.LOWER,WS,2008,63.9423065185547
RL.PER.RNK.LOWER,WS,2007,63.6363639831543
RL.PER.RNK.LOWER,WS,2006,64.1148300170898
RL.PER.RNK.LOWER,WS,2005,69.3779907226563
RL.PER.RNK.LOWER,WS,2004,62.019229888916
RL.PER.RNK.LOWER,WS,2003,70.1492538452148
RL.PER.RNK.LOWER,WS,2002,68.6567153930664
RL.PER.RNK.LOWER,WS,2001,None
RL.PER.RNK.LOWER,WS,2000,64.1791076660156
RL.PER.RNK.LOWER,WS,1999,None
RL.PER.RNK.LOWER,WS,1998,64
RL.PER.RNK.LOWER,WS,1997,None
RL.PER.RNK.LOWER,WS,1996,62.3115577697754
RL.PER.RNK.LOWER,WS,1995,None
RL.PER.RNK.LOWER,YE,2023,None
RL.PER.RNK.LOWER,YE,2022,0.471698105335236
RL.PER.RNK.LOWER,YE,2021,0.476190477609634
RL.PER.RNK.LOWER,YE,2020,0.952380955219269
RL.PER.RNK.LOWER,YE,2019,0.952380955219269
RL.PER.RNK.LOWER,YE,2018,0.476190477609634
RL.PER.RNK.LOWER,YE,2017,0.952380955219269
RL.PER.RNK.LOWER,YE,2016,0.952380955219269
RL.PER.RNK.LOWER,YE,2015,2.38095235824585
RL.PER.RNK.LOWER,YE,2014,2.4038462638855
RL.PER.RNK.LOWER,YE,2013,3.75586843490601
RL.PER.RNK.LOWER,YE,2012,2.81690144538879
RL.PER.RNK.LOWER,YE,2011,2.3474178314209
RL.PER.RNK.LOWER,YE,2010,7.10900497436523
RL.PER.RNK.LOWER,YE,2009,5.21327018737793
RL.PER.RNK.LOWER,YE,2008,9.13461494445801
RL.PER.RNK.LOWER,YE,2007,9.09090900421143
RL.PER.RNK.LOWER,YE,2006,8.13397121429443
RL.PER.RNK.LOWER,YE,2005,3.34928226470947
RL.PER.RNK.LOWER,YE,2004,4.32692289352417
RL.PER.RNK.LOWER,YE,2003,2.48756217956543
RL.PER.RNK.LOWER,YE,2002,0
RL.PER.RNK.LOWER,YE,2001,None
RL.PER.RNK.LOWER,YE,2000,1.49253726005554
RL.PER.RNK.LOWER,YE,1999,None
RL.PER.RNK.LOWER,YE,1998,1.5
RL.PER.RNK.LOWER,YE,1997,None
RL.PER.RNK.LOWER,YE,1996,1.50753772258759
RL.PER.RNK.LOWER,YE,1995,None
RL.PER.RNK.LOWER,ZM,2023,None
RL.PER.RNK.LOWER,ZM,2022,23.5849056243896
RL.PER.RNK.LOWER,ZM,2021,21.4285717010498
RL.PER.RNK.LOWER,ZM,2020,20.4761905670166
RL.PER.RNK.LOWER,ZM,2019,24.761905670166
RL.PER.RNK.LOWER,ZM,2018,30.4761905670166
RL.PER.RNK.LOWER,ZM,2017,30.9523811340332
RL.PER.RNK.LOWER,ZM,2016,30.9523811340332
RL.PER.RNK.LOWER,ZM,2015,38.0952377319336
RL.PER.RNK.LOWER,ZM,2014,37.980770111084
RL.PER.RNK.LOWER,ZM,2013,40.8450698852539
RL.PER.RNK.LOWER,ZM,2012,34.7417831420898
RL.PER.RNK.LOWER,ZM,2011,29.577465057373
RL.PER.RNK.LOWER,ZM,2010,28.9099521636963
RL.PER.RNK.LOWER,ZM,2009,28.9099521636963
RL.PER.RNK.LOWER,ZM,2008,31.25
RL.PER.RNK.LOWER,ZM,2007,24.8803825378418
RL.PER.RNK.LOWER,ZM,2006,24.8803825378418
RL.PER.RNK.LOWER,ZM,2005,27.7511959075928
RL.PER.RNK.LOWER,ZM,2004,26.9230766296387
RL.PER.RNK.LOWER,ZM,2003,28.8557205200195
RL.PER.RNK.LOWER,ZM,2002,32.3383102416992
RL.PER.RNK.LOWER,ZM,2001,None
RL.PER.RNK.LOWER,ZM,2000,26.3681583404541
RL.PER.RNK.LOWER,ZM,1999,None
