PV.PER.RNK.UPPER,AF,2019,2.8301887512207
PV.PER.RNK.UPPER,AF,2018,2.35849046707153
PV.PER.RNK.UPPER,AF,2017,1.42857146263123
PV.PER.RNK.UPPER,AF,2016,2.85714292526245
PV.PER.RNK.UPPER,AF,2015,2.85714292526245
PV.PER.RNK.UPPER,AF,2014,5.2380952835083
PV.PER.RNK.UPPER,AF,2013,3.3175356388092
PV.PER.RNK.UPPER,AF,2012,3.79146909713745
PV.PER.RNK.UPPER,AF,2011,2.36966824531555
PV.PER.RNK.UPPER,AF,2010,3.3175356388092
PV.PER.RNK.UPPER,AF,2009,1.89573454856873
PV.PER.RNK.UPPER,AF,2008,1.92307686805725
PV.PER.RNK.UPPER,AF,2007,3.86473441123962
PV.PER.RNK.UPPER,AF,2006,7.24637699127197
PV.PER.RNK.UPPER,AF,2005,6.31067943572998
PV.PER.RNK.UPPER,AF,2004,4.36893224716187
PV.PER.RNK.UPPER,AF,2003,6.03015089035034
PV.PER.RNK.UPPER,AF,2002,12.6984128952026
PV.PER.RNK.UPPER,AF,2001,None
PV.PER.RNK.UPPER,AF,2000,5.8201060295105
PV.PER.RNK.UPPER,AF,1999,None
PV.PER.RNK.UPPER,AF,1998,7.44680833816528
PV.PER.RNK.UPPER,AF,1997,None
PV.PER.RNK.UPPER,AF,1996,6.91489362716675
PV.PER.RNK.UPPER,AF,1995,None
PV.PER.RNK.UPPER,AO,2019,46.698112487793
PV.PER.RNK.UPPER,AO,2018,46.2264137268066
PV.PER.RNK.UPPER,AO,2017,45.238094329834
PV.PER.RNK.UPPER,AO,2016,48.0952377319336
PV.PER.RNK.UPPER,AO,2015,40.476188659668
PV.PER.RNK.UPPER,AO,2014,45.7142868041992
PV.PER.RNK.UPPER,AO,2013,45.497631072998
PV.PER.RNK.UPPER,AO,2012,43.6018943786621
PV.PER.RNK.UPPER,AO,2011,48.8151664733887
PV.PER.RNK.UPPER,AO,2010,51.6587677001953
PV.PER.RNK.UPPER,AO,2009,47.3933639526367
PV.PER.RNK.UPPER,AO,2008,47.1153831481934
PV.PER.RNK.UPPER,AO,2007,37.1980667114258
PV.PER.RNK.UPPER,AO,2006,42.0289840698242
PV.PER.RNK.UPPER,AO,2005,33.980583190918
PV.PER.RNK.UPPER,AO,2004,26.2135925292969
PV.PER.RNK.UPPER,AO,2003,29.1457290649414
PV.PER.RNK.UPPER,AO,2002,17.4603176116943
PV.PER.RNK.UPPER,AO,2001,None
PV.PER.RNK.UPPER,AO,2000,8.99470901489258
PV.PER.RNK.UPPER,AO,1999,None
PV.PER.RNK.UPPER,AO,1998,6.91489362716675
PV.PER.RNK.UPPER,AO,1997,None
PV.PER.RNK.UPPER,AO,1996,8.51063823699951
PV.PER.RNK.UPPER,AO,1995,None
PV.PER.RNK.UPPER,BI,2019,11.7924528121948
PV.PER.RNK.UPPER,BI,2018,11.3207550048828
PV.PER.RNK.UPPER,BI,2017,8.09523773193359
PV.PER.RNK.UPPER,BI,2016,8.5714282989502
PV.PER.RNK.UPPER,BI,2015,7.61904764175415
PV.PER.RNK.UPPER,BI,2014,29.5238094329834
PV.PER.RNK.UPPER,BI,2013,18.0094795227051
PV.PER.RNK.UPPER,BI,2012,10.4265403747559
PV.PER.RNK.UPPER,BI,2011,9.95260620117188
PV.PER.RNK.UPPER,BI,2010,12.3222751617432
PV.PER.RNK.UPPER,BI,2009,19.9052124023438
PV.PER.RNK.UPPER,BI,2008,13.4615383148193
PV.PER.RNK.UPPER,BI,2007,17.8743953704834
PV.PER.RNK.UPPER,BI,2006,17.8743953704834
PV.PER.RNK.UPPER,BI,2005,18.4466018676758
PV.PER.RNK.UPPER,BI,2004,3.88349509239197
PV.PER.RNK.UPPER,BI,2003,5.52763795852661
PV.PER.RNK.UPPER,BI,2002,9.5238094329834
PV.PER.RNK.UPPER,BI,2001,None
PV.PER.RNK.UPPER,BI,2000,12.1693124771118
PV.PER.RNK.UPPER,BI,1999,None
PV.PER.RNK.UPPER,BI,1998,7.97872352600098
PV.PER.RNK.UPPER,BI,1997,None
PV.PER.RNK.UPPER,BI,1996,9.04255294799805
PV.PER.RNK.UPPER,BI,1995,None
PV.PER.RNK.UPPER,BJ,2019,45.7547187805176
PV.PER.RNK.UPPER,BJ,2018,53.301887512207
PV.PER.RNK.UPPER,BJ,2017,61.4285697937012
PV.PER.RNK.UPPER,BJ,2016,58.0952377319336
PV.PER.RNK.UPPER,BJ,2015,57.6190490722656
PV.PER.RNK.UPPER,BJ,2014,59.0476188659668
PV.PER.RNK.UPPER,BJ,2013,67.7725143432617
PV.PER.RNK.UPPER,BJ,2012,70.1421813964844
PV.PER.RNK.UPPER,BJ,2011,69.1943130493164
PV.PER.RNK.UPPER,BJ,2010,67.7725143432617
PV.PER.RNK.UPPER,BJ,2009,75.8293838500977
PV.PER.RNK.UPPER,BJ,2008,73.0769195556641
PV.PER.RNK.UPPER,BJ,2007,75.8454132080078
PV.PER.RNK.UPPER,BJ,2006,80.1932373046875
PV.PER.RNK.UPPER,BJ,2005,78.6407775878906
PV.PER.RNK.UPPER,BJ,2004,74.271842956543
PV.PER.RNK.UPPER,BJ,2003,94.9748764038086
PV.PER.RNK.UPPER,BJ,2002,96.8253936767578
PV.PER.RNK.UPPER,BJ,2001,None
PV.PER.RNK.UPPER,BJ,2000,96.2962951660156
PV.PER.RNK.UPPER,BJ,1999,None
PV.PER.RNK.UPPER,BJ,1998,98.4042587280273
PV.PER.RNK.UPPER,BJ,1997,None
PV.PER.RNK.UPPER,BJ,1996,100
PV.PER.RNK.UPPER,BJ,1995,None
PV.PER.RNK.UPPER,BF,2019,16.0377349853516
PV.PER.RNK.UPPER,BF,2018,20.7547168731689
PV.PER.RNK.UPPER,BF,2017,25.7142848968506
PV.PER.RNK.UPPER,BF,2016,25.238094329834
PV.PER.RNK.UPPER,BF,2015,35.7142868041992
PV.PER.RNK.UPPER,BF,2014,29.0476188659668
PV.PER.RNK.UPPER,BF,2013,35.0710906982422
PV.PER.RNK.UPPER,BF,2012,39.3364944458008
PV.PER.RNK.UPPER,BF,2011,40.7582931518555
PV.PER.RNK.UPPER,BF,2010,54.028434753418
PV.PER.RNK.UPPER,BF,2009,61.1374397277832
PV.PER.RNK.UPPER,BF,2008,62.5
PV.PER.RNK.UPPER,BF,2007,70.5314025878906
PV.PER.RNK.UPPER,BF,2006,63.7681159973145
PV.PER.RNK.UPPER,BF,2005,60.1941757202148
PV.PER.RNK.UPPER,BF,2004,61.6504859924316
PV.PER.RNK.UPPER,BF,2003,65.8291473388672
PV.PER.RNK.UPPER,BF,2002,57.1428565979004
PV.PER.RNK.UPPER,BF,2001,None
PV.PER.RNK.UPPER,BF,2000,70.8994674682617
PV.PER.RNK.UPPER,BF,1999,None
PV.PER.RNK.UPPER,BF,1998,64.361701965332
PV.PER.RNK.UPPER,BF,1997,None
PV.PER.RNK.UPPER,BF,1996,60.1063842773438
PV.PER.RNK.UPPER,BF,1995,None
PV.PER.RNK.UPPER,BD,2019,25.4716987609863
PV.PER.RNK.UPPER,BD,2018,24.056604385376
PV.PER.RNK.UPPER,BD,2017,16.1904754638672
PV.PER.RNK.UPPER,BD,2016,15.2380952835083
PV.PER.RNK.UPPER,BD,2015,18.5714282989502
PV.PER.RNK.UPPER,BD,2014,25.7142848968506
PV.PER.RNK.UPPER,BD,2013,10.4265403747559
PV.PER.RNK.UPPER,BD,2012,17.5355453491211
PV.PER.RNK.UPPER,BD,2011,16.5876770019531
PV.PER.RNK.UPPER,BD,2010,15.6398105621338
PV.PER.RNK.UPPER,BD,2009,14.6919431686401
PV.PER.RNK.UPPER,BD,2008,14.4230766296387
PV.PER.RNK.UPPER,BD,2007,14.0096616744995
PV.PER.RNK.UPPER,BD,2006,16.425121307373
PV.PER.RNK.UPPER,BD,2005,10.1941747665405
PV.PER.RNK.UPPER,BD,2004,18.9320392608643
PV.PER.RNK.UPPER,BD,2003,27.6381912231445
PV.PER.RNK.UPPER,BD,2002,28.0423278808594
PV.PER.RNK.UPPER,BD,2001,None
PV.PER.RNK.UPPER,BD,2000,40.2116394042969
PV.PER.RNK.UPPER,BD,1999,None
PV.PER.RNK.UPPER,BD,1998,52.6595726013184
PV.PER.RNK.UPPER,BD,1997,None
PV.PER.RNK.UPPER,BD,1996,49.4680862426758
PV.PER.RNK.UPPER,BD,1995,None
PV.PER.RNK.UPPER,BO,2019,31.6037731170654
PV.PER.RNK.UPPER,BO,2018,50
PV.PER.RNK.UPPER,BO,2017,49.0476188659668
PV.PER.RNK.UPPER,BO,2016,49.0476188659668
PV.PER.RNK.UPPER,BO,2015,49.0476188659668
PV.PER.RNK.UPPER,BO,2014,45.238094329834
PV.PER.RNK.UPPER,BO,2013,46.9194297790527
PV.PER.RNK.UPPER,BO,2012,41.2322273254395
PV.PER.RNK.UPPER,BO,2011,46.445499420166
PV.PER.RNK.UPPER,BO,2010,45.0236968994141
PV.PER.RNK.UPPER,BO,2009,41.2322273254395
PV.PER.RNK.UPPER,BO,2008,35.0961532592773
PV.PER.RNK.UPPER,BO,2007,29.468599319458
PV.PER.RNK.UPPER,BO,2006,31.4009666442871
PV.PER.RNK.UPPER,BO,2005,29.1262130737305
PV.PER.RNK.UPPER,BO,2004,38.3495140075684
PV.PER.RNK.UPPER,BO,2003,35.1758804321289
PV.PER.RNK.UPPER,BO,2002,51.8518524169922
PV.PER.RNK.UPPER,BO,2001,None
PV.PER.RNK.UPPER,BO,2000,59.7883605957031
PV.PER.RNK.UPPER,BO,1999,None
PV.PER.RNK.UPPER,BO,1998,58.5106391906738
PV.PER.RNK.UPPER,BO,1997,None
PV.PER.RNK.UPPER,BO,1996,61.7021293640137
PV.PER.RNK.UPPER,BO,1995,None
PV.PER.RNK.UPPER,BT,2019,97.1698150634766
PV.PER.RNK.UPPER,BT,2018,98.1132049560547
PV.PER.RNK.UPPER,BT,2017,98.0952377319336
PV.PER.RNK.UPPER,BT,2016,98.5714263916016
PV.PER.RNK.UPPER,BT,2015,95.7142868041992
PV.PER.RNK.UPPER,BT,2014,98.0952377319336
PV.PER.RNK.UPPER,BT,2013,91.4691925048828
PV.PER.RNK.UPPER,BT,2012,91.4691925048828
PV.PER.RNK.UPPER,BT,2011,93.3649291992188
PV.PER.RNK.UPPER,BT,2010,90.5213241577148
PV.PER.RNK.UPPER,BT,2009,93.3649291992188
PV.PER.RNK.UPPER,BT,2008,94.711540222168
PV.PER.RNK.UPPER,BT,2007,85.5072479248047
PV.PER.RNK.UPPER,BT,2006,100
PV.PER.RNK.UPPER,BT,2005,100
PV.PER.RNK.UPPER,BT,2004,100
PV.PER.RNK.UPPER,BT,2003,98.4924621582031
PV.PER.RNK.UPPER,BT,2002,94.7089920043945
PV.PER.RNK.UPPER,BT,2001,None
PV.PER.RNK.UPPER,BT,2000,90.476188659668
PV.PER.RNK.UPPER,BT,1999,None
PV.PER.RNK.UPPER,BT,1998,93.0851058959961
PV.PER.RNK.UPPER,BT,1997,None
PV.PER.RNK.UPPER,BT,1996,99.4680862426758
PV.PER.RNK.UPPER,BT,1995,None
PV.PER.RNK.UPPER,CF,2019,5.18867921829224
PV.PER.RNK.UPPER,CF,2018,6.60377359390259
PV.PER.RNK.UPPER,CF,2017,8.5714282989502
PV.PER.RNK.UPPER,CF,2016,9.0476188659668
PV.PER.RNK.UPPER,CF,2015,7.61904764175415
PV.PER.RNK.UPPER,CF,2014,4.2857141494751
PV.PER.RNK.UPPER,CF,2013,5.21327018737793
PV.PER.RNK.UPPER,CF,2012,7.10900497436523
PV.PER.RNK.UPPER,CF,2011,9.95260620117188
PV.PER.RNK.UPPER,CF,2010,7.10900497436523
PV.PER.RNK.UPPER,CF,2009,9.00473976135254
PV.PER.RNK.UPPER,CF,2008,10.5769233703613
PV.PER.RNK.UPPER,CF,2007,10.1449279785156
PV.PER.RNK.UPPER,CF,2006,12.5603866577148
PV.PER.RNK.UPPER,CF,2005,21.3592224121094
PV.PER.RNK.UPPER,CF,2004,18.9320392608643
PV.PER.RNK.UPPER,CF,2003,20.1005020141602
PV.PER.RNK.UPPER,CF,2002,19.0476188659668
PV.PER.RNK.UPPER,CF,2001,None
PV.PER.RNK.UPPER,CF,2000,32.8042335510254
PV.PER.RNK.UPPER,CF,1999,None
PV.PER.RNK.UPPER,CF,1998,30.319149017334
PV.PER.RNK.UPPER,CF,1997,None
PV.PER.RNK.UPPER,CF,1996,31.9148941040039
PV.PER.RNK.UPPER,CF,1995,None
PV.PER.RNK.UPPER,CI,2019,22.6415100097656
PV.PER.RNK.UPPER,CI,2018,26.4150943756104
PV.PER.RNK.UPPER,CI,2017,19.5238094329834
PV.PER.RNK.UPPER,CI,2016,24.761905670166
PV.PER.RNK.UPPER,CI,2015,28.0952377319336
PV.PER.RNK.UPPER,CI,2014,21.4285717010498
PV.PER.RNK.UPPER,CI,2013,23.222749710083
PV.PER.RNK.UPPER,CI,2012,19.4312801361084
PV.PER.RNK.UPPER,CI,2011,16.5876770019531
PV.PER.RNK.UPPER,CI,2010,12.3222751617432
PV.PER.RNK.UPPER,CI,2009,18.9573459625244
PV.PER.RNK.UPPER,CI,2008,9.61538505554199
PV.PER.RNK.UPPER,CI,2007,9.17874431610107
PV.PER.RNK.UPPER,CI,2006,8.69565200805664
PV.PER.RNK.UPPER,CI,2005,4.85436916351318
PV.PER.RNK.UPPER,CI,2004,5.33980560302734
PV.PER.RNK.UPPER,CI,2003,11.0552759170532
PV.PER.RNK.UPPER,CI,2002,12.6984128952026
PV.PER.RNK.UPPER,CI,2001,None
PV.PER.RNK.UPPER,CI,2000,25.9259262084961
PV.PER.RNK.UPPER,CI,1999,None
PV.PER.RNK.UPPER,CI,1998,60.1063842773438
PV.PER.RNK.UPPER,CI,1997,None
PV.PER.RNK.UPPER,CI,1996,68.0851058959961
PV.PER.RNK.UPPER,CI,1995,None
PV.PER.RNK.UPPER,CM,2019,11.7924528121948
PV.PER.RNK.UPPER,CM,2018,13.2075471878052
PV.PER.RNK.UPPER,CM,2017,19.5238094329834
PV.PER.RNK.UPPER,CM,2016,20.9523811340332
PV.PER.RNK.UPPER,CM,2015,22.380952835083
PV.PER.RNK.UPPER,CM,2014,20.9523811340332
PV.PER.RNK.UPPER,CM,2013,40.7582931518555
PV.PER.RNK.UPPER,CM,2012,38.3886260986328
PV.PER.RNK.UPPER,CM,2011,38.3886260986328
PV.PER.RNK.UPPER,CM,2010,33.1753540039063
PV.PER.RNK.UPPER,CM,2009,41.7061614990234
PV.PER.RNK.UPPER,CM,2008,38.9423065185547
PV.PER.RNK.UPPER,CM,2007,44.9275360107422
PV.PER.RNK.UPPER,CM,2006,51.2077293395996
PV.PER.RNK.UPPER,CM,2005,55.3398056030273
PV.PER.RNK.UPPER,CM,2004,48.5436897277832
PV.PER.RNK.UPPER,CM,2003,43.2160797119141
PV.PER.RNK.UPPER,CM,2002,41.2698402404785
PV.PER.RNK.UPPER,CM,2001,None
PV.PER.RNK.UPPER,CM,2000,43.3862419128418
PV.PER.RNK.UPPER,CM,1999,None
PV.PER.RNK.UPPER,CM,1998,35.638298034668
PV.PER.RNK.UPPER,CM,1997,None
PV.PER.RNK.UPPER,CM,1996,34.5744667053223
PV.PER.RNK.UPPER,CM,1995,None
PV.PER.RNK.UPPER,CD,2019,11.7924528121948
PV.PER.RNK.UPPER,CD,2018,6.60377359390259
PV.PER.RNK.UPPER,CD,2017,5.2380952835083
PV.PER.RNK.UPPER,CD,2016,6.1904764175415
PV.PER.RNK.UPPER,CD,2015,6.66666650772095
PV.PER.RNK.UPPER,CD,2014,6.1904764175415
PV.PER.RNK.UPPER,CD,2013,4.7393364906311
PV.PER.RNK.UPPER,CD,2012,5.68720388412476
PV.PER.RNK.UPPER,CD,2011,4.7393364906311
PV.PER.RNK.UPPER,CD,2010,4.26540279388428
PV.PER.RNK.UPPER,CD,2009,7.5829381942749
PV.PER.RNK.UPPER,CD,2008,9.13461494445801
PV.PER.RNK.UPPER,CD,2007,7.72946882247925
PV.PER.RNK.UPPER,CD,2006,7.72946882247925
PV.PER.RNK.UPPER,CD,2005,6.31067943572998
PV.PER.RNK.UPPER,CD,2004,4.36893224716187
PV.PER.RNK.UPPER,CD,2003,9.04522609710693
PV.PER.RNK.UPPER,CD,2002,12.6984128952026
PV.PER.RNK.UPPER,CD,2001,None
PV.PER.RNK.UPPER,CD,2000,5.29100513458252
PV.PER.RNK.UPPER,CD,1999,None
PV.PER.RNK.UPPER,CD,1998,2.12765955924988
PV.PER.RNK.UPPER,CD,1997,None
PV.PER.RNK.UPPER,CD,1996,3.72340416908264
PV.PER.RNK.UPPER,CD,1995,None
PV.PER.RNK.UPPER,CG,2019,50.9433975219727
PV.PER.RNK.UPPER,CG,2018,48.113208770752
PV.PER.RNK.UPPER,CG,2017,39.523811340332
PV.PER.RNK.UPPER,CG,2016,39.0476188659668
PV.PER.RNK.UPPER,CG,2015,40.476188659668
PV.PER.RNK.UPPER,CG,2014,44.2857131958008
PV.PER.RNK.UPPER,CG,2013,42.6540298461914
PV.PER.RNK.UPPER,CG,2012,40.7582931518555
PV.PER.RNK.UPPER,CG,2011,48.8151664733887
PV.PER.RNK.UPPER,CG,2010,50.2369651794434
PV.PER.RNK.UPPER,CG,2009,50.7108993530273
PV.PER.RNK.UPPER,CG,2008,35.0961532592773
PV.PER.RNK.UPPER,CG,2007,33.8164253234863
PV.PER.RNK.UPPER,CG,2006,30.4347820281982
PV.PER.RNK.UPPER,CG,2005,25.7281551361084
PV.PER.RNK.UPPER,CG,2004,23.7864074707031
PV.PER.RNK.UPPER,CG,2003,27.6381912231445
PV.PER.RNK.UPPER,CG,2002,20.1058197021484
PV.PER.RNK.UPPER,CG,2001,None
PV.PER.RNK.UPPER,CG,2000,35.4497337341309
PV.PER.RNK.UPPER,CG,1999,None
PV.PER.RNK.UPPER,CG,1998,18.6170215606689
PV.PER.RNK.UPPER,CG,1997,None
PV.PER.RNK.UPPER,CG,1996,27.1276588439941
PV.PER.RNK.UPPER,CG,1995,None
PV.PER.RNK.UPPER,KM,2019,56.6037750244141
PV.PER.RNK.UPPER,KM,2018,49.5283012390137
PV.PER.RNK.UPPER,KM,2017,62.3809509277344
PV.PER.RNK.UPPER,KM,2016,60.9523811340332
PV.PER.RNK.UPPER,KM,2015,53.8095245361328
PV.PER.RNK.UPPER,KM,2014,53.8095245361328
PV.PER.RNK.UPPER,KM,2013,55.4502372741699
PV.PER.RNK.UPPER,KM,2012,45.0236968994141
PV.PER.RNK.UPPER,KM,2011,48.8151664733887
PV.PER.RNK.UPPER,KM,2010,44.5497627258301
PV.PER.RNK.UPPER,KM,2009,36.9668235778809
PV.PER.RNK.UPPER,KM,2008,27.884614944458
PV.PER.RNK.UPPER,KM,2007,27.0531406402588
PV.PER.RNK.UPPER,KM,2006,53.6231880187988
PV.PER.RNK.UPPER,KM,2005,53.3980598449707
PV.PER.RNK.UPPER,KM,2004,61.6504859924316
PV.PER.RNK.UPPER,KM,2003,40.2010040283203
PV.PER.RNK.UPPER,KM,2002,86.7724838256836
PV.PER.RNK.UPPER,KM,2001,None
PV.PER.RNK.UPPER,KM,2000,73.5449752807617
PV.PER.RNK.UPPER,KM,1999,None
PV.PER.RNK.UPPER,KM,1998,93.0851058959961
PV.PER.RNK.UPPER,KM,1997,None
PV.PER.RNK.UPPER,KM,1996,90.9574432373047
PV.PER.RNK.UPPER,KM,1995,None
PV.PER.RNK.UPPER,CV,2019,93.3962249755859
PV.PER.RNK.UPPER,CV,2018,91.5094375610352
PV.PER.RNK.UPPER,CV,2017,88.5714263916016
PV.PER.RNK.UPPER,CV,2016,92.3809509277344
PV.PER.RNK.UPPER,CV,2015,92.3809509277344
PV.PER.RNK.UPPER,CV,2014,69.523811340332
PV.PER.RNK.UPPER,CV,2013,91.4691925048828
PV.PER.RNK.UPPER,CV,2012,91.9431304931641
PV.PER.RNK.UPPER,CV,2011,91.9431304931641
PV.PER.RNK.UPPER,CV,2010,93.8388595581055
PV.PER.RNK.UPPER,CV,2009,94.3127975463867
PV.PER.RNK.UPPER,CV,2008,96.1538467407227
PV.PER.RNK.UPPER,CV,2007,98.5507278442383
PV.PER.RNK.UPPER,CV,2006,99.5169067382813
PV.PER.RNK.UPPER,CV,2005,99.0291290283203
PV.PER.RNK.UPPER,CV,2004,100
PV.PER.RNK.UPPER,CV,2003,98.4924621582031
PV.PER.RNK.UPPER,CV,2002,95.2380981445313
PV.PER.RNK.UPPER,CV,2001,None
PV.PER.RNK.UPPER,CV,2000,100
PV.PER.RNK.UPPER,CV,1999,None
PV.PER.RNK.UPPER,CV,1998,100
PV.PER.RNK.UPPER,CV,1997,None
PV.PER.RNK.UPPER,CV,1996,100
PV.PER.RNK.UPPER,CV,1995,None
PV.PER.RNK.UPPER,DJ,2019,50.4716987609863
PV.PER.RNK.UPPER,DJ,2018,55.1886787414551
PV.PER.RNK.UPPER,DJ,2017,32.3809509277344
PV.PER.RNK.UPPER,DJ,2016,36.1904754638672
PV.PER.RNK.UPPER,DJ,2015,43.3333320617676
PV.PER.RNK.UPPER,DJ,2014,30
PV.PER.RNK.UPPER,DJ,2013,58.2938385009766
PV.PER.RNK.UPPER,DJ,2012,63.5071105957031
PV.PER.RNK.UPPER,DJ,2011,68.2464447021484
PV.PER.RNK.UPPER,DJ,2010,70.6161117553711
PV.PER.RNK.UPPER,DJ,2009,83.8862533569336
PV.PER.RNK.UPPER,DJ,2008,72.5961532592773
PV.PER.RNK.UPPER,DJ,2007,57.0048294067383
PV.PER.RNK.UPPER,DJ,2006,53.6231880187988
PV.PER.RNK.UPPER,DJ,2005,40.2912635803223
PV.PER.RNK.UPPER,DJ,2004,53.8834953308105
PV.PER.RNK.UPPER,DJ,2003,35.1758804321289
PV.PER.RNK.UPPER,DJ,2002,60.8465614318848
PV.PER.RNK.UPPER,DJ,2001,None
PV.PER.RNK.UPPER,DJ,2000,68.2539672851563
PV.PER.RNK.UPPER,DJ,1999,None
PV.PER.RNK.UPPER,DJ,1998,35.1063842773438
PV.PER.RNK.UPPER,DJ,1997,None
PV.PER.RNK.UPPER,DJ,1996,60.1063842773438
PV.PER.RNK.UPPER,DJ,1995,None
PV.PER.RNK.UPPER,EG,2019,19.8113212585449
PV.PER.RNK.UPPER,EG,2018,17.9245281219482
PV.PER.RNK.UPPER,EG,2017,13.3333330154419
PV.PER.RNK.UPPER,EG,2016,12.8571424484253
PV.PER.RNK.UPPER,EG,2015,10
PV.PER.RNK.UPPER,EG,2014,8.5714282989502
PV.PER.RNK.UPPER,EG,2013,10.4265403747559
PV.PER.RNK.UPPER,EG,2012,16.1137447357178
PV.PER.RNK.UPPER,EG,2011,16.1137447357178
PV.PER.RNK.UPPER,EG,2010,27.962085723877
PV.PER.RNK.UPPER,EG,2009,38.3886260986328
PV.PER.RNK.UPPER,EG,2008,39.9038467407227
PV.PER.RNK.UPPER,EG,2007,38.6473426818848
PV.PER.RNK.UPPER,EG,2006,31.4009666442871
PV.PER.RNK.UPPER,EG,2005,40.2912635803223
PV.PER.RNK.UPPER,EG,2004,32.5242729187012
PV.PER.RNK.UPPER,EG,2003,38.6934661865234
PV.PER.RNK.UPPER,EG,2002,48.1481475830078
PV.PER.RNK.UPPER,EG,2001,None
PV.PER.RNK.UPPER,EG,2000,69.8412704467773
PV.PER.RNK.UPPER,EG,1999,None
PV.PER.RNK.UPPER,EG,1998,65.4255294799805
PV.PER.RNK.UPPER,EG,1997,None
PV.PER.RNK.UPPER,EG,1996,49.4680862426758
PV.PER.RNK.UPPER,EG,1995,None
PV.PER.RNK.UPPER,ER,2019,33.9622650146484
PV.PER.RNK.UPPER,ER,2018,38.2075462341309
PV.PER.RNK.UPPER,ER,2017,31.9047622680664
PV.PER.RNK.UPPER,ER,2016,34.761905670166
PV.PER.RNK.UPPER,ER,2015,27.619047164917
PV.PER.RNK.UPPER,ER,2014,29.0476188659668
PV.PER.RNK.UPPER,ER,2013,36.0189590454102
PV.PER.RNK.UPPER,ER,2012,36.9668235778809
PV.PER.RNK.UPPER,ER,2011,36.0189590454102
PV.PER.RNK.UPPER,ER,2010,32.2274894714355
PV.PER.RNK.UPPER,ER,2009,38.3886260986328
PV.PER.RNK.UPPER,ER,2008,35.5769233703613
PV.PER.RNK.UPPER,ER,2007,26.0869560241699
PV.PER.RNK.UPPER,ER,2006,31.4009666442871
PV.PER.RNK.UPPER,ER,2005,38.3495140075684
PV.PER.RNK.UPPER,ER,2004,41.262134552002
PV.PER.RNK.UPPER,ER,2003,38.6934661865234
PV.PER.RNK.UPPER,ER,2002,62.962963104248
PV.PER.RNK.UPPER,ER,2001,None
PV.PER.RNK.UPPER,ER,2000,42.8571434020996
PV.PER.RNK.UPPER,ER,1999,None
PV.PER.RNK.UPPER,ER,1998,35.1063842773438
PV.PER.RNK.UPPER,ER,1997,None
PV.PER.RNK.UPPER,ER,1996,42.0212783813477
PV.PER.RNK.UPPER,ER,1995,None
PV.PER.RNK.UPPER,ET,2019,16.0377349853516
PV.PER.RNK.UPPER,ET,2018,14.6226415634155
PV.PER.RNK.UPPER,ET,2017,9.0476188659668
PV.PER.RNK.UPPER,ET,2016,10.4761905670166
PV.PER.RNK.UPPER,ET,2015,10
PV.PER.RNK.UPPER,ET,2014,13.3333330154419
PV.PER.RNK.UPPER,ET,2013,17.0616111755371
PV.PER.RNK.UPPER,ET,2012,13.2701425552368
PV.PER.RNK.UPPER,ET,2011,14.2180099487305
PV.PER.RNK.UPPER,ET,2010,12.3222751617432
PV.PER.RNK.UPPER,ET,2009,12.7962083816528
PV.PER.RNK.UPPER,ET,2008,10.5769233703613
PV.PER.RNK.UPPER,ET,2007,9.17874431610107
PV.PER.RNK.UPPER,ET,2006,12.5603866577148
PV.PER.RNK.UPPER,ET,2005,13.5922327041626
PV.PER.RNK.UPPER,ET,2004,20.3883495330811
PV.PER.RNK.UPPER,ET,2003,21.1055278778076
PV.PER.RNK.UPPER,ET,2002,25.3968257904053
PV.PER.RNK.UPPER,ET,2001,None
PV.PER.RNK.UPPER,ET,2000,32.2751312255859
PV.PER.RNK.UPPER,ET,1999,None
PV.PER.RNK.UPPER,ET,1998,42.5531921386719
PV.PER.RNK.UPPER,ET,1997,None
PV.PER.RNK.UPPER,ET,1996,31.9148941040039
PV.PER.RNK.UPPER,ET,1995,None
PV.PER.RNK.UPPER,FM,2019,97.1698150634766
PV.PER.RNK.UPPER,FM,2018,99.5283050537109
PV.PER.RNK.UPPER,FM,2017,98.5714263916016
PV.PER.RNK.UPPER,FM,2016,98.0952377319336
PV.PER.RNK.UPPER,FM,2015,97.6190490722656
PV.PER.RNK.UPPER,FM,2014,97.1428604125977
PV.PER.RNK.UPPER,FM,2013,99.5260696411133
PV.PER.RNK.UPPER,FM,2012,99.5260696411133
PV.PER.RNK.UPPER,FM,2011,99.5260696411133
PV.PER.RNK.UPPER,FM,2010,100
PV.PER.RNK.UPPER,FM,2009,100
PV.PER.RNK.UPPER,FM,2008,100
PV.PER.RNK.UPPER,FM,2007,100
PV.PER.RNK.UPPER,FM,2006,100
PV.PER.RNK.UPPER,FM,2005,100
PV.PER.RNK.UPPER,FM,2004,99.5145645141602
PV.PER.RNK.UPPER,FM,2003,98.9949722290039
PV.PER.RNK.UPPER,FM,2002,None
PV.PER.RNK.UPPER,FM,2001,None
PV.PER.RNK.UPPER,FM,2000,None
PV.PER.RNK.UPPER,FM,1999,None
PV.PER.RNK.UPPER,FM,1998,None
PV.PER.RNK.UPPER,FM,1997,None
PV.PER.RNK.UPPER,FM,1996,None
PV.PER.RNK.UPPER,FM,1995,None
PV.PER.RNK.UPPER,GH,2019,60.8490562438965
PV.PER.RNK.UPPER,GH,2018,56.6037750244141
PV.PER.RNK.UPPER,GH,2017,62.3809509277344
PV.PER.RNK.UPPER,GH,2016,52.8571434020996
PV.PER.RNK.UPPER,GH,2015,57.6190490722656
PV.PER.RNK.UPPER,GH,2014,54.2857131958008
PV.PER.RNK.UPPER,GH,2013,61.1374397277832
PV.PER.RNK.UPPER,GH,2012,62.5592422485352
PV.PER.RNK.UPPER,GH,2011,63.5071105957031
PV.PER.RNK.UPPER,GH,2010,60.1895751953125
PV.PER.RNK.UPPER,GH,2009,61.1374397277832
PV.PER.RNK.UPPER,GH,2008,56.25
PV.PER.RNK.UPPER,GH,2007,54.5893707275391
PV.PER.RNK.UPPER,GH,2006,59.4202880859375
PV.PER.RNK.UPPER,GH,2005,65.5339813232422
PV.PER.RNK.UPPER,GH,2004,63.1067962646484
PV.PER.RNK.UPPER,GH,2003,63.3165817260742
PV.PER.RNK.UPPER,GH,2002,58.201057434082
PV.PER.RNK.UPPER,GH,2001,None
PV.PER.RNK.UPPER,GH,2000,54.4973526000977
PV.PER.RNK.UPPER,GH,1999,None
PV.PER.RNK.UPPER,GH,1998,62.7659568786621
PV.PER.RNK.UPPER,GH,1997,None
PV.PER.RNK.UPPER,GH,1996,59.5744667053223
PV.PER.RNK.UPPER,GH,1995,None
PV.PER.RNK.UPPER,GN,2019,27.8301887512207
PV.PER.RNK.UPPER,GN,2018,28.7735843658447
PV.PER.RNK.UPPER,GN,2017,32.3809509277344
PV.PER.RNK.UPPER,GN,2016,45.238094329834
PV.PER.RNK.UPPER,GN,2015,43.3333320617676
PV.PER.RNK.UPPER,GN,2014,24.2857151031494
PV.PER.RNK.UPPER,GN,2013,19.4312801361084
PV.PER.RNK.UPPER,GN,2012,18.4834117889404
PV.PER.RNK.UPPER,GN,2011,18.0094795227051
PV.PER.RNK.UPPER,GN,2010,12.3222751617432
PV.PER.RNK.UPPER,GN,2009,6.16113758087158
PV.PER.RNK.UPPER,GN,2008,8.65384578704834
PV.PER.RNK.UPPER,GN,2007,3.86473441123962
PV.PER.RNK.UPPER,GN,2006,8.69565200805664
PV.PER.RNK.UPPER,GN,2005,26.2135925292969
PV.PER.RNK.UPPER,GN,2004,27.6699028015137
PV.PER.RNK.UPPER,GN,2003,37.6884422302246
PV.PER.RNK.UPPER,GN,2002,22.2222213745117
PV.PER.RNK.UPPER,GN,2001,None
PV.PER.RNK.UPPER,GN,2000,12.1693124771118
PV.PER.RNK.UPPER,GN,1999,None
PV.PER.RNK.UPPER,GN,1998,46.8085098266602
PV.PER.RNK.UPPER,GN,1997,None
PV.PER.RNK.UPPER,GN,1996,31.3829784393311
PV.PER.RNK.UPPER,GN,1995,None
PV.PER.RNK.UPPER,GM,2019,66.5094375610352
PV.PER.RNK.UPPER,GM,2018,56.6037750244141
PV.PER.RNK.UPPER,GM,2017,57.1428565979004
PV.PER.RNK.UPPER,GM,2016,44.2857131958008
PV.PER.RNK.UPPER,GM,2015,58.0952377319336
PV.PER.RNK.UPPER,GM,2014,53.8095245361328
PV.PER.RNK.UPPER,GM,2013,59.2417068481445
PV.PER.RNK.UPPER,GM,2012,58.7677726745605
PV.PER.RNK.UPPER,GM,2011,62.0853080749512
PV.PER.RNK.UPPER,GM,2010,62.5592422485352
PV.PER.RNK.UPPER,GM,2009,63.9810409545898
PV.PER.RNK.UPPER,GM,2008,63.461540222168
PV.PER.RNK.UPPER,GM,2007,61.835750579834
PV.PER.RNK.UPPER,GM,2006,59.4202880859375
PV.PER.RNK.UPPER,GM,2005,68.4466018676758
PV.PER.RNK.UPPER,GM,2004,71.8446578979492
PV.PER.RNK.UPPER,GM,2003,72.3618087768555
PV.PER.RNK.UPPER,GM,2002,95.2380981445313
PV.PER.RNK.UPPER,GM,2001,None
PV.PER.RNK.UPPER,GM,2000,87.8306884765625
PV.PER.RNK.UPPER,GM,1999,None
PV.PER.RNK.UPPER,GM,1998,93.0851058959961
PV.PER.RNK.UPPER,GM,1997,None
PV.PER.RNK.UPPER,GM,1996,90.4255294799805
PV.PER.RNK.UPPER,GM,1995,None
PV.PER.RNK.UPPER,GW,2019,42.4528312683105
PV.PER.RNK.UPPER,GW,2018,36.7924537658691
PV.PER.RNK.UPPER,GW,2017,40.9523811340332
PV.PER.RNK.UPPER,GW,2016,45.238094329834
PV.PER.RNK.UPPER,GW,2015,41.4285697937012
PV.PER.RNK.UPPER,GW,2014,32.3809509277344
PV.PER.RNK.UPPER,GW,2013,30.3317527770996
PV.PER.RNK.UPPER,GW,2012,28.9099521636963
PV.PER.RNK.UPPER,GW,2011,39.3364944458008
PV.PER.RNK.UPPER,GW,2010,37.9146919250488
PV.PER.RNK.UPPER,GW,2009,38.3886260986328
PV.PER.RNK.UPPER,GW,2008,37.980770111084
PV.PER.RNK.UPPER,GW,2007,44.9275360107422
PV.PER.RNK.UPPER,GW,2006,48.7922706604004
PV.PER.RNK.UPPER,GW,2005,46.6019401550293
PV.PER.RNK.UPPER,GW,2004,52.4271850585938
PV.PER.RNK.UPPER,GW,2003,43.2160797119141
PV.PER.RNK.UPPER,GW,2002,44.9735450744629
PV.PER.RNK.UPPER,GW,2001,None
PV.PER.RNK.UPPER,GW,2000,58.201057434082
PV.PER.RNK.UPPER,GW,1999,None
PV.PER.RNK.UPPER,GW,1998,11.702127456665
PV.PER.RNK.UPPER,GW,1997,None
PV.PER.RNK.UPPER,GW,1996,20.7446804046631
PV.PER.RNK.UPPER,GW,1995,None
PV.PER.RNK.UPPER,HN,2019,40.0943412780762
PV.PER.RNK.UPPER,HN,2018,40.0943412780762
PV.PER.RNK.UPPER,HN,2017,38.5714302062988
PV.PER.RNK.UPPER,HN,2016,43.3333320617676
PV.PER.RNK.UPPER,HN,2015,40.9523811340332
PV.PER.RNK.UPPER,HN,2014,36.6666679382324
PV.PER.RNK.UPPER,HN,2013,43.6018943786621
PV.PER.RNK.UPPER,HN,2012,45.497631072998
PV.PER.RNK.UPPER,HN,2011,47.8672981262207
PV.PER.RNK.UPPER,HN,2010,41.7061614990234
PV.PER.RNK.UPPER,HN,2009,47.8672981262207
PV.PER.RNK.UPPER,HN,2008,40.3846168518066
PV.PER.RNK.UPPER,HN,2007,42.9951705932617
PV.PER.RNK.UPPER,HN,2006,40.0966186523438
PV.PER.RNK.UPPER,HN,2005,40.2912635803223
PV.PER.RNK.UPPER,HN,2004,48.0582542419434
PV.PER.RNK.UPPER,HN,2003,46.7336692810059
PV.PER.RNK.UPPER,HN,2002,51.8518524169922
PV.PER.RNK.UPPER,HN,2001,None
PV.PER.RNK.UPPER,HN,2000,65.6084671020508
PV.PER.RNK.UPPER,HN,1999,None
PV.PER.RNK.UPPER,HN,1998,66.4893646240234
PV.PER.RNK.UPPER,HN,1997,None
PV.PER.RNK.UPPER,HN,1996,52.1276588439941
PV.PER.RNK.UPPER,HN,1995,None
PV.PER.RNK.UPPER,HT,2019,26.4150943756104
PV.PER.RNK.UPPER,HT,2018,36.7924537658691
PV.PER.RNK.UPPER,HT,2017,32.8571434020996
PV.PER.RNK.UPPER,HT,2016,31.4285717010498
PV.PER.RNK.UPPER,HT,2015,33.8095245361328
PV.PER.RNK.UPPER,HT,2014,34.761905670166
PV.PER.RNK.UPPER,HT,2013,37.4407577514648
PV.PER.RNK.UPPER,HT,2012,33.6492881774902
PV.PER.RNK.UPPER,HT,2011,28.4360198974609
PV.PER.RNK.UPPER,HT,2010,26.5402851104736
PV.PER.RNK.UPPER,HT,2009,27.014217376709
PV.PER.RNK.UPPER,HT,2008,16.3461532592773
PV.PER.RNK.UPPER,HT,2007,18.3574886322021
PV.PER.RNK.UPPER,HT,2006,17.8743953704834
PV.PER.RNK.UPPER,HT,2005,11.1650485992432
PV.PER.RNK.UPPER,HT,2004,7.76699018478394
PV.PER.RNK.UPPER,HT,2003,23.1155776977539
PV.PER.RNK.UPPER,HT,2002,26.4550266265869
PV.PER.RNK.UPPER,HT,2001,None
PV.PER.RNK.UPPER,HT,2000,44.9735450744629
PV.PER.RNK.UPPER,HT,1999,None
PV.PER.RNK.UPPER,HT,1998,34.042552947998
PV.PER.RNK.UPPER,HT,1997,None
PV.PER.RNK.UPPER,HT,1996,45.7446823120117
PV.PER.RNK.UPPER,HT,1995,None
PV.PER.RNK.UPPER,IN,2019,28.301887512207
PV.PER.RNK.UPPER,IN,2018,23.5849056243896
PV.PER.RNK.UPPER,IN,2017,30
PV.PER.RNK.UPPER,IN,2016,24.2857151031494
PV.PER.RNK.UPPER,IN,2015,23.8095245361328
PV.PER.RNK.UPPER,IN,2014,23.3333339691162
PV.PER.RNK.UPPER,IN,2013,19.4312801361084
PV.PER.RNK.UPPER,IN,2012,18.4834117889404
PV.PER.RNK.UPPER,IN,2011,19.4312801361084
PV.PER.RNK.UPPER,IN,2010,19.4312801361084
PV.PER.RNK.UPPER,IN,2009,17.5355453491211
PV.PER.RNK.UPPER,IN,2008,22.115385055542
PV.PER.RNK.UPPER,IN,2007,21.2560386657715
PV.PER.RNK.UPPER,IN,2006,26.0869560241699
PV.PER.RNK.UPPER,IN,2005,28.1553401947021
PV.PER.RNK.UPPER,IN,2004,20.8737869262695
PV.PER.RNK.UPPER,IN,2003,19.0954780578613
PV.PER.RNK.UPPER,IN,2002,23.8095245361328
PV.PER.RNK.UPPER,IN,2001,None
PV.PER.RNK.UPPER,IN,2000,30.1587295532227
PV.PER.RNK.UPPER,IN,1999,None
PV.PER.RNK.UPPER,IN,1998,25
PV.PER.RNK.UPPER,IN,1997,None
PV.PER.RNK.UPPER,IN,1996,34.042552947998
PV.PER.RNK.UPPER,IN,1995,None
PV.PER.RNK.UPPER,JO,2019,50.4716987609863
PV.PER.RNK.UPPER,JO,2018,44.8113212585449
PV.PER.RNK.UPPER,JO,2017,40.476188659668
PV.PER.RNK.UPPER,JO,2016,39.523811340332
PV.PER.RNK.UPPER,JO,2015,35.7142868041992
PV.PER.RNK.UPPER,JO,2014,36.6666679382324
PV.PER.RNK.UPPER,JO,2013,37.9146919250488
PV.PER.RNK.UPPER,JO,2012,39.8104248046875
PV.PER.RNK.UPPER,JO,2011,41.2322273254395
PV.PER.RNK.UPPER,JO,2010,49.7630348205566
PV.PER.RNK.UPPER,JO,2009,45.971565246582
PV.PER.RNK.UPPER,JO,2008,44.711540222168
PV.PER.RNK.UPPER,JO,2007,46.3768119812012
PV.PER.RNK.UPPER,JO,2006,32.8502426147461
PV.PER.RNK.UPPER,JO,2005,55.3398056030273
PV.PER.RNK.UPPER,JO,2004,52.9126205444336
PV.PER.RNK.UPPER,JO,2003,59.2964820861816
PV.PER.RNK.UPPER,JO,2002,47.0899467468262
PV.PER.RNK.UPPER,JO,2001,None
PV.PER.RNK.UPPER,JO,2000,69.8412704467773
PV.PER.RNK.UPPER,JO,1999,None
PV.PER.RNK.UPPER,JO,1998,68.0851058959961
PV.PER.RNK.UPPER,JO,1997,None
PV.PER.RNK.UPPER,JO,1996,65.9574432373047
PV.PER.RNK.UPPER,JO,1995,None
PV.PER.RNK.UPPER,KE,2019,19.8113212585449
PV.PER.RNK.UPPER,KE,2018,18.3962268829346
PV.PER.RNK.UPPER,KE,2017,18.0952377319336
PV.PER.RNK.UPPER,KE,2016,13.8095235824585
PV.PER.RNK.UPPER,KE,2015,17.619047164917
PV.PER.RNK.UPPER,KE,2014,13.8095235824585
PV.PER.RNK.UPPER,KE,2013,20.3791465759277
PV.PER.RNK.UPPER,KE,2012,18.0094795227051
PV.PER.RNK.UPPER,KE,2011,19.9052124023438
PV.PER.RNK.UPPER,KE,2010,22.274881362915
PV.PER.RNK.UPPER,KE,2009,16.1137447357178
PV.PER.RNK.UPPER,KE,2008,15.865385055542
PV.PER.RNK.UPPER,KE,2007,18.3574886322021
PV.PER.RNK.UPPER,KE,2006,25.1207733154297
PV.PER.RNK.UPPER,KE,2005,23.3009700775146
PV.PER.RNK.UPPER,KE,2004,25.2427177429199
PV.PER.RNK.UPPER,KE,2003,23.6180896759033
PV.PER.RNK.UPPER,KE,2002,26.4550266265869
PV.PER.RNK.UPPER,KE,2001,None
PV.PER.RNK.UPPER,KE,2000,30.1587295532227
PV.PER.RNK.UPPER,KE,1999,None
PV.PER.RNK.UPPER,KE,1998,33.5106391906738
PV.PER.RNK.UPPER,KE,1997,None
PV.PER.RNK.UPPER,KE,1996,46.8085098266602
PV.PER.RNK.UPPER,KE,1995,None
PV.PER.RNK.UPPER,KG,2019,51.4150924682617
PV.PER.RNK.UPPER,KG,2018,40.0943412780762
PV.PER.RNK.UPPER,KG,2017,45.7142868041992
PV.PER.RNK.UPPER,KG,2016,35.238094329834
PV.PER.RNK.UPPER,KG,2015,26.1904754638672
PV.PER.RNK.UPPER,KG,2014,29.0476188659668
PV.PER.RNK.UPPER,KG,2013,28.4360198974609
PV.PER.RNK.UPPER,KG,2012,29.8578205108643
PV.PER.RNK.UPPER,KG,2011,26.0663509368896
PV.PER.RNK.UPPER,KG,2010,25.5924167633057
PV.PER.RNK.UPPER,KG,2009,39.3364944458008
PV.PER.RNK.UPPER,KG,2008,39.9038467407227
PV.PER.RNK.UPPER,KG,2007,27.0531406402588
PV.PER.RNK.UPPER,KG,2006,18.8405799865723
PV.PER.RNK.UPPER,KG,2005,26.2135925292969
PV.PER.RNK.UPPER,KG,2004,24.7572822570801
PV.PER.RNK.UPPER,KG,2003,29.1457290649414
PV.PER.RNK.UPPER,KG,2002,48.1481475830078
PV.PER.RNK.UPPER,KG,2001,None
PV.PER.RNK.UPPER,KG,2000,69.8412704467773
PV.PER.RNK.UPPER,KG,1999,None
PV.PER.RNK.UPPER,KG,1998,65.4255294799805
PV.PER.RNK.UPPER,KG,1997,None
PV.PER.RNK.UPPER,KG,1996,67.5531921386719
PV.PER.RNK.UPPER,KG,1995,None
PV.PER.RNK.UPPER,KH,2019,58.0188674926758
PV.PER.RNK.UPPER,KH,2018,62.2641525268555
PV.PER.RNK.UPPER,KH,2017,62.8571434020996
PV.PER.RNK.UPPER,KH,2016,64.7619018554688
PV.PER.RNK.UPPER,KH,2015,59.0476188659668
PV.PER.RNK.UPPER,KH,2014,58.5714302062988
PV.PER.RNK.UPPER,KH,2013,56.8720397949219
PV.PER.RNK.UPPER,KH,2012,56.3981056213379
PV.PER.RNK.UPPER,KH,2011,49.2891006469727
PV.PER.RNK.UPPER,KH,2010,42.6540298461914
PV.PER.RNK.UPPER,KH,2009,40.7582931518555
PV.PER.RNK.UPPER,KH,2008,49.038459777832
PV.PER.RNK.UPPER,KH,2007,43.961353302002
PV.PER.RNK.UPPER,KH,2006,48.3091773986816
PV.PER.RNK.UPPER,KH,2005,48.5436897277832
PV.PER.RNK.UPPER,KH,2004,48.5436897277832
PV.PER.RNK.UPPER,KH,2003,39.1959800720215
PV.PER.RNK.UPPER,KH,2002,40.2116394042969
PV.PER.RNK.UPPER,KH,2001,None
PV.PER.RNK.UPPER,KH,2000,40.2116394042969
PV.PER.RNK.UPPER,KH,1999,None
PV.PER.RNK.UPPER,KH,1998,25
PV.PER.RNK.UPPER,KH,1997,None
PV.PER.RNK.UPPER,KH,1996,31.9148941040039
PV.PER.RNK.UPPER,KH,1995,None
PV.PER.RNK.UPPER,KI,2019,98.5849075317383
PV.PER.RNK.UPPER,KI,2018,98.5849075317383
PV.PER.RNK.UPPER,KI,2017,96.1904754638672
PV.PER.RNK.UPPER,KI,2016,94.7619018554688
PV.PER.RNK.UPPER,KI,2015,94.2857131958008
PV.PER.RNK.UPPER,KI,2014,93.8095245361328
PV.PER.RNK.UPPER,KI,2013,99.5260696411133
PV.PER.RNK.UPPER,KI,2012,99.5260696411133
PV.PER.RNK.UPPER,KI,2011,99.5260696411133
PV.PER.RNK.UPPER,KI,2010,100
PV.PER.RNK.UPPER,KI,2009,100
PV.PER.RNK.UPPER,KI,2008,100
PV.PER.RNK.UPPER,KI,2007,100
PV.PER.RNK.UPPER,KI,2006,100
PV.PER.RNK.UPPER,KI,2005,100
PV.PER.RNK.UPPER,KI,2004,100
PV.PER.RNK.UPPER,KI,2003,100
PV.PER.RNK.UPPER,KI,2002,None
PV.PER.RNK.UPPER,KI,2001,None
PV.PER.RNK.UPPER,KI,2000,None
PV.PER.RNK.UPPER,KI,1999,None
PV.PER.RNK.UPPER,KI,1998,None
PV.PER.RNK.UPPER,KI,1997,None
PV.PER.RNK.UPPER,KI,1996,None
PV.PER.RNK.UPPER,KI,1995,None
PV.PER.RNK.UPPER,LA,2019,78.301887512207
PV.PER.RNK.UPPER,LA,2018,71.2264175415039
PV.PER.RNK.UPPER,LA,2017,72.3809509277344
PV.PER.RNK.UPPER,LA,2016,76.6666641235352
PV.PER.RNK.UPPER,LA,2015,76.6666641235352
PV.PER.RNK.UPPER,LA,2014,75.7142868041992
PV.PER.RNK.UPPER,LA,2013,62.5592422485352
PV.PER.RNK.UPPER,LA,2012,60.6635055541992
PV.PER.RNK.UPPER,LA,2011,59.2417068481445
PV.PER.RNK.UPPER,LA,2010,51.1848335266113
PV.PER.RNK.UPPER,LA,2009,53.0805702209473
PV.PER.RNK.UPPER,LA,2008,60.5769233703613
PV.PER.RNK.UPPER,LA,2007,53.6231880187988
PV.PER.RNK.UPPER,LA,2006,56.5217399597168
PV.PER.RNK.UPPER,LA,2005,47.5728149414063
PV.PER.RNK.UPPER,LA,2004,42.7184448242188
PV.PER.RNK.UPPER,LA,2003,26.6331653594971
PV.PER.RNK.UPPER,LA,2002,68.2539672851563
PV.PER.RNK.UPPER,LA,2001,None
PV.PER.RNK.UPPER,LA,2000,52.9100532531738
PV.PER.RNK.UPPER,LA,1999,None
PV.PER.RNK.UPPER,LA,1998,64.8936157226563
PV.PER.RNK.UPPER,LA,1997,None
PV.PER.RNK.UPPER,LA,1996,87.7659606933594
PV.PER.RNK.UPPER,LA,1995,None
PV.PER.RNK.UPPER,LB,2019,11.7924528121948
PV.PER.RNK.UPPER,LB,2018,10.8490562438965
PV.PER.RNK.UPPER,LB,2017,9.5238094329834
PV.PER.RNK.UPPER,LB,2016,10.4761905670166
PV.PER.RNK.UPPER,LB,2015,9.0476188659668
PV.PER.RNK.UPPER,LB,2014,8.09523773193359
PV.PER.RNK.UPPER,LB,2013,9.47867298126221
PV.PER.RNK.UPPER,LB,2012,10.4265403747559
PV.PER.RNK.UPPER,LB,2011,13.7440757751465
PV.PER.RNK.UPPER,LB,2010,12.3222751617432
PV.PER.RNK.UPPER,LB,2009,14.6919431686401
PV.PER.RNK.UPPER,LB,2008,9.61538505554199
PV.PER.RNK.UPPER,LB,2007,7.72946882247925
PV.PER.RNK.UPPER,LB,2006,11.5942029953003
PV.PER.RNK.UPPER,LB,2005,29.1262130737305
PV.PER.RNK.UPPER,LB,2004,37.3786392211914
PV.PER.RNK.UPPER,LB,2003,42.2110557556152
PV.PER.RNK.UPPER,LB,2002,50.2645492553711
PV.PER.RNK.UPPER,LB,2001,None
PV.PER.RNK.UPPER,LB,2000,50.7936515808105
PV.PER.RNK.UPPER,LB,1999,None
PV.PER.RNK.UPPER,LB,1998,36.7021293640137
PV.PER.RNK.UPPER,LB,1997,None
PV.PER.RNK.UPPER,LB,1996,45.7446823120117
PV.PER.RNK.UPPER,LB,1995,None
PV.PER.RNK.UPPER,LR,2019,47.6415100097656
PV.PER.RNK.UPPER,LR,2018,52.8301887512207
PV.PER.RNK.UPPER,LR,2017,46.1904754638672
PV.PER.RNK.UPPER,LR,2016,43.3333320617676
PV.PER.RNK.UPPER,LR,2015,28.0952377319336
PV.PER.RNK.UPPER,LR,2014,36.1904754638672
PV.PER.RNK.UPPER,LR,2013,42.6540298461914
PV.PER.RNK.UPPER,LR,2012,40.2843589782715
PV.PER.RNK.UPPER,LR,2011,46.445499420166
PV.PER.RNK.UPPER,LR,2010,44.5497627258301
PV.PER.RNK.UPPER,LR,2009,25.5924167633057
PV.PER.RNK.UPPER,LR,2008,18.75
PV.PER.RNK.UPPER,LR,2007,21.2560386657715
PV.PER.RNK.UPPER,LR,2006,22.2222213745117
PV.PER.RNK.UPPER,LR,2005,21.8446598052979
PV.PER.RNK.UPPER,LR,2004,19.9029121398926
PV.PER.RNK.UPPER,LR,2003,6.03015089035034
PV.PER.RNK.UPPER,LR,2002,10.0529098510742
PV.PER.RNK.UPPER,LR,2001,None
PV.PER.RNK.UPPER,LR,2000,11.640212059021
PV.PER.RNK.UPPER,LR,1999,None
PV.PER.RNK.UPPER,LR,1998,13.8297872543335
PV.PER.RNK.UPPER,LR,1997,None
PV.PER.RNK.UPPER,LR,1996,5.85106372833252
PV.PER.RNK.UPPER,LR,1995,None
PV.PER.RNK.UPPER,LK,2019,53.7735862731934
PV.PER.RNK.UPPER,LK,2018,53.301887512207
PV.PER.RNK.UPPER,LK,2017,57.1428565979004
PV.PER.RNK.UPPER,LK,2016,57.1428565979004
PV.PER.RNK.UPPER,LK,2015,59.523811340332
PV.PER.RNK.UPPER,LK,2014,45.238094329834
PV.PER.RNK.UPPER,LK,2013,37.9146919250488
PV.PER.RNK.UPPER,LK,2012,36.0189590454102
PV.PER.RNK.UPPER,LK,2011,36.0189590454102
PV.PER.RNK.UPPER,LK,2010,26.5402851104736
PV.PER.RNK.UPPER,LK,2009,18.4834117889404
PV.PER.RNK.UPPER,LK,2008,9.61538505554199
PV.PER.RNK.UPPER,LK,2007,10.1449279785156
PV.PER.RNK.UPPER,LK,2006,17.3913040161133
PV.PER.RNK.UPPER,LK,2005,25.7281551361084
PV.PER.RNK.UPPER,LK,2004,27.6699028015137
PV.PER.RNK.UPPER,LK,2003,35.1758804321289
PV.PER.RNK.UPPER,LK,2002,34.9206352233887
PV.PER.RNK.UPPER,LK,2001,None
PV.PER.RNK.UPPER,LK,2000,11.1111106872559
PV.PER.RNK.UPPER,LK,1999,None
PV.PER.RNK.UPPER,LK,1998,18.0851058959961
PV.PER.RNK.UPPER,LK,1997,None
PV.PER.RNK.UPPER,LK,1996,12.2340421676636
PV.PER.RNK.UPPER,LK,1995,None
PV.PER.RNK.UPPER,LS,2019,46.2264137268066
PV.PER.RNK.UPPER,LS,2018,53.301887512207
PV.PER.RNK.UPPER,LS,2017,54.2857131958008
PV.PER.RNK.UPPER,LS,2016,49.0476188659668
PV.PER.RNK.UPPER,LS,2015,49.0476188659668
PV.PER.RNK.UPPER,LS,2014,45.7142868041992
PV.PER.RNK.UPPER,LS,2013,68.7203826904297
PV.PER.RNK.UPPER,LS,2012,68.7203826904297
PV.PER.RNK.UPPER,LS,2011,72.9857788085938
PV.PER.RNK.UPPER,LS,2010,79.1469192504883
PV.PER.RNK.UPPER,LS,2009,73.459716796875
PV.PER.RNK.UPPER,LS,2008,55.288459777832
PV.PER.RNK.UPPER,LS,2007,46.8599052429199
PV.PER.RNK.UPPER,LS,2006,56.5217399597168
PV.PER.RNK.UPPER,LS,2005,66.019416809082
PV.PER.RNK.UPPER,LS,2004,79.1262130737305
PV.PER.RNK.UPPER,LS,2003,68.8442230224609
PV.PER.RNK.UPPER,LS,2002,68.7830657958984
PV.PER.RNK.UPPER,LS,2001,None
PV.PER.RNK.UPPER,LS,2000,76.1904754638672
PV.PER.RNK.UPPER,LS,1999,None
PV.PER.RNK.UPPER,LS,1998,66.4893646240234
PV.PER.RNK.UPPER,LS,1997,None
PV.PER.RNK.UPPER,LS,1996,79.2553176879883
PV.PER.RNK.UPPER,LS,1995,None
PV.PER.RNK.UPPER,MA,2019,48.113208770752
PV.PER.RNK.UPPER,MA,2018,46.2264137268066
PV.PER.RNK.UPPER,MA,2017,45.7142868041992
PV.PER.RNK.UPPER,MA,2016,47.6190490722656
PV.PER.RNK.UPPER,MA,2015,45.238094329834
PV.PER.RNK.UPPER,MA,2014,40.9523811340332
PV.PER.RNK.UPPER,MA,2013,41.7061614990234
PV.PER.RNK.UPPER,MA,2012,40.7582931518555
PV.PER.RNK.UPPER,MA,2011,47.8672981262207
PV.PER.RNK.UPPER,MA,2010,46.445499420166
PV.PER.RNK.UPPER,MA,2009,44.5497627258301
PV.PER.RNK.UPPER,MA,2008,38.461540222168
PV.PER.RNK.UPPER,MA,2007,39.613525390625
PV.PER.RNK.UPPER,MA,2006,42.9951705932617
PV.PER.RNK.UPPER,MA,2005,42.2330093383789
PV.PER.RNK.UPPER,MA,2004,50.970874786377
PV.PER.RNK.UPPER,MA,2003,45.7286415100098
PV.PER.RNK.UPPER,MA,2002,51.8518524169922
PV.PER.RNK.UPPER,MA,2001,None
PV.PER.RNK.UPPER,MA,2000,68.2539672851563
PV.PER.RNK.UPPER,MA,1999,None
PV.PER.RNK.UPPER,MA,1998,76.0638275146484
PV.PER.RNK.UPPER,MA,1997,None
PV.PER.RNK.UPPER,MA,1996,60.1063842773438
PV.PER.RNK.UPPER,MA,1995,None
PV.PER.RNK.UPPER,MG,2019,50.4716987609863
PV.PER.RNK.UPPER,MG,2018,38.2075462341309
PV.PER.RNK.UPPER,MG,2017,48.0952377319336
PV.PER.RNK.UPPER,MG,2016,48.0952377319336
PV.PER.RNK.UPPER,MG,2015,42.3809509277344
PV.PER.RNK.UPPER,MG,2014,36.6666679382324
PV.PER.RNK.UPPER,MG,2013,36.4928894042969
PV.PER.RNK.UPPER,MG,2012,39.8104248046875
PV.PER.RNK.UPPER,MG,2011,36.0189590454102
PV.PER.RNK.UPPER,MG,2010,26.0663509368896
PV.PER.RNK.UPPER,MG,2009,32.7014236450195
PV.PER.RNK.UPPER,MG,2008,41.8269233703613
PV.PER.RNK.UPPER,MG,2007,61.835750579834
PV.PER.RNK.UPPER,MG,2006,64.2512054443359
PV.PER.RNK.UPPER,MG,2005,61.1650466918945
PV.PER.RNK.UPPER,MG,2004,72.3300933837891
PV.PER.RNK.UPPER,MG,2003,86.4321594238281
PV.PER.RNK.UPPER,MG,2002,62.4338607788086
PV.PER.RNK.UPPER,MG,2001,None
PV.PER.RNK.UPPER,MG,2000,75.1322784423828
PV.PER.RNK.UPPER,MG,1999,None
PV.PER.RNK.UPPER,MG,1998,73.9361724853516
PV.PER.RNK.UPPER,MG,1997,None
PV.PER.RNK.UPPER,MG,1996,76.5957412719727
PV.PER.RNK.UPPER,MG,1995,None
PV.PER.RNK.UPPER,ML,2019,5.18867921829224
PV.PER.RNK.UPPER,ML,2018,6.60377359390259
PV.PER.RNK.UPPER,ML,2017,8.5714282989502
PV.PER.RNK.UPPER,ML,2016,10.4761905670166
PV.PER.RNK.UPPER,ML,2015,9.0476188659668
PV.PER.RNK.UPPER,ML,2014,8.09523773193359
PV.PER.RNK.UPPER,ML,2013,8.53080558776855
PV.PER.RNK.UPPER,ML,2012,6.16113758087158
PV.PER.RNK.UPPER,ML,2011,36.0189590454102
PV.PER.RNK.UPPER,ML,2010,52.1327018737793
PV.PER.RNK.UPPER,ML,2009,54.028434753418
PV.PER.RNK.UPPER,ML,2008,68.2692337036133
PV.PER.RNK.UPPER,ML,2007,69.0821228027344
PV.PER.RNK.UPPER,ML,2006,74.8792266845703
PV.PER.RNK.UPPER,ML,2005,66.019416809082
PV.PER.RNK.UPPER,ML,2004,79.1262130737305
PV.PER.RNK.UPPER,ML,2003,71.8592987060547
PV.PER.RNK.UPPER,ML,2002,83.0687866210938
PV.PER.RNK.UPPER,ML,2001,None
PV.PER.RNK.UPPER,ML,2000,77.2486801147461
PV.PER.RNK.UPPER,ML,1999,None
PV.PER.RNK.UPPER,ML,1998,81.9148941040039
PV.PER.RNK.UPPER,ML,1997,None
PV.PER.RNK.UPPER,ML,1996,84.5744705200195
PV.PER.RNK.UPPER,ML,1995,None
PV.PER.RNK.UPPER,MM,2019,14.6226415634155
PV.PER.RNK.UPPER,MM,2018,15.0943393707275
PV.PER.RNK.UPPER,MM,2017,20.4761905670166
PV.PER.RNK.UPPER,MM,2016,28.0952377319336
PV.PER.RNK.UPPER,MM,2015,19.5238094329834
PV.PER.RNK.UPPER,MM,2014,20.9523811340332
PV.PER.RNK.UPPER,MM,2013,21.3270149230957
PV.PER.RNK.UPPER,MM,2012,27.488151550293
PV.PER.RNK.UPPER,MM,2011,25.5924167633057
PV.PER.RNK.UPPER,MM,2010,20.8530807495117
PV.PER.RNK.UPPER,MM,2009,19.9052124023438
PV.PER.RNK.UPPER,MM,2008,24.0384616851807
PV.PER.RNK.UPPER,MM,2007,25.1207733154297
PV.PER.RNK.UPPER,MM,2006,31.4009666442871
PV.PER.RNK.UPPER,MM,2005,33.980583190918
PV.PER.RNK.UPPER,MM,2004,29.1262130737305
PV.PER.RNK.UPPER,MM,2003,26.6331653594971
PV.PER.RNK.UPPER,MM,2002,20.1058197021484
PV.PER.RNK.UPPER,MM,2001,None
PV.PER.RNK.UPPER,MM,2000,15.3439149856567
PV.PER.RNK.UPPER,MM,1999,None
PV.PER.RNK.UPPER,MM,1998,18.0851058959961
PV.PER.RNK.UPPER,MM,1997,None
PV.PER.RNK.UPPER,MM,1996,23.9361705780029
PV.PER.RNK.UPPER,MM,1995,None
PV.PER.RNK.UPPER,MZ,2019,30.1886787414551
PV.PER.RNK.UPPER,MZ,2018,28.7735843658447
PV.PER.RNK.UPPER,MZ,2017,25.7142848968506
PV.PER.RNK.UPPER,MZ,2016,20
PV.PER.RNK.UPPER,MZ,2015,40.476188659668
PV.PER.RNK.UPPER,MZ,2014,45.238094329834
PV.PER.RNK.UPPER,MZ,2013,52.1327018737793
PV.PER.RNK.UPPER,MZ,2012,70.1421813964844
PV.PER.RNK.UPPER,MZ,2011,69.1943130493164
PV.PER.RNK.UPPER,MZ,2010,72.9857788085938
PV.PER.RNK.UPPER,MZ,2009,85.3080596923828
PV.PER.RNK.UPPER,MZ,2008,72.5961532592773
PV.PER.RNK.UPPER,MZ,2007,72.4637680053711
PV.PER.RNK.UPPER,MZ,2006,78.7439651489258
PV.PER.RNK.UPPER,MZ,2005,65.0485458374023
PV.PER.RNK.UPPER,MZ,2004,62.1359214782715
PV.PER.RNK.UPPER,MZ,2003,70.3517608642578
PV.PER.RNK.UPPER,MZ,2002,70.3703689575195
PV.PER.RNK.UPPER,MZ,2001,None
PV.PER.RNK.UPPER,MZ,2000,64.0211639404297
PV.PER.RNK.UPPER,MZ,1999,None
PV.PER.RNK.UPPER,MZ,1998,69.1489334106445
PV.PER.RNK.UPPER,MZ,1997,None
PV.PER.RNK.UPPER,MZ,1996,65.4255294799805
PV.PER.RNK.UPPER,MZ,1995,None
PV.PER.RNK.UPPER,MR,2019,41.9811325073242
PV.PER.RNK.UPPER,MR,2018,37.2641525268555
PV.PER.RNK.UPPER,MR,2017,36.6666679382324
PV.PER.RNK.UPPER,MR,2016,31.4285717010498
PV.PER.RNK.UPPER,MR,2015,35.7142868041992
PV.PER.RNK.UPPER,MR,2014,36.6666679382324
PV.PER.RNK.UPPER,MR,2013,25.1184825897217
PV.PER.RNK.UPPER,MR,2012,21.8009471893311
PV.PER.RNK.UPPER,MR,2011,21.8009471893311
PV.PER.RNK.UPPER,MR,2010,25.1184825897217
PV.PER.RNK.UPPER,MR,2009,30.3317527770996
PV.PER.RNK.UPPER,MR,2008,37.980770111084
PV.PER.RNK.UPPER,MR,2007,48.3091773986816
PV.PER.RNK.UPPER,MR,2006,68.1159439086914
PV.PER.RNK.UPPER,MR,2005,55.3398056030273
PV.PER.RNK.UPPER,MR,2004,58.737865447998
PV.PER.RNK.UPPER,MR,2003,67.3366851806641
PV.PER.RNK.UPPER,MR,2002,86.2433853149414
PV.PER.RNK.UPPER,MR,2001,None
PV.PER.RNK.UPPER,MR,2000,82.539680480957
PV.PER.RNK.UPPER,MR,1999,None
PV.PER.RNK.UPPER,MR,1998,82.9787216186523
PV.PER.RNK.UPPER,MR,1997,None
PV.PER.RNK.UPPER,MR,1996,87.2340393066406
PV.PER.RNK.UPPER,MR,1995,None
PV.PER.RNK.UPPER,MW,2019,51.4150924682617
PV.PER.RNK.UPPER,MW,2018,44.3396224975586
PV.PER.RNK.UPPER,MW,2017,50.9523811340332
PV.PER.RNK.UPPER,MW,2016,54.2857131958008
PV.PER.RNK.UPPER,MW,2015,58.5714302062988
PV.PER.RNK.UPPER,MW,2014,59.0476188659668
PV.PER.RNK.UPPER,MW,2013,54.028434753418
PV.PER.RNK.UPPER,MW,2012,58.2938385009766
PV.PER.RNK.UPPER,MW,2011,58.2938385009766
PV.PER.RNK.UPPER,MW,2010,62.0853080749512
PV.PER.RNK.UPPER,MW,2009,62.0853080749512
PV.PER.RNK.UPPER,MW,2008,56.25
PV.PER.RNK.UPPER,MW,2007,61.835750579834
PV.PER.RNK.UPPER,MW,2006,63.7681159973145
PV.PER.RNK.UPPER,MW,2005,64.0776672363281
PV.PER.RNK.UPPER,MW,2004,65.0485458374023
PV.PER.RNK.UPPER,MW,2003,63.3165817260742
PV.PER.RNK.UPPER,MW,2002,65.6084671020508
PV.PER.RNK.UPPER,MW,2001,None
PV.PER.RNK.UPPER,MW,2000,55.5555572509766
PV.PER.RNK.UPPER,MW,1999,None
PV.PER.RNK.UPPER,MW,1998,63.2978706359863
PV.PER.RNK.UPPER,MW,1997,None
PV.PER.RNK.UPPER,MW,1996,52.1276588439941
PV.PER.RNK.UPPER,MW,1995,None
PV.PER.RNK.UPPER,NE,2019,13.6792449951172
PV.PER.RNK.UPPER,NE,2018,13.6792449951172
PV.PER.RNK.UPPER,NE,2017,16.6666660308838
PV.PER.RNK.UPPER,NE,2016,20
PV.PER.RNK.UPPER,NE,2015,21.9047622680664
PV.PER.RNK.UPPER,NE,2014,18.5714282989502
PV.PER.RNK.UPPER,NE,2013,18.0094795227051
PV.PER.RNK.UPPER,NE,2012,21.8009471893311
PV.PER.RNK.UPPER,NE,2011,30.8056869506836
PV.PER.RNK.UPPER,NE,2010,22.274881362915
PV.PER.RNK.UPPER,NE,2009,21.3270149230957
PV.PER.RNK.UPPER,NE,2008,36.538459777832
PV.PER.RNK.UPPER,NE,2007,41.5458946228027
PV.PER.RNK.UPPER,NE,2006,53.6231880187988
PV.PER.RNK.UPPER,NE,2005,47.5728149414063
PV.PER.RNK.UPPER,NE,2004,45.1456298828125
PV.PER.RNK.UPPER,NE,2003,65.3266296386719
PV.PER.RNK.UPPER,NE,2002,65.6084671020508
PV.PER.RNK.UPPER,NE,2001,None
PV.PER.RNK.UPPER,NE,2000,73.5449752807617
PV.PER.RNK.UPPER,NE,1999,None
PV.PER.RNK.UPPER,NE,1998,57.4468078613281
PV.PER.RNK.UPPER,NE,1997,None
PV.PER.RNK.UPPER,NE,1996,70.7446823120117
PV.PER.RNK.UPPER,NE,1995,None
PV.PER.RNK.UPPER,NG,2019,8.01886749267578
PV.PER.RNK.UPPER,NG,2018,6.60377359390259
PV.PER.RNK.UPPER,NG,2017,8.09523773193359
PV.PER.RNK.UPPER,NG,2016,8.5714282989502
PV.PER.RNK.UPPER,NG,2015,7.61904764175415
PV.PER.RNK.UPPER,NG,2014,6.1904764175415
PV.PER.RNK.UPPER,NG,2013,6.16113758087158
PV.PER.RNK.UPPER,NG,2012,5.68720388412476
PV.PER.RNK.UPPER,NG,2011,5.21327018737793
PV.PER.RNK.UPPER,NG,2010,4.26540279388428
PV.PER.RNK.UPPER,NG,2009,7.5829381942749
PV.PER.RNK.UPPER,NG,2008,9.61538505554199
PV.PER.RNK.UPPER,NG,2007,7.72946882247925
PV.PER.RNK.UPPER,NG,2006,8.21256065368652
PV.PER.RNK.UPPER,NG,2005,13.5922327041626
PV.PER.RNK.UPPER,NG,2004,12.62135887146
PV.PER.RNK.UPPER,NG,2003,15.5778894424438
PV.PER.RNK.UPPER,NG,2002,17.4603176116943
PV.PER.RNK.UPPER,NG,2001,None
PV.PER.RNK.UPPER,NG,2000,19.5767192840576
PV.PER.RNK.UPPER,NG,1999,None
PV.PER.RNK.UPPER,NG,1998,43.6170196533203
PV.PER.RNK.UPPER,NG,1997,None
PV.PER.RNK.UPPER,NG,1996,31.9148941040039
PV.PER.RNK.UPPER,NG,1995,None
PV.PER.RNK.UPPER,NI,2019,23.5849056243896
PV.PER.RNK.UPPER,NI,2018,25
PV.PER.RNK.UPPER,NI,2017,58.0952377319336
PV.PER.RNK.UPPER,NI,2016,54.761905670166
PV.PER.RNK.UPPER,NI,2015,55.238094329834
PV.PER.RNK.UPPER,NI,2014,57.6190490722656
PV.PER.RNK.UPPER,NI,2013,51.1848335266113
PV.PER.RNK.UPPER,NI,2012,45.497631072998
PV.PER.RNK.UPPER,NI,2011,50.2369651794434
PV.PER.RNK.UPPER,NI,2010,41.7061614990234
PV.PER.RNK.UPPER,NI,2009,47.8672981262207
PV.PER.RNK.UPPER,NI,2008,52.4038467407227
PV.PER.RNK.UPPER,NI,2007,54.5893707275391
PV.PER.RNK.UPPER,NI,2006,51.2077293395996
PV.PER.RNK.UPPER,NI,2005,50
PV.PER.RNK.UPPER,NI,2004,49.029125213623
PV.PER.RNK.UPPER,NI,2003,47.2361793518066
PV.PER.RNK.UPPER,NI,2002,60.3174591064453
PV.PER.RNK.UPPER,NI,2001,None
PV.PER.RNK.UPPER,NI,2000,68.2539672851563
PV.PER.RNK.UPPER,NI,1999,None
PV.PER.RNK.UPPER,NI,1998,47.8723411560059
PV.PER.RNK.UPPER,NI,1997,None
PV.PER.RNK.UPPER,NI,1996,50
PV.PER.RNK.UPPER,NI,1995,None
PV.PER.RNK.UPPER,NP,2019,43.8679237365723
PV.PER.RNK.UPPER,NP,2018,39.1509437561035
PV.PER.RNK.UPPER,NP,2017,38.0952377319336
PV.PER.RNK.UPPER,NP,2016,27.1428565979004
PV.PER.RNK.UPPER,NP,2015,22.8571434020996
PV.PER.RNK.UPPER,NP,2014,30
PV.PER.RNK.UPPER,NP,2013,21.8009471893311
PV.PER.RNK.UPPER,NP,2012,17.5355453491211
PV.PER.RNK.UPPER,NP,2011,16.5876770019531
PV.PER.RNK.UPPER,NP,2010,12.3222751617432
PV.PER.RNK.UPPER,NP,2009,13.2701425552368
PV.PER.RNK.UPPER,NP,2008,10.5769233703613
PV.PER.RNK.UPPER,NP,2007,9.17874431610107
PV.PER.RNK.UPPER,NP,2006,11.5942029953003
PV.PER.RNK.UPPER,NP,2005,6.31067943572998
PV.PER.RNK.UPPER,NP,2004,5.33980560302734
PV.PER.RNK.UPPER,NP,2003,10.5527639389038
PV.PER.RNK.UPPER,NP,2002,19.0476188659668
PV.PER.RNK.UPPER,NP,2001,None
PV.PER.RNK.UPPER,NP,2000,31.7460308074951
PV.PER.RNK.UPPER,NP,1999,None
PV.PER.RNK.UPPER,NP,1998,44.1489372253418
PV.PER.RNK.UPPER,NP,1997,None
PV.PER.RNK.UPPER,NP,1996,68.6170196533203
PV.PER.RNK.UPPER,NP,1995,None
PV.PER.RNK.UPPER,PK,2019,5.18867921829224
PV.PER.RNK.UPPER,PK,2018,5.18867921829224
PV.PER.RNK.UPPER,PK,2017,3.80952382087708
PV.PER.RNK.UPPER,PK,2016,4.2857141494751
PV.PER.RNK.UPPER,PK,2015,4.2857141494751
PV.PER.RNK.UPPER,PK,2014,5.2380952835083
PV.PER.RNK.UPPER,PK,2013,1.89573454856873
PV.PER.RNK.UPPER,PK,2012,1.89573454856873
PV.PER.RNK.UPPER,PK,2011,1.89573454856873
PV.PER.RNK.UPPER,PK,2010,1.89573454856873
PV.PER.RNK.UPPER,PK,2009,1.89573454856873
PV.PER.RNK.UPPER,PK,2008,1.92307686805725
PV.PER.RNK.UPPER,PK,2007,3.38164258003235
PV.PER.RNK.UPPER,PK,2006,8.21256065368652
PV.PER.RNK.UPPER,PK,2005,11.1650485992432
PV.PER.RNK.UPPER,PK,2004,15.5339803695679
PV.PER.RNK.UPPER,PK,2003,19.0954780578613
PV.PER.RNK.UPPER,PK,2002,17.4603176116943
PV.PER.RNK.UPPER,PK,2001,None
PV.PER.RNK.UPPER,PK,2000,29.100528717041
PV.PER.RNK.UPPER,PK,1999,None
PV.PER.RNK.UPPER,PK,1998,27.659574508667
PV.PER.RNK.UPPER,PK,1997,None
PV.PER.RNK.UPPER,PK,1996,28.1914901733398
PV.PER.RNK.UPPER,PK,1995,None
PV.PER.RNK.UPPER,PH,2019,25.4716987609863
PV.PER.RNK.UPPER,PH,2018,19.3396224975586
PV.PER.RNK.UPPER,PH,2017,17.1428565979004
PV.PER.RNK.UPPER,PH,2016,13.3333330154419
PV.PER.RNK.UPPER,PH,2015,26.1904754638672
PV.PER.RNK.UPPER,PH,2014,30
PV.PER.RNK.UPPER,PH,2013,23.222749710083
PV.PER.RNK.UPPER,PH,2012,20.3791465759277
PV.PER.RNK.UPPER,PH,2011,16.5876770019531
PV.PER.RNK.UPPER,PH,2010,11.8483409881592
PV.PER.RNK.UPPER,PH,2009,10.9004735946655
PV.PER.RNK.UPPER,PH,2008,10.0961542129517
PV.PER.RNK.UPPER,PH,2007,12.5603866577148
PV.PER.RNK.UPPER,PH,2006,13.5265703201294
PV.PER.RNK.UPPER,PH,2005,25.2427177429199
PV.PER.RNK.UPPER,PH,2004,13.1067962646484
PV.PER.RNK.UPPER,PH,2003,18.0904521942139
PV.PER.RNK.UPPER,PH,2002,31.2169303894043
PV.PER.RNK.UPPER,PH,2001,None
PV.PER.RNK.UPPER,PH,2000,19.5767192840576
PV.PER.RNK.UPPER,PH,1999,None
PV.PER.RNK.UPPER,PH,1998,57.4468078613281
PV.PER.RNK.UPPER,PH,1997,None
PV.PER.RNK.UPPER,PH,1996,52.1276588439941
PV.PER.RNK.UPPER,PH,1995,None
PV.PER.RNK.UPPER,PG,2019,33.0188674926758
PV.PER.RNK.UPPER,PG,2018,36.3207550048828
PV.PER.RNK.UPPER,PG,2017,32.8571434020996
PV.PER.RNK.UPPER,PG,2016,40.476188659668
PV.PER.RNK.UPPER,PG,2015,43.3333320617676
PV.PER.RNK.UPPER,PG,2014,45.7142868041992
PV.PER.RNK.UPPER,PG,2013,41.7061614990234
PV.PER.RNK.UPPER,PG,2012,39.3364944458008
PV.PER.RNK.UPPER,PG,2011,36.0189590454102
PV.PER.RNK.UPPER,PG,2010,33.1753540039063
PV.PER.RNK.UPPER,PG,2009,32.7014236450195
PV.PER.RNK.UPPER,PG,2008,38.461540222168
PV.PER.RNK.UPPER,PG,2007,34.2995185852051
PV.PER.RNK.UPPER,PG,2006,31.4009666442871
PV.PER.RNK.UPPER,PG,2005,33.009708404541
PV.PER.RNK.UPPER,PG,2004,43.2038841247559
PV.PER.RNK.UPPER,PG,2003,40.7035179138184
PV.PER.RNK.UPPER,PG,2002,46.0317459106445
PV.PER.RNK.UPPER,PG,2001,None
PV.PER.RNK.UPPER,PG,2000,61.375659942627
PV.PER.RNK.UPPER,PG,1999,None
PV.PER.RNK.UPPER,PG,1998,63.2978706359863
PV.PER.RNK.UPPER,PG,1997,None
PV.PER.RNK.UPPER,PG,1996,41.4893608093262
PV.PER.RNK.UPPER,PG,1995,None
PV.PER.RNK.UPPER,KP,2019,51.4150924682617
PV.PER.RNK.UPPER,KP,2018,48.113208770752
PV.PER.RNK.UPPER,KP,2017,40
PV.PER.RNK.UPPER,KP,2016,32.8571434020996
PV.PER.RNK.UPPER,KP,2015,21.4285717010498
PV.PER.RNK.UPPER,KP,2014,19.5238094329834
PV.PER.RNK.UPPER,KP,2013,45.0236968994141
PV.PER.RNK.UPPER,KP,2012,59.7156410217285
PV.PER.RNK.UPPER,KP,2011,54.502368927002
PV.PER.RNK.UPPER,KP,2010,51.6587677001953
PV.PER.RNK.UPPER,KP,2009,61.1374397277832
PV.PER.RNK.UPPER,KP,2008,85.5769195556641
PV.PER.RNK.UPPER,KP,2007,85.5072479248047
PV.PER.RNK.UPPER,KP,2006,60.386474609375
PV.PER.RNK.UPPER,KP,2005,64.0776672363281
PV.PER.RNK.UPPER,KP,2004,72.3300933837891
PV.PER.RNK.UPPER,KP,2003,71.8592987060547
PV.PER.RNK.UPPER,KP,2002,74.6031723022461
PV.PER.RNK.UPPER,KP,2001,None
PV.PER.RNK.UPPER,KP,2000,69.8412704467773
PV.PER.RNK.UPPER,KP,1999,None
PV.PER.RNK.UPPER,KP,1998,53.7234039306641
PV.PER.RNK.UPPER,KP,1997,None
PV.PER.RNK.UPPER,KP,1996,53.1914901733398
PV.PER.RNK.UPPER,KP,1995,None
PV.PER.RNK.UPPER,PS,2019,8.49056625366211
PV.PER.RNK.UPPER,PS,2018,8.01886749267578
PV.PER.RNK.UPPER,PS,2017,9.5238094329834
PV.PER.RNK.UPPER,PS,2016,8.5714282989502
PV.PER.RNK.UPPER,PS,2015,6.66666650772095
PV.PER.RNK.UPPER,PS,2014,7.61904764175415
PV.PER.RNK.UPPER,PS,2013,8.05687236785889
PV.PER.RNK.UPPER,PS,2012,7.10900497436523
PV.PER.RNK.UPPER,PS,2011,6.16113758087158
PV.PER.RNK.UPPER,PS,2010,9.00473976135254
PV.PER.RNK.UPPER,PS,2009,9.00473976135254
PV.PER.RNK.UPPER,PS,2008,9.61538505554199
PV.PER.RNK.UPPER,PS,2007,11.1111106872559
PV.PER.RNK.UPPER,PS,2006,14.0096616744995
PV.PER.RNK.UPPER,PS,2005,20.3883495330811
PV.PER.RNK.UPPER,PS,2004,26.2135925292969
PV.PER.RNK.UPPER,PS,2003,26.1306533813477
PV.PER.RNK.UPPER,PS,2002,19.0476188659668
PV.PER.RNK.UPPER,PS,2001,None
PV.PER.RNK.UPPER,PS,2000,19.5767192840576
PV.PER.RNK.UPPER,PS,1999,None
PV.PER.RNK.UPPER,PS,1998,25
PV.PER.RNK.UPPER,PS,1997,None
PV.PER.RNK.UPPER,PS,1996,23.9361705780029
PV.PER.RNK.UPPER,PS,1995,None
PV.PER.RNK.UPPER,RW,2019,60.3773574829102
PV.PER.RNK.UPPER,RW,2018,62.2641525268555
PV.PER.RNK.UPPER,RW,2017,62.3809509277344
PV.PER.RNK.UPPER,RW,2016,56.6666679382324
PV.PER.RNK.UPPER,RW,2015,58.0952377319336
PV.PER.RNK.UPPER,RW,2014,46.6666679382324
PV.PER.RNK.UPPER,RW,2013,57.3459701538086
PV.PER.RNK.UPPER,RW,2012,51.1848335266113
PV.PER.RNK.UPPER,RW,2011,54.9763031005859
PV.PER.RNK.UPPER,RW,2010,51.6587677001953
PV.PER.RNK.UPPER,RW,2009,43.1279602050781
PV.PER.RNK.UPPER,RW,2008,49.038459777832
PV.PER.RNK.UPPER,RW,2007,46.8599052429199
PV.PER.RNK.UPPER,RW,2006,40.0966186523438
PV.PER.RNK.UPPER,RW,2005,35.9223289489746
PV.PER.RNK.UPPER,RW,2004,26.2135925292969
PV.PER.RNK.UPPER,RW,2003,29.1457290649414
PV.PER.RNK.UPPER,RW,2002,20.1058197021484
PV.PER.RNK.UPPER,RW,2001,None
PV.PER.RNK.UPPER,RW,2000,18.518518447876
PV.PER.RNK.UPPER,RW,1999,None
PV.PER.RNK.UPPER,RW,1998,10.638298034668
PV.PER.RNK.UPPER,RW,1997,None
PV.PER.RNK.UPPER,RW,1996,14.8936166763306
PV.PER.RNK.UPPER,RW,1995,None
PV.PER.RNK.UPPER,SD,2019,10.8490562438965
PV.PER.RNK.UPPER,SD,2018,8.01886749267578
PV.PER.RNK.UPPER,SD,2017,8.5714282989502
PV.PER.RNK.UPPER,SD,2016,4.7619047164917
PV.PER.RNK.UPPER,SD,2015,6.66666650772095
PV.PER.RNK.UPPER,SD,2014,5.2380952835083
PV.PER.RNK.UPPER,SD,2013,4.7393364906311
PV.PER.RNK.UPPER,SD,2012,4.7393364906311
PV.PER.RNK.UPPER,SD,2011,2.36966824531555
PV.PER.RNK.UPPER,SD,2010,1.89573454856873
PV.PER.RNK.UPPER,SD,2009,1.89573454856873
PV.PER.RNK.UPPER,SD,2008,2.4038462638855
PV.PER.RNK.UPPER,SD,2007,3.86473441123962
PV.PER.RNK.UPPER,SD,2006,7.72946882247925
PV.PER.RNK.UPPER,SD,2005,7.76699018478394
PV.PER.RNK.UPPER,SD,2004,17.4757289886475
PV.PER.RNK.UPPER,SD,2003,9.04522609710693
PV.PER.RNK.UPPER,SD,2002,12.6984128952026
PV.PER.RNK.UPPER,SD,2001,None
PV.PER.RNK.UPPER,SD,2000,6.34920644760132
PV.PER.RNK.UPPER,SD,1999,None
PV.PER.RNK.UPPER,SD,1998,7.44680833816528
PV.PER.RNK.UPPER,SD,1997,None
PV.PER.RNK.UPPER,SD,1996,3.72340416908264
PV.PER.RNK.UPPER,SD,1995,None
PV.PER.RNK.UPPER,SN,2019,59.4339637756348
PV.PER.RNK.UPPER,SN,2018,54.7169799804688
PV.PER.RNK.UPPER,SN,2017,58.0952377319336
PV.PER.RNK.UPPER,SN,2016,49.0476188659668
PV.PER.RNK.UPPER,SN,2015,54.2857131958008
PV.PER.RNK.UPPER,SN,2014,50.476188659668
PV.PER.RNK.UPPER,SN,2013,58.2938385009766
PV.PER.RNK.UPPER,SN,2012,54.9763031005859
PV.PER.RNK.UPPER,SN,2011,49.7630348205566
PV.PER.RNK.UPPER,SN,2010,45.0236968994141
PV.PER.RNK.UPPER,SN,2009,51.1848335266113
PV.PER.RNK.UPPER,SN,2008,52.8846168518066
PV.PER.RNK.UPPER,SN,2007,47.8260879516602
PV.PER.RNK.UPPER,SN,2006,50.7246360778809
PV.PER.RNK.UPPER,SN,2005,55.3398056030273
PV.PER.RNK.UPPER,SN,2004,63.1067962646484
PV.PER.RNK.UPPER,SN,2003,51.2562828063965
PV.PER.RNK.UPPER,SN,2002,52.3809509277344
PV.PER.RNK.UPPER,SN,2001,None
PV.PER.RNK.UPPER,SN,2000,42.8571434020996
PV.PER.RNK.UPPER,SN,1999,None
PV.PER.RNK.UPPER,SN,1998,30.8510646820068
PV.PER.RNK.UPPER,SN,1997,None
PV.PER.RNK.UPPER,SN,1996,47.8723411560059
PV.PER.RNK.UPPER,SN,1995,None
PV.PER.RNK.UPPER,SB,2019,77.8301849365234
PV.PER.RNK.UPPER,SB,2018,70.7547149658203
PV.PER.RNK.UPPER,SB,2017,66.6666641235352
PV.PER.RNK.UPPER,SB,2016,78.5714263916016
PV.PER.RNK.UPPER,SB,2015,88.5714263916016
PV.PER.RNK.UPPER,SB,2014,76.6666641235352
PV.PER.RNK.UPPER,SB,2013,73.459716796875
PV.PER.RNK.UPPER,SB,2012,69.1943130493164
PV.PER.RNK.UPPER,SB,2011,72.9857788085938
PV.PER.RNK.UPPER,SB,2010,77.2511825561523
PV.PER.RNK.UPPER,SB,2009,72.0379180908203
PV.PER.RNK.UPPER,SB,2008,72.5961532592773
PV.PER.RNK.UPPER,SB,2007,74.8792266845703
PV.PER.RNK.UPPER,SB,2006,66.6666641235352
PV.PER.RNK.UPPER,SB,2005,65.5339813232422
PV.PER.RNK.UPPER,SB,2004,66.019416809082
PV.PER.RNK.UPPER,SB,2003,95.4773864746094
PV.PER.RNK.UPPER,SB,2002,68.2539672851563
PV.PER.RNK.UPPER,SB,2001,None
PV.PER.RNK.UPPER,SB,2000,55.5555572509766
PV.PER.RNK.UPPER,SB,1999,None
PV.PER.RNK.UPPER,SB,1998,100
PV.PER.RNK.UPPER,SB,1997,None
PV.PER.RNK.UPPER,SB,1996,100
PV.PER.RNK.UPPER,SB,1995,None
PV.PER.RNK.UPPER,SL,2019,58.0188674926758
PV.PER.RNK.UPPER,SL,2018,55.6603775024414
PV.PER.RNK.UPPER,SL,2017,58.5714302062988
PV.PER.RNK.UPPER,SL,2016,52.3809509277344
PV.PER.RNK.UPPER,SL,2015,54.2857131958008
PV.PER.RNK.UPPER,SL,2014,54.2857131958008
PV.PER.RNK.UPPER,SL,2013,54.502368927002
PV.PER.RNK.UPPER,SL,2012,48.8151664733887
PV.PER.RNK.UPPER,SL,2011,54.9763031005859
PV.PER.RNK.UPPER,SL,2010,52.1327018737793
PV.PER.RNK.UPPER,SL,2009,50.7108993530273
PV.PER.RNK.UPPER,SL,2008,52.8846168518066
PV.PER.RNK.UPPER,SL,2007,59.4202880859375
PV.PER.RNK.UPPER,SL,2006,52.6570053100586
PV.PER.RNK.UPPER,SL,2005,47.5728149414063
PV.PER.RNK.UPPER,SL,2004,44.6601943969727
PV.PER.RNK.UPPER,SL,2003,29.1457290649414
PV.PER.RNK.UPPER,SL,2002,46.0317459106445
PV.PER.RNK.UPPER,SL,2001,None
PV.PER.RNK.UPPER,SL,2000,13.2275133132935
PV.PER.RNK.UPPER,SL,1999,None
PV.PER.RNK.UPPER,SL,1998,7.97872352600098
PV.PER.RNK.UPPER,SL,1997,None
PV.PER.RNK.UPPER,SL,1996,17.5531921386719
PV.PER.RNK.UPPER,SL,1995,None
PV.PER.RNK.UPPER,SO,2019,4.24528312683105
PV.PER.RNK.UPPER,SO,2018,5.18867921829224
PV.PER.RNK.UPPER,SO,2017,6.1904764175415
PV.PER.RNK.UPPER,SO,2016,4.7619047164917
PV.PER.RNK.UPPER,SO,2015,4.7619047164917
PV.PER.RNK.UPPER,SO,2014,4.2857141494751
PV.PER.RNK.UPPER,SO,2013,1.89573454856873
PV.PER.RNK.UPPER,SO,2012,0.947867274284363
PV.PER.RNK.UPPER,SO,2011,0.473933637142181
PV.PER.RNK.UPPER,SO,2010,0
PV.PER.RNK.UPPER,SO,2009,0
PV.PER.RNK.UPPER,SO,2008,0
PV.PER.RNK.UPPER,SO,2007,0.483091801404953
PV.PER.RNK.UPPER,SO,2006,0.966183602809906
PV.PER.RNK.UPPER,SO,2005,0.970873773097992
PV.PER.RNK.UPPER,SO,2004,1.45631062984467
PV.PER.RNK.UPPER,SO,2003,3.01507544517517
PV.PER.RNK.UPPER,SO,2002,4.7619047164917
PV.PER.RNK.UPPER,SO,2001,None
PV.PER.RNK.UPPER,SO,2000,12.1693124771118
PV.PER.RNK.UPPER,SO,1999,None
PV.PER.RNK.UPPER,SO,1998,8.51063823699951
PV.PER.RNK.UPPER,SO,1997,None
PV.PER.RNK.UPPER,SO,1996,4.25531911849976
PV.PER.RNK.UPPER,SO,1995,None
PV.PER.RNK.UPPER,SS,2019,4.24528312683105
PV.PER.RNK.UPPER,SS,2018,5.18867921829224
PV.PER.RNK.UPPER,SS,2017,3.80952382087708
PV.PER.RNK.UPPER,SS,2016,4.2857141494751
PV.PER.RNK.UPPER,SS,2015,4.7619047164917
PV.PER.RNK.UPPER,SS,2014,4.2857141494751
PV.PER.RNK.UPPER,SS,2013,14.6919431686401
PV.PER.RNK.UPPER,SS,2012,29.8578205108643
PV.PER.RNK.UPPER,SS,2011,23.222749710083
PV.PER.RNK.UPPER,SS,2010,None
PV.PER.RNK.UPPER,SS,2009,None
PV.PER.RNK.UPPER,SS,2008,None
PV.PER.RNK.UPPER,SS,2007,None
PV.PER.RNK.UPPER,SS,2006,None
PV.PER.RNK.UPPER,SS,2005,None
PV.PER.RNK.UPPER,SS,2004,None
PV.PER.RNK.UPPER,SS,2003,None
PV.PER.RNK.UPPER,SS,2002,None
PV.PER.RNK.UPPER,SS,2001,None
PV.PER.RNK.UPPER,SS,2000,None
PV.PER.RNK.UPPER,SS,1999,None
PV.PER.RNK.UPPER,SS,1998,None
PV.PER.RNK.UPPER,SS,1997,None
PV.PER.RNK.UPPER,SS,1996,None
PV.PER.RNK.UPPER,SS,1995,None
PV.PER.RNK.UPPER,ST,2019,77.8301849365234
PV.PER.RNK.UPPER,ST,2018,78.7735824584961
PV.PER.RNK.UPPER,ST,2017,64.7619018554688
PV.PER.RNK.UPPER,ST,2016,64.7619018554688
PV.PER.RNK.UPPER,ST,2015,61.4285697937012
PV.PER.RNK.UPPER,ST,2014,64.7619018554688
PV.PER.RNK.UPPER,ST,2013,64.9289093017578
PV.PER.RNK.UPPER,ST,2012,61.6113739013672
PV.PER.RNK.UPPER,ST,2011,63.5071105957031
PV.PER.RNK.UPPER,ST,2010,64.9289093017578
PV.PER.RNK.UPPER,ST,2009,68.7203826904297
PV.PER.RNK.UPPER,ST,2008,69.2307662963867
PV.PER.RNK.UPPER,ST,2007,78.260871887207
PV.PER.RNK.UPPER,ST,2006,74.3961334228516
PV.PER.RNK.UPPER,ST,2005,90.7766952514648
PV.PER.RNK.UPPER,ST,2004,90.7766952514648
PV.PER.RNK.UPPER,ST,2003,72.3618087768555
PV.PER.RNK.UPPER,ST,2002,91.5343933105469
PV.PER.RNK.UPPER,ST,2001,None
PV.PER.RNK.UPPER,ST,2000,100
PV.PER.RNK.UPPER,ST,1999,None
PV.PER.RNK.UPPER,ST,1998,100
PV.PER.RNK.UPPER,ST,1997,None
PV.PER.RNK.UPPER,ST,1996,100
PV.PER.RNK.UPPER,ST,1995,None
PV.PER.RNK.UPPER,SZ,2019,52.8301887512207
PV.PER.RNK.UPPER,SZ,2018,46.2264137268066
PV.PER.RNK.UPPER,SZ,2017,51.4285697937012
PV.PER.RNK.UPPER,SZ,2016,41.4285697937012
PV.PER.RNK.UPPER,SZ,2015,41.4285697937012
PV.PER.RNK.UPPER,SZ,2014,39.0476188659668
PV.PER.RNK.UPPER,SZ,2013,45.497631072998
PV.PER.RNK.UPPER,SZ,2012,44.0758285522461
PV.PER.RNK.UPPER,SZ,2011,45.497631072998
PV.PER.RNK.UPPER,SZ,2010,57.8199043273926
PV.PER.RNK.UPPER,SZ,2009,61.6113739013672
PV.PER.RNK.UPPER,SZ,2008,58.6538467407227
PV.PER.RNK.UPPER,SZ,2007,63.7681159973145
PV.PER.RNK.UPPER,SZ,2006,53.6231880187988
PV.PER.RNK.UPPER,SZ,2005,54.8543701171875
PV.PER.RNK.UPPER,SZ,2004,64.5631103515625
PV.PER.RNK.UPPER,SZ,2003,67.8391952514648
PV.PER.RNK.UPPER,SZ,2002,75.661376953125
PV.PER.RNK.UPPER,SZ,2001,None
PV.PER.RNK.UPPER,SZ,2000,73.5449752807617
PV.PER.RNK.UPPER,SZ,1999,None
PV.PER.RNK.UPPER,SZ,1998,70.2127685546875
PV.PER.RNK.UPPER,SZ,1997,None
PV.PER.RNK.UPPER,SZ,1996,66.4893646240234
PV.PER.RNK.UPPER,SZ,1995,None
PV.PER.RNK.UPPER,SY,2019,2.8301887512207
PV.PER.RNK.UPPER,SY,2018,2.35849046707153
PV.PER.RNK.UPPER,SY,2017,3.80952382087708
PV.PER.RNK.UPPER,SY,2016,0.952380955219269
PV.PER.RNK.UPPER,SY,2015,0.476190477609634
PV.PER.RNK.UPPER,SY,2014,2.38095235824585
PV.PER.RNK.UPPER,SY,2013,1.89573454856873
PV.PER.RNK.UPPER,SY,2012,1.89573454856873
PV.PER.RNK.UPPER,SY,2011,5.21327018737793
PV.PER.RNK.UPPER,SY,2010,32.2274894714355
PV.PER.RNK.UPPER,SY,2009,41.2322273254395
PV.PER.RNK.UPPER,SY,2008,46.1538467407227
PV.PER.RNK.UPPER,SY,2007,44.4444427490234
PV.PER.RNK.UPPER,SY,2006,49.2753639221191
PV.PER.RNK.UPPER,SY,2005,46.1165046691895
PV.PER.RNK.UPPER,SY,2004,52.9126205444336
PV.PER.RNK.UPPER,SY,2003,63.8190956115723
PV.PER.RNK.UPPER,SY,2002,73.0158767700195
PV.PER.RNK.UPPER,SY,2001,None
PV.PER.RNK.UPPER,SY,2000,61.9047622680664
PV.PER.RNK.UPPER,SY,1999,None
PV.PER.RNK.UPPER,SY,1998,64.8936157226563
PV.PER.RNK.UPPER,SY,1997,None
PV.PER.RNK.UPPER,SY,1996,56.9148941040039
PV.PER.RNK.UPPER,SY,1995,None
PV.PER.RNK.UPPER,TD,2019,14.6226415634155
PV.PER.RNK.UPPER,TD,2018,12.2641506195068
PV.PER.RNK.UPPER,TD,2017,16.1904754638672
PV.PER.RNK.UPPER,TD,2016,15.2380952835083
PV.PER.RNK.UPPER,TD,2015,23.8095245361328
PV.PER.RNK.UPPER,TD,2014,9.0476188659668
PV.PER.RNK.UPPER,TD,2013,23.222749710083
PV.PER.RNK.UPPER,TD,2012,24.6445503234863
PV.PER.RNK.UPPER,TD,2011,19.4312801361084
PV.PER.RNK.UPPER,TD,2010,13.2701425552368
PV.PER.RNK.UPPER,TD,2009,11.3744077682495
PV.PER.RNK.UPPER,TD,2008,9.13461494445801
PV.PER.RNK.UPPER,TD,2007,9.17874431610107
PV.PER.RNK.UPPER,TD,2006,10.1449279785156
PV.PER.RNK.UPPER,TD,2005,19.9029121398926
PV.PER.RNK.UPPER,TD,2004,17.9611644744873
PV.PER.RNK.UPPER,TD,2003,23.1155776977539
PV.PER.RNK.UPPER,TD,2002,20.6349201202393
PV.PER.RNK.UPPER,TD,2001,None
PV.PER.RNK.UPPER,TD,2000,32.2751312255859
PV.PER.RNK.UPPER,TD,1999,None
PV.PER.RNK.UPPER,TD,1998,26.0638294219971
PV.PER.RNK.UPPER,TD,1997,None
PV.PER.RNK.UPPER,TD,1996,38.8297882080078
PV.PER.RNK.UPPER,TD,1995,None
PV.PER.RNK.UPPER,TG,2019,25.943395614624
PV.PER.RNK.UPPER,TG,2018,28.7735843658447
PV.PER.RNK.UPPER,TG,2017,27.619047164917
PV.PER.RNK.UPPER,TG,2016,52.3809509277344
PV.PER.RNK.UPPER,TG,2015,51.4285697937012
PV.PER.RNK.UPPER,TG,2014,52.3809509277344
PV.PER.RNK.UPPER,TG,2013,46.9194297790527
PV.PER.RNK.UPPER,TG,2012,44.0758285522461
PV.PER.RNK.UPPER,TG,2011,54.9763031005859
PV.PER.RNK.UPPER,TG,2010,52.1327018737793
PV.PER.RNK.UPPER,TG,2009,52.6066360473633
PV.PER.RNK.UPPER,TG,2008,54.8076934814453
PV.PER.RNK.UPPER,TG,2007,46.3768119812012
PV.PER.RNK.UPPER,TG,2006,42.512077331543
PV.PER.RNK.UPPER,TG,2005,19.4174766540527
PV.PER.RNK.UPPER,TG,2004,52.9126205444336
PV.PER.RNK.UPPER,TG,2003,58.2914581298828
PV.PER.RNK.UPPER,TG,2002,70.3703689575195
PV.PER.RNK.UPPER,TG,2001,None
PV.PER.RNK.UPPER,TG,2000,61.375659942627
PV.PER.RNK.UPPER,TG,1999,None
PV.PER.RNK.UPPER,TG,1998,45.2127647399902
PV.PER.RNK.UPPER,TG,1997,None
PV.PER.RNK.UPPER,TG,1996,57.4468078613281
PV.PER.RNK.UPPER,TG,1995,None
PV.PER.RNK.UPPER,TJ,2019,43.3962249755859
PV.PER.RNK.UPPER,TJ,2018,33.0188674926758
PV.PER.RNK.UPPER,TJ,2017,33.8095245361328
PV.PER.RNK.UPPER,TJ,2016,30.4761905670166
PV.PER.RNK.UPPER,TJ,2015,26.6666660308838
PV.PER.RNK.UPPER,TJ,2014,30.9523811340332
PV.PER.RNK.UPPER,TJ,2013,21.8009471893311
PV.PER.RNK.UPPER,TJ,2012,20.3791465759277
PV.PER.RNK.UPPER,TJ,2011,28.4360198974609
PV.PER.RNK.UPPER,TJ,2010,26.0663509368896
PV.PER.RNK.UPPER,TJ,2009,27.014217376709
PV.PER.RNK.UPPER,TJ,2008,30.2884616851807
PV.PER.RNK.UPPER,TJ,2007,34.2995185852051
PV.PER.RNK.UPPER,TJ,2006,18.8405799865723
PV.PER.RNK.UPPER,TJ,2005,21.8446598052979
PV.PER.RNK.UPPER,TJ,2004,21.8446598052979
PV.PER.RNK.UPPER,TJ,2003,29.1457290649414
PV.PER.RNK.UPPER,TJ,2002,36.5079383850098
PV.PER.RNK.UPPER,TJ,2001,None
PV.PER.RNK.UPPER,TJ,2000,19.5767192840576
PV.PER.RNK.UPPER,TJ,1999,None
PV.PER.RNK.UPPER,TJ,1998,13.8297872543335
PV.PER.RNK.UPPER,TJ,1997,None
PV.PER.RNK.UPPER,TJ,1996,9.04255294799805
PV.PER.RNK.UPPER,TJ,1995,None
PV.PER.RNK.UPPER,TL,2019,67.9245300292969
PV.PER.RNK.UPPER,TL,2018,65.0943374633789
PV.PER.RNK.UPPER,TL,2017,62.8571434020996
PV.PER.RNK.UPPER,TL,2016,58.5714302062988
PV.PER.RNK.UPPER,TL,2015,50.9523811340332
PV.PER.RNK.UPPER,TL,2014,52.3809509277344
PV.PER.RNK.UPPER,TL,2013,46.9194297790527
PV.PER.RNK.UPPER,TL,2012,49.7630348205566
PV.PER.RNK.UPPER,TL,2011,45.971565246582
PV.PER.RNK.UPPER,TL,2010,45.0236968994141
PV.PER.RNK.UPPER,TL,2009,41.2322273254395
PV.PER.RNK.UPPER,TL,2008,33.6538467407227
PV.PER.RNK.UPPER,TL,2007,25.6038646697998
PV.PER.RNK.UPPER,TL,2006,26.57004737854
PV.PER.RNK.UPPER,TL,2005,39.8058242797852
PV.PER.RNK.UPPER,TL,2004,59.2233009338379
PV.PER.RNK.UPPER,TL,2003,54.2713584899902
PV.PER.RNK.UPPER,TL,2002,51.8518524169922
PV.PER.RNK.UPPER,TL,2001,None
PV.PER.RNK.UPPER,TL,2000,94.7089920043945
PV.PER.RNK.UPPER,TL,1999,None
PV.PER.RNK.UPPER,TL,1998,None
PV.PER.RNK.UPPER,TL,1997,None
PV.PER.RNK.UPPER,TL,1996,None
PV.PER.RNK.UPPER,TL,1995,None
PV.PER.RNK.UPPER,TN,2019,26.8867931365967
PV.PER.RNK.UPPER,TN,2018,28.7735843658447
PV.PER.RNK.UPPER,TN,2017,22.8571434020996
PV.PER.RNK.UPPER,TN,2016,18.5714282989502
PV.PER.RNK.UPPER,TN,2015,23.8095245361328
PV.PER.RNK.UPPER,TN,2014,28.0952377319336
PV.PER.RNK.UPPER,TN,2013,27.488151550293
PV.PER.RNK.UPPER,TN,2012,36.9668235778809
PV.PER.RNK.UPPER,TN,2011,48.8151664733887
PV.PER.RNK.UPPER,TN,2010,55.4502372741699
PV.PER.RNK.UPPER,TN,2009,61.6113739013672
PV.PER.RNK.UPPER,TN,2008,62.019229888916
PV.PER.RNK.UPPER,TN,2007,63.7681159973145
PV.PER.RNK.UPPER,TN,2006,64.7342987060547
PV.PER.RNK.UPPER,TN,2005,61.6504859924316
PV.PER.RNK.UPPER,TN,2004,66.019416809082
PV.PER.RNK.UPPER,TN,2003,71.8592987060547
PV.PER.RNK.UPPER,TN,2002,68.7830657958984
PV.PER.RNK.UPPER,TN,2001,None
PV.PER.RNK.UPPER,TN,2000,76.7195739746094
PV.PER.RNK.UPPER,TN,1999,None
PV.PER.RNK.UPPER,TN,1998,73.9361724853516
PV.PER.RNK.UPPER,TN,1997,None
PV.PER.RNK.UPPER,TN,1996,75
PV.PER.RNK.UPPER,TN,1995,None
PV.PER.RNK.UPPER,TZ,2019,46.698112487793
PV.PER.RNK.UPPER,TZ,2018,38.2075462341309
PV.PER.RNK.UPPER,TZ,2017,38.5714302062988
PV.PER.RNK.UPPER,TZ,2016,41.9047622680664
PV.PER.RNK.UPPER,TZ,2015,42.3809509277344
PV.PER.RNK.UPPER,TZ,2014,36.1904754638672
PV.PER.RNK.UPPER,TZ,2013,54.9763031005859
PV.PER.RNK.UPPER,TZ,2012,59.7156410217285
PV.PER.RNK.UPPER,TZ,2011,59.2417068481445
PV.PER.RNK.UPPER,TZ,2010,60.1895751953125
PV.PER.RNK.UPPER,TZ,2009,62.5592422485352
PV.PER.RNK.UPPER,TZ,2008,50.961540222168
PV.PER.RNK.UPPER,TZ,2007,42.9951705932617
PV.PER.RNK.UPPER,TZ,2006,48.7922706604004
PV.PER.RNK.UPPER,TZ,2005,41.7475738525391
PV.PER.RNK.UPPER,TZ,2004,38.3495140075684
PV.PER.RNK.UPPER,TZ,2003,33.668342590332
PV.PER.RNK.UPPER,TZ,2002,52.9100532531738
PV.PER.RNK.UPPER,TZ,2001,None
PV.PER.RNK.UPPER,TZ,2000,40.2116394042969
PV.PER.RNK.UPPER,TZ,1999,None
PV.PER.RNK.UPPER,TZ,1998,52.1276588439941
PV.PER.RNK.UPPER,TZ,1997,None
PV.PER.RNK.UPPER,TZ,1996,47.3404273986816
PV.PER.RNK.UPPER,TZ,1995,None
PV.PER.RNK.UPPER,UG,2019,33.4905662536621
PV.PER.RNK.UPPER,UG,2018,33.4905662536621
PV.PER.RNK.UPPER,UG,2017,38.5714302062988
PV.PER.RNK.UPPER,UG,2016,31.9047622680664
PV.PER.RNK.UPPER,UG,2015,28.5714282989502
PV.PER.RNK.UPPER,UG,2014,24.2857151031494
PV.PER.RNK.UPPER,UG,2013,29.8578205108643
PV.PER.RNK.UPPER,UG,2012,29.8578205108643
PV.PER.RNK.UPPER,UG,2011,28.4360198974609
PV.PER.RNK.UPPER,UG,2010,25.5924167633057
PV.PER.RNK.UPPER,UG,2009,25.5924167633057
PV.PER.RNK.UPPER,UG,2008,29.3269233703613
PV.PER.RNK.UPPER,UG,2007,27.0531406402588
PV.PER.RNK.UPPER,UG,2006,25.1207733154297
PV.PER.RNK.UPPER,UG,2005,19.4174766540527
PV.PER.RNK.UPPER,UG,2004,20.3883495330811
PV.PER.RNK.UPPER,UG,2003,18.5929641723633
PV.PER.RNK.UPPER,UG,2002,20.1058197021484
PV.PER.RNK.UPPER,UG,2001,None
PV.PER.RNK.UPPER,UG,2000,25.3968257904053
PV.PER.RNK.UPPER,UG,1999,None
PV.PER.RNK.UPPER,UG,1998,29.2553195953369
PV.PER.RNK.UPPER,UG,1997,None
PV.PER.RNK.UPPER,UG,1996,20.7446804046631
PV.PER.RNK.UPPER,UG,1995,None
PV.PER.RNK.UPPER,UZ,2019,51.4150924682617
PV.PER.RNK.UPPER,UZ,2018,50
PV.PER.RNK.UPPER,UZ,2017,51.9047622680664
PV.PER.RNK.UPPER,UZ,2016,49.0476188659668
PV.PER.RNK.UPPER,UZ,2015,44.2857131958008
PV.PER.RNK.UPPER,UZ,2014,48.5714302062988
PV.PER.RNK.UPPER,UZ,2013,41.7061614990234
PV.PER.RNK.UPPER,UZ,2012,40.2843589782715
PV.PER.RNK.UPPER,UZ,2011,39.8104248046875
PV.PER.RNK.UPPER,UZ,2010,35.0710906982422
PV.PER.RNK.UPPER,UZ,2009,27.014217376709
PV.PER.RNK.UPPER,UZ,2008,19.7115383148193
PV.PER.RNK.UPPER,UZ,2007,17.3913040161133
PV.PER.RNK.UPPER,UZ,2006,11.5942029953003
PV.PER.RNK.UPPER,UZ,2005,7.76699018478394
PV.PER.RNK.UPPER,UZ,2004,18.9320392608643
PV.PER.RNK.UPPER,UZ,2003,23.6180896759033
PV.PER.RNK.UPPER,UZ,2002,29.100528717041
PV.PER.RNK.UPPER,UZ,2001,None
PV.PER.RNK.UPPER,UZ,2000,28.0423278808594
PV.PER.RNK.UPPER,UZ,1999,None
PV.PER.RNK.UPPER,UZ,1998,48.4042549133301
PV.PER.RNK.UPPER,UZ,1997,None
PV.PER.RNK.UPPER,UZ,1996,54.7872352600098
PV.PER.RNK.UPPER,UZ,1995,None
PV.PER.RNK.UPPER,VN,2019,59.4339637756348
PV.PER.RNK.UPPER,VN,2018,58.4905662536621
PV.PER.RNK.UPPER,VN,2017,64.7619018554688
PV.PER.RNK.UPPER,VN,2016,64.7619018554688
PV.PER.RNK.UPPER,VN,2015,59.0476188659668
PV.PER.RNK.UPPER,VN,2014,57.6190490722656
PV.PER.RNK.UPPER,VN,2013,65.4028472900391
PV.PER.RNK.UPPER,VN,2012,65.8767776489258
PV.PER.RNK.UPPER,VN,2011,63.9810409545898
PV.PER.RNK.UPPER,VN,2010,64.4549789428711
PV.PER.RNK.UPPER,VN,2009,69.6682434082031
PV.PER.RNK.UPPER,VN,2008,65.3846130371094
PV.PER.RNK.UPPER,VN,2007,69.0821228027344
PV.PER.RNK.UPPER,VN,2006,72.4637680053711
PV.PER.RNK.UPPER,VN,2005,78.1553421020508
PV.PER.RNK.UPPER,VN,2004,66.019416809082
PV.PER.RNK.UPPER,VN,2003,65.8291473388672
PV.PER.RNK.UPPER,VN,2002,75.661376953125
PV.PER.RNK.UPPER,VN,2001,None
PV.PER.RNK.UPPER,VN,2000,79.8941802978516
PV.PER.RNK.UPPER,VN,1999,None
PV.PER.RNK.UPPER,VN,1998,76.5957412719727
PV.PER.RNK.UPPER,VN,1997,None
PV.PER.RNK.UPPER,VN,1996,87.2340393066406
PV.PER.RNK.UPPER,VN,1995,None
PV.PER.RNK.UPPER,VU,2019,97.1698150634766
PV.PER.RNK.UPPER,VU,2018,93.8679275512695
PV.PER.RNK.UPPER,VU,2017,91.4285736083984
PV.PER.RNK.UPPER,VU,2016,80.476188659668
PV.PER.RNK.UPPER,VU,2015,78.0952377319336
PV.PER.RNK.UPPER,VU,2014,87.6190490722656
PV.PER.RNK.UPPER,VU,2013,99.5260696411133
PV.PER.RNK.UPPER,VU,2012,99.5260696411133
PV.PER.RNK.UPPER,VU,2011,99.5260696411133
PV.PER.RNK.UPPER,VU,2010,100
PV.PER.RNK.UPPER,VU,2009,100
PV.PER.RNK.UPPER,VU,2008,100
PV.PER.RNK.UPPER,VU,2007,100
PV.PER.RNK.UPPER,VU,2006,100
PV.PER.RNK.UPPER,VU,2005,100
PV.PER.RNK.UPPER,VU,2004,92.7184448242188
PV.PER.RNK.UPPER,VU,2003,99.4974899291992
PV.PER.RNK.UPPER,VU,2002,100
PV.PER.RNK.UPPER,VU,2001,None
PV.PER.RNK.UPPER,VU,2000,100
PV.PER.RNK.UPPER,VU,1999,None
PV.PER.RNK.UPPER,VU,1998,100
PV.PER.RNK.UPPER,VU,1997,None
PV.PER.RNK.UPPER,VU,1996,100
PV.PER.RNK.UPPER,VU,1995,None
PV.PER.RNK.UPPER,WS,2019,98.5849075317383
PV.PER.RNK.UPPER,WS,2018,99.0566024780273
PV.PER.RNK.UPPER,WS,2017,98.5714263916016
PV.PER.RNK.UPPER,WS,2016,99.523811340332
PV.PER.RNK.UPPER,WS,2015,99.523811340332
PV.PER.RNK.UPPER,WS,2014,99.523811340332
PV.PER.RNK.UPPER,WS,2013,98.5782012939453
PV.PER.RNK.UPPER,WS,2012,98.5782012939453
PV.PER.RNK.UPPER,WS,2011,99.052131652832
PV.PER.RNK.UPPER,WS,2010,93.8388595581055
PV.PER.RNK.UPPER,WS,2009,99.052131652832
PV.PER.RNK.UPPER,WS,2008,100
PV.PER.RNK.UPPER,WS,2007,100
PV.PER.RNK.UPPER,WS,2006,100
PV.PER.RNK.UPPER,WS,2005,100
PV.PER.RNK.UPPER,WS,2004,100
PV.PER.RNK.UPPER,WS,2003,100
PV.PER.RNK.UPPER,WS,2002,100
PV.PER.RNK.UPPER,WS,2001,None
PV.PER.RNK.UPPER,WS,2000,100
PV.PER.RNK.UPPER,WS,1999,None
PV.PER.RNK.UPPER,WS,1998,100
PV.PER.RNK.UPPER,WS,1997,None
PV.PER.RNK.UPPER,WS,1996,100
PV.PER.RNK.UPPER,WS,1995,None
PV.PER.RNK.UPPER,YE,2019,2.8301887512207
PV.PER.RNK.UPPER,YE,2018,0.943396210670471
PV.PER.RNK.UPPER,YE,2017,0.952380955219269
PV.PER.RNK.UPPER,YE,2016,1.42857146263123
PV.PER.RNK.UPPER,YE,2015,2.38095235824585
PV.PER.RNK.UPPER,YE,2014,4.2857141494751
PV.PER.RNK.UPPER,YE,2013,4.26540279388428
PV.PER.RNK.UPPER,YE,2012,2.84360194206238
PV.PER.RNK.UPPER,YE,2011,2.36966824531555
PV.PER.RNK.UPPER,YE,2010,3.79146909713745
PV.PER.RNK.UPPER,YE,2009,4.26540279388428
PV.PER.RNK.UPPER,YE,2008,9.13461494445801
PV.PER.RNK.UPPER,YE,2007,13.043478012085
PV.PER.RNK.UPPER,YE,2006,18.3574886322021
PV.PER.RNK.UPPER,YE,2005,19.4174766540527
PV.PER.RNK.UPPER,YE,2004,16.019416809082
PV.PER.RNK.UPPER,YE,2003,20.1005020141602
PV.PER.RNK.UPPER,YE,2002,21.6931209564209
PV.PER.RNK.UPPER,YE,2001,None
PV.PER.RNK.UPPER,YE,2000,27.5132274627686
PV.PER.RNK.UPPER,YE,1999,None
PV.PER.RNK.UPPER,YE,1998,25.5319156646729
PV.PER.RNK.UPPER,YE,1997,None
PV.PER.RNK.UPPER,YE,1996,22.8723411560059
PV.PER.RNK.UPPER,YE,1995,None
PV.PER.RNK.UPPER,ZM,2019,56.6037750244141
PV.PER.RNK.UPPER,ZM,2018,61.3207550048828
PV.PER.RNK.UPPER,ZM,2017,63.8095245361328
PV.PER.RNK.UPPER,ZM,2016,61.9047622680664
PV.PER.RNK.UPPER,ZM,2015,60.9523811340332
PV.PER.RNK.UPPER,ZM,2014,60.9523811340332
PV.PER.RNK.UPPER,ZM,2013,71.5639801025391
PV.PER.RNK.UPPER,ZM,2012,83.4123229980469
PV.PER.RNK.UPPER,ZM,2011,72.9857788085938
PV.PER.RNK.UPPER,ZM,2010,79.620849609375
PV.PER.RNK.UPPER,ZM,2009,83.8862533569336
PV.PER.RNK.UPPER,ZM,2008,77.4038467407227
PV.PER.RNK.UPPER,ZM,2007,74.8792266845703
PV.PER.RNK.UPPER,ZM,2006,72.4637680053711
PV.PER.RNK.UPPER,ZM,2005,65.0485458374023
PV.PER.RNK.UPPER,ZM,2004,68.9320373535156
PV.PER.RNK.UPPER,ZM,2003,69.8492431640625
PV.PER.RNK.UPPER,ZM,2002,52.3809509277344
PV.PER.RNK.UPPER,ZM,2001,None
PV.PER.RNK.UPPER,ZM,2000,69.8412704467773
PV.PER.RNK.UPPER,ZM,1999,None
PV.PER.RNK.UPPER,ZM,1998,73.9361724853516
PV.PER.RNK.UPPER,ZM,1997,None
PV.PER.RNK.UPPER,ZM,1996,61.1702117919922
PV.PER.RNK.UPPER,ZM,1995,None
