NY.GNP.PCAP.KD.ZG,AF,2023,None
NY.GNP.PCAP.KD.ZG,AF,2022,-8.86881002871536
NY.GNP.PCAP.KD.ZG,AF,2021,-23.0875082539514
NY.GNP.PCAP.KD.ZG,AF,2020,None
NY.GNP.PCAP.KD.ZG,AF,2019,None
NY.GNP.PCAP.KD.ZG,AF,2018,None
NY.GNP.PCAP.KD.ZG,AF,2017,None
NY.GNP.PCAP.KD.ZG,AF,2016,None
NY.GNP.PCAP.KD.ZG,AF,2015,None
NY.GNP.PCAP.KD.ZG,AF,2014,None
NY.GNP.PCAP.KD.ZG,AF,2013,None
NY.GNP.PCAP.KD.ZG,AF,2012,None
NY.GNP.PCAP.KD.ZG,AF,2011,None
NY.GNP.PCAP.KD.ZG,AF,2010,None
NY.GNP.PCAP.KD.ZG,AF,2009,None
NY.GNP.PCAP.KD.ZG,AF,2008,None
NY.GNP.PCAP.KD.ZG,AF,2007,None
NY.GNP.PCAP.KD.ZG,AF,2006,None
NY.GNP.PCAP.KD.ZG,AF,2005,None
NY.GNP.PCAP.KD.ZG,AF,2004,None
NY.GNP.PCAP.KD.ZG,AF,2003,None
NY.GNP.PCAP.KD.ZG,AF,2002,None
NY.GNP.PCAP.KD.ZG,AF,2001,None
NY.GNP.PCAP.KD.ZG,AF,2000,None
NY.GNP.PCAP.KD.ZG,AF,1999,None
NY.GNP.PCAP.KD.ZG,AF,1998,None
NY.GNP.PCAP.KD.ZG,AF,1997,None
NY.GNP.PCAP.KD.ZG,AF,1996,None
NY.GNP.PCAP.KD.ZG,AF,1995,None
NY.GNP.PCAP.KD.ZG,AO,2023,-2.99629280119333
NY.GNP.PCAP.KD.ZG,AO,2022,0.438495730320824
NY.GNP.PCAP.KD.ZG,AO,2021,-2.49908902067747
NY.GNP.PCAP.KD.ZG,AO,2020,-6.46097257874962
NY.GNP.PCAP.KD.ZG,AO,2019,-6.724660324412
NY.GNP.PCAP.KD.ZG,AO,2018,-6.76241117681595
NY.GNP.PCAP.KD.ZG,AO,2017,-4.77090316907424
NY.GNP.PCAP.KD.ZG,AO,2016,-6.24799359242922
NY.GNP.PCAP.KD.ZG,AO,2015,-0.854363920359845
NY.GNP.PCAP.KD.ZG,AO,2014,2.87281171289115
NY.GNP.PCAP.KD.ZG,AO,2013,2.49658468022243
NY.GNP.PCAP.KD.ZG,AO,2012,5.58514747010423
NY.GNP.PCAP.KD.ZG,AO,2011,-0.533175552734804
NY.GNP.PCAP.KD.ZG,AO,2010,-1.30862136957981
NY.GNP.PCAP.KD.ZG,AO,2009,7.88490402936226
NY.GNP.PCAP.KD.ZG,AO,2008,2.10980036493736
NY.GNP.PCAP.KD.ZG,AO,2007,12.1500958989604
NY.GNP.PCAP.KD.ZG,AO,2006,5.22820916051319
NY.GNP.PCAP.KD.ZG,AO,2005,9.34147781952714
NY.GNP.PCAP.KD.ZG,AO,2004,5.18914570124178
NY.GNP.PCAP.KD.ZG,AO,2003,0.502240939324366
NY.GNP.PCAP.KD.ZG,AO,2002,None
NY.GNP.PCAP.KD.ZG,AO,2001,None
NY.GNP.PCAP.KD.ZG,AO,2000,None
NY.GNP.PCAP.KD.ZG,AO,1999,None
NY.GNP.PCAP.KD.ZG,AO,1998,None
NY.GNP.PCAP.KD.ZG,AO,1997,None
NY.GNP.PCAP.KD.ZG,AO,1996,None
NY.GNP.PCAP.KD.ZG,AO,1995,None
NY.GNP.PCAP.KD.ZG,BI,2023,-0.24571581273598
NY.GNP.PCAP.KD.ZG,BI,2022,-0.666430677361348
NY.GNP.PCAP.KD.ZG,BI,2021,0.0710074667700837
NY.GNP.PCAP.KD.ZG,BI,2020,-2.19388941657344
NY.GNP.PCAP.KD.ZG,BI,2019,-1.36579409981006
NY.GNP.PCAP.KD.ZG,BI,2018,-1.20005477444757
NY.GNP.PCAP.KD.ZG,BI,2017,-1.65849494795201
NY.GNP.PCAP.KD.ZG,BI,2016,-2.27234725028664
NY.GNP.PCAP.KD.ZG,BI,2015,-5.70409972152153
NY.GNP.PCAP.KD.ZG,BI,2014,0.454321177565916
NY.GNP.PCAP.KD.ZG,BI,2013,1.62368100003445
NY.GNP.PCAP.KD.ZG,BI,2012,1.33445767674998
NY.GNP.PCAP.KD.ZG,BI,2011,0.174557820430763
NY.GNP.PCAP.KD.ZG,BI,2010,0.736282986772153
NY.GNP.PCAP.KD.ZG,BI,2009,-2.01062985544368
NY.GNP.PCAP.KD.ZG,BI,2008,0.805857139616421
NY.GNP.PCAP.KD.ZG,BI,2007,-0.0156777813986366
NY.GNP.PCAP.KD.ZG,BI,2006,2.63046637421415
NY.GNP.PCAP.KD.ZG,BI,2005,-1.54025471481127
NY.GNP.PCAP.KD.ZG,BI,2004,0.29716406608253
NY.GNP.PCAP.KD.ZG,BI,2003,-4.83433141177674
NY.GNP.PCAP.KD.ZG,BI,2002,1.32137704047197
NY.GNP.PCAP.KD.ZG,BI,2001,-3.22716349986165
NY.GNP.PCAP.KD.ZG,BI,2000,-0.0374118950178399
NY.GNP.PCAP.KD.ZG,BI,1999,-3.78464248889657
NY.GNP.PCAP.KD.ZG,BI,1998,3.20172439282227
NY.GNP.PCAP.KD.ZG,BI,1997,None
NY.GNP.PCAP.KD.ZG,BI,1996,None
NY.GNP.PCAP.KD.ZG,BI,1995,None
NY.GNP.PCAP.KD.ZG,BJ,2023,3.7957296192433
NY.GNP.PCAP.KD.ZG,BJ,2022,3.07226515683445
NY.GNP.PCAP.KD.ZG,BJ,2021,4.7984066574132
NY.GNP.PCAP.KD.ZG,BJ,2020,0.913594159259318
NY.GNP.PCAP.KD.ZG,BJ,2019,3.83249195861319
NY.GNP.PCAP.KD.ZG,BJ,2018,3.71927322513767
NY.GNP.PCAP.KD.ZG,BJ,2017,2.36908355505786
NY.GNP.PCAP.KD.ZG,BJ,2016,0.268955850876978
NY.GNP.PCAP.KD.ZG,BJ,2015,-1.53492348807028
NY.GNP.PCAP.KD.ZG,BJ,2014,3.38710759114041
NY.GNP.PCAP.KD.ZG,BJ,2013,4.17125541135933
NY.GNP.PCAP.KD.ZG,BJ,2012,1.34284255643293
NY.GNP.PCAP.KD.ZG,BJ,2011,0.400542872646596
NY.GNP.PCAP.KD.ZG,BJ,2010,-1.05518225262212
NY.GNP.PCAP.KD.ZG,BJ,2009,-0.866783265692135
NY.GNP.PCAP.KD.ZG,BJ,2008,2.32142781656674
NY.GNP.PCAP.KD.ZG,BJ,2007,2.82122035842971
NY.GNP.PCAP.KD.ZG,BJ,2006,0.655241972642756
NY.GNP.PCAP.KD.ZG,BJ,2005,-1.14062211786164
NY.GNP.PCAP.KD.ZG,BJ,2004,1.42161058816505
NY.GNP.PCAP.KD.ZG,BJ,2003,0.328690423122978
NY.GNP.PCAP.KD.ZG,BJ,2002,1.271473389447
NY.GNP.PCAP.KD.ZG,BJ,2001,2.16152096981352
NY.GNP.PCAP.KD.ZG,BJ,2000,2.67042022535746
NY.GNP.PCAP.KD.ZG,BJ,1999,2.38228559269311
NY.GNP.PCAP.KD.ZG,BJ,1998,1.6189572109445
NY.GNP.PCAP.KD.ZG,BJ,1997,3.35230309432843
NY.GNP.PCAP.KD.ZG,BJ,1996,1.72151353822206
NY.GNP.PCAP.KD.ZG,BJ,1995,4.025441750021
NY.GNP.PCAP.KD.ZG,BF,2023,None
NY.GNP.PCAP.KD.ZG,BF,2022,None
NY.GNP.PCAP.KD.ZG,BF,2021,2.8598495881641
NY.GNP.PCAP.KD.ZG,BF,2020,0.244014187980923
NY.GNP.PCAP.KD.ZG,BF,2019,1.54559103344023
NY.GNP.PCAP.KD.ZG,BF,2018,4.33648995012122
NY.GNP.PCAP.KD.ZG,BF,2017,3.96323498829143
NY.GNP.PCAP.KD.ZG,BF,2016,2.90950581007704
NY.GNP.PCAP.KD.ZG,BF,2015,0.618940408880647
NY.GNP.PCAP.KD.ZG,BF,2014,-0.428088598403093
NY.GNP.PCAP.KD.ZG,BF,2013,2.54859481171535
NY.GNP.PCAP.KD.ZG,BF,2012,4.8567408735581
NY.GNP.PCAP.KD.ZG,BF,2011,2.28583826156023
NY.GNP.PCAP.KD.ZG,BF,2010,3.44827837757478
NY.GNP.PCAP.KD.ZG,BF,2009,-0.823014258554537
NY.GNP.PCAP.KD.ZG,BF,2008,2.64148676217897
NY.GNP.PCAP.KD.ZG,BF,2007,0.992052427899665
NY.GNP.PCAP.KD.ZG,BF,2006,3.72524233272576
NY.GNP.PCAP.KD.ZG,BF,2005,5.0938512800425
NY.GNP.PCAP.KD.ZG,BF,2004,1.55326916892324
NY.GNP.PCAP.KD.ZG,BF,2003,4.30501497422193
NY.GNP.PCAP.KD.ZG,BF,2002,0.648675363960407
NY.GNP.PCAP.KD.ZG,BF,2001,3.17631320636922
NY.GNP.PCAP.KD.ZG,BF,2000,-1.32969342221129
NY.GNP.PCAP.KD.ZG,BF,1999,4.51326521454993
NY.GNP.PCAP.KD.ZG,BF,1998,4.38605772328687
NY.GNP.PCAP.KD.ZG,BF,1997,3.26910807136127
NY.GNP.PCAP.KD.ZG,BF,1996,8.93855712850744
NY.GNP.PCAP.KD.ZG,BF,1995,3.3641033683993
NY.GNP.PCAP.KD.ZG,BD,2023,4.72361936290429
NY.GNP.PCAP.KD.ZG,BD,2022,4.6444424262788
NY.GNP.PCAP.KD.ZG,BD,2021,6.85800227868666
NY.GNP.PCAP.KD.ZG,BD,2020,2.31340653768743
NY.GNP.PCAP.KD.ZG,BD,2019,6.78731575723783
NY.GNP.PCAP.KD.ZG,BD,2018,6.64047052115522
NY.GNP.PCAP.KD.ZG,BD,2017,4.0271602029724
NY.GNP.PCAP.KD.ZG,BD,2016,None
NY.GNP.PCAP.KD.ZG,BD,2015,None
NY.GNP.PCAP.KD.ZG,BD,2014,None
NY.GNP.PCAP.KD.ZG,BD,2013,None
NY.GNP.PCAP.KD.ZG,BD,2012,None
NY.GNP.PCAP.KD.ZG,BD,2011,None
NY.GNP.PCAP.KD.ZG,BD,2010,None
NY.GNP.PCAP.KD.ZG,BD,2009,None
NY.GNP.PCAP.KD.ZG,BD,2008,None
NY.GNP.PCAP.KD.ZG,BD,2007,None
NY.GNP.PCAP.KD.ZG,BD,2006,None
NY.GNP.PCAP.KD.ZG,BD,2005,None
NY.GNP.PCAP.KD.ZG,BD,2004,None
NY.GNP.PCAP.KD.ZG,BD,2003,None
NY.GNP.PCAP.KD.ZG,BD,2002,None
NY.GNP.PCAP.KD.ZG,BD,2001,None
NY.GNP.PCAP.KD.ZG,BD,2000,None
NY.GNP.PCAP.KD.ZG,BD,1999,None
NY.GNP.PCAP.KD.ZG,BD,1998,None
NY.GNP.PCAP.KD.ZG,BD,1997,None
NY.GNP.PCAP.KD.ZG,BD,1996,None
NY.GNP.PCAP.KD.ZG,BD,1995,None
NY.GNP.PCAP.KD.ZG,BO,2023,None
NY.GNP.PCAP.KD.ZG,BO,2022,2.02651459115644
NY.GNP.PCAP.KD.ZG,BO,2021,3.33509715427105
NY.GNP.PCAP.KD.ZG,BO,2020,-9.11245550076816
NY.GNP.PCAP.KD.ZG,BO,2019,1.13772450487089
NY.GNP.PCAP.KD.ZG,BO,2018,3.2277833102066
NY.GNP.PCAP.KD.ZG,BO,2017,1.39330675372898
NY.GNP.PCAP.KD.ZG,BO,2016,4.31248084168077
NY.GNP.PCAP.KD.ZG,BO,2015,5.47123032063695
NY.GNP.PCAP.KD.ZG,BO,2014,5.36413056384212
NY.GNP.PCAP.KD.ZG,BO,2013,4.91711502744336
NY.GNP.PCAP.KD.ZG,BO,2012,1.05406007226041
NY.GNP.PCAP.KD.ZG,BO,2011,3.81550364721512
NY.GNP.PCAP.KD.ZG,BO,2010,1.4540655422431
NY.GNP.PCAP.KD.ZG,BO,2009,1.0242450493238
NY.GNP.PCAP.KD.ZG,BO,2008,4.84423805935083
NY.GNP.PCAP.KD.ZG,BO,2007,2.50348135173159
NY.GNP.PCAP.KD.ZG,BO,2006,3.34861181984026
NY.GNP.PCAP.KD.ZG,BO,2005,3.09651535919539
NY.GNP.PCAP.KD.ZG,BO,2004,1.58029565891269
NY.GNP.PCAP.KD.ZG,BO,2003,-0.293492715360983
NY.GNP.PCAP.KD.ZG,BO,2002,0.681043672764801
NY.GNP.PCAP.KD.ZG,BO,2001,-0.0122151090873501
NY.GNP.PCAP.KD.ZG,BO,2000,0.38092331112469
NY.GNP.PCAP.KD.ZG,BO,1999,-1.82292848037771
NY.GNP.PCAP.KD.ZG,BO,1998,3.71781197496801
NY.GNP.PCAP.KD.ZG,BO,1997,3.36794812904819
NY.GNP.PCAP.KD.ZG,BO,1996,2.66580687745683
NY.GNP.PCAP.KD.ZG,BO,1995,2.65662982552664
NY.GNP.PCAP.KD.ZG,BT,2023,None
NY.GNP.PCAP.KD.ZG,BT,2022,5.29348105602713
NY.GNP.PCAP.KD.ZG,BT,2021,3.95375327697668
NY.GNP.PCAP.KD.ZG,BT,2020,-8.43871300329329
NY.GNP.PCAP.KD.ZG,BT,2019,5.28097613854793
NY.GNP.PCAP.KD.ZG,BT,2018,2.46013023272671
NY.GNP.PCAP.KD.ZG,BT,2017,2.41169283561847
NY.GNP.PCAP.KD.ZG,BT,2016,5.97265167810257
NY.GNP.PCAP.KD.ZG,BT,2015,5.41228909483928
NY.GNP.PCAP.KD.ZG,BT,2014,4.43021855674992
NY.GNP.PCAP.KD.ZG,BT,2013,1.55082657878786
NY.GNP.PCAP.KD.ZG,BT,2012,2.38570451781597
NY.GNP.PCAP.KD.ZG,BT,2011,6.43284043361064
NY.GNP.PCAP.KD.ZG,BT,2010,8.98850736666488
NY.GNP.PCAP.KD.ZG,BT,2009,5.11572574727059
NY.GNP.PCAP.KD.ZG,BT,2008,2.0298666563607
NY.GNP.PCAP.KD.ZG,BT,2007,13.5669390141899
NY.GNP.PCAP.KD.ZG,BT,2006,5.1124378454203
NY.GNP.PCAP.KD.ZG,BT,2005,5.67273101690449
NY.GNP.PCAP.KD.ZG,BT,2004,2.61195129605021
NY.GNP.PCAP.KD.ZG,BT,2003,4.41215477513089
NY.GNP.PCAP.KD.ZG,BT,2002,6.12594075637287
NY.GNP.PCAP.KD.ZG,BT,2001,4.53856906974231
NY.GNP.PCAP.KD.ZG,BT,2000,19.8760131575718
NY.GNP.PCAP.KD.ZG,BT,1999,2.4411372025249
NY.GNP.PCAP.KD.ZG,BT,1998,-2.6948092828317
NY.GNP.PCAP.KD.ZG,BT,1997,6.19923633436716
NY.GNP.PCAP.KD.ZG,BT,1996,5.07442903743728
NY.GNP.PCAP.KD.ZG,BT,1995,0.552229804825714
NY.GNP.PCAP.KD.ZG,CF,2023,None
NY.GNP.PCAP.KD.ZG,CF,2022,-2.96506609384777
NY.GNP.PCAP.KD.ZG,CF,2021,-0.136726794140046
NY.GNP.PCAP.KD.ZG,CF,2020,-3.20639026226431
NY.GNP.PCAP.KD.ZG,CF,2019,0.704811287158307
NY.GNP.PCAP.KD.ZG,CF,2018,4.73182846328196
NY.GNP.PCAP.KD.ZG,CF,2017,5.59933114312905
NY.GNP.PCAP.KD.ZG,CF,2016,3.03738859076186
NY.GNP.PCAP.KD.ZG,CF,2015,4.07142203129438
NY.GNP.PCAP.KD.ZG,CF,2014,0.263566968600543
NY.GNP.PCAP.KD.ZG,CF,2013,-36.5477798193606
NY.GNP.PCAP.KD.ZG,CF,2012,4.16770910615352
NY.GNP.PCAP.KD.ZG,CF,2011,2.53685332877589
NY.GNP.PCAP.KD.ZG,CF,2010,3.23632301531254
NY.GNP.PCAP.KD.ZG,CF,2009,None
NY.GNP.PCAP.KD.ZG,CF,2008,None
NY.GNP.PCAP.KD.ZG,CF,2007,None
NY.GNP.PCAP.KD.ZG,CF,2006,None
NY.GNP.PCAP.KD.ZG,CF,2005,None
NY.GNP.PCAP.KD.ZG,CF,2004,None
NY.GNP.PCAP.KD.ZG,CF,2003,None
NY.GNP.PCAP.KD.ZG,CF,2002,None
NY.GNP.PCAP.KD.ZG,CF,2001,None
NY.GNP.PCAP.KD.ZG,CF,2000,None
NY.GNP.PCAP.KD.ZG,CF,1999,None
NY.GNP.PCAP.KD.ZG,CF,1998,None
NY.GNP.PCAP.KD.ZG,CF,1997,None
NY.GNP.PCAP.KD.ZG,CF,1996,None
NY.GNP.PCAP.KD.ZG,CF,1995,None
NY.GNP.PCAP.KD.ZG,CI,2023,2.98026655353272
NY.GNP.PCAP.KD.ZG,CI,2022,3.48368293163364
NY.GNP.PCAP.KD.ZG,CI,2021,4.33937925793661
NY.GNP.PCAP.KD.ZG,CI,2020,-2.02788768421955
NY.GNP.PCAP.KD.ZG,CI,2019,4.0533037803588
NY.GNP.PCAP.KD.ZG,CI,2018,2.36082360955696
NY.GNP.PCAP.KD.ZG,CI,2017,3.98939723461385
NY.GNP.PCAP.KD.ZG,CI,2016,4.39944427403336
NY.GNP.PCAP.KD.ZG,CI,2015,4.07545163808616
NY.GNP.PCAP.KD.ZG,CI,2014,46.2583318757675
NY.GNP.PCAP.KD.ZG,CI,2013,7.02415456257881
NY.GNP.PCAP.KD.ZG,CI,2012,6.89054776226014
NY.GNP.PCAP.KD.ZG,CI,2011,-6.98812541561109
NY.GNP.PCAP.KD.ZG,CI,2010,4.22809514568515
NY.GNP.PCAP.KD.ZG,CI,2009,2.78945566516484
NY.GNP.PCAP.KD.ZG,CI,2008,None
NY.GNP.PCAP.KD.ZG,CI,2007,None
NY.GNP.PCAP.KD.ZG,CI,2006,None
NY.GNP.PCAP.KD.ZG,CI,2005,None
NY.GNP.PCAP.KD.ZG,CI,2004,None
NY.GNP.PCAP.KD.ZG,CI,2003,None
NY.GNP.PCAP.KD.ZG,CI,2002,None
NY.GNP.PCAP.KD.ZG,CI,2001,None
NY.GNP.PCAP.KD.ZG,CI,2000,None
NY.GNP.PCAP.KD.ZG,CI,1999,None
NY.GNP.PCAP.KD.ZG,CI,1998,None
NY.GNP.PCAP.KD.ZG,CI,1997,None
NY.GNP.PCAP.KD.ZG,CI,1996,None
NY.GNP.PCAP.KD.ZG,CI,1995,None
NY.GNP.PCAP.KD.ZG,CM,2023,1.79519020671108
NY.GNP.PCAP.KD.ZG,CM,2022,-0.0469529254147432
NY.GNP.PCAP.KD.ZG,CM,2021,1.19293223228931
NY.GNP.PCAP.KD.ZG,CM,2020,-2.42736364444782
NY.GNP.PCAP.KD.ZG,CM,2019,0.335575238048008
NY.GNP.PCAP.KD.ZG,CM,2018,1.09420538359632
NY.GNP.PCAP.KD.ZG,CM,2017,0.455872872395119
NY.GNP.PCAP.KD.ZG,CM,2016,1.14734816241346
NY.GNP.PCAP.KD.ZG,CM,2015,2.96023694958517
NY.GNP.PCAP.KD.ZG,CM,2014,2.50338391345157
NY.GNP.PCAP.KD.ZG,CM,2013,1.68777784061763
NY.GNP.PCAP.KD.ZG,CM,2012,1.21635650596122
NY.GNP.PCAP.KD.ZG,CM,2011,0.464066682752446
NY.GNP.PCAP.KD.ZG,CM,2010,-0.539274002747575
NY.GNP.PCAP.KD.ZG,CM,2009,0.748953334996074
NY.GNP.PCAP.KD.ZG,CM,2008,0.558809475395023
NY.GNP.PCAP.KD.ZG,CM,2007,0.599866021216016
NY.GNP.PCAP.KD.ZG,CM,2006,2.31016815012821
NY.GNP.PCAP.KD.ZG,CM,2005,-0.932469998604944
NY.GNP.PCAP.KD.ZG,CM,2004,5.29752269810719
NY.GNP.PCAP.KD.ZG,CM,2003,4.7576405653285
NY.GNP.PCAP.KD.ZG,CM,2002,2.75066771096368
NY.GNP.PCAP.KD.ZG,CM,2001,0.978910032477302
NY.GNP.PCAP.KD.ZG,CM,2000,-0.747631650246916
NY.GNP.PCAP.KD.ZG,CM,1999,2.11634747116025
NY.GNP.PCAP.KD.ZG,CM,1998,3.12720006968871
NY.GNP.PCAP.KD.ZG,CM,1997,1.53202242804451
NY.GNP.PCAP.KD.ZG,CM,1996,1.35108026264959
NY.GNP.PCAP.KD.ZG,CM,1995,-0.0829115667077645
NY.GNP.PCAP.KD.ZG,CD,2023,6.72802380562274
NY.GNP.PCAP.KD.ZG,CD,2022,2.40439136883153
NY.GNP.PCAP.KD.ZG,CD,2021,0.681134581717814
NY.GNP.PCAP.KD.ZG,CD,2020,1.88496440115129
NY.GNP.PCAP.KD.ZG,CD,2019,-0.869003872966445
NY.GNP.PCAP.KD.ZG,CD,2018,1.23015724881297
NY.GNP.PCAP.KD.ZG,CD,2017,-1.03290689585629
NY.GNP.PCAP.KD.ZG,CD,2016,5.36881142020408
NY.GNP.PCAP.KD.ZG,CD,2015,5.1710378715879
NY.GNP.PCAP.KD.ZG,CD,2014,6.31076694809545
NY.GNP.PCAP.KD.ZG,CD,2013,0.487012458386957
NY.GNP.PCAP.KD.ZG,CD,2012,2.67147362629527
NY.GNP.PCAP.KD.ZG,CD,2011,2.11427727717577
NY.GNP.PCAP.KD.ZG,CD,2010,3.42815869763442
NY.GNP.PCAP.KD.ZG,CD,2009,2.1161782061034
NY.GNP.PCAP.KD.ZG,CD,2008,0.0947341694199224
NY.GNP.PCAP.KD.ZG,CD,2007,2.15270357908189
NY.GNP.PCAP.KD.ZG,CD,2006,3.06333374331471
NY.GNP.PCAP.KD.ZG,CD,2005,1.54912426802045
NY.GNP.PCAP.KD.ZG,CD,2004,3.10086344192135
NY.GNP.PCAP.KD.ZG,CD,2003,3.2892977309221
NY.GNP.PCAP.KD.ZG,CD,2002,1.61740006808738
NY.GNP.PCAP.KD.ZG,CD,2001,-7.92949113458383
NY.GNP.PCAP.KD.ZG,CD,2000,-2.77214804306328
NY.GNP.PCAP.KD.ZG,CD,1999,-10.2057313488323
NY.GNP.PCAP.KD.ZG,CD,1998,-3.37791199386356
NY.GNP.PCAP.KD.ZG,CD,1997,-7.58770157093487
NY.GNP.PCAP.KD.ZG,CD,1996,5.12456751949533
NY.GNP.PCAP.KD.ZG,CD,1995,-5.47233696924837
NY.GNP.PCAP.KD.ZG,CG,2023,1.64880632457111
NY.GNP.PCAP.KD.ZG,CG,2022,-4.40773853420271
NY.GNP.PCAP.KD.ZG,CG,2021,-4.4512443345881
NY.GNP.PCAP.KD.ZG,CG,2020,0.826584306709123
NY.GNP.PCAP.KD.ZG,CG,2019,-5.44217221882558
NY.GNP.PCAP.KD.ZG,CG,2018,1.42177161109632
NY.GNP.PCAP.KD.ZG,CG,2017,-15.6739395290893
NY.GNP.PCAP.KD.ZG,CG,2016,-13.0147236865364
NY.GNP.PCAP.KD.ZG,CG,2015,-3.85119475597784
NY.GNP.PCAP.KD.ZG,CG,2014,8.44440485066404
NY.GNP.PCAP.KD.ZG,CG,2013,0.544152192273543
NY.GNP.PCAP.KD.ZG,CG,2012,12.6890166365295
NY.GNP.PCAP.KD.ZG,CG,2011,-3.8929062900459
NY.GNP.PCAP.KD.ZG,CG,2010,3.2773510138649
NY.GNP.PCAP.KD.ZG,CG,2009,16.0253285965707
NY.GNP.PCAP.KD.ZG,CG,2008,4.67734001363928
NY.GNP.PCAP.KD.ZG,CG,2007,-9.83690858005123
NY.GNP.PCAP.KD.ZG,CG,2006,16.5288823747612
NY.GNP.PCAP.KD.ZG,CG,2005,12.2134094762527
NY.GNP.PCAP.KD.ZG,CG,2004,-4.91698796477826
NY.GNP.PCAP.KD.ZG,CG,2003,-2.89524302288292
NY.GNP.PCAP.KD.ZG,CG,2002,2.34413577598855
NY.GNP.PCAP.KD.ZG,CG,2001,7.56321736506595
NY.GNP.PCAP.KD.ZG,CG,2000,-7.20155181623319
NY.GNP.PCAP.KD.ZG,CG,1999,-16.2552163965413
NY.GNP.PCAP.KD.ZG,CG,1998,10.1258344343555
NY.GNP.PCAP.KD.ZG,CG,1997,9.83693779033941
NY.GNP.PCAP.KD.ZG,CG,1996,0.956076642517004
NY.GNP.PCAP.KD.ZG,CG,1995,-18.6980428234692
NY.GNP.PCAP.KD.ZG,KM,2023,0.571327568854187
NY.GNP.PCAP.KD.ZG,KM,2022,0.520089510060302
NY.GNP.PCAP.KD.ZG,KM,2021,0.197664567839965
NY.GNP.PCAP.KD.ZG,KM,2020,-2.08725176706631
NY.GNP.PCAP.KD.ZG,KM,2019,-0.187115425652777
NY.GNP.PCAP.KD.ZG,KM,2018,1.75646724384606
NY.GNP.PCAP.KD.ZG,KM,2017,1.63558805254436
NY.GNP.PCAP.KD.ZG,KM,2016,1.13273201479433
NY.GNP.PCAP.KD.ZG,KM,2015,-0.860638209351407
NY.GNP.PCAP.KD.ZG,KM,2014,0.303783776356227
NY.GNP.PCAP.KD.ZG,KM,2013,2.43656767694939
NY.GNP.PCAP.KD.ZG,KM,2012,0.895840152045693
NY.GNP.PCAP.KD.ZG,KM,2011,1.9769913386455
NY.GNP.PCAP.KD.ZG,KM,2010,1.68546188168715
NY.GNP.PCAP.KD.ZG,KM,2009,1.20251051062183
NY.GNP.PCAP.KD.ZG,KM,2008,1.49507626363898
NY.GNP.PCAP.KD.ZG,KM,2007,-0.804027846301253
NY.GNP.PCAP.KD.ZG,KM,2006,0.663962762099345
NY.GNP.PCAP.KD.ZG,KM,2005,0.923639574559829
NY.GNP.PCAP.KD.ZG,KM,2004,-0.107776845345327
NY.GNP.PCAP.KD.ZG,KM,2003,0.0495275344893287
NY.GNP.PCAP.KD.ZG,KM,2002,-0.109015464490241
NY.GNP.PCAP.KD.ZG,KM,2001,0.371795296056376
NY.GNP.PCAP.KD.ZG,KM,2000,8.76605380381588
NY.GNP.PCAP.KD.ZG,KM,1999,0.046009989684876
NY.GNP.PCAP.KD.ZG,KM,1998,-1.02337350077757
NY.GNP.PCAP.KD.ZG,KM,1997,1.78762126954597
NY.GNP.PCAP.KD.ZG,KM,1996,-3.55002675158941
NY.GNP.PCAP.KD.ZG,KM,1995,1.52286440494245
NY.GNP.PCAP.KD.ZG,CV,2023,5.09885699041921
NY.GNP.PCAP.KD.ZG,CV,2022,16.6490431083902
NY.GNP.PCAP.KD.ZG,CV,2021,6.90403341717413
NY.GNP.PCAP.KD.ZG,CV,2020,-21.7629020960169
NY.GNP.PCAP.KD.ZG,CV,2019,6.11877974487622
NY.GNP.PCAP.KD.ZG,CV,2018,3.52526648190894
NY.GNP.PCAP.KD.ZG,CV,2017,3.53875946824343
NY.GNP.PCAP.KD.ZG,CV,2016,3.21535098407327
NY.GNP.PCAP.KD.ZG,CV,2015,0.997015588604228
NY.GNP.PCAP.KD.ZG,CV,2014,-1.82832030760292
NY.GNP.PCAP.KD.ZG,CV,2013,0.200153725227125
NY.GNP.PCAP.KD.ZG,CV,2012,-0.433330036244854
NY.GNP.PCAP.KD.ZG,CV,2011,3.1857965763179
NY.GNP.PCAP.KD.ZG,CV,2010,-0.96662410075055
NY.GNP.PCAP.KD.ZG,CV,2009,-2.47780896040129
NY.GNP.PCAP.KD.ZG,CV,2008,5.34298268791014
NY.GNP.PCAP.KD.ZG,CV,2007,None
NY.GNP.PCAP.KD.ZG,CV,2006,None
NY.GNP.PCAP.KD.ZG,CV,2005,None
NY.GNP.PCAP.KD.ZG,CV,2004,None
NY.GNP.PCAP.KD.ZG,CV,2003,None
NY.GNP.PCAP.KD.ZG,CV,2002,None
NY.GNP.PCAP.KD.ZG,CV,2001,None
NY.GNP.PCAP.KD.ZG,CV,2000,None
NY.GNP.PCAP.KD.ZG,CV,1999,None
NY.GNP.PCAP.KD.ZG,CV,1998,None
NY.GNP.PCAP.KD.ZG,CV,1997,None
NY.GNP.PCAP.KD.ZG,CV,1996,None
NY.GNP.PCAP.KD.ZG,CV,1995,None
NY.GNP.PCAP.KD.ZG,DJ,2023,1.41595811796734
NY.GNP.PCAP.KD.ZG,DJ,2022,5.9310050419074
NY.GNP.PCAP.KD.ZG,DJ,2021,4.51334306564138
NY.GNP.PCAP.KD.ZG,DJ,2020,-0.247726333091066
NY.GNP.PCAP.KD.ZG,DJ,2019,1.43754624537142
NY.GNP.PCAP.KD.ZG,DJ,2018,2.69951527699428
NY.GNP.PCAP.KD.ZG,DJ,2017,1.99113467006012
NY.GNP.PCAP.KD.ZG,DJ,2016,3.56289220113824
NY.GNP.PCAP.KD.ZG,DJ,2015,6.66437445663628
NY.GNP.PCAP.KD.ZG,DJ,2014,7.02527074005678
NY.GNP.PCAP.KD.ZG,DJ,2013,None
NY.GNP.PCAP.KD.ZG,DJ,2012,None
NY.GNP.PCAP.KD.ZG,DJ,2011,None
NY.GNP.PCAP.KD.ZG,DJ,2010,None
NY.GNP.PCAP.KD.ZG,DJ,2009,None
NY.GNP.PCAP.KD.ZG,DJ,2008,None
NY.GNP.PCAP.KD.ZG,DJ,2007,None
NY.GNP.PCAP.KD.ZG,DJ,2006,None
NY.GNP.PCAP.KD.ZG,DJ,2005,None
NY.GNP.PCAP.KD.ZG,DJ,2004,None
NY.GNP.PCAP.KD.ZG,DJ,2003,None
NY.GNP.PCAP.KD.ZG,DJ,2002,None
NY.GNP.PCAP.KD.ZG,DJ,2001,None
NY.GNP.PCAP.KD.ZG,DJ,2000,None
NY.GNP.PCAP.KD.ZG,DJ,1999,None
NY.GNP.PCAP.KD.ZG,DJ,1998,None
NY.GNP.PCAP.KD.ZG,DJ,1997,None
NY.GNP.PCAP.KD.ZG,DJ,1996,None
NY.GNP.PCAP.KD.ZG,DJ,1995,None
NY.GNP.PCAP.KD.ZG,EG,2023,1.04151442580569
NY.GNP.PCAP.KD.ZG,EG,2022,4.5069353148062
NY.GNP.PCAP.KD.ZG,EG,2021,1.63295541493393
NY.GNP.PCAP.KD.ZG,EG,2020,2.31500169668651
NY.GNP.PCAP.KD.ZG,EG,2019,2.54157227087437
NY.GNP.PCAP.KD.ZG,EG,2018,2.76985797986882
NY.GNP.PCAP.KD.ZG,EG,2017,1.64027328666465
NY.GNP.PCAP.KD.ZG,EG,2016,2.60076700980709
NY.GNP.PCAP.KD.ZG,EG,2015,2.79492248648813
NY.GNP.PCAP.KD.ZG,EG,2014,0.752799966399323
NY.GNP.PCAP.KD.ZG,EG,2013,-0.429825355406194
NY.GNP.PCAP.KD.ZG,EG,2012,0.190709010017031
NY.GNP.PCAP.KD.ZG,EG,2011,-1.11905156428669
NY.GNP.PCAP.KD.ZG,EG,2010,0.916549329290817
NY.GNP.PCAP.KD.ZG,EG,2009,1.86777221182217
NY.GNP.PCAP.KD.ZG,EG,2008,4.99882752766858
NY.GNP.PCAP.KD.ZG,EG,2007,5.44799961789928
NY.GNP.PCAP.KD.ZG,EG,2006,5.62287400605135
NY.GNP.PCAP.KD.ZG,EG,2005,2.39811533971783
NY.GNP.PCAP.KD.ZG,EG,2004,1.86461081764548
NY.GNP.PCAP.KD.ZG,EG,2003,0.807083557063876
NY.GNP.PCAP.KD.ZG,EG,2002,-0.730518905759382
NY.GNP.PCAP.KD.ZG,EG,2001,2.09088494162731
NY.GNP.PCAP.KD.ZG,EG,2000,4.09367712817206
NY.GNP.PCAP.KD.ZG,EG,1999,3.3879070447417
NY.GNP.PCAP.KD.ZG,EG,1998,3.63460850970054
NY.GNP.PCAP.KD.ZG,EG,1997,3.25596984710728
NY.GNP.PCAP.KD.ZG,EG,1996,2.8726047241075
NY.GNP.PCAP.KD.ZG,EG,1995,2.51204479088697
NY.GNP.PCAP.KD.ZG,ER,2023,None
NY.GNP.PCAP.KD.ZG,ER,2022,None
NY.GNP.PCAP.KD.ZG,ER,2021,None
NY.GNP.PCAP.KD.ZG,ER,2020,None
NY.GNP.PCAP.KD.ZG,ER,2019,None
NY.GNP.PCAP.KD.ZG,ER,2018,None
NY.GNP.PCAP.KD.ZG,ER,2017,None
NY.GNP.PCAP.KD.ZG,ER,2016,None
NY.GNP.PCAP.KD.ZG,ER,2015,None
NY.GNP.PCAP.KD.ZG,ER,2014,None
NY.GNP.PCAP.KD.ZG,ER,2013,None
NY.GNP.PCAP.KD.ZG,ER,2012,None
NY.GNP.PCAP.KD.ZG,ER,2011,5.68316449435441
NY.GNP.PCAP.KD.ZG,ER,2010,0.104926835613114
NY.GNP.PCAP.KD.ZG,ER,2009,1.23339903215205
NY.GNP.PCAP.KD.ZG,ER,2008,-12.2390979628898
NY.GNP.PCAP.KD.ZG,ER,2007,-0.128666114713766
NY.GNP.PCAP.KD.ZG,ER,2006,-2.59130753559155
NY.GNP.PCAP.KD.ZG,ER,2005,0.246319124820829
NY.GNP.PCAP.KD.ZG,ER,2004,-2.65600584919484
NY.GNP.PCAP.KD.ZG,ER,2003,-6.61859493177057
NY.GNP.PCAP.KD.ZG,ER,2002,-0.579328053337889
NY.GNP.PCAP.KD.ZG,ER,2001,5.60275500384768
NY.GNP.PCAP.KD.ZG,ER,2000,-4.80669384957217
NY.GNP.PCAP.KD.ZG,ER,1999,-1.34880582530829
NY.GNP.PCAP.KD.ZG,ER,1998,0.673285191462014
NY.GNP.PCAP.KD.ZG,ER,1997,6.79195773829299
NY.GNP.PCAP.KD.ZG,ER,1996,3.46707233791157
NY.GNP.PCAP.KD.ZG,ER,1995,-2.30156621947918
NY.GNP.PCAP.KD.ZG,ET,2023,4.05065564231874
NY.GNP.PCAP.KD.ZG,ET,2022,2.74921814863495
NY.GNP.PCAP.KD.ZG,ET,2021,2.97835545335224
NY.GNP.PCAP.KD.ZG,ET,2020,3.31913012887468
NY.GNP.PCAP.KD.ZG,ET,2019,5.34684994880799
NY.GNP.PCAP.KD.ZG,ET,2018,4.15761150045594
NY.GNP.PCAP.KD.ZG,ET,2017,6.34255180226975
NY.GNP.PCAP.KD.ZG,ET,2016,6.57522490430019
NY.GNP.PCAP.KD.ZG,ET,2015,7.31772671971802
NY.GNP.PCAP.KD.ZG,ET,2014,7.25958578368511
NY.GNP.PCAP.KD.ZG,ET,2013,7.57964601858293
NY.GNP.PCAP.KD.ZG,ET,2012,5.61403632420058
NY.GNP.PCAP.KD.ZG,ET,2011,None
NY.GNP.PCAP.KD.ZG,ET,2010,None
NY.GNP.PCAP.KD.ZG,ET,2009,None
NY.GNP.PCAP.KD.ZG,ET,2008,None
NY.GNP.PCAP.KD.ZG,ET,2007,None
NY.GNP.PCAP.KD.ZG,ET,2006,None
NY.GNP.PCAP.KD.ZG,ET,2005,None
NY.GNP.PCAP.KD.ZG,ET,2004,None
NY.GNP.PCAP.KD.ZG,ET,2003,None
NY.GNP.PCAP.KD.ZG,ET,2002,None
NY.GNP.PCAP.KD.ZG,ET,2001,None
NY.GNP.PCAP.KD.ZG,ET,2000,None
NY.GNP.PCAP.KD.ZG,ET,1999,None
NY.GNP.PCAP.KD.ZG,ET,1998,None
NY.GNP.PCAP.KD.ZG,ET,1997,None
NY.GNP.PCAP.KD.ZG,ET,1996,None
NY.GNP.PCAP.KD.ZG,ET,1995,None
NY.GNP.PCAP.KD.ZG,FM,2023,None
NY.GNP.PCAP.KD.ZG,FM,2022,None
NY.GNP.PCAP.KD.ZG,FM,2021,None
NY.GNP.PCAP.KD.ZG,FM,2020,None
NY.GNP.PCAP.KD.ZG,FM,2019,None
NY.GNP.PCAP.KD.ZG,FM,2018,None
NY.GNP.PCAP.KD.ZG,FM,2017,None
NY.GNP.PCAP.KD.ZG,FM,2016,None
NY.GNP.PCAP.KD.ZG,FM,2015,None
NY.GNP.PCAP.KD.ZG,FM,2014,None
NY.GNP.PCAP.KD.ZG,FM,2013,None
NY.GNP.PCAP.KD.ZG,FM,2012,None
NY.GNP.PCAP.KD.ZG,FM,2011,None
NY.GNP.PCAP.KD.ZG,FM,2010,None
NY.GNP.PCAP.KD.ZG,FM,2009,None
NY.GNP.PCAP.KD.ZG,FM,2008,None
NY.GNP.PCAP.KD.ZG,FM,2007,None
NY.GNP.PCAP.KD.ZG,FM,2006,None
NY.GNP.PCAP.KD.ZG,FM,2005,None
NY.GNP.PCAP.KD.ZG,FM,2004,None
NY.GNP.PCAP.KD.ZG,FM,2003,None
NY.GNP.PCAP.KD.ZG,FM,2002,None
NY.GNP.PCAP.KD.ZG,FM,2001,None
NY.GNP.PCAP.KD.ZG,FM,2000,None
NY.GNP.PCAP.KD.ZG,FM,1999,None
NY.GNP.PCAP.KD.ZG,FM,1998,None
NY.GNP.PCAP.KD.ZG,FM,1997,None
NY.GNP.PCAP.KD.ZG,FM,1996,None
NY.GNP.PCAP.KD.ZG,FM,1995,None
NY.GNP.PCAP.KD.ZG,GH,2023,None
NY.GNP.PCAP.KD.ZG,GH,2022,3.18248512800845
NY.GNP.PCAP.KD.ZG,GH,2021,-1.11654097336763
NY.GNP.PCAP.KD.ZG,GH,2020,3.52547281001814
NY.GNP.PCAP.KD.ZG,GH,2019,4.71925560660422
NY.GNP.PCAP.KD.ZG,GH,2018,4.34994090997105
NY.GNP.PCAP.KD.ZG,GH,2017,4.7632861891185
NY.GNP.PCAP.KD.ZG,GH,2016,0.0068736044452038
NY.GNP.PCAP.KD.ZG,GH,2015,2.11442214785372
NY.GNP.PCAP.KD.ZG,GH,2014,-1.98531033909687
NY.GNP.PCAP.KD.ZG,GH,2013,7.30681294261441
NY.GNP.PCAP.KD.ZG,GH,2012,4.33653113507965
NY.GNP.PCAP.KD.ZG,GH,2011,9.65366638705012
NY.GNP.PCAP.KD.ZG,GH,2010,3.96588266287796
NY.GNP.PCAP.KD.ZG,GH,2009,2.29195305730782
NY.GNP.PCAP.KD.ZG,GH,2008,6.5555090965733
NY.GNP.PCAP.KD.ZG,GH,2007,1.70308425338534
NY.GNP.PCAP.KD.ZG,GH,2006,None
NY.GNP.PCAP.KD.ZG,GH,2005,None
NY.GNP.PCAP.KD.ZG,GH,2004,None
NY.GNP.PCAP.KD.ZG,GH,2003,None
NY.GNP.PCAP.KD.ZG,GH,2002,None
NY.GNP.PCAP.KD.ZG,GH,2001,None
NY.GNP.PCAP.KD.ZG,GH,2000,None
NY.GNP.PCAP.KD.ZG,GH,1999,None
NY.GNP.PCAP.KD.ZG,GH,1998,None
NY.GNP.PCAP.KD.ZG,GH,1997,None
NY.GNP.PCAP.KD.ZG,GH,1996,None
NY.GNP.PCAP.KD.ZG,GH,1995,None
NY.GNP.PCAP.KD.ZG,GN,2023,2.39861686141974
NY.GNP.PCAP.KD.ZG,GN,2022,6.31801087881986
NY.GNP.PCAP.KD.ZG,GN,2021,-4.50642443565354
NY.GNP.PCAP.KD.ZG,GN,2020,-2.93664404824348
NY.GNP.PCAP.KD.ZG,GN,2019,2.22097635279181
NY.GNP.PCAP.KD.ZG,GN,2018,0.4874795910806
NY.GNP.PCAP.KD.ZG,GN,2017,8.92427013853134
NY.GNP.PCAP.KD.ZG,GN,2016,7.8744509713957
NY.GNP.PCAP.KD.ZG,GN,2015,2.95757230773607
NY.GNP.PCAP.KD.ZG,GN,2014,2.97235292232915
NY.GNP.PCAP.KD.ZG,GN,2013,-2.08889048047978
NY.GNP.PCAP.KD.ZG,GN,2012,3.67209877421435
NY.GNP.PCAP.KD.ZG,GN,2011,2.16525468913635
NY.GNP.PCAP.KD.ZG,GN,2010,3.47636256517394
NY.GNP.PCAP.KD.ZG,GN,2009,-4.53379747243198
NY.GNP.PCAP.KD.ZG,GN,2008,1.35858627882345
NY.GNP.PCAP.KD.ZG,GN,2007,4.3779850351515
NY.GNP.PCAP.KD.ZG,GN,2006,None
NY.GNP.PCAP.KD.ZG,GN,2005,None
NY.GNP.PCAP.KD.ZG,GN,2004,None
NY.GNP.PCAP.KD.ZG,GN,2003,None
NY.GNP.PCAP.KD.ZG,GN,2002,None
NY.GNP.PCAP.KD.ZG,GN,2001,None
NY.GNP.PCAP.KD.ZG,GN,2000,None
NY.GNP.PCAP.KD.ZG,GN,1999,None
NY.GNP.PCAP.KD.ZG,GN,1998,None
NY.GNP.PCAP.KD.ZG,GN,1997,None
NY.GNP.PCAP.KD.ZG,GN,1996,None
NY.GNP.PCAP.KD.ZG,GN,1995,None
NY.GNP.PCAP.KD.ZG,GM,2023,2.90405848369839
NY.GNP.PCAP.KD.ZG,GM,2022,3.40199611736371
NY.GNP.PCAP.KD.ZG,GM,2021,1.53527259915549
NY.GNP.PCAP.KD.ZG,GM,2020,-1.74445636462215
NY.GNP.PCAP.KD.ZG,GM,2019,3.65838782530368
NY.GNP.PCAP.KD.ZG,GM,2018,4.56353004474046
NY.GNP.PCAP.KD.ZG,GM,2017,2.05552198569163
NY.GNP.PCAP.KD.ZG,GM,2016,-0.383554602654797
NY.GNP.PCAP.KD.ZG,GM,2015,0.968460491389322
NY.GNP.PCAP.KD.ZG,GM,2014,-4.45664019442695
NY.GNP.PCAP.KD.ZG,GM,2013,-0.30348457428066
NY.GNP.PCAP.KD.ZG,GM,2012,2.2448112841269
NY.GNP.PCAP.KD.ZG,GM,2011,-11.2890783499868
NY.GNP.PCAP.KD.ZG,GM,2010,2.71317616288383
NY.GNP.PCAP.KD.ZG,GM,2009,3.08182645245525
NY.GNP.PCAP.KD.ZG,GM,2008,3.49530914913019
NY.GNP.PCAP.KD.ZG,GM,2007,0.233834621055436
NY.GNP.PCAP.KD.ZG,GM,2006,-3.8124178586075
NY.GNP.PCAP.KD.ZG,GM,2005,-5.23499995688096
NY.GNP.PCAP.KD.ZG,GM,2004,None
NY.GNP.PCAP.KD.ZG,GM,2003,None
NY.GNP.PCAP.KD.ZG,GM,2002,None
NY.GNP.PCAP.KD.ZG,GM,2001,None
NY.GNP.PCAP.KD.ZG,GM,2000,None
NY.GNP.PCAP.KD.ZG,GM,1999,None
NY.GNP.PCAP.KD.ZG,GM,1998,None
NY.GNP.PCAP.KD.ZG,GM,1997,None
NY.GNP.PCAP.KD.ZG,GM,1996,None
NY.GNP.PCAP.KD.ZG,GM,1995,None
NY.GNP.PCAP.KD.ZG,GW,2023,1.94914556404824
NY.GNP.PCAP.KD.ZG,GW,2022,2.46313847994095
NY.GNP.PCAP.KD.ZG,GW,2021,3.37846680526745
NY.GNP.PCAP.KD.ZG,GW,2020,-0.90558318184884
NY.GNP.PCAP.KD.ZG,GW,2019,7.48459588859578
NY.GNP.PCAP.KD.ZG,GW,2018,-3.03099426700257
NY.GNP.PCAP.KD.ZG,GW,2017,1.86713469304974
NY.GNP.PCAP.KD.ZG,GW,2016,1.87925017789902
NY.GNP.PCAP.KD.ZG,GW,2015,2.67526354160891
NY.GNP.PCAP.KD.ZG,GW,2014,1.89618790874324
NY.GNP.PCAP.KD.ZG,GW,2013,2.77520578215503
NY.GNP.PCAP.KD.ZG,GW,2012,-5.61470921589381
NY.GNP.PCAP.KD.ZG,GW,2011,3.95430708524545
NY.GNP.PCAP.KD.ZG,GW,2010,3.809013173781
NY.GNP.PCAP.KD.ZG,GW,2009,0.203647701209974
NY.GNP.PCAP.KD.ZG,GW,2008,1.58742794686037
NY.GNP.PCAP.KD.ZG,GW,2007,0.0181927449178545
NY.GNP.PCAP.KD.ZG,GW,2006,0.178230652934388
NY.GNP.PCAP.KD.ZG,GW,2005,4.39688787276009
NY.GNP.PCAP.KD.ZG,GW,2004,-1.31079707176565
NY.GNP.PCAP.KD.ZG,GW,2003,-2.27926087625418
NY.GNP.PCAP.KD.ZG,GW,2002,2.22565121017644
NY.GNP.PCAP.KD.ZG,GW,2001,2.8494239299943
NY.GNP.PCAP.KD.ZG,GW,2000,-1.65598924635081
NY.GNP.PCAP.KD.ZG,GW,1999,14.5450116308277
NY.GNP.PCAP.KD.ZG,GW,1998,-24.1720277550392
NY.GNP.PCAP.KD.ZG,GW,1997,None
NY.GNP.PCAP.KD.ZG,GW,1996,None
NY.GNP.PCAP.KD.ZG,GW,1995,None
NY.GNP.PCAP.KD.ZG,HN,2023,2.67839958862213
NY.GNP.PCAP.KD.ZG,HN,2022,3.87264397825857
NY.GNP.PCAP.KD.ZG,HN,2021,9.526532916061
NY.GNP.PCAP.KD.ZG,HN,2020,-9.78596289960633
NY.GNP.PCAP.KD.ZG,HN,2019,0.671639917142343
NY.GNP.PCAP.KD.ZG,HN,2018,0.462679669966718
NY.GNP.PCAP.KD.ZG,HN,2017,4.22466894526249
NY.GNP.PCAP.KD.ZG,HN,2016,1.61053689646499
NY.GNP.PCAP.KD.ZG,HN,2015,2.55796203563791
NY.GNP.PCAP.KD.ZG,HN,2014,-0.284077426247435
NY.GNP.PCAP.KD.ZG,HN,2013,1.03650171759202
NY.GNP.PCAP.KD.ZG,HN,2012,0.265048357870668
NY.GNP.PCAP.KD.ZG,HN,2011,1.13158274440737
NY.GNP.PCAP.KD.ZG,HN,2010,-1.16498915099655
NY.GNP.PCAP.KD.ZG,HN,2009,-3.96279462416487
NY.GNP.PCAP.KD.ZG,HN,2008,2.30796192813145
NY.GNP.PCAP.KD.ZG,HN,2007,5.61824166698459
NY.GNP.PCAP.KD.ZG,HN,2006,4.05795758158438
NY.GNP.PCAP.KD.ZG,HN,2005,4.21685958387066
NY.GNP.PCAP.KD.ZG,HN,2004,3.08186664770609
NY.GNP.PCAP.KD.ZG,HN,2003,1.24009183534088
NY.GNP.PCAP.KD.ZG,HN,2002,0.584261761055529
NY.GNP.PCAP.KD.ZG,HN,2001,-0.370684036616339
NY.GNP.PCAP.KD.ZG,HN,2000,None
NY.GNP.PCAP.KD.ZG,HN,1999,None
NY.GNP.PCAP.KD.ZG,HN,1998,None
NY.GNP.PCAP.KD.ZG,HN,1997,None
NY.GNP.PCAP.KD.ZG,HN,1996,None
NY.GNP.PCAP.KD.ZG,HN,1995,None
NY.GNP.PCAP.KD.ZG,HT,2023,-3.13438294065287
NY.GNP.PCAP.KD.ZG,HT,2022,-2.8399435710146
NY.GNP.PCAP.KD.ZG,HT,2021,-3.0871991376153
NY.GNP.PCAP.KD.ZG,HT,2020,-4.71055479428929
NY.GNP.PCAP.KD.ZG,HT,2019,-2.99153869958472
NY.GNP.PCAP.KD.ZG,HT,2018,0.199214139760187
NY.GNP.PCAP.KD.ZG,HT,2017,1.1543219483148
NY.GNP.PCAP.KD.ZG,HT,2016,0.469565739650335
NY.GNP.PCAP.KD.ZG,HT,2015,-0.0916968079330331
NY.GNP.PCAP.KD.ZG,HT,2014,1.50135073030928
NY.GNP.PCAP.KD.ZG,HT,2013,2.58780803413995
NY.GNP.PCAP.KD.ZG,HT,2012,-0.923980936981522
NY.GNP.PCAP.KD.ZG,HT,2011,4.02066657393104
NY.GNP.PCAP.KD.ZG,HT,2010,-6.65545481597294
NY.GNP.PCAP.KD.ZG,HT,2009,4.26401304418398
NY.GNP.PCAP.KD.ZG,HT,2008,1.03314572561362
NY.GNP.PCAP.KD.ZG,HT,2007,2.92080127886416
NY.GNP.PCAP.KD.ZG,HT,2006,0.673458540332675
NY.GNP.PCAP.KD.ZG,HT,2005,1.07078784508117
NY.GNP.PCAP.KD.ZG,HT,2004,-2.88733928729675
NY.GNP.PCAP.KD.ZG,HT,2003,1.66096452362655
NY.GNP.PCAP.KD.ZG,HT,2002,-0.772242458299758
NY.GNP.PCAP.KD.ZG,HT,2001,-2.12996856154032
NY.GNP.PCAP.KD.ZG,HT,2000,-1.17540984086588
NY.GNP.PCAP.KD.ZG,HT,1999,0.745374121506657
NY.GNP.PCAP.KD.ZG,HT,1998,0.23803325321596
NY.GNP.PCAP.KD.ZG,HT,1997,0.737025122143706
NY.GNP.PCAP.KD.ZG,HT,1996,2.38968509833093
NY.GNP.PCAP.KD.ZG,HT,1995,8.15016522746606
NY.GNP.PCAP.KD.ZG,IN,2023,6.73782474434151
NY.GNP.PCAP.KD.ZG,IN,2022,6.04176566893332
NY.GNP.PCAP.KD.ZG,IN,2021,9.01293143229627
NY.GNP.PCAP.KD.ZG,IN,2020,-7.1369032299243
NY.GNP.PCAP.KD.ZG,IN,2019,2.93059563463642
NY.GNP.PCAP.KD.ZG,IN,2018,5.32419413854556
NY.GNP.PCAP.KD.ZG,IN,2017,5.63750427914968
NY.GNP.PCAP.KD.ZG,IN,2016,6.99406967788845
NY.GNP.PCAP.KD.ZG,IN,2015,6.71854757884213
NY.GNP.PCAP.KD.ZG,IN,2014,6.15477471499122
NY.GNP.PCAP.KD.ZG,IN,2013,4.93797566541787
NY.GNP.PCAP.KD.ZG,IN,2012,3.74929342647586
NY.GNP.PCAP.KD.ZG,IN,2011,4.02567563240916
NY.GNP.PCAP.KD.ZG,IN,2010,6.4833796332715
NY.GNP.PCAP.KD.ZG,IN,2009,6.36741633969547
NY.GNP.PCAP.KD.ZG,IN,2008,1.45710620733115
NY.GNP.PCAP.KD.ZG,IN,2007,6.47385800412353
NY.GNP.PCAP.KD.ZG,IN,2006,6.3598257254046
NY.GNP.PCAP.KD.ZG,IN,2005,6.18305333525508
NY.GNP.PCAP.KD.ZG,IN,2004,6.13121922194412
NY.GNP.PCAP.KD.ZG,IN,2003,6.00798514528924
NY.GNP.PCAP.KD.ZG,IN,2002,2.09369054027484
NY.GNP.PCAP.KD.ZG,IN,2001,3.08244721992563
NY.GNP.PCAP.KD.ZG,IN,2000,1.69617662084767
NY.GNP.PCAP.KD.ZG,IN,1999,6.83454139074308
NY.GNP.PCAP.KD.ZG,IN,1998,4.19853440358106
NY.GNP.PCAP.KD.ZG,IN,1997,2.25394694632118
NY.GNP.PCAP.KD.ZG,IN,1996,5.5768502414759
NY.GNP.PCAP.KD.ZG,IN,1995,5.45310559056522
NY.GNP.PCAP.KD.ZG,JO,2023,None
NY.GNP.PCAP.KD.ZG,JO,2022,None
NY.GNP.PCAP.KD.ZG,JO,2021,None
NY.GNP.PCAP.KD.ZG,JO,2020,None
NY.GNP.PCAP.KD.ZG,JO,2019,None
NY.GNP.PCAP.KD.ZG,JO,2018,None
NY.GNP.PCAP.KD.ZG,JO,2017,None
NY.GNP.PCAP.KD.ZG,JO,2016,None
NY.GNP.PCAP.KD.ZG,JO,2015,None
NY.GNP.PCAP.KD.ZG,JO,2014,None
NY.GNP.PCAP.KD.ZG,JO,2013,None
NY.GNP.PCAP.KD.ZG,JO,2012,None
NY.GNP.PCAP.KD.ZG,JO,2011,None
NY.GNP.PCAP.KD.ZG,JO,2010,None
NY.GNP.PCAP.KD.ZG,JO,2009,None
NY.GNP.PCAP.KD.ZG,JO,2008,None
NY.GNP.PCAP.KD.ZG,JO,2007,None
NY.GNP.PCAP.KD.ZG,JO,2006,None
NY.GNP.PCAP.KD.ZG,JO,2005,None
NY.GNP.PCAP.KD.ZG,JO,2004,None
NY.GNP.PCAP.KD.ZG,JO,2003,None
NY.GNP.PCAP.KD.ZG,JO,2002,None
NY.GNP.PCAP.KD.ZG,JO,2001,None
NY.GNP.PCAP.KD.ZG,JO,2000,None
NY.GNP.PCAP.KD.ZG,JO,1999,None
NY.GNP.PCAP.KD.ZG,JO,1998,None
NY.GNP.PCAP.KD.ZG,JO,1997,None
NY.GNP.PCAP.KD.ZG,JO,1996,None
NY.GNP.PCAP.KD.ZG,JO,1995,None
NY.GNP.PCAP.KD.ZG,KE,2023,None
NY.GNP.PCAP.KD.ZG,KE,2022,3.04164852754838
NY.GNP.PCAP.KD.ZG,KE,2021,5.56924365907803
NY.GNP.PCAP.KD.ZG,KE,2020,-2.38678894554579
NY.GNP.PCAP.KD.ZG,KE,2019,2.96182389941171
NY.GNP.PCAP.KD.ZG,KE,2018,3.93868832334417
NY.GNP.PCAP.KD.ZG,KE,2017,1.03322413526439
NY.GNP.PCAP.KD.ZG,KE,2016,11.5114308489607
NY.GNP.PCAP.KD.ZG,KE,2015,4.07039503559952
NY.GNP.PCAP.KD.ZG,KE,2014,3.07210455229345
NY.GNP.PCAP.KD.ZG,KE,2013,0.582258008431921
NY.GNP.PCAP.KD.ZG,KE,2012,1.01872108583248
NY.GNP.PCAP.KD.ZG,KE,2011,4.84755020290832
NY.GNP.PCAP.KD.ZG,KE,2010,6.06852792642142
NY.GNP.PCAP.KD.ZG,KE,2009,-12.5473289606429
NY.GNP.PCAP.KD.ZG,KE,2008,-2.38140725108252
NY.GNP.PCAP.KD.ZG,KE,2007,3.55855435719481
NY.GNP.PCAP.KD.ZG,KE,2006,3.11850207778571
NY.GNP.PCAP.KD.ZG,KE,2005,3.58445541155599
NY.GNP.PCAP.KD.ZG,KE,2004,2.23585979927225
NY.GNP.PCAP.KD.ZG,KE,2003,-0.24779233517495
NY.GNP.PCAP.KD.ZG,KE,2002,-2.27860476510509
NY.GNP.PCAP.KD.ZG,KE,2001,0.599701640666922
NY.GNP.PCAP.KD.ZG,KE,2000,-1.9907384203502
NY.GNP.PCAP.KD.ZG,KE,1999,-0.909798698201044
NY.GNP.PCAP.KD.ZG,KE,1998,0.916444106293966
NY.GNP.PCAP.KD.ZG,KE,1997,-1.68572784218007
NY.GNP.PCAP.KD.ZG,KE,1996,2.98948177173079
NY.GNP.PCAP.KD.ZG,KE,1995,3.09276447254487
NY.GNP.PCAP.KD.ZG,KG,2023,None
NY.GNP.PCAP.KD.ZG,KG,2022,7.58611143513794
NY.GNP.PCAP.KD.ZG,KG,2021,-1.60534897994322
NY.GNP.PCAP.KD.ZG,KG,2020,-3.75326393030713
NY.GNP.PCAP.KD.ZG,KG,2019,-3.26691110807175
NY.GNP.PCAP.KD.ZG,KG,2018,3.51405571888715
NY.GNP.PCAP.KD.ZG,KG,2017,3.03991825326597
NY.GNP.PCAP.KD.ZG,KG,2016,0.766937969891686
NY.GNP.PCAP.KD.ZG,KG,2015,1.97326551149466
NY.GNP.PCAP.KD.ZG,KG,2014,3.49574398616514
NY.GNP.PCAP.KD.ZG,KG,2013,5.65007510986013
NY.GNP.PCAP.KD.ZG,KG,2012,6.71712137264055
NY.GNP.PCAP.KD.ZG,KG,2011,-0.0964186733259567
NY.GNP.PCAP.KD.ZG,KG,2010,None
NY.GNP.PCAP.KD.ZG,KG,2009,None
NY.GNP.PCAP.KD.ZG,KG,2008,None
NY.GNP.PCAP.KD.ZG,KG,2007,None
NY.GNP.PCAP.KD.ZG,KG,2006,None
NY.GNP.PCAP.KD.ZG,KG,2005,None
NY.GNP.PCAP.KD.ZG,KG,2004,None
NY.GNP.PCAP.KD.ZG,KG,2003,None
NY.GNP.PCAP.KD.ZG,KG,2002,None
NY.GNP.PCAP.KD.ZG,KG,2001,None
NY.GNP.PCAP.KD.ZG,KG,2000,None
NY.GNP.PCAP.KD.ZG,KG,1999,None
NY.GNP.PCAP.KD.ZG,KG,1998,None
NY.GNP.PCAP.KD.ZG,KG,1997,None
NY.GNP.PCAP.KD.ZG,KG,1996,None
NY.GNP.PCAP.KD.ZG,KG,1995,None
NY.GNP.PCAP.KD.ZG,KH,2023,6.91111360618295
NY.GNP.PCAP.KD.ZG,KH,2022,4.22318641173543
NY.GNP.PCAP.KD.ZG,KH,2021,0.22505162418534
NY.GNP.PCAP.KD.ZG,KH,2020,-2.07052985966867
NY.GNP.PCAP.KD.ZG,KH,2019,5.2380802650484
NY.GNP.PCAP.KD.ZG,KH,2018,5.59521077808949
NY.GNP.PCAP.KD.ZG,KH,2017,5.68229853185922
NY.GNP.PCAP.KD.ZG,KH,2016,5.79028388853114
NY.GNP.PCAP.KD.ZG,KH,2015,5.5816828918378
NY.GNP.PCAP.KD.ZG,KH,2014,5.63397929737394
NY.GNP.PCAP.KD.ZG,KH,2013,5.07658430545952
NY.GNP.PCAP.KD.ZG,KH,2012,4.86010977202307
NY.GNP.PCAP.KD.ZG,KH,2011,4.70987662424751
NY.GNP.PCAP.KD.ZG,KH,2010,5.46642493533793
NY.GNP.PCAP.KD.ZG,KH,2009,-1.74380938438976
NY.GNP.PCAP.KD.ZG,KH,2008,4.21910797539142
NY.GNP.PCAP.KD.ZG,KH,2007,9.01387805774509
NY.GNP.PCAP.KD.ZG,KH,2006,9.04792910007552
NY.GNP.PCAP.KD.ZG,KH,2005,10.6062445269671
NY.GNP.PCAP.KD.ZG,KH,2004,8.151698944652
NY.GNP.PCAP.KD.ZG,KH,2003,7.22661710541215
NY.GNP.PCAP.KD.ZG,KH,2002,3.77499343774413
NY.GNP.PCAP.KD.ZG,KH,2001,5.94880929737802
NY.GNP.PCAP.KD.ZG,KH,2000,7.47651436135217
NY.GNP.PCAP.KD.ZG,KH,1999,9.38324108720967
NY.GNP.PCAP.KD.ZG,KH,1998,1.9349009422198
NY.GNP.PCAP.KD.ZG,KH,1997,3.06669308978296
NY.GNP.PCAP.KD.ZG,KH,1996,2.68384519918625
NY.GNP.PCAP.KD.ZG,KH,1995,None
NY.GNP.PCAP.KD.ZG,KI,2023,None
NY.GNP.PCAP.KD.ZG,KI,2022,None
NY.GNP.PCAP.KD.ZG,KI,2021,None
NY.GNP.PCAP.KD.ZG,KI,2020,None
NY.GNP.PCAP.KD.ZG,KI,2019,None
NY.GNP.PCAP.KD.ZG,KI,2018,None
NY.GNP.PCAP.KD.ZG,KI,2017,None
NY.GNP.PCAP.KD.ZG,KI,2016,None
NY.GNP.PCAP.KD.ZG,KI,2015,None
NY.GNP.PCAP.KD.ZG,KI,2014,None
NY.GNP.PCAP.KD.ZG,KI,2013,None
NY.GNP.PCAP.KD.ZG,KI,2012,None
NY.GNP.PCAP.KD.ZG,KI,2011,None
NY.GNP.PCAP.KD.ZG,KI,2010,None
NY.GNP.PCAP.KD.ZG,KI,2009,None
NY.GNP.PCAP.KD.ZG,KI,2008,None
NY.GNP.PCAP.KD.ZG,KI,2007,None
NY.GNP.PCAP.KD.ZG,KI,2006,None
NY.GNP.PCAP.KD.ZG,KI,2005,None
NY.GNP.PCAP.KD.ZG,KI,2004,None
NY.GNP.PCAP.KD.ZG,KI,2003,None
NY.GNP.PCAP.KD.ZG,KI,2002,None
NY.GNP.PCAP.KD.ZG,KI,2001,None
NY.GNP.PCAP.KD.ZG,KI,2000,None
NY.GNP.PCAP.KD.ZG,KI,1999,None
NY.GNP.PCAP.KD.ZG,KI,1998,None
NY.GNP.PCAP.KD.ZG,KI,1997,None
NY.GNP.PCAP.KD.ZG,KI,1996,None
NY.GNP.PCAP.KD.ZG,KI,1995,None
NY.GNP.PCAP.KD.ZG,LA,2023,None
NY.GNP.PCAP.KD.ZG,LA,2022,None
NY.GNP.PCAP.KD.ZG,LA,2021,None
NY.GNP.PCAP.KD.ZG,LA,2020,None
NY.GNP.PCAP.KD.ZG,LA,2019,None
NY.GNP.PCAP.KD.ZG,LA,2018,None
NY.GNP.PCAP.KD.ZG,LA,2017,None
NY.GNP.PCAP.KD.ZG,LA,2016,5.28803668952449
NY.GNP.PCAP.KD.ZG,LA,2015,5.79390314525372
NY.GNP.PCAP.KD.ZG,LA,2014,7.17358289838663
NY.GNP.PCAP.KD.ZG,LA,2013,7.20816288835704
NY.GNP.PCAP.KD.ZG,LA,2012,7.8537403924237
NY.GNP.PCAP.KD.ZG,LA,2011,5.425515356947
NY.GNP.PCAP.KD.ZG,LA,2010,3.10165549535604
NY.GNP.PCAP.KD.ZG,LA,2009,7.88590329307246
NY.GNP.PCAP.KD.ZG,LA,2008,4.87977542391769
NY.GNP.PCAP.KD.ZG,LA,2007,8.32194132179866
NY.GNP.PCAP.KD.ZG,LA,2006,3.25785388108686
NY.GNP.PCAP.KD.ZG,LA,2005,7.12361883783991
NY.GNP.PCAP.KD.ZG,LA,2004,6.15462381416575
NY.GNP.PCAP.KD.ZG,LA,2003,2.7161138375362
NY.GNP.PCAP.KD.ZG,LA,2002,4.44101027614967
NY.GNP.PCAP.KD.ZG,LA,2001,3.95460911611694
NY.GNP.PCAP.KD.ZG,LA,2000,None
NY.GNP.PCAP.KD.ZG,LA,1999,None
NY.GNP.PCAP.KD.ZG,LA,1998,None
NY.GNP.PCAP.KD.ZG,LA,1997,None
NY.GNP.PCAP.KD.ZG,LA,1996,None
NY.GNP.PCAP.KD.ZG,LA,1995,None
NY.GNP.PCAP.KD.ZG,LB,2023,1.32886155633652
NY.GNP.PCAP.KD.ZG,LB,2022,5.68830036003254
NY.GNP.PCAP.KD.ZG,LB,2021,-8.79742123737496
NY.GNP.PCAP.KD.ZG,LB,2020,-20.3903995690527
NY.GNP.PCAP.KD.ZG,LB,2019,-4.66578173951449
NY.GNP.PCAP.KD.ZG,LB,2018,-1.09873794319863
NY.GNP.PCAP.KD.ZG,LB,2017,4.77166093907444
NY.GNP.PCAP.KD.ZG,LB,2016,3.1158885874716
NY.GNP.PCAP.KD.ZG,LB,2015,-1.38299542822425
NY.GNP.PCAP.KD.ZG,LB,2014,-7.93134993002205
NY.GNP.PCAP.KD.ZG,LB,2013,-5.3283094866668
NY.GNP.PCAP.KD.ZG,LB,2012,0.0393349600680892
NY.GNP.PCAP.KD.ZG,LB,2011,0.651860978417204
NY.GNP.PCAP.KD.ZG,LB,2010,6.26408745321719
NY.GNP.PCAP.KD.ZG,LB,2009,6.63753575232818
NY.GNP.PCAP.KD.ZG,LB,2008,5.77130673153418
NY.GNP.PCAP.KD.ZG,LB,2007,9.63136629219163
NY.GNP.PCAP.KD.ZG,LB,2006,1.50153184642919
NY.GNP.PCAP.KD.ZG,LB,2005,4.38083367994888
NY.GNP.PCAP.KD.ZG,LB,2004,21.8490324292797
NY.GNP.PCAP.KD.ZG,LB,2003,-11.3867510197309
NY.GNP.PCAP.KD.ZG,LB,2002,-2.3885424262623
NY.GNP.PCAP.KD.ZG,LB,2001,-0.12064255557928
NY.GNP.PCAP.KD.ZG,LB,2000,0.351084662942753
NY.GNP.PCAP.KD.ZG,LB,1999,-1.84051747451652
NY.GNP.PCAP.KD.ZG,LB,1998,0.778543213873093
NY.GNP.PCAP.KD.ZG,LB,1997,-1.53415551168462
NY.GNP.PCAP.KD.ZG,LB,1996,7.98522410464683
NY.GNP.PCAP.KD.ZG,LB,1995,5.31714746420968
NY.GNP.PCAP.KD.ZG,LR,2023,None
NY.GNP.PCAP.KD.ZG,LR,2022,None
NY.GNP.PCAP.KD.ZG,LR,2021,None
NY.GNP.PCAP.KD.ZG,LR,2020,None
NY.GNP.PCAP.KD.ZG,LR,2019,None
NY.GNP.PCAP.KD.ZG,LR,2018,None
NY.GNP.PCAP.KD.ZG,LR,2017,None
NY.GNP.PCAP.KD.ZG,LR,2016,None
NY.GNP.PCAP.KD.ZG,LR,2015,None
NY.GNP.PCAP.KD.ZG,LR,2014,None
NY.GNP.PCAP.KD.ZG,LR,2013,None
NY.GNP.PCAP.KD.ZG,LR,2012,None
NY.GNP.PCAP.KD.ZG,LR,2011,None
NY.GNP.PCAP.KD.ZG,LR,2010,None
NY.GNP.PCAP.KD.ZG,LR,2009,None
NY.GNP.PCAP.KD.ZG,LR,2008,None
NY.GNP.PCAP.KD.ZG,LR,2007,None
NY.GNP.PCAP.KD.ZG,LR,2006,None
NY.GNP.PCAP.KD.ZG,LR,2005,None
NY.GNP.PCAP.KD.ZG,LR,2004,None
NY.GNP.PCAP.KD.ZG,LR,2003,None
NY.GNP.PCAP.KD.ZG,LR,2002,None
NY.GNP.PCAP.KD.ZG,LR,2001,None
NY.GNP.PCAP.KD.ZG,LR,2000,None
NY.GNP.PCAP.KD.ZG,LR,1999,None
NY.GNP.PCAP.KD.ZG,LR,1998,None
NY.GNP.PCAP.KD.ZG,LR,1997,None
NY.GNP.PCAP.KD.ZG,LR,1996,None
NY.GNP.PCAP.KD.ZG,LR,1995,None
NY.GNP.PCAP.KD.ZG,LK,2023,-2.28422980892132
NY.GNP.PCAP.KD.ZG,LK,2022,-7.74666617380784
NY.GNP.PCAP.KD.ZG,LK,2021,3.62924819341013
NY.GNP.PCAP.KD.ZG,LK,2020,-5.07946761517242
NY.GNP.PCAP.KD.ZG,LK,2019,-1.0655495370531
NY.GNP.PCAP.KD.ZG,LK,2018,1.46431856866252
NY.GNP.PCAP.KD.ZG,LK,2017,6.10495506436304
NY.GNP.PCAP.KD.ZG,LK,2016,4.46912245135297
NY.GNP.PCAP.KD.ZG,LK,2015,None
NY.GNP.PCAP.KD.ZG,LK,2014,None
NY.GNP.PCAP.KD.ZG,LK,2013,None
NY.GNP.PCAP.KD.ZG,LK,2012,None
NY.GNP.PCAP.KD.ZG,LK,2011,None
NY.GNP.PCAP.KD.ZG,LK,2010,None
NY.GNP.PCAP.KD.ZG,LK,2009,3.63655037775376
NY.GNP.PCAP.KD.ZG,LK,2008,3.66732364090598
NY.GNP.PCAP.KD.ZG,LK,2007,5.98701063212621
NY.GNP.PCAP.KD.ZG,LK,2006,6.46214948251493
NY.GNP.PCAP.KD.ZG,LK,2005,5.03920053155484
NY.GNP.PCAP.KD.ZG,LK,2004,4.37527931891546
NY.GNP.PCAP.KD.ZG,LK,2003,5.46817044609816
NY.GNP.PCAP.KD.ZG,LK,2002,3.19778464071167
NY.GNP.PCAP.KD.ZG,LK,2001,-2.22035367457751
NY.GNP.PCAP.KD.ZG,LK,2000,5.32053995792963
NY.GNP.PCAP.KD.ZG,LK,1999,3.45858353252599
NY.GNP.PCAP.KD.ZG,LK,1998,3.60454351982405
NY.GNP.PCAP.KD.ZG,LK,1997,5.92557129606763
NY.GNP.PCAP.KD.ZG,LK,1996,2.86168147465573
NY.GNP.PCAP.KD.ZG,LK,1995,3.90963458029042
NY.GNP.PCAP.KD.ZG,LS,2023,None
NY.GNP.PCAP.KD.ZG,LS,2022,3.51393721672817
NY.GNP.PCAP.KD.ZG,LS,2021,-4.29430141462853
NY.GNP.PCAP.KD.ZG,LS,2020,-6.98118278987788
NY.GNP.PCAP.KD.ZG,LS,2019,-3.13482524670812
NY.GNP.PCAP.KD.ZG,LS,2018,2.86353304869453
NY.GNP.PCAP.KD.ZG,LS,2017,-4.7399033208451
NY.GNP.PCAP.KD.ZG,LS,2016,3.57393670460522
NY.GNP.PCAP.KD.ZG,LS,2015,2.83094478493162
NY.GNP.PCAP.KD.ZG,LS,2014,-1.82758152552262
NY.GNP.PCAP.KD.ZG,LS,2013,-0.458996911360416
NY.GNP.PCAP.KD.ZG,LS,2012,1.99691015942392
NY.GNP.PCAP.KD.ZG,LS,2011,-2.54759160967021
NY.GNP.PCAP.KD.ZG,LS,2010,2.60799926608146
NY.GNP.PCAP.KD.ZG,LS,2009,-5.68722226675156
NY.GNP.PCAP.KD.ZG,LS,2008,2.73110442046709
NY.GNP.PCAP.KD.ZG,LS,2007,None
NY.GNP.PCAP.KD.ZG,LS,2006,None
NY.GNP.PCAP.KD.ZG,LS,2005,None
NY.GNP.PCAP.KD.ZG,LS,2004,None
NY.GNP.PCAP.KD.ZG,LS,2003,None
NY.GNP.PCAP.KD.ZG,LS,2002,None
NY.GNP.PCAP.KD.ZG,LS,2001,None
NY.GNP.PCAP.KD.ZG,LS,2000,None
NY.GNP.PCAP.KD.ZG,LS,1999,None
NY.GNP.PCAP.KD.ZG,LS,1998,None
NY.GNP.PCAP.KD.ZG,LS,1997,None
NY.GNP.PCAP.KD.ZG,LS,1996,None
NY.GNP.PCAP.KD.ZG,LS,1995,None
NY.GNP.PCAP.KD.ZG,MA,2023,None
NY.GNP.PCAP.KD.ZG,MA,2022,0.246566657192957
NY.GNP.PCAP.KD.ZG,MA,2021,6.41180943820491
NY.GNP.PCAP.KD.ZG,MA,2020,-7.64342375805531
NY.GNP.PCAP.KD.ZG,MA,2019,1.79024122321015
NY.GNP.PCAP.KD.ZG,MA,2018,1.94027565401902
NY.GNP.PCAP.KD.ZG,MA,2017,3.64142361059321
NY.GNP.PCAP.KD.ZG,MA,2016,-0.566876495478724
NY.GNP.PCAP.KD.ZG,MA,2015,3.45770437308741
NY.GNP.PCAP.KD.ZG,MA,2014,0.677450712291147
NY.GNP.PCAP.KD.ZG,MA,2013,3.36843651322431
NY.GNP.PCAP.KD.ZG,MA,2012,1.31970726064181
NY.GNP.PCAP.KD.ZG,MA,2011,3.78979622246476
NY.GNP.PCAP.KD.ZG,MA,2010,2.13402551653013
NY.GNP.PCAP.KD.ZG,MA,2009,1.17277745693676
NY.GNP.PCAP.KD.ZG,MA,2008,4.45713473024267
NY.GNP.PCAP.KD.ZG,MA,2007,2.28150401666892
NY.GNP.PCAP.KD.ZG,MA,2006,6.24083671534648
NY.GNP.PCAP.KD.ZG,MA,2005,2.35842665733881
NY.GNP.PCAP.KD.ZG,MA,2004,3.64842986658344
NY.GNP.PCAP.KD.ZG,MA,2003,5.06066092672927
NY.GNP.PCAP.KD.ZG,MA,2002,2.71282595787754
NY.GNP.PCAP.KD.ZG,MA,2001,6.43396573158208
NY.GNP.PCAP.KD.ZG,MA,2000,1.09057171004856
NY.GNP.PCAP.KD.ZG,MA,1999,0.356407789382288
NY.GNP.PCAP.KD.ZG,MA,1998,6.37699135878647
NY.GNP.PCAP.KD.ZG,MA,1997,-3.10202281211332
NY.GNP.PCAP.KD.ZG,MA,1996,11.6047321102235
NY.GNP.PCAP.KD.ZG,MA,1995,-7.2658395435426
NY.GNP.PCAP.KD.ZG,MG,2023,1.86645818256817
NY.GNP.PCAP.KD.ZG,MG,2022,0.770805449037866
NY.GNP.PCAP.KD.ZG,MG,2021,4.24318893010414
NY.GNP.PCAP.KD.ZG,MG,2020,-8.55360119430563
NY.GNP.PCAP.KD.ZG,MG,2019,1.75615999117645
NY.GNP.PCAP.KD.ZG,MG,2018,0.293691483443752
NY.GNP.PCAP.KD.ZG,MG,2017,2.37773253750674
NY.GNP.PCAP.KD.ZG,MG,2016,0.983185805769367
NY.GNP.PCAP.KD.ZG,MG,2015,-0.690376512469513
NY.GNP.PCAP.KD.ZG,MG,2014,1.41019813965326
NY.GNP.PCAP.KD.ZG,MG,2013,-0.632576184864092
NY.GNP.PCAP.KD.ZG,MG,2012,-1.25596741140058
NY.GNP.PCAP.KD.ZG,MG,2011,-1.30368601135706
NY.GNP.PCAP.KD.ZG,MG,2010,-2.54119846860793
NY.GNP.PCAP.KD.ZG,MG,2009,-7.24909605276251
NY.GNP.PCAP.KD.ZG,MG,2008,3.71815902201233
NY.GNP.PCAP.KD.ZG,MG,2007,4.06126218847969
NY.GNP.PCAP.KD.ZG,MG,2006,2.12545708765508
NY.GNP.PCAP.KD.ZG,MG,2005,1.0675090947601
NY.GNP.PCAP.KD.ZG,MG,2004,2.5751772103322
NY.GNP.PCAP.KD.ZG,MG,2003,6.65196899099479
NY.GNP.PCAP.KD.ZG,MG,2002,-14.9286216333494
NY.GNP.PCAP.KD.ZG,MG,2001,3.04404439459401
NY.GNP.PCAP.KD.ZG,MG,2000,1.67000667631916
NY.GNP.PCAP.KD.ZG,MG,1999,1.85362472314243
NY.GNP.PCAP.KD.ZG,MG,1998,0.929190561234037
NY.GNP.PCAP.KD.ZG,MG,1997,0.714386818422511
NY.GNP.PCAP.KD.ZG,MG,1996,-0.0617480053122677
NY.GNP.PCAP.KD.ZG,MG,1995,-1.43053832993341
NY.GNP.PCAP.KD.ZG,ML,2023,1.39614291711625
NY.GNP.PCAP.KD.ZG,ML,2022,0.895525250120983
NY.GNP.PCAP.KD.ZG,ML,2021,-0.491897570779372
NY.GNP.PCAP.KD.ZG,ML,2020,-4.73339322635942
NY.GNP.PCAP.KD.ZG,ML,2019,0.426789136682814
NY.GNP.PCAP.KD.ZG,ML,2018,1.85413128936311
NY.GNP.PCAP.KD.ZG,ML,2017,1.47592902602803
NY.GNP.PCAP.KD.ZG,ML,2016,1.99867810622951
NY.GNP.PCAP.KD.ZG,ML,2015,3.33085870766369
NY.GNP.PCAP.KD.ZG,ML,2014,4.42196093502234
NY.GNP.PCAP.KD.ZG,ML,2013,0.0165166781080188
NY.GNP.PCAP.KD.ZG,ML,2012,-3.92233499255381
NY.GNP.PCAP.KD.ZG,ML,2011,0.185639447170644
NY.GNP.PCAP.KD.ZG,ML,2010,2.60105059671216
NY.GNP.PCAP.KD.ZG,ML,2009,-0.247322528086372
NY.GNP.PCAP.KD.ZG,ML,2008,1.8797447508843
NY.GNP.PCAP.KD.ZG,ML,2007,0.224764922895588
NY.GNP.PCAP.KD.ZG,ML,2006,0.681117503844433
NY.GNP.PCAP.KD.ZG,ML,2005,3.14474071787525
NY.GNP.PCAP.KD.ZG,ML,2004,-1.65049902500522
NY.GNP.PCAP.KD.ZG,ML,2003,8.70215568227847
NY.GNP.PCAP.KD.ZG,ML,2002,-1.42772610650461
NY.GNP.PCAP.KD.ZG,ML,2001,7.75273003433637
NY.GNP.PCAP.KD.ZG,ML,2000,-2.63491894424739
NY.GNP.PCAP.KD.ZG,ML,1999,3.38095465488466
NY.GNP.PCAP.KD.ZG,ML,1998,5.07683037908575
NY.GNP.PCAP.KD.ZG,ML,1997,2.32503517981024
NY.GNP.PCAP.KD.ZG,ML,1996,4.77495599964787
NY.GNP.PCAP.KD.ZG,ML,1995,-1.86817883067773
NY.GNP.PCAP.KD.ZG,MM,2023,None
NY.GNP.PCAP.KD.ZG,MM,2022,None
NY.GNP.PCAP.KD.ZG,MM,2021,None
NY.GNP.PCAP.KD.ZG,MM,2020,None
NY.GNP.PCAP.KD.ZG,MM,2019,None
NY.GNP.PCAP.KD.ZG,MM,2018,None
NY.GNP.PCAP.KD.ZG,MM,2017,None
NY.GNP.PCAP.KD.ZG,MM,2016,None
NY.GNP.PCAP.KD.ZG,MM,2015,None
NY.GNP.PCAP.KD.ZG,MM,2014,None
NY.GNP.PCAP.KD.ZG,MM,2013,None
NY.GNP.PCAP.KD.ZG,MM,2012,None
NY.GNP.PCAP.KD.ZG,MM,2011,None
NY.GNP.PCAP.KD.ZG,MM,2010,None
NY.GNP.PCAP.KD.ZG,MM,2009,None
NY.GNP.PCAP.KD.ZG,MM,2008,None
NY.GNP.PCAP.KD.ZG,MM,2007,None
NY.GNP.PCAP.KD.ZG,MM,2006,None
NY.GNP.PCAP.KD.ZG,MM,2005,None
NY.GNP.PCAP.KD.ZG,MM,2004,None
NY.GNP.PCAP.KD.ZG,MM,2003,None
NY.GNP.PCAP.KD.ZG,MM,2002,None
NY.GNP.PCAP.KD.ZG,MM,2001,None
NY.GNP.PCAP.KD.ZG,MM,2000,None
NY.GNP.PCAP.KD.ZG,MM,1999,None
NY.GNP.PCAP.KD.ZG,MM,1998,None
NY.GNP.PCAP.KD.ZG,MM,1997,None
NY.GNP.PCAP.KD.ZG,MM,1996,None
NY.GNP.PCAP.KD.ZG,MM,1995,None
NY.GNP.PCAP.KD.ZG,MZ,2023,None
NY.GNP.PCAP.KD.ZG,MZ,2022,-5.22972788302174
NY.GNP.PCAP.KD.ZG,MZ,2021,-0.632862582116203
NY.GNP.PCAP.KD.ZG,MZ,2020,-4.276608819058
NY.GNP.PCAP.KD.ZG,MZ,2019,-0.372588076263597
NY.GNP.PCAP.KD.ZG,MZ,2018,1.50651742657173
NY.GNP.PCAP.KD.ZG,MZ,2017,-1.54906923464847
NY.GNP.PCAP.KD.ZG,MZ,2016,1.39723165899386
NY.GNP.PCAP.KD.ZG,MZ,2015,3.37472411795028
NY.GNP.PCAP.KD.ZG,MZ,2014,3.6318568621041
NY.GNP.PCAP.KD.ZG,MZ,2013,3.46617155397651
NY.GNP.PCAP.KD.ZG,MZ,2012,6.12650836023828
NY.GNP.PCAP.KD.ZG,MZ,2011,5.55020850186807
NY.GNP.PCAP.KD.ZG,MZ,2010,2.91731012765244
NY.GNP.PCAP.KD.ZG,MZ,2009,6.17185963662972
NY.GNP.PCAP.KD.ZG,MZ,2008,4.51244421838986
NY.GNP.PCAP.KD.ZG,MZ,2007,6.16519616174493
NY.GNP.PCAP.KD.ZG,MZ,2006,4.21075940444938
NY.GNP.PCAP.KD.ZG,MZ,2005,1.55185515675828
NY.GNP.PCAP.KD.ZG,MZ,2004,5.82866134719086
NY.GNP.PCAP.KD.ZG,MZ,2003,13.0476675146028
NY.GNP.PCAP.KD.ZG,MZ,2002,0.130340606116988
NY.GNP.PCAP.KD.ZG,MZ,2001,9.43091434365888
NY.GNP.PCAP.KD.ZG,MZ,2000,-2.91736036439551
NY.GNP.PCAP.KD.ZG,MZ,1999,9.52337767710607
NY.GNP.PCAP.KD.ZG,MZ,1998,7.08747982393392
NY.GNP.PCAP.KD.ZG,MZ,1997,9.3873438138707
NY.GNP.PCAP.KD.ZG,MZ,1996,8.64050083248415
NY.GNP.PCAP.KD.ZG,MZ,1995,-1.26604847186023
NY.GNP.PCAP.KD.ZG,MR,2023,1.31496892856202
NY.GNP.PCAP.KD.ZG,MR,2022,4.96891423778334
NY.GNP.PCAP.KD.ZG,MR,2021,-2.12958974472961
NY.GNP.PCAP.KD.ZG,MR,2020,-3.08818612495485
NY.GNP.PCAP.KD.ZG,MR,2019,-0.391733078785805
NY.GNP.PCAP.KD.ZG,MR,2018,2.98067260340721
NY.GNP.PCAP.KD.ZG,MR,2017,3.96720486534268
NY.GNP.PCAP.KD.ZG,MR,2016,-0.482216195418943
NY.GNP.PCAP.KD.ZG,MR,2015,3.74184019084316
NY.GNP.PCAP.KD.ZG,MR,2014,0.822775714470822
NY.GNP.PCAP.KD.ZG,MR,2013,1.36253740439187
NY.GNP.PCAP.KD.ZG,MR,2012,0.719019653888495
NY.GNP.PCAP.KD.ZG,MR,2011,-0.401953698707658
NY.GNP.PCAP.KD.ZG,MR,2010,-2.69167070825291
NY.GNP.PCAP.KD.ZG,MR,2009,-1.10383526450298
NY.GNP.PCAP.KD.ZG,MR,2008,-1.85890341949963
NY.GNP.PCAP.KD.ZG,MR,2007,-3.74149584310956
NY.GNP.PCAP.KD.ZG,MR,2006,11.1857954446879
NY.GNP.PCAP.KD.ZG,MR,2005,5.7235490186807
NY.GNP.PCAP.KD.ZG,MR,2004,2.41826162838366
NY.GNP.PCAP.KD.ZG,MR,2003,4.46218608433155
NY.GNP.PCAP.KD.ZG,MR,2002,3.66329294989414
NY.GNP.PCAP.KD.ZG,MR,2001,-5.37888898453659
NY.GNP.PCAP.KD.ZG,MR,2000,-7.15308872473678
NY.GNP.PCAP.KD.ZG,MR,1999,1.08932944885312
NY.GNP.PCAP.KD.ZG,MR,1998,0.557784130859446
NY.GNP.PCAP.KD.ZG,MR,1997,-6.42436851528427
NY.GNP.PCAP.KD.ZG,MR,1996,7.97800920325828
NY.GNP.PCAP.KD.ZG,MR,1995,6.84361181804185
NY.GNP.PCAP.KD.ZG,MW,2023,None
NY.GNP.PCAP.KD.ZG,MW,2022,None
NY.GNP.PCAP.KD.ZG,MW,2021,None
NY.GNP.PCAP.KD.ZG,MW,2020,None
NY.GNP.PCAP.KD.ZG,MW,2019,None
NY.GNP.PCAP.KD.ZG,MW,2018,None
NY.GNP.PCAP.KD.ZG,MW,2017,None
NY.GNP.PCAP.KD.ZG,MW,2016,None
NY.GNP.PCAP.KD.ZG,MW,2015,None
NY.GNP.PCAP.KD.ZG,MW,2014,None
NY.GNP.PCAP.KD.ZG,MW,2013,None
NY.GNP.PCAP.KD.ZG,MW,2012,None
NY.GNP.PCAP.KD.ZG,MW,2011,None
NY.GNP.PCAP.KD.ZG,MW,2010,None
NY.GNP.PCAP.KD.ZG,MW,2009,None
NY.GNP.PCAP.KD.ZG,MW,2008,None
NY.GNP.PCAP.KD.ZG,MW,2007,None
NY.GNP.PCAP.KD.ZG,MW,2006,None
NY.GNP.PCAP.KD.ZG,MW,2005,None
NY.GNP.PCAP.KD.ZG,MW,2004,None
NY.GNP.PCAP.KD.ZG,MW,2003,None
NY.GNP.PCAP.KD.ZG,MW,2002,None
NY.GNP.PCAP.KD.ZG,MW,2001,None
NY.GNP.PCAP.KD.ZG,MW,2000,None
NY.GNP.PCAP.KD.ZG,MW,1999,None
NY.GNP.PCAP.KD.ZG,MW,1998,None
NY.GNP.PCAP.KD.ZG,MW,1997,None
NY.GNP.PCAP.KD.ZG,MW,1996,None
NY.GNP.PCAP.KD.ZG,MW,1995,None
NY.GNP.PCAP.KD.ZG,NE,2023,None
NY.GNP.PCAP.KD.ZG,NE,2022,None
NY.GNP.PCAP.KD.ZG,NE,2021,None
NY.GNP.PCAP.KD.ZG,NE,2020,None
NY.GNP.PCAP.KD.ZG,NE,2019,2.15611152616752
NY.GNP.PCAP.KD.ZG,NE,2018,4.00818266967124
NY.GNP.PCAP.KD.ZG,NE,2017,1.48465356766543
NY.GNP.PCAP.KD.ZG,NE,2016,0.101882481995702
NY.GNP.PCAP.KD.ZG,NE,2015,0.870515480534678
NY.GNP.PCAP.KD.ZG,NE,2014,3.22027500103563
NY.GNP.PCAP.KD.ZG,NE,2013,1.9025515534492
NY.GNP.PCAP.KD.ZG,NE,2012,3.51668673856631
NY.GNP.PCAP.KD.ZG,NE,2011,-0.621131961213166
NY.GNP.PCAP.KD.ZG,NE,2010,4.59009240699039
NY.GNP.PCAP.KD.ZG,NE,2009,-1.69835577402927
NY.GNP.PCAP.KD.ZG,NE,2008,3.42902342225744
NY.GNP.PCAP.KD.ZG,NE,2007,-0.883593648773697
NY.GNP.PCAP.KD.ZG,NE,2006,2.09316893128812
NY.GNP.PCAP.KD.ZG,NE,2005,3.59206087356296
NY.GNP.PCAP.KD.ZG,NE,2004,-1.85001874812374
NY.GNP.PCAP.KD.ZG,NE,2003,-1.65449110249499
NY.GNP.PCAP.KD.ZG,NE,2002,1.75711095634333
NY.GNP.PCAP.KD.ZG,NE,2001,4.07670311106702
NY.GNP.PCAP.KD.ZG,NE,2000,-4.32604675310104
NY.GNP.PCAP.KD.ZG,NE,1999,-3.25220561165474
NY.GNP.PCAP.KD.ZG,NE,1998,7.68332873622235
NY.GNP.PCAP.KD.ZG,NE,1997,-1.62125391275902
NY.GNP.PCAP.KD.ZG,NE,1996,-1.88375409617299
NY.GNP.PCAP.KD.ZG,NE,1995,-0.523808590744594
NY.GNP.PCAP.KD.ZG,NG,2023,None
NY.GNP.PCAP.KD.ZG,NG,2022,None
NY.GNP.PCAP.KD.ZG,NG,2021,None
NY.GNP.PCAP.KD.ZG,NG,2020,None
NY.GNP.PCAP.KD.ZG,NG,2019,None
NY.GNP.PCAP.KD.ZG,NG,2018,None
NY.GNP.PCAP.KD.ZG,NG,2017,None
NY.GNP.PCAP.KD.ZG,NG,2016,None
NY.GNP.PCAP.KD.ZG,NG,2015,None
NY.GNP.PCAP.KD.ZG,NG,2014,None
NY.GNP.PCAP.KD.ZG,NG,2013,None
NY.GNP.PCAP.KD.ZG,NG,2012,None
NY.GNP.PCAP.KD.ZG,NG,2011,None
NY.GNP.PCAP.KD.ZG,NG,2010,None
NY.GNP.PCAP.KD.ZG,NG,2009,None
NY.GNP.PCAP.KD.ZG,NG,2008,None
NY.GNP.PCAP.KD.ZG,NG,2007,None
NY.GNP.PCAP.KD.ZG,NG,2006,None
NY.GNP.PCAP.KD.ZG,NG,2005,None
NY.GNP.PCAP.KD.ZG,NG,2004,None
NY.GNP.PCAP.KD.ZG,NG,2003,None
NY.GNP.PCAP.KD.ZG,NG,2002,None
NY.GNP.PCAP.KD.ZG,NG,2001,None
NY.GNP.PCAP.KD.ZG,NG,2000,None
NY.GNP.PCAP.KD.ZG,NG,1999,None
NY.GNP.PCAP.KD.ZG,NG,1998,None
NY.GNP.PCAP.KD.ZG,NG,1997,None
NY.GNP.PCAP.KD.ZG,NG,1996,None
NY.GNP.PCAP.KD.ZG,NG,1995,None
NY.GNP.PCAP.KD.ZG,NI,2023,5.18701569416299
NY.GNP.PCAP.KD.ZG,NI,2022,1.60985359280919
NY.GNP.PCAP.KD.ZG,NI,2021,9.34943635651155
NY.GNP.PCAP.KD.ZG,NI,2020,-6.27344497915767
NY.GNP.PCAP.KD.ZG,NI,2019,-2.81904640355008
NY.GNP.PCAP.KD.ZG,NI,2018,-4.38664541901844
NY.GNP.PCAP.KD.ZG,NI,2017,2.7111766818355
NY.GNP.PCAP.KD.ZG,NI,2016,1.89653914095977
NY.GNP.PCAP.KD.ZG,NI,2015,3.04126454739844
NY.GNP.PCAP.KD.ZG,NI,2014,4.41610702248684
NY.GNP.PCAP.KD.ZG,NI,2013,2.44836006514207
NY.GNP.PCAP.KD.ZG,NI,2012,3.6210762378934
NY.GNP.PCAP.KD.ZG,NI,2011,4.81654911003872
NY.GNP.PCAP.KD.ZG,NI,2010,3.15162530283621
NY.GNP.PCAP.KD.ZG,NI,2009,-5.2084869294993
NY.GNP.PCAP.KD.ZG,NI,2008,1.99992504126227
NY.GNP.PCAP.KD.ZG,NI,2007,4.20738764812161
NY.GNP.PCAP.KD.ZG,NI,2006,1.97103564115939
NY.GNP.PCAP.KD.ZG,NI,2005,4.04079491313622
NY.GNP.PCAP.KD.ZG,NI,2004,4.60616117620545
NY.GNP.PCAP.KD.ZG,NI,2003,1.59874535901923
NY.GNP.PCAP.KD.ZG,NI,2002,0.145132580297073
NY.GNP.PCAP.KD.ZG,NI,2001,0.98129736189378
NY.GNP.PCAP.KD.ZG,NI,2000,2.81887240258749
NY.GNP.PCAP.KD.ZG,NI,1999,5.49724935785257
NY.GNP.PCAP.KD.ZG,NI,1998,4.47757866161655
NY.GNP.PCAP.KD.ZG,NI,1997,4.07598391112546
NY.GNP.PCAP.KD.ZG,NI,1996,6.43071356884866
NY.GNP.PCAP.KD.ZG,NI,1995,8.09601454528308
NY.GNP.PCAP.KD.ZG,NP,2023,1.39628226556738
NY.GNP.PCAP.KD.ZG,NP,2022,3.91308284730776
NY.GNP.PCAP.KD.ZG,NP,2021,1.81906288392433
NY.GNP.PCAP.KD.ZG,NP,2020,-3.98696709285782
NY.GNP.PCAP.KD.ZG,NP,2019,5.87306427124368
NY.GNP.PCAP.KD.ZG,NP,2018,6.02245601969133
NY.GNP.PCAP.KD.ZG,NP,2017,7.49443434832671
NY.GNP.PCAP.KD.ZG,NP,2016,-0.591912729374329
NY.GNP.PCAP.KD.ZG,NP,2015,3.34486352368415
NY.GNP.PCAP.KD.ZG,NP,2014,6.52598092060916
NY.GNP.PCAP.KD.ZG,NP,2013,3.2938849775997
NY.GNP.PCAP.KD.ZG,NP,2012,4.64448394088899
NY.GNP.PCAP.KD.ZG,NP,2011,2.76148008837274
NY.GNP.PCAP.KD.ZG,NP,2010,3.8990970254477
NY.GNP.PCAP.KD.ZG,NP,2009,4.18483203802791
NY.GNP.PCAP.KD.ZG,NP,2008,5.37956538065336
NY.GNP.PCAP.KD.ZG,NP,2007,2.91175911813843
NY.GNP.PCAP.KD.ZG,NP,2006,2.92224777799896
NY.GNP.PCAP.KD.ZG,NP,2005,2.96490702011567
NY.GNP.PCAP.KD.ZG,NP,2004,3.21276913177127
NY.GNP.PCAP.KD.ZG,NP,2003,2.52202139552222
NY.GNP.PCAP.KD.ZG,NP,2002,-1.87090613624373
NY.GNP.PCAP.KD.ZG,NP,2001,None
NY.GNP.PCAP.KD.ZG,NP,2000,None
NY.GNP.PCAP.KD.ZG,NP,1999,None
NY.GNP.PCAP.KD.ZG,NP,1998,None
NY.GNP.PCAP.KD.ZG,NP,1997,None
NY.GNP.PCAP.KD.ZG,NP,1996,None
NY.GNP.PCAP.KD.ZG,NP,1995,None
NY.GNP.PCAP.KD.ZG,PK,2023,-2.31490787848844
NY.GNP.PCAP.KD.ZG,PK,2022,2.68098399833359
NY.GNP.PCAP.KD.ZG,PK,2021,5.17062044103591
NY.GNP.PCAP.KD.ZG,PK,2020,-3.05460256414727
NY.GNP.PCAP.KD.ZG,PK,2019,0.628265775494484
NY.GNP.PCAP.KD.ZG,PK,2018,4.48233043945132
NY.GNP.PCAP.KD.ZG,PK,2017,3.28345800618149
NY.GNP.PCAP.KD.ZG,PK,2016,5.0927004186794
NY.GNP.PCAP.KD.ZG,PK,2015,2.79244441392808
NY.GNP.PCAP.KD.ZG,PK,2014,2.61713835493013
NY.GNP.PCAP.KD.ZG,PK,2013,2.6527685013716
NY.GNP.PCAP.KD.ZG,PK,2012,1.22142835908372
NY.GNP.PCAP.KD.ZG,PK,2011,0.898186339681502
NY.GNP.PCAP.KD.ZG,PK,2010,-0.0776506993875756
NY.GNP.PCAP.KD.ZG,PK,2009,0.779955016758777
NY.GNP.PCAP.KD.ZG,PK,2008,-0.026389808806158
NY.GNP.PCAP.KD.ZG,PK,2007,1.92212680846006
NY.GNP.PCAP.KD.ZG,PK,2006,3.87903405585163
NY.GNP.PCAP.KD.ZG,PK,2005,5.01696470673767
NY.GNP.PCAP.KD.ZG,PK,2004,5.79738492838537
NY.GNP.PCAP.KD.ZG,PK,2003,3.58378943415285
NY.GNP.PCAP.KD.ZG,PK,2002,-0.105388561541901
NY.GNP.PCAP.KD.ZG,PK,2001,0.301600102623681
NY.GNP.PCAP.KD.ZG,PK,2000,2.13388101221794
NY.GNP.PCAP.KD.ZG,PK,1999,1.81293294162725
NY.GNP.PCAP.KD.ZG,PK,1998,-0.801920559742143
NY.GNP.PCAP.KD.ZG,PK,1997,-2.35106712036041
NY.GNP.PCAP.KD.ZG,PK,1996,1.51453276627353
NY.GNP.PCAP.KD.ZG,PK,1995,2.0170977502974
NY.GNP.PCAP.KD.ZG,PH,2023,8.77649223659525
NY.GNP.PCAP.KD.ZG,PH,2022,8.29092528110529
NY.GNP.PCAP.KD.ZG,PH,2021,0.195538625892794
NY.GNP.PCAP.KD.ZG,PH,2020,-12.889251743894
NY.GNP.PCAP.KD.ZG,PH,2019,3.64651805497876
NY.GNP.PCAP.KD.ZG,PH,2018,4.12576278042553
NY.GNP.PCAP.KD.ZG,PH,2017,4.97355465975207
NY.GNP.PCAP.KD.ZG,PH,2016,4.94146651099024
NY.GNP.PCAP.KD.ZG,PH,2015,4.36153201056698
NY.GNP.PCAP.KD.ZG,PH,2014,4.4776719738019
NY.GNP.PCAP.KD.ZG,PH,2013,5.63375663621595
NY.GNP.PCAP.KD.ZG,PH,2012,5.21043529287988
NY.GNP.PCAP.KD.ZG,PH,2011,1.51627086183774
NY.GNP.PCAP.KD.ZG,PH,2010,5.14713902116266
NY.GNP.PCAP.KD.ZG,PH,2009,1.75746633902989
NY.GNP.PCAP.KD.ZG,PH,2008,2.71249755950804
NY.GNP.PCAP.KD.ZG,PH,2007,4.35285845299249
NY.GNP.PCAP.KD.ZG,PH,2006,2.78177454587369
NY.GNP.PCAP.KD.ZG,PH,2005,3.23989318316723
NY.GNP.PCAP.KD.ZG,PH,2004,4.34748938785106
NY.GNP.PCAP.KD.ZG,PH,2003,2.91049421229954
NY.GNP.PCAP.KD.ZG,PH,2002,1.60211096081959
NY.GNP.PCAP.KD.ZG,PH,2001,0.947779771838412
NY.GNP.PCAP.KD.ZG,PH,2000,5.32820632347641
NY.GNP.PCAP.KD.ZG,PH,1999,0.335807962731934
NY.GNP.PCAP.KD.ZG,PH,1998,-0.522856247306549
NY.GNP.PCAP.KD.ZG,PH,1997,2.7811600188226
NY.GNP.PCAP.KD.ZG,PH,1996,6.81651675206525
NY.GNP.PCAP.KD.ZG,PH,1995,2.77496788210938
NY.GNP.PCAP.KD.ZG,PG,2023,None
NY.GNP.PCAP.KD.ZG,PG,2022,None
NY.GNP.PCAP.KD.ZG,PG,2021,None
NY.GNP.PCAP.KD.ZG,PG,2020,None
NY.GNP.PCAP.KD.ZG,PG,2019,None
NY.GNP.PCAP.KD.ZG,PG,2018,None
NY.GNP.PCAP.KD.ZG,PG,2017,None
NY.GNP.PCAP.KD.ZG,PG,2016,None
NY.GNP.PCAP.KD.ZG,PG,2015,None
NY.GNP.PCAP.KD.ZG,PG,2014,None
NY.GNP.PCAP.KD.ZG,PG,2013,None
NY.GNP.PCAP.KD.ZG,PG,2012,None
NY.GNP.PCAP.KD.ZG,PG,2011,None
NY.GNP.PCAP.KD.ZG,PG,2010,None
NY.GNP.PCAP.KD.ZG,PG,2009,None
NY.GNP.PCAP.KD.ZG,PG,2008,None
NY.GNP.PCAP.KD.ZG,PG,2007,None
NY.GNP.PCAP.KD.ZG,PG,2006,None
NY.GNP.PCAP.KD.ZG,PG,2005,None
NY.GNP.PCAP.KD.ZG,PG,2004,-0.0819928659701077
NY.GNP.PCAP.KD.ZG,PG,2003,-2.10650663680876
NY.GNP.PCAP.KD.ZG,PG,2002,-3.33309065981675
NY.GNP.PCAP.KD.ZG,PG,2001,-3.80220664304127
NY.GNP.PCAP.KD.ZG,PG,2000,-5.26791270648081
NY.GNP.PCAP.KD.ZG,PG,1999,-2.03810961648442
NY.GNP.PCAP.KD.ZG,PG,1998,-7.27943032121208
NY.GNP.PCAP.KD.ZG,PG,1997,-6.62986646892227
NY.GNP.PCAP.KD.ZG,PG,1996,2.99596484720914
NY.GNP.PCAP.KD.ZG,PG,1995,-6.27371612128898
NY.GNP.PCAP.KD.ZG,KP,2023,None
NY.GNP.PCAP.KD.ZG,KP,2022,None
NY.GNP.PCAP.KD.ZG,KP,2021,None
NY.GNP.PCAP.KD.ZG,KP,2020,None
NY.GNP.PCAP.KD.ZG,KP,2019,None
NY.GNP.PCAP.KD.ZG,KP,2018,None
NY.GNP.PCAP.KD.ZG,KP,2017,None
NY.GNP.PCAP.KD.ZG,KP,2016,None
NY.GNP.PCAP.KD.ZG,KP,2015,None
NY.GNP.PCAP.KD.ZG,KP,2014,None
NY.GNP.PCAP.KD.ZG,KP,2013,None
NY.GNP.PCAP.KD.ZG,KP,2012,None
NY.GNP.PCAP.KD.ZG,KP,2011,None
NY.GNP.PCAP.KD.ZG,KP,2010,None
NY.GNP.PCAP.KD.ZG,KP,2009,None
NY.GNP.PCAP.KD.ZG,KP,2008,None
NY.GNP.PCAP.KD.ZG,KP,2007,None
NY.GNP.PCAP.KD.ZG,KP,2006,None
NY.GNP.PCAP.KD.ZG,KP,2005,None
NY.GNP.PCAP.KD.ZG,KP,2004,None
NY.GNP.PCAP.KD.ZG,KP,2003,None
NY.GNP.PCAP.KD.ZG,KP,2002,None
NY.GNP.PCAP.KD.ZG,KP,2001,None
NY.GNP.PCAP.KD.ZG,KP,2000,None
NY.GNP.PCAP.KD.ZG,KP,1999,None
NY.GNP.PCAP.KD.ZG,KP,1998,None
NY.GNP.PCAP.KD.ZG,KP,1997,None
NY.GNP.PCAP.KD.ZG,KP,1996,None
NY.GNP.PCAP.KD.ZG,KP,1995,None
NY.GNP.PCAP.KD.ZG,PS,2023,None
NY.GNP.PCAP.KD.ZG,PS,2022,3.92886008837942
NY.GNP.PCAP.KD.ZG,PS,2021,7.79959393833339
NY.GNP.PCAP.KD.ZG,PS,2020,-15.077681236936
NY.GNP.PCAP.KD.ZG,PS,2019,-0.897822463622873
NY.GNP.PCAP.KD.ZG,PS,2018,1.94414185917356
NY.GNP.PCAP.KD.ZG,PS,2017,0.504826182991351
NY.GNP.PCAP.KD.ZG,PS,2016,5.38377980570286
NY.GNP.PCAP.KD.ZG,PS,2015,2.77096805140131
NY.GNP.PCAP.KD.ZG,PS,2014,-1.25096334466048
NY.GNP.PCAP.KD.ZG,PS,2013,3.59699915815584
NY.GNP.PCAP.KD.ZG,PS,2012,3.92343162289448
NY.GNP.PCAP.KD.ZG,PS,2011,7.25953724439779
NY.GNP.PCAP.KD.ZG,PS,2010,0.553762132082511
NY.GNP.PCAP.KD.ZG,PS,2009,3.69790062942477
NY.GNP.PCAP.KD.ZG,PS,2008,5.89860373338517
NY.GNP.PCAP.KD.ZG,PS,2007,2.23265272834503
NY.GNP.PCAP.KD.ZG,PS,2006,-2.17015629501537
NY.GNP.PCAP.KD.ZG,PS,2005,9.79471554592608
NY.GNP.PCAP.KD.ZG,PS,2004,16.7914091807946
NY.GNP.PCAP.KD.ZG,PS,2003,9.99587700076907
NY.GNP.PCAP.KD.ZG,PS,2002,-16.0879086794655
NY.GNP.PCAP.KD.ZG,PS,2001,-14.0183028346376
NY.GNP.PCAP.KD.ZG,PS,2000,-15.4203577988135
NY.GNP.PCAP.KD.ZG,PS,1999,5.38651832420369
NY.GNP.PCAP.KD.ZG,PS,1998,14.2820619410869
NY.GNP.PCAP.KD.ZG,PS,1997,10.3999349080716
NY.GNP.PCAP.KD.ZG,PS,1996,-4.15543319171728
NY.GNP.PCAP.KD.ZG,PS,1995,3.39937495164027
NY.GNP.PCAP.KD.ZG,RW,2023,5.93376735397221
NY.GNP.PCAP.KD.ZG,RW,2022,5.65351173161362
NY.GNP.PCAP.KD.ZG,RW,2021,8.568359998061
NY.GNP.PCAP.KD.ZG,RW,2020,-4.65138639446216
NY.GNP.PCAP.KD.ZG,RW,2019,7.1355539737736
NY.GNP.PCAP.KD.ZG,RW,2018,5.45986016583045
NY.GNP.PCAP.KD.ZG,RW,2017,0.912529104437581
NY.GNP.PCAP.KD.ZG,RW,2016,2.53715609957621
NY.GNP.PCAP.KD.ZG,RW,2015,6.69051728593375
NY.GNP.PCAP.KD.ZG,RW,2014,3.02390145127775
NY.GNP.PCAP.KD.ZG,RW,2013,1.90722132729127
NY.GNP.PCAP.KD.ZG,RW,2012,5.47623417368874
NY.GNP.PCAP.KD.ZG,RW,2011,5.2169230319048
NY.GNP.PCAP.KD.ZG,RW,2010,4.38730956395193
NY.GNP.PCAP.KD.ZG,RW,2009,3.53585255208742
NY.GNP.PCAP.KD.ZG,RW,2008,7.94743907715846
NY.GNP.PCAP.KD.ZG,RW,2007,5.25840863593676
NY.GNP.PCAP.KD.ZG,RW,2006,6.35856401878689
NY.GNP.PCAP.KD.ZG,RW,2005,7.03527603394902
NY.GNP.PCAP.KD.ZG,RW,2004,4.71585338371064
NY.GNP.PCAP.KD.ZG,RW,2003,-0.550553546678628
NY.GNP.PCAP.KD.ZG,RW,2002,11.383037754123
NY.GNP.PCAP.KD.ZG,RW,2001,6.57618813306885
NY.GNP.PCAP.KD.ZG,RW,2000,6.7850247081676
NY.GNP.PCAP.KD.ZG,RW,1999,3.43594397829432
NY.GNP.PCAP.KD.ZG,RW,1998,5.38857925788298
NY.GNP.PCAP.KD.ZG,RW,1997,-0.220306745263073
NY.GNP.PCAP.KD.ZG,RW,1996,-5.62414493684015
NY.GNP.PCAP.KD.ZG,RW,1995,61.3143644121578
NY.GNP.PCAP.KD.ZG,SD,2023,None
NY.GNP.PCAP.KD.ZG,SD,2022,-1.10477402087812
NY.GNP.PCAP.KD.ZG,SD,2021,-2.85480909870321
NY.GNP.PCAP.KD.ZG,SD,2020,-7.12980803558578
NY.GNP.PCAP.KD.ZG,SD,2019,-4.32042503363915
NY.GNP.PCAP.KD.ZG,SD,2018,-7.04780194913664
NY.GNP.PCAP.KD.ZG,SD,2017,-4.59508300709061
NY.GNP.PCAP.KD.ZG,SD,2016,0.410462794928534
NY.GNP.PCAP.KD.ZG,SD,2015,-1.59592527435996
NY.GNP.PCAP.KD.ZG,SD,2014,6.71934422259208
NY.GNP.PCAP.KD.ZG,SD,2013,-1.67856832731331
NY.GNP.PCAP.KD.ZG,SD,2012,-4.03266446520895
NY.GNP.PCAP.KD.ZG,SD,2011,7.48252046637241
NY.GNP.PCAP.KD.ZG,SD,2010,-4.79501428714468
NY.GNP.PCAP.KD.ZG,SD,2009,-2.78833714663892
NY.GNP.PCAP.KD.ZG,SD,2008,-0.459336590526263
NY.GNP.PCAP.KD.ZG,SD,2007,2.97432259777881
NY.GNP.PCAP.KD.ZG,SD,2006,2.46074013831741
NY.GNP.PCAP.KD.ZG,SD,2005,3.04282161001892
NY.GNP.PCAP.KD.ZG,SD,2004,1.67399056902029
NY.GNP.PCAP.KD.ZG,SD,2003,3.8091476457287
NY.GNP.PCAP.KD.ZG,SD,2002,2.43102954626156
NY.GNP.PCAP.KD.ZG,SD,2001,4.27138541695362
NY.GNP.PCAP.KD.ZG,SD,2000,2.74185680210147
NY.GNP.PCAP.KD.ZG,SD,1999,-0.433955863074232
NY.GNP.PCAP.KD.ZG,SD,1998,1.57185368693264
NY.GNP.PCAP.KD.ZG,SD,1997,16.4224793790661
NY.GNP.PCAP.KD.ZG,SD,1996,7.05787855800075
NY.GNP.PCAP.KD.ZG,SD,1995,4.07118941337517
NY.GNP.PCAP.KD.ZG,SN,2023,0.716463019570668
NY.GNP.PCAP.KD.ZG,SN,2022,0.529124291318766
NY.GNP.PCAP.KD.ZG,SN,2021,2.80304305637966
NY.GNP.PCAP.KD.ZG,SN,2020,-0.375854756029668
NY.GNP.PCAP.KD.ZG,SN,2019,1.81389272289722
NY.GNP.PCAP.KD.ZG,SN,2018,3.61415286600264
NY.GNP.PCAP.KD.ZG,SN,2017,4.32634942629055
NY.GNP.PCAP.KD.ZG,SN,2016,3.42829082315541
NY.GNP.PCAP.KD.ZG,SN,2015,2.78489603263475
NY.GNP.PCAP.KD.ZG,SN,2014,3.06055600348773
NY.GNP.PCAP.KD.ZG,SN,2013,-0.382233931101368
NY.GNP.PCAP.KD.ZG,SN,2012,1.11712435906763
NY.GNP.PCAP.KD.ZG,SN,2011,-1.99908844808687
NY.GNP.PCAP.KD.ZG,SN,2010,0.745539186298004
NY.GNP.PCAP.KD.ZG,SN,2009,-0.728676873833152
NY.GNP.PCAP.KD.ZG,SN,2008,1.25129336920222
NY.GNP.PCAP.KD.ZG,SN,2007,0.166416643734692
NY.GNP.PCAP.KD.ZG,SN,2006,-0.0411056106069907
NY.GNP.PCAP.KD.ZG,SN,2005,1.75669564969232
NY.GNP.PCAP.KD.ZG,SN,2004,2.26399622276186
NY.GNP.PCAP.KD.ZG,SN,2003,3.37537071415319
NY.GNP.PCAP.KD.ZG,SN,2002,-2.53268990512467
NY.GNP.PCAP.KD.ZG,SN,2001,2.10019091080476
NY.GNP.PCAP.KD.ZG,SN,2000,1.42067176583984
NY.GNP.PCAP.KD.ZG,SN,1999,3.2531324723362
NY.GNP.PCAP.KD.ZG,SN,1998,3.83451288618342
NY.GNP.PCAP.KD.ZG,SN,1997,0.55260833312569
NY.GNP.PCAP.KD.ZG,SN,1996,0.815018936011811
NY.GNP.PCAP.KD.ZG,SN,1995,3.06179331886894
NY.GNP.PCAP.KD.ZG,SB,2023,None
NY.GNP.PCAP.KD.ZG,SB,2022,-0.511614112119474
NY.GNP.PCAP.KD.ZG,SB,2021,-1.12213681613042
NY.GNP.PCAP.KD.ZG,SB,2020,-2.33852547632331
NY.GNP.PCAP.KD.ZG,SB,2019,-0.353642320276293
NY.GNP.PCAP.KD.ZG,SB,2018,0.984168216869747
NY.GNP.PCAP.KD.ZG,SB,2017,1.69250236104719
NY.GNP.PCAP.KD.ZG,SB,2016,1.68175452043626
NY.GNP.PCAP.KD.ZG,SB,2015,-1.59988996294581
NY.GNP.PCAP.KD.ZG,SB,2014,-2.76033923813436
NY.GNP.PCAP.KD.ZG,SB,2013,8.11406308298818
NY.GNP.PCAP.KD.ZG,SB,2012,2.59719029164198
NY.GNP.PCAP.KD.ZG,SB,2011,2.94562666709996
NY.GNP.PCAP.KD.ZG,SB,2010,9.62001320373996
NY.GNP.PCAP.KD.ZG,SB,2009,1.12889985157507
NY.GNP.PCAP.KD.ZG,SB,2008,1.29143895006538
NY.GNP.PCAP.KD.ZG,SB,2007,-2.0416595236571
NY.GNP.PCAP.KD.ZG,SB,2006,-1.18523244827719
NY.GNP.PCAP.KD.ZG,SB,2005,4.81930772346193
NY.GNP.PCAP.KD.ZG,SB,2004,6.72483149991747
NY.GNP.PCAP.KD.ZG,SB,2003,5.59897252493016
NY.GNP.PCAP.KD.ZG,SB,2002,-7.2195799144165
NY.GNP.PCAP.KD.ZG,SB,2001,-9.15935739519925
NY.GNP.PCAP.KD.ZG,SB,2000,-13.8981124283078
NY.GNP.PCAP.KD.ZG,SB,1999,-5.15196393727304
NY.GNP.PCAP.KD.ZG,SB,1998,-1.27775042371033
NY.GNP.PCAP.KD.ZG,SB,1997,-4.01786668297174
NY.GNP.PCAP.KD.ZG,SB,1996,-0.724640150198795
NY.GNP.PCAP.KD.ZG,SB,1995,5.73179703231776
NY.GNP.PCAP.KD.ZG,SL,2023,None
NY.GNP.PCAP.KD.ZG,SL,2022,None
NY.GNP.PCAP.KD.ZG,SL,2021,2.45381064800698
NY.GNP.PCAP.KD.ZG,SL,2020,-4.96927152437594
NY.GNP.PCAP.KD.ZG,SL,2019,2.42966156549183
NY.GNP.PCAP.KD.ZG,SL,2018,1.78179550248061
NY.GNP.PCAP.KD.ZG,SL,2017,0.40792474391462
NY.GNP.PCAP.KD.ZG,SL,2016,3.51302093813703
NY.GNP.PCAP.KD.ZG,SL,2015,-21.2226858085685
NY.GNP.PCAP.KD.ZG,SL,2014,0.451132966460193
NY.GNP.PCAP.KD.ZG,SL,2013,30.5711094526505
NY.GNP.PCAP.KD.ZG,SL,2012,-2.82812701479591
NY.GNP.PCAP.KD.ZG,SL,2011,5.95088121156873
NY.GNP.PCAP.KD.ZG,SL,2010,-4.78866133866107
NY.GNP.PCAP.KD.ZG,SL,2009,0.615303546631779
NY.GNP.PCAP.KD.ZG,SL,2008,6.28032426878922
NY.GNP.PCAP.KD.ZG,SL,2007,30.1947831288386
NY.GNP.PCAP.KD.ZG,SL,2006,-11.198463595018
NY.GNP.PCAP.KD.ZG,SL,2005,1.66721230572502
NY.GNP.PCAP.KD.ZG,SL,2004,2.78473450053302
NY.GNP.PCAP.KD.ZG,SL,2003,5.43535781326743
NY.GNP.PCAP.KD.ZG,SL,2002,19.6327346871792
NY.GNP.PCAP.KD.ZG,SL,2001,None
NY.GNP.PCAP.KD.ZG,SL,2000,None
NY.GNP.PCAP.KD.ZG,SL,1999,None
NY.GNP.PCAP.KD.ZG,SL,1998,None
NY.GNP.PCAP.KD.ZG,SL,1997,None
NY.GNP.PCAP.KD.ZG,SL,1996,None
NY.GNP.PCAP.KD.ZG,SL,1995,None
NY.GNP.PCAP.KD.ZG,SO,2023,None
NY.GNP.PCAP.KD.ZG,SO,2022,None
NY.GNP.PCAP.KD.ZG,SO,2021,None
NY.GNP.PCAP.KD.ZG,SO,2020,None
NY.GNP.PCAP.KD.ZG,SO,2019,None
NY.GNP.PCAP.KD.ZG,SO,2018,None
NY.GNP.PCAP.KD.ZG,SO,2017,None
NY.GNP.PCAP.KD.ZG,SO,2016,None
NY.GNP.PCAP.KD.ZG,SO,2015,None
NY.GNP.PCAP.KD.ZG,SO,2014,None
NY.GNP.PCAP.KD.ZG,SO,2013,None
NY.GNP.PCAP.KD.ZG,SO,2012,None
NY.GNP.PCAP.KD.ZG,SO,2011,None
NY.GNP.PCAP.KD.ZG,SO,2010,None
NY.GNP.PCAP.KD.ZG,SO,2009,None
NY.GNP.PCAP.KD.ZG,SO,2008,None
NY.GNP.PCAP.KD.ZG,SO,2007,None
NY.GNP.PCAP.KD.ZG,SO,2006,None
NY.GNP.PCAP.KD.ZG,SO,2005,None
NY.GNP.PCAP.KD.ZG,SO,2004,None
NY.GNP.PCAP.KD.ZG,SO,2003,None
NY.GNP.PCAP.KD.ZG,SO,2002,None
NY.GNP.PCAP.KD.ZG,SO,2001,None
NY.GNP.PCAP.KD.ZG,SO,2000,None
NY.GNP.PCAP.KD.ZG,SO,1999,None
NY.GNP.PCAP.KD.ZG,SO,1998,None
NY.GNP.PCAP.KD.ZG,SO,1997,None
NY.GNP.PCAP.KD.ZG,SO,1996,None
NY.GNP.PCAP.KD.ZG,SO,1995,None
NY.GNP.PCAP.KD.ZG,SS,2023,None
NY.GNP.PCAP.KD.ZG,SS,2022,None
NY.GNP.PCAP.KD.ZG,SS,2021,None
NY.GNP.PCAP.KD.ZG,SS,2020,None
NY.GNP.PCAP.KD.ZG,SS,2019,None
NY.GNP.PCAP.KD.ZG,SS,2018,None
NY.GNP.PCAP.KD.ZG,SS,2017,None
NY.GNP.PCAP.KD.ZG,SS,2016,None
NY.GNP.PCAP.KD.ZG,SS,2015,-5.79970628478705
NY.GNP.PCAP.KD.ZG,SS,2014,-13.4244291711688
NY.GNP.PCAP.KD.ZG,SS,2013,9.62611701330509
NY.GNP.PCAP.KD.ZG,SS,2012,9.56478684407655
NY.GNP.PCAP.KD.ZG,SS,2011,None
NY.GNP.PCAP.KD.ZG,SS,2010,None
NY.GNP.PCAP.KD.ZG,SS,2009,None
NY.GNP.PCAP.KD.ZG,SS,2008,None
NY.GNP.PCAP.KD.ZG,SS,2007,None
NY.GNP.PCAP.KD.ZG,SS,2006,None
NY.GNP.PCAP.KD.ZG,SS,2005,None
NY.GNP.PCAP.KD.ZG,SS,2004,None
NY.GNP.PCAP.KD.ZG,SS,2003,None
NY.GNP.PCAP.KD.ZG,SS,2002,None
NY.GNP.PCAP.KD.ZG,SS,2001,None
NY.GNP.PCAP.KD.ZG,SS,2000,None
NY.GNP.PCAP.KD.ZG,SS,1999,None
NY.GNP.PCAP.KD.ZG,SS,1998,None
NY.GNP.PCAP.KD.ZG,SS,1997,None
NY.GNP.PCAP.KD.ZG,SS,1996,None
NY.GNP.PCAP.KD.ZG,SS,1995,None
NY.GNP.PCAP.KD.ZG,ST,2023,None
NY.GNP.PCAP.KD.ZG,ST,2022,None
NY.GNP.PCAP.KD.ZG,ST,2021,None
NY.GNP.PCAP.KD.ZG,ST,2020,None
NY.GNP.PCAP.KD.ZG,ST,2019,None
NY.GNP.PCAP.KD.ZG,ST,2018,None
NY.GNP.PCAP.KD.ZG,ST,2017,None
NY.GNP.PCAP.KD.ZG,ST,2016,None
NY.GNP.PCAP.KD.ZG,ST,2015,None
NY.GNP.PCAP.KD.ZG,ST,2014,None
NY.GNP.PCAP.KD.ZG,ST,2013,None
NY.GNP.PCAP.KD.ZG,ST,2012,None
NY.GNP.PCAP.KD.ZG,ST,2011,None
NY.GNP.PCAP.KD.ZG,ST,2010,None
NY.GNP.PCAP.KD.ZG,ST,2009,None
NY.GNP.PCAP.KD.ZG,ST,2008,None
NY.GNP.PCAP.KD.ZG,ST,2007,None
NY.GNP.PCAP.KD.ZG,ST,2006,None
NY.GNP.PCAP.KD.ZG,ST,2005,None
NY.GNP.PCAP.KD.ZG,ST,2004,None
NY.GNP.PCAP.KD.ZG,ST,2003,None
NY.GNP.PCAP.KD.ZG,ST,2002,None
NY.GNP.PCAP.KD.ZG,ST,2001,None
NY.GNP.PCAP.KD.ZG,ST,2000,None
NY.GNP.PCAP.KD.ZG,ST,1999,None
NY.GNP.PCAP.KD.ZG,ST,1998,None
NY.GNP.PCAP.KD.ZG,ST,1997,None
NY.GNP.PCAP.KD.ZG,ST,1996,None
NY.GNP.PCAP.KD.ZG,ST,1995,None
NY.GNP.PCAP.KD.ZG,SZ,2023,None
NY.GNP.PCAP.KD.ZG,SZ,2022,16.8925970001888
NY.GNP.PCAP.KD.ZG,SZ,2021,12.8963659775408
NY.GNP.PCAP.KD.ZG,SZ,2020,-1.32480609362726
NY.GNP.PCAP.KD.ZG,SZ,2019,-2.55950307554336
NY.GNP.PCAP.KD.ZG,SZ,2018,1.13083368960946
NY.GNP.PCAP.KD.ZG,SZ,2017,-0.166294919994286
NY.GNP.PCAP.KD.ZG,SZ,2016,-1.34718655741419
NY.GNP.PCAP.KD.ZG,SZ,2015,1.80958906815938
NY.GNP.PCAP.KD.ZG,SZ,2014,0.255218914463867
NY.GNP.PCAP.KD.ZG,SZ,2013,5.64504273660118
NY.GNP.PCAP.KD.ZG,SZ,2012,4.2160614295571
NY.GNP.PCAP.KD.ZG,SZ,2011,0.752001765095287
NY.GNP.PCAP.KD.ZG,SZ,2010,0.150946295395784
NY.GNP.PCAP.KD.ZG,SZ,2009,-0.910167376949175
NY.GNP.PCAP.KD.ZG,SZ,2008,-1.08778734023505
NY.GNP.PCAP.KD.ZG,SZ,2007,4.63149400721355
NY.GNP.PCAP.KD.ZG,SZ,2006,-0.101665641017277
NY.GNP.PCAP.KD.ZG,SZ,2005,11.607227759145
NY.GNP.PCAP.KD.ZG,SZ,2004,5.19120899055814
NY.GNP.PCAP.KD.ZG,SZ,2003,0.755183596362173
NY.GNP.PCAP.KD.ZG,SZ,2002,-3.12325793151248
NY.GNP.PCAP.KD.ZG,SZ,2001,4.89634955100631
NY.GNP.PCAP.KD.ZG,SZ,2000,-2.47496532283442
NY.GNP.PCAP.KD.ZG,SZ,1999,3.29237696954725
NY.GNP.PCAP.KD.ZG,SZ,1998,-2.92244868255132
NY.GNP.PCAP.KD.ZG,SZ,1997,1.33662058108122
NY.GNP.PCAP.KD.ZG,SZ,1996,4.71422933856655
NY.GNP.PCAP.KD.ZG,SZ,1995,11.0847956999523
NY.GNP.PCAP.KD.ZG,SY,2023,None
NY.GNP.PCAP.KD.ZG,SY,2022,None
NY.GNP.PCAP.KD.ZG,SY,2021,None
NY.GNP.PCAP.KD.ZG,SY,2020,None
NY.GNP.PCAP.KD.ZG,SY,2019,None
NY.GNP.PCAP.KD.ZG,SY,2018,None
NY.GNP.PCAP.KD.ZG,SY,2017,None
NY.GNP.PCAP.KD.ZG,SY,2016,None
NY.GNP.PCAP.KD.ZG,SY,2015,None
NY.GNP.PCAP.KD.ZG,SY,2014,None
NY.GNP.PCAP.KD.ZG,SY,2013,None
NY.GNP.PCAP.KD.ZG,SY,2012,None
NY.GNP.PCAP.KD.ZG,SY,2011,None
NY.GNP.PCAP.KD.ZG,SY,2010,None
NY.GNP.PCAP.KD.ZG,SY,2009,None
NY.GNP.PCAP.KD.ZG,SY,2008,None
NY.GNP.PCAP.KD.ZG,SY,2007,None
NY.GNP.PCAP.KD.ZG,SY,2006,None
NY.GNP.PCAP.KD.ZG,SY,2005,None
NY.GNP.PCAP.KD.ZG,SY,2004,None
NY.GNP.PCAP.KD.ZG,SY,2003,None
NY.GNP.PCAP.KD.ZG,SY,2002,None
NY.GNP.PCAP.KD.ZG,SY,2001,None
NY.GNP.PCAP.KD.ZG,SY,2000,None
NY.GNP.PCAP.KD.ZG,SY,1999,None
NY.GNP.PCAP.KD.ZG,SY,1998,None
NY.GNP.PCAP.KD.ZG,SY,1997,None
NY.GNP.PCAP.KD.ZG,SY,1996,None
NY.GNP.PCAP.KD.ZG,SY,1995,None
NY.GNP.PCAP.KD.ZG,TD,2023,1.10421173221272
NY.GNP.PCAP.KD.ZG,TD,2022,-0.538704873699174
NY.GNP.PCAP.KD.ZG,TD,2021,-4.40771594512984
NY.GNP.PCAP.KD.ZG,TD,2020,-4.42063790628147
NY.GNP.PCAP.KD.ZG,TD,2019,-0.164523933076438
NY.GNP.PCAP.KD.ZG,TD,2018,-1.20235209677027
NY.GNP.PCAP.KD.ZG,TD,2017,-5.67428798602087
NY.GNP.PCAP.KD.ZG,TD,2016,-8.17612098356676
NY.GNP.PCAP.KD.ZG,TD,2015,1.47848711941219
NY.GNP.PCAP.KD.ZG,TD,2014,3.489938515661
NY.GNP.PCAP.KD.ZG,TD,2013,-0.374006207406396
NY.GNP.PCAP.KD.ZG,TD,2012,5.28211287780806
NY.GNP.PCAP.KD.ZG,TD,2011,-2.58519016167426
NY.GNP.PCAP.KD.ZG,TD,2010,10.7897474001444
NY.GNP.PCAP.KD.ZG,TD,2009,15.3592361018483
NY.GNP.PCAP.KD.ZG,TD,2008,-3.42772428931484
NY.GNP.PCAP.KD.ZG,TD,2007,None
NY.GNP.PCAP.KD.ZG,TD,2006,None
NY.GNP.PCAP.KD.ZG,TD,2005,None
NY.GNP.PCAP.KD.ZG,TD,2004,None
NY.GNP.PCAP.KD.ZG,TD,2003,-9.19803913383596
NY.GNP.PCAP.KD.ZG,TD,2002,2.64901410028486
NY.GNP.PCAP.KD.ZG,TD,2001,7.88679944417603
NY.GNP.PCAP.KD.ZG,TD,2000,-5.51173758564066
NY.GNP.PCAP.KD.ZG,TD,1999,-4.15138202488492
NY.GNP.PCAP.KD.ZG,TD,1998,4.63363560624298
NY.GNP.PCAP.KD.ZG,TD,1997,1.57950057367367
NY.GNP.PCAP.KD.ZG,TD,1996,-2.53547287383023
NY.GNP.PCAP.KD.ZG,TD,1995,-2.75825879435648
NY.GNP.PCAP.KD.ZG,TG,2023,3.93991694639124
NY.GNP.PCAP.KD.ZG,TG,2022,3.57979854497199
NY.GNP.PCAP.KD.ZG,TG,2021,3.15229743837759
NY.GNP.PCAP.KD.ZG,TG,2020,-0.166033188534627
NY.GNP.PCAP.KD.ZG,TG,2019,2.46553537932527
NY.GNP.PCAP.KD.ZG,TG,2018,2.47155789249388
NY.GNP.PCAP.KD.ZG,TG,2017,0.827745397235603
NY.GNP.PCAP.KD.ZG,TG,2016,0.0859805419201223
NY.GNP.PCAP.KD.ZG,TG,2015,4.47387524996799
NY.GNP.PCAP.KD.ZG,TG,2014,3.30316082589779
NY.GNP.PCAP.KD.ZG,TG,2013,3.46538693908414
NY.GNP.PCAP.KD.ZG,TG,2012,-0.546958292093436
NY.GNP.PCAP.KD.ZG,TG,2011,7.96021713955903
NY.GNP.PCAP.KD.ZG,TG,2010,2.97697250401035
NY.GNP.PCAP.KD.ZG,TG,2009,2.44735965989025
NY.GNP.PCAP.KD.ZG,TG,2008,1.54059916591743
NY.GNP.PCAP.KD.ZG,TG,2007,-3.74550124727953
NY.GNP.PCAP.KD.ZG,TG,2006,-0.251764714600682
NY.GNP.PCAP.KD.ZG,TG,2005,-7.08644931903498
NY.GNP.PCAP.KD.ZG,TG,2004,-3.79638104865306
NY.GNP.PCAP.KD.ZG,TG,2003,4.07856355097533
NY.GNP.PCAP.KD.ZG,TG,2002,1.61574576560778
NY.GNP.PCAP.KD.ZG,TG,2001,-1.87773318604823
NY.GNP.PCAP.KD.ZG,TG,2000,-3.23210248763809
NY.GNP.PCAP.KD.ZG,TG,1999,-1.08126108698234
NY.GNP.PCAP.KD.ZG,TG,1998,-4.93058289352038
NY.GNP.PCAP.KD.ZG,TG,1997,10.73416928801
NY.GNP.PCAP.KD.ZG,TG,1996,5.0610845255222
NY.GNP.PCAP.KD.ZG,TG,1995,4.3754591547379
NY.GNP.PCAP.KD.ZG,TJ,2023,None
NY.GNP.PCAP.KD.ZG,TJ,2022,10.4401980052613
NY.GNP.PCAP.KD.ZG,TJ,2021,8.04182154499127
NY.GNP.PCAP.KD.ZG,TJ,2020,2.30941682157679
NY.GNP.PCAP.KD.ZG,TJ,2019,5.07348272388568
NY.GNP.PCAP.KD.ZG,TJ,2018,5.47029117413412
NY.GNP.PCAP.KD.ZG,TJ,2017,4.52980672457892
NY.GNP.PCAP.KD.ZG,TJ,2016,3.1826147316782
NY.GNP.PCAP.KD.ZG,TJ,2015,0.983088183658182
NY.GNP.PCAP.KD.ZG,TJ,2014,1.67720552018605
NY.GNP.PCAP.KD.ZG,TJ,2013,5.9148960757642
NY.GNP.PCAP.KD.ZG,TJ,2012,5.08611070244717
NY.GNP.PCAP.KD.ZG,TJ,2011,6.02898981683329
NY.GNP.PCAP.KD.ZG,TJ,2010,5.73294581367665
NY.GNP.PCAP.KD.ZG,TJ,2009,-1.82958643797839
NY.GNP.PCAP.KD.ZG,TJ,2008,6.1316868329192
NY.GNP.PCAP.KD.ZG,TJ,2007,5.27547534779545
NY.GNP.PCAP.KD.ZG,TJ,2006,9.52481430456929
NY.GNP.PCAP.KD.ZG,TJ,2005,17.7372085306724
NY.GNP.PCAP.KD.ZG,TJ,2004,10.0236642236658
NY.GNP.PCAP.KD.ZG,TJ,2003,7.83287281696687
NY.GNP.PCAP.KD.ZG,TJ,2002,9.80296144075577
NY.GNP.PCAP.KD.ZG,TJ,2001,7.54001605883354
NY.GNP.PCAP.KD.ZG,TJ,2000,4.93499123345661
NY.GNP.PCAP.KD.ZG,TJ,1999,3.13475093702979
NY.GNP.PCAP.KD.ZG,TJ,1998,5.16968577873848
NY.GNP.PCAP.KD.ZG,TJ,1997,4.6367561360326
NY.GNP.PCAP.KD.ZG,TJ,1996,-20.7630484393461
NY.GNP.PCAP.KD.ZG,TJ,1995,2.3969906367258
NY.GNP.PCAP.KD.ZG,TL,2023,None
NY.GNP.PCAP.KD.ZG,TL,2022,-28.0889694228267
NY.GNP.PCAP.KD.ZG,TL,2021,-10.0658081421221
NY.GNP.PCAP.KD.ZG,TL,2020,7.96759222290734
NY.GNP.PCAP.KD.ZG,TL,2019,31.5948578254382
NY.GNP.PCAP.KD.ZG,TL,2018,-1.9199401600544
NY.GNP.PCAP.KD.ZG,TL,2017,0.0106975832342897
NY.GNP.PCAP.KD.ZG,TL,2016,-21.1187889465637
NY.GNP.PCAP.KD.ZG,TL,2015,-19.3849063126608
NY.GNP.PCAP.KD.ZG,TL,2014,-19.626662029169
NY.GNP.PCAP.KD.ZG,TL,2013,-12.5683555971608
NY.GNP.PCAP.KD.ZG,TL,2012,-13.6924475172446
NY.GNP.PCAP.KD.ZG,TL,2011,19.7095811728901
NY.GNP.PCAP.KD.ZG,TL,2010,18.5408683255967
NY.GNP.PCAP.KD.ZG,TL,2009,-22.374516430538
NY.GNP.PCAP.KD.ZG,TL,2008,44.6249573278313
NY.GNP.PCAP.KD.ZG,TL,2007,32.1734194422878
NY.GNP.PCAP.KD.ZG,TL,2006,38.2433917868591
NY.GNP.PCAP.KD.ZG,TL,2005,18.2950631963498
NY.GNP.PCAP.KD.ZG,TL,2004,8.90916092912013
NY.GNP.PCAP.KD.ZG,TL,2003,-17.2441811750609
NY.GNP.PCAP.KD.ZG,TL,2002,9.63925958329541
NY.GNP.PCAP.KD.ZG,TL,2001,10.6235146949042
NY.GNP.PCAP.KD.ZG,TL,2000,None
NY.GNP.PCAP.KD.ZG,TL,1999,None
NY.GNP.PCAP.KD.ZG,TL,1998,None
NY.GNP.PCAP.KD.ZG,TL,1997,None
NY.GNP.PCAP.KD.ZG,TL,1996,None
NY.GNP.PCAP.KD.ZG,TL,1995,None
NY.GNP.PCAP.KD.ZG,TN,2023,-0.912155582646534
NY.GNP.PCAP.KD.ZG,TN,2022,2.38534370480556
NY.GNP.PCAP.KD.ZG,TN,2021,4.49161622171397
NY.GNP.PCAP.KD.ZG,TN,2020,-10.1312897559923
NY.GNP.PCAP.KD.ZG,TN,2019,0.433024919846488
NY.GNP.PCAP.KD.ZG,TN,2018,1.53361340907998
NY.GNP.PCAP.KD.ZG,TN,2017,0.985584772749576
NY.GNP.PCAP.KD.ZG,TN,2016,0.432671903438916
NY.GNP.PCAP.KD.ZG,TN,2015,0.667255242823799
NY.GNP.PCAP.KD.ZG,TN,2014,2.82599065334732
NY.GNP.PCAP.KD.ZG,TN,2013,1.16848526541187
NY.GNP.PCAP.KD.ZG,TN,2012,3.47244845069214
NY.GNP.PCAP.KD.ZG,TN,2011,-3.20292580951272
NY.GNP.PCAP.KD.ZG,TN,2010,0.893245638624478
NY.GNP.PCAP.KD.ZG,TN,2009,2.54240724471424
NY.GNP.PCAP.KD.ZG,TN,2008,3.00874776113291
NY.GNP.PCAP.KD.ZG,TN,2007,5.25632082610579
NY.GNP.PCAP.KD.ZG,TN,2006,4.79224390562693
NY.GNP.PCAP.KD.ZG,TN,2005,1.57368526826041
NY.GNP.PCAP.KD.ZG,TN,2004,5.09665437863596
NY.GNP.PCAP.KD.ZG,TN,2003,3.98806473617938
NY.GNP.PCAP.KD.ZG,TN,2002,0.316912144665537
NY.GNP.PCAP.KD.ZG,TN,2001,2.65117469779446
NY.GNP.PCAP.KD.ZG,TN,2000,3.21045601932475
NY.GNP.PCAP.KD.ZG,TN,1999,4.90648909008806
NY.GNP.PCAP.KD.ZG,TN,1998,3.83359660095523
NY.GNP.PCAP.KD.ZG,TN,1997,4.85685063400882
NY.GNP.PCAP.KD.ZG,TN,1996,5.11096788941259
NY.GNP.PCAP.KD.ZG,TN,1995,1.39493105186277
NY.GNP.PCAP.KD.ZG,TZ,2023,None
NY.GNP.PCAP.KD.ZG,TZ,2022,1.50880156229533
NY.GNP.PCAP.KD.ZG,TZ,2021,1.48761078797239
NY.GNP.PCAP.KD.ZG,TZ,2020,-1.38315012053101
NY.GNP.PCAP.KD.ZG,TZ,2019,2.16394853608641
NY.GNP.PCAP.KD.ZG,TZ,2018,2.90708750455208
NY.GNP.PCAP.KD.ZG,TZ,2017,3.40975932638223
NY.GNP.PCAP.KD.ZG,TZ,2016,2.78229078424029
NY.GNP.PCAP.KD.ZG,TZ,2015,2.15722184218569
NY.GNP.PCAP.KD.ZG,TZ,2014,3.93190932462491
NY.GNP.PCAP.KD.ZG,TZ,2013,3.48898304567211
NY.GNP.PCAP.KD.ZG,TZ,2012,1.97360864384723
NY.GNP.PCAP.KD.ZG,TZ,2011,4.60514030228802
NY.GNP.PCAP.KD.ZG,TZ,2010,2.70234508624132
NY.GNP.PCAP.KD.ZG,TZ,2009,2.79841346311413
NY.GNP.PCAP.KD.ZG,TZ,2008,3.0178209009037
NY.GNP.PCAP.KD.ZG,TZ,2007,2.60020551295226
NY.GNP.PCAP.KD.ZG,TZ,2006,5.40696879701719
NY.GNP.PCAP.KD.ZG,TZ,2005,3.93809413127786
NY.GNP.PCAP.KD.ZG,TZ,2004,4.59225684281841
NY.GNP.PCAP.KD.ZG,TZ,2003,3.32339679718044
NY.GNP.PCAP.KD.ZG,TZ,2002,6.13648617605196
NY.GNP.PCAP.KD.ZG,TZ,2001,1.74530538828301
NY.GNP.PCAP.KD.ZG,TZ,2000,2.01787031816029
NY.GNP.PCAP.KD.ZG,TZ,1999,1.71284151310604
NY.GNP.PCAP.KD.ZG,TZ,1998,1.60927043717078
NY.GNP.PCAP.KD.ZG,TZ,1997,0.949531941902066
NY.GNP.PCAP.KD.ZG,TZ,1996,3.7679361146122
NY.GNP.PCAP.KD.ZG,TZ,1995,0.986745488734741
NY.GNP.PCAP.KD.ZG,UG,2023,2.50347401092574
NY.GNP.PCAP.KD.ZG,UG,2022,1.52593863449222
NY.GNP.PCAP.KD.ZG,UG,2021,0.0931401406595995
NY.GNP.PCAP.KD.ZG,UG,2020,0.147322203721558
NY.GNP.PCAP.KD.ZG,UG,2019,3.09912267429351
NY.GNP.PCAP.KD.ZG,UG,2018,2.21850413105804
NY.GNP.PCAP.KD.ZG,UG,2017,-1.00699614670535
NY.GNP.PCAP.KD.ZG,UG,2016,1.47832052291584
NY.GNP.PCAP.KD.ZG,UG,2015,2.40740717894555
NY.GNP.PCAP.KD.ZG,UG,2014,1.85648999996373
NY.GNP.PCAP.KD.ZG,UG,2013,0.55972890591147
NY.GNP.PCAP.KD.ZG,UG,2012,0.294852181939874
NY.GNP.PCAP.KD.ZG,UG,2011,6.38772789974603
NY.GNP.PCAP.KD.ZG,UG,2010,2.53898918623338
NY.GNP.PCAP.KD.ZG,UG,2009,3.90848650170399
NY.GNP.PCAP.KD.ZG,UG,2008,5.70440940600096
NY.GNP.PCAP.KD.ZG,UG,2007,5.84754050389473
NY.GNP.PCAP.KD.ZG,UG,2006,8.079713169355
NY.GNP.PCAP.KD.ZG,UG,2005,3.05011176069148
NY.GNP.PCAP.KD.ZG,UG,2004,3.04393473198739
NY.GNP.PCAP.KD.ZG,UG,2003,3.30109388702628
NY.GNP.PCAP.KD.ZG,UG,2002,6.42949967621828
NY.GNP.PCAP.KD.ZG,UG,2001,0.70683050443732
NY.GNP.PCAP.KD.ZG,UG,2000,-1.51641713012791
NY.GNP.PCAP.KD.ZG,UG,1999,4.5009210743108
NY.GNP.PCAP.KD.ZG,UG,1998,1.98428866172546
NY.GNP.PCAP.KD.ZG,UG,1997,2.61869932789595
NY.GNP.PCAP.KD.ZG,UG,1996,6.48027676175877
NY.GNP.PCAP.KD.ZG,UG,1995,9.04795837982948
NY.GNP.PCAP.KD.ZG,UZ,2023,None
NY.GNP.PCAP.KD.ZG,UZ,2022,None
NY.GNP.PCAP.KD.ZG,UZ,2021,None
NY.GNP.PCAP.KD.ZG,UZ,2020,None
NY.GNP.PCAP.KD.ZG,UZ,2019,None
NY.GNP.PCAP.KD.ZG,UZ,2018,None
NY.GNP.PCAP.KD.ZG,UZ,2017,None
NY.GNP.PCAP.KD.ZG,UZ,2016,None
NY.GNP.PCAP.KD.ZG,UZ,2015,None
NY.GNP.PCAP.KD.ZG,UZ,2014,None
NY.GNP.PCAP.KD.ZG,UZ,2013,None
NY.GNP.PCAP.KD.ZG,UZ,2012,None
NY.GNP.PCAP.KD.ZG,UZ,2011,None
NY.GNP.PCAP.KD.ZG,UZ,2010,None
NY.GNP.PCAP.KD.ZG,UZ,2009,None
NY.GNP.PCAP.KD.ZG,UZ,2008,None
NY.GNP.PCAP.KD.ZG,UZ,2007,None
NY.GNP.PCAP.KD.ZG,UZ,2006,None
NY.GNP.PCAP.KD.ZG,UZ,2005,None
NY.GNP.PCAP.KD.ZG,UZ,2004,None
NY.GNP.PCAP.KD.ZG,UZ,2003,None
NY.GNP.PCAP.KD.ZG,UZ,2002,None
NY.GNP.PCAP.KD.ZG,UZ,2001,None
NY.GNP.PCAP.KD.ZG,UZ,2000,None
NY.GNP.PCAP.KD.ZG,UZ,1999,None
NY.GNP.PCAP.KD.ZG,UZ,1998,None
NY.GNP.PCAP.KD.ZG,UZ,1997,None
NY.GNP.PCAP.KD.ZG,UZ,1996,None
NY.GNP.PCAP.KD.ZG,UZ,1995,None
NY.GNP.PCAP.KD.ZG,VN,2023,None
NY.GNP.PCAP.KD.ZG,VN,2022,7.6313211656653
NY.GNP.PCAP.KD.ZG,VN,2021,0.771939851442838
NY.GNP.PCAP.KD.ZG,VN,2020,2.78810272513535
NY.GNP.PCAP.KD.ZG,VN,2019,6.47509668576882
NY.GNP.PCAP.KD.ZG,VN,2018,7.50169784964658
NY.GNP.PCAP.KD.ZG,VN,2017,5.18446566329823
NY.GNP.PCAP.KD.ZG,VN,2016,5.02884003670003
NY.GNP.PCAP.KD.ZG,VN,2015,4.56555817478264
NY.GNP.PCAP.KD.ZG,VN,2014,4.86465795985538
NY.GNP.PCAP.KD.ZG,VN,2013,4.19269164753402
NY.GNP.PCAP.KD.ZG,VN,2012,3.91283938570758
NY.GNP.PCAP.KD.ZG,VN,2011,5.53339908514047
NY.GNP.PCAP.KD.ZG,VN,2010,6.26790939017283
NY.GNP.PCAP.KD.ZG,VN,2009,3.01474896445659
NY.GNP.PCAP.KD.ZG,VN,2008,4.41409678119543
NY.GNP.PCAP.KD.ZG,VN,2007,5.45897499126191
NY.GNP.PCAP.KD.ZG,VN,2006,5.61218790521833
NY.GNP.PCAP.KD.ZG,VN,2005,6.45593997112199
NY.GNP.PCAP.KD.ZG,VN,2004,6.15188960033831
NY.GNP.PCAP.KD.ZG,VN,2003,5.85718792455975
NY.GNP.PCAP.KD.ZG,VN,2002,4.96163907775802
NY.GNP.PCAP.KD.ZG,VN,2001,5.19224188469927
NY.GNP.PCAP.KD.ZG,VN,2000,5.97817153527362
NY.GNP.PCAP.KD.ZG,VN,1999,3.83440136574033
NY.GNP.PCAP.KD.ZG,VN,1998,3.66692537393108
NY.GNP.PCAP.KD.ZG,VN,1997,5.88911086840808
NY.GNP.PCAP.KD.ZG,VN,1996,6.88885481085069
NY.GNP.PCAP.KD.ZG,VN,1995,None
NY.GNP.PCAP.KD.ZG,VU,2023,None
NY.GNP.PCAP.KD.ZG,VU,2022,0.519753614287239
NY.GNP.PCAP.KD.ZG,VU,2021,-0.913969414380659
NY.GNP.PCAP.KD.ZG,VU,2020,-10.4403548713095
NY.GNP.PCAP.KD.ZG,VU,2019,13.6549550667146
NY.GNP.PCAP.KD.ZG,VU,2018,3.60015596309056
NY.GNP.PCAP.KD.ZG,VU,2017,1.60015692879769
NY.GNP.PCAP.KD.ZG,VU,2016,2.7257522150808
NY.GNP.PCAP.KD.ZG,VU,2015,-1.73501769911869
NY.GNP.PCAP.KD.ZG,VU,2014,2.33697007511337
NY.GNP.PCAP.KD.ZG,VU,2013,3.9822239117332
NY.GNP.PCAP.KD.ZG,VU,2012,-4.64310299573826
NY.GNP.PCAP.KD.ZG,VU,2011,1.46214540063474
NY.GNP.PCAP.KD.ZG,VU,2010,-0.552010252350939
NY.GNP.PCAP.KD.ZG,VU,2009,-2.76849427770759
NY.GNP.PCAP.KD.ZG,VU,2008,7.87549060635631
NY.GNP.PCAP.KD.ZG,VU,2007,0.173683913179374
NY.GNP.PCAP.KD.ZG,VU,2006,8.15247446666612
NY.GNP.PCAP.KD.ZG,VU,2005,1.23256508059477
NY.GNP.PCAP.KD.ZG,VU,2004,0.863899295719705
NY.GNP.PCAP.KD.ZG,VU,2003,1.49837551932957
NY.GNP.PCAP.KD.ZG,VU,2002,None
NY.GNP.PCAP.KD.ZG,VU,2001,None
NY.GNP.PCAP.KD.ZG,VU,2000,None
NY.GNP.PCAP.KD.ZG,VU,1999,None
NY.GNP.PCAP.KD.ZG,VU,1998,None
NY.GNP.PCAP.KD.ZG,VU,1997,None
NY.GNP.PCAP.KD.ZG,VU,1996,None
NY.GNP.PCAP.KD.ZG,VU,1995,None
NY.GNP.PCAP.KD.ZG,WS,2023,8.0060890465585
NY.GNP.PCAP.KD.ZG,WS,2022,-8.00862787254208
NY.GNP.PCAP.KD.ZG,WS,2021,-6.62971220414286
NY.GNP.PCAP.KD.ZG,WS,2020,-3.99181859728837
NY.GNP.PCAP.KD.ZG,WS,2019,2.62594170126135
NY.GNP.PCAP.KD.ZG,WS,2018,-2.0112355484198
NY.GNP.PCAP.KD.ZG,WS,2017,-0.352821053191775
NY.GNP.PCAP.KD.ZG,WS,2016,6.630215377003
NY.GNP.PCAP.KD.ZG,WS,2015,4.71649206453897
NY.GNP.PCAP.KD.ZG,WS,2014,0.498337364665133
NY.GNP.PCAP.KD.ZG,WS,2013,-1.85333595436312
NY.GNP.PCAP.KD.ZG,WS,2012,-4.42126466116481
NY.GNP.PCAP.KD.ZG,WS,2011,2.82793575283986
NY.GNP.PCAP.KD.ZG,WS,2010,6.92640691771666
NY.GNP.PCAP.KD.ZG,WS,2009,None
NY.GNP.PCAP.KD.ZG,WS,2008,None
NY.GNP.PCAP.KD.ZG,WS,2007,None
NY.GNP.PCAP.KD.ZG,WS,2006,None
NY.GNP.PCAP.KD.ZG,WS,2005,None
NY.GNP.PCAP.KD.ZG,WS,2004,None
NY.GNP.PCAP.KD.ZG,WS,2003,None
NY.GNP.PCAP.KD.ZG,WS,2002,None
NY.GNP.PCAP.KD.ZG,WS,2001,None
NY.GNP.PCAP.KD.ZG,WS,2000,None
NY.GNP.PCAP.KD.ZG,WS,1999,None
NY.GNP.PCAP.KD.ZG,WS,1998,None
NY.GNP.PCAP.KD.ZG,WS,1997,None
NY.GNP.PCAP.KD.ZG,WS,1996,None
NY.GNP.PCAP.KD.ZG,WS,1995,None
NY.GNP.PCAP.KD.ZG,YE,2023,None
NY.GNP.PCAP.KD.ZG,YE,2022,None
NY.GNP.PCAP.KD.ZG,YE,2021,None
NY.GNP.PCAP.KD.ZG,YE,2020,None
NY.GNP.PCAP.KD.ZG,YE,2019,None
NY.GNP.PCAP.KD.ZG,YE,2018,None
NY.GNP.PCAP.KD.ZG,YE,2017,None
NY.GNP.PCAP.KD.ZG,YE,2016,None
NY.GNP.PCAP.KD.ZG,YE,2015,None
NY.GNP.PCAP.KD.ZG,YE,2014,None
NY.GNP.PCAP.KD.ZG,YE,2013,None
NY.GNP.PCAP.KD.ZG,YE,2012,None
NY.GNP.PCAP.KD.ZG,YE,2011,None
NY.GNP.PCAP.KD.ZG,YE,2010,None
NY.GNP.PCAP.KD.ZG,YE,2009,None
NY.GNP.PCAP.KD.ZG,YE,2008,None
NY.GNP.PCAP.KD.ZG,YE,2007,None
NY.GNP.PCAP.KD.ZG,YE,2006,None
NY.GNP.PCAP.KD.ZG,YE,2005,None
NY.GNP.PCAP.KD.ZG,YE,2004,None
NY.GNP.PCAP.KD.ZG,YE,2003,None
NY.GNP.PCAP.KD.ZG,YE,2002,None
NY.GNP.PCAP.KD.ZG,YE,2001,None
NY.GNP.PCAP.KD.ZG,YE,2000,None
NY.GNP.PCAP.KD.ZG,YE,1999,None
NY.GNP.PCAP.KD.ZG,YE,1998,None
NY.GNP.PCAP.KD.ZG,YE,1997,None
NY.GNP.PCAP.KD.ZG,YE,1996,None
NY.GNP.PCAP.KD.ZG,YE,1995,None
NY.GNP.PCAP.KD.ZG,ZM,2023,None
NY.GNP.PCAP.KD.ZG,ZM,2022,None
NY.GNP.PCAP.KD.ZG,ZM,2021,None
NY.GNP.PCAP.KD.ZG,ZM,2020,None
NY.GNP.PCAP.KD.ZG,ZM,2019,None
NY.GNP.PCAP.KD.ZG,ZM,2018,None
NY.GNP.PCAP.KD.ZG,ZM,2017,None
NY.GNP.PCAP.KD.ZG,ZM,2016,None
NY.GNP.PCAP.KD.ZG,ZM,2015,None
NY.GNP.PCAP.KD.ZG,ZM,2014,None
NY.GNP.PCAP.KD.ZG,ZM,2013,None
NY.GNP.PCAP.KD.ZG,ZM,2012,None
NY.GNP.PCAP.KD.ZG,ZM,2011,None
NY.GNP.PCAP.KD.ZG,ZM,2010,None
NY.GNP.PCAP.KD.ZG,ZM,2009,None
NY.GNP.PCAP.KD.ZG,ZM,2008,None
NY.GNP.PCAP.KD.ZG,ZM,2007,None
NY.GNP.PCAP.KD.ZG,ZM,2006,None
NY.GNP.PCAP.KD.ZG,ZM,2005,None
NY.GNP.PCAP.KD.ZG,ZM,2004,None
NY.GNP.PCAP.KD.ZG,ZM,2003,None
NY.GNP.PCAP.KD.ZG,ZM,2002,None
NY.GNP.PCAP.KD.ZG,ZM,2001,None
NY.GNP.PCAP.KD.ZG,ZM,2000,None
NY.GNP.PCAP.KD.ZG,ZM,1999,None
