DT.ODA.OATL.CD,AF,2019,None
DT.ODA.OATL.CD,AF,2018,None
DT.ODA.OATL.CD,AF,2017,None
DT.ODA.OATL.CD,AF,2016,None
DT.ODA.OATL.CD,AF,2015,None
DT.ODA.OATL.CD,AF,2014,None
DT.ODA.OATL.CD,AF,2013,None
DT.ODA.OATL.CD,AF,2012,None
DT.ODA.OATL.CD,AF,2011,None
DT.ODA.OATL.CD,AF,2010,None
DT.ODA.OATL.CD,AF,2009,None
DT.ODA.OATL.CD,AF,2008,None
DT.ODA.OATL.CD,AF,2007,None
DT.ODA.OATL.CD,AF,2006,None
DT.ODA.OATL.CD,AF,2005,None
DT.ODA.OATL.CD,AF,2004,None
DT.ODA.OATL.CD,AF,2003,None
DT.ODA.OATL.CD,AF,2002,None
DT.ODA.OATL.CD,AF,2001,None
DT.ODA.OATL.CD,AF,2000,None
DT.ODA.OATL.CD,AF,1999,None
DT.ODA.OATL.CD,AF,1998,None
DT.ODA.OATL.CD,AF,1997,None
DT.ODA.OATL.CD,AF,1996,None
DT.ODA.OATL.CD,AF,1995,None
DT.ODA.OATL.CD,AO,2019,None
DT.ODA.OATL.CD,AO,2018,None
DT.ODA.OATL.CD,AO,2017,None
DT.ODA.OATL.CD,AO,2016,None
DT.ODA.OATL.CD,AO,2015,None
DT.ODA.OATL.CD,AO,2014,None
DT.ODA.OATL.CD,AO,2013,None
DT.ODA.OATL.CD,AO,2012,None
DT.ODA.OATL.CD,AO,2011,None
DT.ODA.OATL.CD,AO,2010,None
DT.ODA.OATL.CD,AO,2009,None
DT.ODA.OATL.CD,AO,2008,None
DT.ODA.OATL.CD,AO,2007,None
DT.ODA.OATL.CD,AO,2006,None
DT.ODA.OATL.CD,AO,2005,None
DT.ODA.OATL.CD,AO,2004,None
DT.ODA.OATL.CD,AO,2003,None
DT.ODA.OATL.CD,AO,2002,None
DT.ODA.OATL.CD,AO,2001,None
DT.ODA.OATL.CD,AO,2000,None
DT.ODA.OATL.CD,AO,1999,None
DT.ODA.OATL.CD,AO,1998,None
DT.ODA.OATL.CD,AO,1997,None
DT.ODA.OATL.CD,AO,1996,None
DT.ODA.OATL.CD,AO,1995,None
DT.ODA.OATL.CD,BI,2019,None
DT.ODA.OATL.CD,BI,2018,None
DT.ODA.OATL.CD,BI,2017,None
DT.ODA.OATL.CD,BI,2016,None
DT.ODA.OATL.CD,BI,2015,None
DT.ODA.OATL.CD,BI,2014,None
DT.ODA.OATL.CD,BI,2013,None
DT.ODA.OATL.CD,BI,2012,None
DT.ODA.OATL.CD,BI,2011,None
DT.ODA.OATL.CD,BI,2010,None
DT.ODA.OATL.CD,BI,2009,None
DT.ODA.OATL.CD,BI,2008,None
DT.ODA.OATL.CD,BI,2007,None
DT.ODA.OATL.CD,BI,2006,None
DT.ODA.OATL.CD,BI,2005,None
DT.ODA.OATL.CD,BI,2004,None
DT.ODA.OATL.CD,BI,2003,None
DT.ODA.OATL.CD,BI,2002,None
DT.ODA.OATL.CD,BI,2001,None
DT.ODA.OATL.CD,BI,2000,None
DT.ODA.OATL.CD,BI,1999,None
DT.ODA.OATL.CD,BI,1998,None
DT.ODA.OATL.CD,BI,1997,None
DT.ODA.OATL.CD,BI,1996,None
DT.ODA.OATL.CD,BI,1995,None
DT.ODA.OATL.CD,BJ,2019,None
DT.ODA.OATL.CD,BJ,2018,None
DT.ODA.OATL.CD,BJ,2017,None
DT.ODA.OATL.CD,BJ,2016,None
DT.ODA.OATL.CD,BJ,2015,None
DT.ODA.OATL.CD,BJ,2014,None
DT.ODA.OATL.CD,BJ,2013,None
DT.ODA.OATL.CD,BJ,2012,None
DT.ODA.OATL.CD,BJ,2011,None
DT.ODA.OATL.CD,BJ,2010,None
DT.ODA.OATL.CD,BJ,2009,None
DT.ODA.OATL.CD,BJ,2008,None
DT.ODA.OATL.CD,BJ,2007,None
DT.ODA.OATL.CD,BJ,2006,None
DT.ODA.OATL.CD,BJ,2005,None
DT.ODA.OATL.CD,BJ,2004,None
DT.ODA.OATL.CD,BJ,2003,None
DT.ODA.OATL.CD,BJ,2002,None
DT.ODA.OATL.CD,BJ,2001,None
DT.ODA.OATL.CD,BJ,2000,None
DT.ODA.OATL.CD,BJ,1999,None
DT.ODA.OATL.CD,BJ,1998,None
DT.ODA.OATL.CD,BJ,1997,None
DT.ODA.OATL.CD,BJ,1996,None
DT.ODA.OATL.CD,BJ,1995,None
DT.ODA.OATL.CD,BF,2019,None
DT.ODA.OATL.CD,BF,2018,None
DT.ODA.OATL.CD,BF,2017,None
DT.ODA.OATL.CD,BF,2016,None
DT.ODA.OATL.CD,BF,2015,None
DT.ODA.OATL.CD,BF,2014,None
DT.ODA.OATL.CD,BF,2013,None
DT.ODA.OATL.CD,BF,2012,None
DT.ODA.OATL.CD,BF,2011,None
DT.ODA.OATL.CD,BF,2010,None
DT.ODA.OATL.CD,BF,2009,None
DT.ODA.OATL.CD,BF,2008,None
DT.ODA.OATL.CD,BF,2007,None
DT.ODA.OATL.CD,BF,2006,None
DT.ODA.OATL.CD,BF,2005,None
DT.ODA.OATL.CD,BF,2004,None
DT.ODA.OATL.CD,BF,2003,None
DT.ODA.OATL.CD,BF,2002,None
DT.ODA.OATL.CD,BF,2001,None
DT.ODA.OATL.CD,BF,2000,None
DT.ODA.OATL.CD,BF,1999,None
DT.ODA.OATL.CD,BF,1998,None
DT.ODA.OATL.CD,BF,1997,None
DT.ODA.OATL.CD,BF,1996,None
DT.ODA.OATL.CD,BF,1995,None
DT.ODA.OATL.CD,BD,2019,None
DT.ODA.OATL.CD,BD,2018,None
DT.ODA.OATL.CD,BD,2017,None
DT.ODA.OATL.CD,BD,2016,None
DT.ODA.OATL.CD,BD,2015,None
DT.ODA.OATL.CD,BD,2014,None
DT.ODA.OATL.CD,BD,2013,None
DT.ODA.OATL.CD,BD,2012,None
DT.ODA.OATL.CD,BD,2011,None
DT.ODA.OATL.CD,BD,2010,None
DT.ODA.OATL.CD,BD,2009,None
DT.ODA.OATL.CD,BD,2008,None
DT.ODA.OATL.CD,BD,2007,None
DT.ODA.OATL.CD,BD,2006,None
DT.ODA.OATL.CD,BD,2005,None
DT.ODA.OATL.CD,BD,2004,None
DT.ODA.OATL.CD,BD,2003,None
DT.ODA.OATL.CD,BD,2002,None
DT.ODA.OATL.CD,BD,2001,None
DT.ODA.OATL.CD,BD,2000,None
DT.ODA.OATL.CD,BD,1999,None
DT.ODA.OATL.CD,BD,1998,None
DT.ODA.OATL.CD,BD,1997,None
DT.ODA.OATL.CD,BD,1996,None
DT.ODA.OATL.CD,BD,1995,None
DT.ODA.OATL.CD,BO,2019,None
DT.ODA.OATL.CD,BO,2018,None
DT.ODA.OATL.CD,BO,2017,None
DT.ODA.OATL.CD,BO,2016,None
DT.ODA.OATL.CD,BO,2015,None
DT.ODA.OATL.CD,BO,2014,None
DT.ODA.OATL.CD,BO,2013,None
DT.ODA.OATL.CD,BO,2012,None
DT.ODA.OATL.CD,BO,2011,None
DT.ODA.OATL.CD,BO,2010,None
DT.ODA.OATL.CD,BO,2009,None
DT.ODA.OATL.CD,BO,2008,None
DT.ODA.OATL.CD,BO,2007,None
DT.ODA.OATL.CD,BO,2006,None
DT.ODA.OATL.CD,BO,2005,None
DT.ODA.OATL.CD,BO,2004,None
DT.ODA.OATL.CD,BO,2003,None
DT.ODA.OATL.CD,BO,2002,None
DT.ODA.OATL.CD,BO,2001,None
DT.ODA.OATL.CD,BO,2000,None
DT.ODA.OATL.CD,BO,1999,None
DT.ODA.OATL.CD,BO,1998,None
DT.ODA.OATL.CD,BO,1997,None
DT.ODA.OATL.CD,BO,1996,None
DT.ODA.OATL.CD,BO,1995,None
DT.ODA.OATL.CD,BT,2019,None
DT.ODA.OATL.CD,BT,2018,None
DT.ODA.OATL.CD,BT,2017,None
DT.ODA.OATL.CD,BT,2016,None
DT.ODA.OATL.CD,BT,2015,None
DT.ODA.OATL.CD,BT,2014,None
DT.ODA.OATL.CD,BT,2013,None
DT.ODA.OATL.CD,BT,2012,None
DT.ODA.OATL.CD,BT,2011,None
DT.ODA.OATL.CD,BT,2010,None
DT.ODA.OATL.CD,BT,2009,None
DT.ODA.OATL.CD,BT,2008,None
DT.ODA.OATL.CD,BT,2007,None
DT.ODA.OATL.CD,BT,2006,None
DT.ODA.OATL.CD,BT,2005,None
DT.ODA.OATL.CD,BT,2004,None
DT.ODA.OATL.CD,BT,2003,None
DT.ODA.OATL.CD,BT,2002,None
DT.ODA.OATL.CD,BT,2001,None
DT.ODA.OATL.CD,BT,2000,None
DT.ODA.OATL.CD,BT,1999,None
DT.ODA.OATL.CD,BT,1998,None
DT.ODA.OATL.CD,BT,1997,None
DT.ODA.OATL.CD,BT,1996,None
DT.ODA.OATL.CD,BT,1995,None
DT.ODA.OATL.CD,CF,2019,None
DT.ODA.OATL.CD,CF,2018,None
DT.ODA.OATL.CD,CF,2017,None
DT.ODA.OATL.CD,CF,2016,None
DT.ODA.OATL.CD,CF,2015,None
DT.ODA.OATL.CD,CF,2014,None
DT.ODA.OATL.CD,CF,2013,None
DT.ODA.OATL.CD,CF,2012,None
DT.ODA.OATL.CD,CF,2011,None
DT.ODA.OATL.CD,CF,2010,None
DT.ODA.OATL.CD,CF,2009,None
DT.ODA.OATL.CD,CF,2008,None
DT.ODA.OATL.CD,CF,2007,None
DT.ODA.OATL.CD,CF,2006,None
DT.ODA.OATL.CD,CF,2005,None
DT.ODA.OATL.CD,CF,2004,None
DT.ODA.OATL.CD,CF,2003,None
DT.ODA.OATL.CD,CF,2002,None
DT.ODA.OATL.CD,CF,2001,None
DT.ODA.OATL.CD,CF,2000,None
DT.ODA.OATL.CD,CF,1999,None
DT.ODA.OATL.CD,CF,1998,None
DT.ODA.OATL.CD,CF,1997,None
DT.ODA.OATL.CD,CF,1996,None
DT.ODA.OATL.CD,CF,1995,None
DT.ODA.OATL.CD,CI,2019,None
DT.ODA.OATL.CD,CI,2018,None
DT.ODA.OATL.CD,CI,2017,None
DT.ODA.OATL.CD,CI,2016,None
DT.ODA.OATL.CD,CI,2015,None
DT.ODA.OATL.CD,CI,2014,None
DT.ODA.OATL.CD,CI,2013,None
DT.ODA.OATL.CD,CI,2012,None
DT.ODA.OATL.CD,CI,2011,None
DT.ODA.OATL.CD,CI,2010,None
DT.ODA.OATL.CD,CI,2009,None
DT.ODA.OATL.CD,CI,2008,None
DT.ODA.OATL.CD,CI,2007,None
DT.ODA.OATL.CD,CI,2006,None
DT.ODA.OATL.CD,CI,2005,None
DT.ODA.OATL.CD,CI,2004,None
DT.ODA.OATL.CD,CI,2003,None
DT.ODA.OATL.CD,CI,2002,None
DT.ODA.OATL.CD,CI,2001,None
DT.ODA.OATL.CD,CI,2000,None
DT.ODA.OATL.CD,CI,1999,None
DT.ODA.OATL.CD,CI,1998,None
DT.ODA.OATL.CD,CI,1997,None
DT.ODA.OATL.CD,CI,1996,None
DT.ODA.OATL.CD,CI,1995,None
DT.ODA.OATL.CD,CM,2019,None
DT.ODA.OATL.CD,CM,2018,None
DT.ODA.OATL.CD,CM,2017,None
DT.ODA.OATL.CD,CM,2016,None
DT.ODA.OATL.CD,CM,2015,None
DT.ODA.OATL.CD,CM,2014,None
DT.ODA.OATL.CD,CM,2013,None
DT.ODA.OATL.CD,CM,2012,None
DT.ODA.OATL.CD,CM,2011,None
DT.ODA.OATL.CD,CM,2010,None
DT.ODA.OATL.CD,CM,2009,None
DT.ODA.OATL.CD,CM,2008,None
DT.ODA.OATL.CD,CM,2007,None
DT.ODA.OATL.CD,CM,2006,None
DT.ODA.OATL.CD,CM,2005,None
DT.ODA.OATL.CD,CM,2004,None
DT.ODA.OATL.CD,CM,2003,None
DT.ODA.OATL.CD,CM,2002,None
DT.ODA.OATL.CD,CM,2001,None
DT.ODA.OATL.CD,CM,2000,None
DT.ODA.OATL.CD,CM,1999,None
DT.ODA.OATL.CD,CM,1998,None
DT.ODA.OATL.CD,CM,1997,None
DT.ODA.OATL.CD,CM,1996,None
DT.ODA.OATL.CD,CM,1995,None
DT.ODA.OATL.CD,CD,2019,None
DT.ODA.OATL.CD,CD,2018,None
DT.ODA.OATL.CD,CD,2017,None
DT.ODA.OATL.CD,CD,2016,None
DT.ODA.OATL.CD,CD,2015,None
DT.ODA.OATL.CD,CD,2014,None
DT.ODA.OATL.CD,CD,2013,None
DT.ODA.OATL.CD,CD,2012,None
DT.ODA.OATL.CD,CD,2011,None
DT.ODA.OATL.CD,CD,2010,None
DT.ODA.OATL.CD,CD,2009,None
DT.ODA.OATL.CD,CD,2008,None
DT.ODA.OATL.CD,CD,2007,None
DT.ODA.OATL.CD,CD,2006,None
DT.ODA.OATL.CD,CD,2005,None
DT.ODA.OATL.CD,CD,2004,None
DT.ODA.OATL.CD,CD,2003,None
DT.ODA.OATL.CD,CD,2002,None
DT.ODA.OATL.CD,CD,2001,None
DT.ODA.OATL.CD,CD,2000,None
DT.ODA.OATL.CD,CD,1999,None
DT.ODA.OATL.CD,CD,1998,None
DT.ODA.OATL.CD,CD,1997,None
DT.ODA.OATL.CD,CD,1996,None
DT.ODA.OATL.CD,CD,1995,None
DT.ODA.OATL.CD,CG,2019,None
DT.ODA.OATL.CD,CG,2018,None
DT.ODA.OATL.CD,CG,2017,None
DT.ODA.OATL.CD,CG,2016,None
DT.ODA.OATL.CD,CG,2015,None
DT.ODA.OATL.CD,CG,2014,None
DT.ODA.OATL.CD,CG,2013,None
DT.ODA.OATL.CD,CG,2012,None
DT.ODA.OATL.CD,CG,2011,None
DT.ODA.OATL.CD,CG,2010,None
DT.ODA.OATL.CD,CG,2009,None
DT.ODA.OATL.CD,CG,2008,None
DT.ODA.OATL.CD,CG,2007,None
DT.ODA.OATL.CD,CG,2006,None
DT.ODA.OATL.CD,CG,2005,None
DT.ODA.OATL.CD,CG,2004,None
DT.ODA.OATL.CD,CG,2003,None
DT.ODA.OATL.CD,CG,2002,None
DT.ODA.OATL.CD,CG,2001,None
DT.ODA.OATL.CD,CG,2000,None
DT.ODA.OATL.CD,CG,1999,None
DT.ODA.OATL.CD,CG,1998,None
DT.ODA.OATL.CD,CG,1997,None
DT.ODA.OATL.CD,CG,1996,None
DT.ODA.OATL.CD,CG,1995,None
DT.ODA.OATL.CD,KM,2019,None
DT.ODA.OATL.CD,KM,2018,None
DT.ODA.OATL.CD,KM,2017,None
DT.ODA.OATL.CD,KM,2016,None
DT.ODA.OATL.CD,KM,2015,None
DT.ODA.OATL.CD,KM,2014,None
DT.ODA.OATL.CD,KM,2013,None
DT.ODA.OATL.CD,KM,2012,None
DT.ODA.OATL.CD,KM,2011,None
DT.ODA.OATL.CD,KM,2010,None
DT.ODA.OATL.CD,KM,2009,None
DT.ODA.OATL.CD,KM,2008,None
DT.ODA.OATL.CD,KM,2007,None
DT.ODA.OATL.CD,KM,2006,None
DT.ODA.OATL.CD,KM,2005,None
DT.ODA.OATL.CD,KM,2004,None
DT.ODA.OATL.CD,KM,2003,None
DT.ODA.OATL.CD,KM,2002,None
DT.ODA.OATL.CD,KM,2001,None
DT.ODA.OATL.CD,KM,2000,None
DT.ODA.OATL.CD,KM,1999,None
DT.ODA.OATL.CD,KM,1998,None
DT.ODA.OATL.CD,KM,1997,None
DT.ODA.OATL.CD,KM,1996,None
DT.ODA.OATL.CD,KM,1995,None
DT.ODA.OATL.CD,CV,2019,None
DT.ODA.OATL.CD,CV,2018,None
DT.ODA.OATL.CD,CV,2017,None
DT.ODA.OATL.CD,CV,2016,None
DT.ODA.OATL.CD,CV,2015,None
DT.ODA.OATL.CD,CV,2014,None
DT.ODA.OATL.CD,CV,2013,None
DT.ODA.OATL.CD,CV,2012,None
DT.ODA.OATL.CD,CV,2011,None
DT.ODA.OATL.CD,CV,2010,None
DT.ODA.OATL.CD,CV,2009,None
DT.ODA.OATL.CD,CV,2008,None
DT.ODA.OATL.CD,CV,2007,None
DT.ODA.OATL.CD,CV,2006,None
DT.ODA.OATL.CD,CV,2005,None
DT.ODA.OATL.CD,CV,2004,None
DT.ODA.OATL.CD,CV,2003,None
DT.ODA.OATL.CD,CV,2002,None
DT.ODA.OATL.CD,CV,2001,None
DT.ODA.OATL.CD,CV,2000,None
DT.ODA.OATL.CD,CV,1999,None
DT.ODA.OATL.CD,CV,1998,None
DT.ODA.OATL.CD,CV,1997,None
DT.ODA.OATL.CD,CV,1996,None
DT.ODA.OATL.CD,CV,1995,None
DT.ODA.OATL.CD,DJ,2019,None
DT.ODA.OATL.CD,DJ,2018,None
DT.ODA.OATL.CD,DJ,2017,None
DT.ODA.OATL.CD,DJ,2016,None
DT.ODA.OATL.CD,DJ,2015,None
DT.ODA.OATL.CD,DJ,2014,None
DT.ODA.OATL.CD,DJ,2013,None
DT.ODA.OATL.CD,DJ,2012,None
DT.ODA.OATL.CD,DJ,2011,None
DT.ODA.OATL.CD,DJ,2010,None
DT.ODA.OATL.CD,DJ,2009,None
DT.ODA.OATL.CD,DJ,2008,None
DT.ODA.OATL.CD,DJ,2007,None
DT.ODA.OATL.CD,DJ,2006,None
DT.ODA.OATL.CD,DJ,2005,None
DT.ODA.OATL.CD,DJ,2004,None
DT.ODA.OATL.CD,DJ,2003,None
DT.ODA.OATL.CD,DJ,2002,None
DT.ODA.OATL.CD,DJ,2001,None
DT.ODA.OATL.CD,DJ,2000,None
DT.ODA.OATL.CD,DJ,1999,None
DT.ODA.OATL.CD,DJ,1998,None
DT.ODA.OATL.CD,DJ,1997,None
DT.ODA.OATL.CD,DJ,1996,None
DT.ODA.OATL.CD,DJ,1995,None
DT.ODA.OATL.CD,EG,2019,None
DT.ODA.OATL.CD,EG,2018,None
DT.ODA.OATL.CD,EG,2017,None
DT.ODA.OATL.CD,EG,2016,None
DT.ODA.OATL.CD,EG,2015,None
DT.ODA.OATL.CD,EG,2014,None
DT.ODA.OATL.CD,EG,2013,None
DT.ODA.OATL.CD,EG,2012,None
DT.ODA.OATL.CD,EG,2011,None
DT.ODA.OATL.CD,EG,2010,None
DT.ODA.OATL.CD,EG,2009,None
DT.ODA.OATL.CD,EG,2008,None
DT.ODA.OATL.CD,EG,2007,None
DT.ODA.OATL.CD,EG,2006,None
DT.ODA.OATL.CD,EG,2005,None
DT.ODA.OATL.CD,EG,2004,None
DT.ODA.OATL.CD,EG,2003,None
DT.ODA.OATL.CD,EG,2002,None
DT.ODA.OATL.CD,EG,2001,None
DT.ODA.OATL.CD,EG,2000,None
DT.ODA.OATL.CD,EG,1999,None
DT.ODA.OATL.CD,EG,1998,None
DT.ODA.OATL.CD,EG,1997,None
DT.ODA.OATL.CD,EG,1996,None
DT.ODA.OATL.CD,EG,1995,None
DT.ODA.OATL.CD,ER,2019,None
DT.ODA.OATL.CD,ER,2018,None
DT.ODA.OATL.CD,ER,2017,None
DT.ODA.OATL.CD,ER,2016,None
DT.ODA.OATL.CD,ER,2015,None
DT.ODA.OATL.CD,ER,2014,None
DT.ODA.OATL.CD,ER,2013,None
DT.ODA.OATL.CD,ER,2012,None
DT.ODA.OATL.CD,ER,2011,None
DT.ODA.OATL.CD,ER,2010,None
DT.ODA.OATL.CD,ER,2009,None
DT.ODA.OATL.CD,ER,2008,None
DT.ODA.OATL.CD,ER,2007,None
DT.ODA.OATL.CD,ER,2006,None
DT.ODA.OATL.CD,ER,2005,None
DT.ODA.OATL.CD,ER,2004,None
DT.ODA.OATL.CD,ER,2003,None
DT.ODA.OATL.CD,ER,2002,None
DT.ODA.OATL.CD,ER,2001,None
DT.ODA.OATL.CD,ER,2000,None
DT.ODA.OATL.CD,ER,1999,None
DT.ODA.OATL.CD,ER,1998,None
DT.ODA.OATL.CD,ER,1997,None
DT.ODA.OATL.CD,ER,1996,None
DT.ODA.OATL.CD,ER,1995,None
DT.ODA.OATL.CD,ET,2019,None
DT.ODA.OATL.CD,ET,2018,None
DT.ODA.OATL.CD,ET,2017,None
DT.ODA.OATL.CD,ET,2016,None
DT.ODA.OATL.CD,ET,2015,None
DT.ODA.OATL.CD,ET,2014,None
DT.ODA.OATL.CD,ET,2013,None
DT.ODA.OATL.CD,ET,2012,None
DT.ODA.OATL.CD,ET,2011,None
DT.ODA.OATL.CD,ET,2010,None
DT.ODA.OATL.CD,ET,2009,None
DT.ODA.OATL.CD,ET,2008,None
DT.ODA.OATL.CD,ET,2007,None
DT.ODA.OATL.CD,ET,2006,None
DT.ODA.OATL.CD,ET,2005,None
DT.ODA.OATL.CD,ET,2004,None
DT.ODA.OATL.CD,ET,2003,None
DT.ODA.OATL.CD,ET,2002,None
DT.ODA.OATL.CD,ET,2001,None
DT.ODA.OATL.CD,ET,2000,None
DT.ODA.OATL.CD,ET,1999,None
DT.ODA.OATL.CD,ET,1998,None
DT.ODA.OATL.CD,ET,1997,None
DT.ODA.OATL.CD,ET,1996,None
DT.ODA.OATL.CD,ET,1995,None
DT.ODA.OATL.CD,FM,2019,None
DT.ODA.OATL.CD,FM,2018,None
DT.ODA.OATL.CD,FM,2017,None
DT.ODA.OATL.CD,FM,2016,None
DT.ODA.OATL.CD,FM,2015,None
DT.ODA.OATL.CD,FM,2014,None
DT.ODA.OATL.CD,FM,2013,None
DT.ODA.OATL.CD,FM,2012,None
DT.ODA.OATL.CD,FM,2011,None
DT.ODA.OATL.CD,FM,2010,None
DT.ODA.OATL.CD,FM,2009,None
DT.ODA.OATL.CD,FM,2008,None
DT.ODA.OATL.CD,FM,2007,None
DT.ODA.OATL.CD,FM,2006,None
DT.ODA.OATL.CD,FM,2005,None
DT.ODA.OATL.CD,FM,2004,None
DT.ODA.OATL.CD,FM,2003,None
DT.ODA.OATL.CD,FM,2002,None
DT.ODA.OATL.CD,FM,2001,None
DT.ODA.OATL.CD,FM,2000,None
DT.ODA.OATL.CD,FM,1999,None
DT.ODA.OATL.CD,FM,1998,None
DT.ODA.OATL.CD,FM,1997,None
DT.ODA.OATL.CD,FM,1996,None
DT.ODA.OATL.CD,FM,1995,None
DT.ODA.OATL.CD,GH,2019,None
DT.ODA.OATL.CD,GH,2018,None
DT.ODA.OATL.CD,GH,2017,None
DT.ODA.OATL.CD,GH,2016,None
DT.ODA.OATL.CD,GH,2015,None
DT.ODA.OATL.CD,GH,2014,None
DT.ODA.OATL.CD,GH,2013,None
DT.ODA.OATL.CD,GH,2012,None
DT.ODA.OATL.CD,GH,2011,None
DT.ODA.OATL.CD,GH,2010,None
DT.ODA.OATL.CD,GH,2009,None
DT.ODA.OATL.CD,GH,2008,None
DT.ODA.OATL.CD,GH,2007,None
DT.ODA.OATL.CD,GH,2006,None
DT.ODA.OATL.CD,GH,2005,None
DT.ODA.OATL.CD,GH,2004,None
DT.ODA.OATL.CD,GH,2003,None
DT.ODA.OATL.CD,GH,2002,None
DT.ODA.OATL.CD,GH,2001,None
DT.ODA.OATL.CD,GH,2000,None
DT.ODA.OATL.CD,GH,1999,None
DT.ODA.OATL.CD,GH,1998,None
DT.ODA.OATL.CD,GH,1997,None
DT.ODA.OATL.CD,GH,1996,None
DT.ODA.OATL.CD,GH,1995,None
DT.ODA.OATL.CD,GN,2019,None
DT.ODA.OATL.CD,GN,2018,None
DT.ODA.OATL.CD,GN,2017,None
DT.ODA.OATL.CD,GN,2016,None
DT.ODA.OATL.CD,GN,2015,None
DT.ODA.OATL.CD,GN,2014,None
DT.ODA.OATL.CD,GN,2013,None
DT.ODA.OATL.CD,GN,2012,None
DT.ODA.OATL.CD,GN,2011,None
DT.ODA.OATL.CD,GN,2010,None
DT.ODA.OATL.CD,GN,2009,None
DT.ODA.OATL.CD,GN,2008,None
DT.ODA.OATL.CD,GN,2007,None
DT.ODA.OATL.CD,GN,2006,None
DT.ODA.OATL.CD,GN,2005,None
DT.ODA.OATL.CD,GN,2004,None
DT.ODA.OATL.CD,GN,2003,None
DT.ODA.OATL.CD,GN,2002,None
DT.ODA.OATL.CD,GN,2001,None
DT.ODA.OATL.CD,GN,2000,None
DT.ODA.OATL.CD,GN,1999,None
DT.ODA.OATL.CD,GN,1998,None
DT.ODA.OATL.CD,GN,1997,None
DT.ODA.OATL.CD,GN,1996,None
DT.ODA.OATL.CD,GN,1995,None
DT.ODA.OATL.CD,GM,2019,None
DT.ODA.OATL.CD,GM,2018,None
DT.ODA.OATL.CD,GM,2017,None
DT.ODA.OATL.CD,GM,2016,None
DT.ODA.OATL.CD,GM,2015,None
DT.ODA.OATL.CD,GM,2014,None
DT.ODA.OATL.CD,GM,2013,None
DT.ODA.OATL.CD,GM,2012,None
DT.ODA.OATL.CD,GM,2011,None
DT.ODA.OATL.CD,GM,2010,None
DT.ODA.OATL.CD,GM,2009,None
DT.ODA.OATL.CD,GM,2008,None
DT.ODA.OATL.CD,GM,2007,None
DT.ODA.OATL.CD,GM,2006,None
DT.ODA.OATL.CD,GM,2005,None
DT.ODA.OATL.CD,GM,2004,None
DT.ODA.OATL.CD,GM,2003,None
DT.ODA.OATL.CD,GM,2002,None
DT.ODA.OATL.CD,GM,2001,None
DT.ODA.OATL.CD,GM,2000,None
DT.ODA.OATL.CD,GM,1999,None
DT.ODA.OATL.CD,GM,1998,None
DT.ODA.OATL.CD,GM,1997,None
DT.ODA.OATL.CD,GM,1996,None
DT.ODA.OATL.CD,GM,1995,None
DT.ODA.OATL.CD,GW,2019,None
DT.ODA.OATL.CD,GW,2018,None
DT.ODA.OATL.CD,GW,2017,None
DT.ODA.OATL.CD,GW,2016,None
DT.ODA.OATL.CD,GW,2015,None
DT.ODA.OATL.CD,GW,2014,None
DT.ODA.OATL.CD,GW,2013,None
DT.ODA.OATL.CD,GW,2012,None
DT.ODA.OATL.CD,GW,2011,None
DT.ODA.OATL.CD,GW,2010,None
DT.ODA.OATL.CD,GW,2009,None
DT.ODA.OATL.CD,GW,2008,None
DT.ODA.OATL.CD,GW,2007,None
DT.ODA.OATL.CD,GW,2006,None
DT.ODA.OATL.CD,GW,2005,None
DT.ODA.OATL.CD,GW,2004,None
DT.ODA.OATL.CD,GW,2003,None
DT.ODA.OATL.CD,GW,2002,None
DT.ODA.OATL.CD,GW,2001,None
DT.ODA.OATL.CD,GW,2000,None
DT.ODA.OATL.CD,GW,1999,None
DT.ODA.OATL.CD,GW,1998,None
DT.ODA.OATL.CD,GW,1997,None
DT.ODA.OATL.CD,GW,1996,None
DT.ODA.OATL.CD,GW,1995,None
DT.ODA.OATL.CD,HN,2019,None
DT.ODA.OATL.CD,HN,2018,None
DT.ODA.OATL.CD,HN,2017,None
DT.ODA.OATL.CD,HN,2016,None
DT.ODA.OATL.CD,HN,2015,None
DT.ODA.OATL.CD,HN,2014,None
DT.ODA.OATL.CD,HN,2013,None
DT.ODA.OATL.CD,HN,2012,None
DT.ODA.OATL.CD,HN,2011,None
DT.ODA.OATL.CD,HN,2010,None
DT.ODA.OATL.CD,HN,2009,None
DT.ODA.OATL.CD,HN,2008,None
DT.ODA.OATL.CD,HN,2007,None
DT.ODA.OATL.CD,HN,2006,None
DT.ODA.OATL.CD,HN,2005,None
DT.ODA.OATL.CD,HN,2004,None
DT.ODA.OATL.CD,HN,2003,None
DT.ODA.OATL.CD,HN,2002,None
DT.ODA.OATL.CD,HN,2001,None
DT.ODA.OATL.CD,HN,2000,None
DT.ODA.OATL.CD,HN,1999,None
DT.ODA.OATL.CD,HN,1998,None
DT.ODA.OATL.CD,HN,1997,None
DT.ODA.OATL.CD,HN,1996,None
DT.ODA.OATL.CD,HN,1995,None
DT.ODA.OATL.CD,HT,2019,None
DT.ODA.OATL.CD,HT,2018,None
DT.ODA.OATL.CD,HT,2017,None
DT.ODA.OATL.CD,HT,2016,None
DT.ODA.OATL.CD,HT,2015,None
DT.ODA.OATL.CD,HT,2014,None
DT.ODA.OATL.CD,HT,2013,None
DT.ODA.OATL.CD,HT,2012,None
DT.ODA.OATL.CD,HT,2011,None
DT.ODA.OATL.CD,HT,2010,None
DT.ODA.OATL.CD,HT,2009,None
DT.ODA.OATL.CD,HT,2008,None
DT.ODA.OATL.CD,HT,2007,None
DT.ODA.OATL.CD,HT,2006,None
DT.ODA.OATL.CD,HT,2005,None
DT.ODA.OATL.CD,HT,2004,None
DT.ODA.OATL.CD,HT,2003,None
DT.ODA.OATL.CD,HT,2002,None
DT.ODA.OATL.CD,HT,2001,None
DT.ODA.OATL.CD,HT,2000,None
DT.ODA.OATL.CD,HT,1999,None
DT.ODA.OATL.CD,HT,1998,None
DT.ODA.OATL.CD,HT,1997,None
DT.ODA.OATL.CD,HT,1996,None
DT.ODA.OATL.CD,HT,1995,None
DT.ODA.OATL.CD,IN,2019,None
DT.ODA.OATL.CD,IN,2018,None
DT.ODA.OATL.CD,IN,2017,None
DT.ODA.OATL.CD,IN,2016,None
DT.ODA.OATL.CD,IN,2015,None
DT.ODA.OATL.CD,IN,2014,None
DT.ODA.OATL.CD,IN,2013,None
DT.ODA.OATL.CD,IN,2012,None
DT.ODA.OATL.CD,IN,2011,None
DT.ODA.OATL.CD,IN,2010,None
DT.ODA.OATL.CD,IN,2009,None
DT.ODA.OATL.CD,IN,2008,None
DT.ODA.OATL.CD,IN,2007,None
DT.ODA.OATL.CD,IN,2006,None
DT.ODA.OATL.CD,IN,2005,None
DT.ODA.OATL.CD,IN,2004,None
DT.ODA.OATL.CD,IN,2003,None
DT.ODA.OATL.CD,IN,2002,None
DT.ODA.OATL.CD,IN,2001,None
DT.ODA.OATL.CD,IN,2000,None
DT.ODA.OATL.CD,IN,1999,None
DT.ODA.OATL.CD,IN,1998,None
DT.ODA.OATL.CD,IN,1997,None
DT.ODA.OATL.CD,IN,1996,None
DT.ODA.OATL.CD,IN,1995,None
DT.ODA.OATL.CD,JO,2019,None
DT.ODA.OATL.CD,JO,2018,None
DT.ODA.OATL.CD,JO,2017,None
DT.ODA.OATL.CD,JO,2016,None
DT.ODA.OATL.CD,JO,2015,None
DT.ODA.OATL.CD,JO,2014,None
DT.ODA.OATL.CD,JO,2013,None
DT.ODA.OATL.CD,JO,2012,None
DT.ODA.OATL.CD,JO,2011,None
DT.ODA.OATL.CD,JO,2010,None
DT.ODA.OATL.CD,JO,2009,None
DT.ODA.OATL.CD,JO,2008,None
DT.ODA.OATL.CD,JO,2007,None
DT.ODA.OATL.CD,JO,2006,None
DT.ODA.OATL.CD,JO,2005,None
DT.ODA.OATL.CD,JO,2004,None
DT.ODA.OATL.CD,JO,2003,None
DT.ODA.OATL.CD,JO,2002,None
DT.ODA.OATL.CD,JO,2001,None
DT.ODA.OATL.CD,JO,2000,None
DT.ODA.OATL.CD,JO,1999,None
DT.ODA.OATL.CD,JO,1998,None
DT.ODA.OATL.CD,JO,1997,None
DT.ODA.OATL.CD,JO,1996,None
DT.ODA.OATL.CD,JO,1995,None
DT.ODA.OATL.CD,KE,2019,None
DT.ODA.OATL.CD,KE,2018,None
DT.ODA.OATL.CD,KE,2017,None
DT.ODA.OATL.CD,KE,2016,None
DT.ODA.OATL.CD,KE,2015,None
DT.ODA.OATL.CD,KE,2014,None
DT.ODA.OATL.CD,KE,2013,None
DT.ODA.OATL.CD,KE,2012,None
DT.ODA.OATL.CD,KE,2011,None
DT.ODA.OATL.CD,KE,2010,None
DT.ODA.OATL.CD,KE,2009,None
DT.ODA.OATL.CD,KE,2008,None
DT.ODA.OATL.CD,KE,2007,None
DT.ODA.OATL.CD,KE,2006,None
DT.ODA.OATL.CD,KE,2005,None
DT.ODA.OATL.CD,KE,2004,None
DT.ODA.OATL.CD,KE,2003,None
DT.ODA.OATL.CD,KE,2002,None
DT.ODA.OATL.CD,KE,2001,None
DT.ODA.OATL.CD,KE,2000,None
DT.ODA.OATL.CD,KE,1999,None
DT.ODA.OATL.CD,KE,1998,None
DT.ODA.OATL.CD,KE,1997,None
DT.ODA.OATL.CD,KE,1996,None
DT.ODA.OATL.CD,KE,1995,None
DT.ODA.OATL.CD,KG,2019,None
DT.ODA.OATL.CD,KG,2018,None
DT.ODA.OATL.CD,KG,2017,None
DT.ODA.OATL.CD,KG,2016,None
DT.ODA.OATL.CD,KG,2015,None
DT.ODA.OATL.CD,KG,2014,None
DT.ODA.OATL.CD,KG,2013,None
DT.ODA.OATL.CD,KG,2012,None
DT.ODA.OATL.CD,KG,2011,None
DT.ODA.OATL.CD,KG,2010,None
DT.ODA.OATL.CD,KG,2009,None
DT.ODA.OATL.CD,KG,2008,None
DT.ODA.OATL.CD,KG,2007,None
DT.ODA.OATL.CD,KG,2006,None
DT.ODA.OATL.CD,KG,2005,None
DT.ODA.OATL.CD,KG,2004,None
DT.ODA.OATL.CD,KG,2003,None
DT.ODA.OATL.CD,KG,2002,None
DT.ODA.OATL.CD,KG,2001,None
DT.ODA.OATL.CD,KG,2000,None
DT.ODA.OATL.CD,KG,1999,None
DT.ODA.OATL.CD,KG,1998,None
DT.ODA.OATL.CD,KG,1997,None
DT.ODA.OATL.CD,KG,1996,None
DT.ODA.OATL.CD,KG,1995,None
DT.ODA.OATL.CD,KH,2019,None
DT.ODA.OATL.CD,KH,2018,None
DT.ODA.OATL.CD,KH,2017,None
DT.ODA.OATL.CD,KH,2016,None
DT.ODA.OATL.CD,KH,2015,None
DT.ODA.OATL.CD,KH,2014,None
DT.ODA.OATL.CD,KH,2013,None
DT.ODA.OATL.CD,KH,2012,None
DT.ODA.OATL.CD,KH,2011,None
DT.ODA.OATL.CD,KH,2010,None
DT.ODA.OATL.CD,KH,2009,None
DT.ODA.OATL.CD,KH,2008,None
DT.ODA.OATL.CD,KH,2007,None
DT.ODA.OATL.CD,KH,2006,None
DT.ODA.OATL.CD,KH,2005,None
DT.ODA.OATL.CD,KH,2004,None
DT.ODA.OATL.CD,KH,2003,None
DT.ODA.OATL.CD,KH,2002,None
DT.ODA.OATL.CD,KH,2001,None
DT.ODA.OATL.CD,KH,2000,None
DT.ODA.OATL.CD,KH,1999,None
DT.ODA.OATL.CD,KH,1998,None
DT.ODA.OATL.CD,KH,1997,None
DT.ODA.OATL.CD,KH,1996,None
DT.ODA.OATL.CD,KH,1995,None
DT.ODA.OATL.CD,KI,2019,None
DT.ODA.OATL.CD,KI,2018,None
DT.ODA.OATL.CD,KI,2017,None
DT.ODA.OATL.CD,KI,2016,None
DT.ODA.OATL.CD,KI,2015,None
DT.ODA.OATL.CD,KI,2014,None
DT.ODA.OATL.CD,KI,2013,None
DT.ODA.OATL.CD,KI,2012,None
DT.ODA.OATL.CD,KI,2011,None
DT.ODA.OATL.CD,KI,2010,None
DT.ODA.OATL.CD,KI,2009,None
DT.ODA.OATL.CD,KI,2008,None
DT.ODA.OATL.CD,KI,2007,None
DT.ODA.OATL.CD,KI,2006,None
DT.ODA.OATL.CD,KI,2005,None
DT.ODA.OATL.CD,KI,2004,None
DT.ODA.OATL.CD,KI,2003,None
DT.ODA.OATL.CD,KI,2002,None
DT.ODA.OATL.CD,KI,2001,None
DT.ODA.OATL.CD,KI,2000,None
DT.ODA.OATL.CD,KI,1999,None
DT.ODA.OATL.CD,KI,1998,None
DT.ODA.OATL.CD,KI,1997,None
DT.ODA.OATL.CD,KI,1996,None
DT.ODA.OATL.CD,KI,1995,None
DT.ODA.OATL.CD,LA,2019,None
DT.ODA.OATL.CD,LA,2018,None
DT.ODA.OATL.CD,LA,2017,None
DT.ODA.OATL.CD,LA,2016,None
DT.ODA.OATL.CD,LA,2015,None
DT.ODA.OATL.CD,LA,2014,None
DT.ODA.OATL.CD,LA,2013,None
DT.ODA.OATL.CD,LA,2012,None
DT.ODA.OATL.CD,LA,2011,None
DT.ODA.OATL.CD,LA,2010,None
DT.ODA.OATL.CD,LA,2009,None
DT.ODA.OATL.CD,LA,2008,None
DT.ODA.OATL.CD,LA,2007,None
DT.ODA.OATL.CD,LA,2006,None
DT.ODA.OATL.CD,LA,2005,None
DT.ODA.OATL.CD,LA,2004,None
DT.ODA.OATL.CD,LA,2003,None
DT.ODA.OATL.CD,LA,2002,None
DT.ODA.OATL.CD,LA,2001,None
DT.ODA.OATL.CD,LA,2000,None
DT.ODA.OATL.CD,LA,1999,None
DT.ODA.OATL.CD,LA,1998,None
DT.ODA.OATL.CD,LA,1997,None
DT.ODA.OATL.CD,LA,1996,None
DT.ODA.OATL.CD,LA,1995,None
DT.ODA.OATL.CD,LB,2019,None
DT.ODA.OATL.CD,LB,2018,None
DT.ODA.OATL.CD,LB,2017,None
DT.ODA.OATL.CD,LB,2016,None
DT.ODA.OATL.CD,LB,2015,None
DT.ODA.OATL.CD,LB,2014,None
DT.ODA.OATL.CD,LB,2013,None
DT.ODA.OATL.CD,LB,2012,None
DT.ODA.OATL.CD,LB,2011,None
DT.ODA.OATL.CD,LB,2010,None
DT.ODA.OATL.CD,LB,2009,None
DT.ODA.OATL.CD,LB,2008,None
DT.ODA.OATL.CD,LB,2007,None
DT.ODA.OATL.CD,LB,2006,None
DT.ODA.OATL.CD,LB,2005,None
DT.ODA.OATL.CD,LB,2004,None
DT.ODA.OATL.CD,LB,2003,None
DT.ODA.OATL.CD,LB,2002,None
DT.ODA.OATL.CD,LB,2001,None
DT.ODA.OATL.CD,LB,2000,None
DT.ODA.OATL.CD,LB,1999,None
DT.ODA.OATL.CD,LB,1998,None
DT.ODA.OATL.CD,LB,1997,None
DT.ODA.OATL.CD,LB,1996,None
DT.ODA.OATL.CD,LB,1995,None
DT.ODA.OATL.CD,LR,2019,None
DT.ODA.OATL.CD,LR,2018,None
DT.ODA.OATL.CD,LR,2017,None
DT.ODA.OATL.CD,LR,2016,None
DT.ODA.OATL.CD,LR,2015,None
DT.ODA.OATL.CD,LR,2014,None
DT.ODA.OATL.CD,LR,2013,None
DT.ODA.OATL.CD,LR,2012,None
DT.ODA.OATL.CD,LR,2011,None
DT.ODA.OATL.CD,LR,2010,None
DT.ODA.OATL.CD,LR,2009,None
DT.ODA.OATL.CD,LR,2008,None
DT.ODA.OATL.CD,LR,2007,None
DT.ODA.OATL.CD,LR,2006,None
DT.ODA.OATL.CD,LR,2005,None
DT.ODA.OATL.CD,LR,2004,None
DT.ODA.OATL.CD,LR,2003,None
DT.ODA.OATL.CD,LR,2002,None
DT.ODA.OATL.CD,LR,2001,None
DT.ODA.OATL.CD,LR,2000,None
DT.ODA.OATL.CD,LR,1999,None
DT.ODA.OATL.CD,LR,1998,None
DT.ODA.OATL.CD,LR,1997,None
DT.ODA.OATL.CD,LR,1996,None
DT.ODA.OATL.CD,LR,1995,None
DT.ODA.OATL.CD,LK,2019,None
DT.ODA.OATL.CD,LK,2018,None
DT.ODA.OATL.CD,LK,2017,None
DT.ODA.OATL.CD,LK,2016,None
DT.ODA.OATL.CD,LK,2015,None
DT.ODA.OATL.CD,LK,2014,None
DT.ODA.OATL.CD,LK,2013,None
DT.ODA.OATL.CD,LK,2012,None
DT.ODA.OATL.CD,LK,2011,None
DT.ODA.OATL.CD,LK,2010,None
DT.ODA.OATL.CD,LK,2009,None
DT.ODA.OATL.CD,LK,2008,None
DT.ODA.OATL.CD,LK,2007,None
DT.ODA.OATL.CD,LK,2006,None
DT.ODA.OATL.CD,LK,2005,None
DT.ODA.OATL.CD,LK,2004,None
DT.ODA.OATL.CD,LK,2003,None
DT.ODA.OATL.CD,LK,2002,None
DT.ODA.OATL.CD,LK,2001,None
DT.ODA.OATL.CD,LK,2000,None
DT.ODA.OATL.CD,LK,1999,None
DT.ODA.OATL.CD,LK,1998,None
DT.ODA.OATL.CD,LK,1997,None
DT.ODA.OATL.CD,LK,1996,None
DT.ODA.OATL.CD,LK,1995,None
DT.ODA.OATL.CD,LS,2019,None
DT.ODA.OATL.CD,LS,2018,None
DT.ODA.OATL.CD,LS,2017,None
DT.ODA.OATL.CD,LS,2016,None
DT.ODA.OATL.CD,LS,2015,None
DT.ODA.OATL.CD,LS,2014,None
DT.ODA.OATL.CD,LS,2013,None
DT.ODA.OATL.CD,LS,2012,None
DT.ODA.OATL.CD,LS,2011,None
DT.ODA.OATL.CD,LS,2010,None
DT.ODA.OATL.CD,LS,2009,None
DT.ODA.OATL.CD,LS,2008,None
DT.ODA.OATL.CD,LS,2007,None
DT.ODA.OATL.CD,LS,2006,None
DT.ODA.OATL.CD,LS,2005,None
DT.ODA.OATL.CD,LS,2004,None
DT.ODA.OATL.CD,LS,2003,None
DT.ODA.OATL.CD,LS,2002,None
DT.ODA.OATL.CD,LS,2001,None
DT.ODA.OATL.CD,LS,2000,None
DT.ODA.OATL.CD,LS,1999,None
DT.ODA.OATL.CD,LS,1998,None
DT.ODA.OATL.CD,LS,1997,None
DT.ODA.OATL.CD,LS,1996,None
DT.ODA.OATL.CD,LS,1995,None
DT.ODA.OATL.CD,MA,2019,None
DT.ODA.OATL.CD,MA,2018,None
DT.ODA.OATL.CD,MA,2017,None
DT.ODA.OATL.CD,MA,2016,None
DT.ODA.OATL.CD,MA,2015,None
DT.ODA.OATL.CD,MA,2014,None
DT.ODA.OATL.CD,MA,2013,None
DT.ODA.OATL.CD,MA,2012,None
DT.ODA.OATL.CD,MA,2011,None
DT.ODA.OATL.CD,MA,2010,None
DT.ODA.OATL.CD,MA,2009,None
DT.ODA.OATL.CD,MA,2008,None
DT.ODA.OATL.CD,MA,2007,None
DT.ODA.OATL.CD,MA,2006,None
DT.ODA.OATL.CD,MA,2005,None
DT.ODA.OATL.CD,MA,2004,None
DT.ODA.OATL.CD,MA,2003,None
DT.ODA.OATL.CD,MA,2002,None
DT.ODA.OATL.CD,MA,2001,None
DT.ODA.OATL.CD,MA,2000,None
DT.ODA.OATL.CD,MA,1999,None
DT.ODA.OATL.CD,MA,1998,None
DT.ODA.OATL.CD,MA,1997,None
DT.ODA.OATL.CD,MA,1996,None
DT.ODA.OATL.CD,MA,1995,None
DT.ODA.OATL.CD,MG,2019,None
DT.ODA.OATL.CD,MG,2018,None
DT.ODA.OATL.CD,MG,2017,None
DT.ODA.OATL.CD,MG,2016,None
DT.ODA.OATL.CD,MG,2015,None
DT.ODA.OATL.CD,MG,2014,None
DT.ODA.OATL.CD,MG,2013,None
DT.ODA.OATL.CD,MG,2012,None
DT.ODA.OATL.CD,MG,2011,None
DT.ODA.OATL.CD,MG,2010,None
DT.ODA.OATL.CD,MG,2009,None
DT.ODA.OATL.CD,MG,2008,None
DT.ODA.OATL.CD,MG,2007,None
DT.ODA.OATL.CD,MG,2006,None
DT.ODA.OATL.CD,MG,2005,None
DT.ODA.OATL.CD,MG,2004,None
DT.ODA.OATL.CD,MG,2003,None
DT.ODA.OATL.CD,MG,2002,None
DT.ODA.OATL.CD,MG,2001,None
DT.ODA.OATL.CD,MG,2000,None
DT.ODA.OATL.CD,MG,1999,None
DT.ODA.OATL.CD,MG,1998,None
DT.ODA.OATL.CD,MG,1997,None
DT.ODA.OATL.CD,MG,1996,None
DT.ODA.OATL.CD,MG,1995,None
DT.ODA.OATL.CD,ML,2019,None
DT.ODA.OATL.CD,ML,2018,None
DT.ODA.OATL.CD,ML,2017,None
DT.ODA.OATL.CD,ML,2016,None
DT.ODA.OATL.CD,ML,2015,None
DT.ODA.OATL.CD,ML,2014,None
DT.ODA.OATL.CD,ML,2013,None
DT.ODA.OATL.CD,ML,2012,None
DT.ODA.OATL.CD,ML,2011,None
DT.ODA.OATL.CD,ML,2010,None
DT.ODA.OATL.CD,ML,2009,None
DT.ODA.OATL.CD,ML,2008,None
DT.ODA.OATL.CD,ML,2007,None
DT.ODA.OATL.CD,ML,2006,None
DT.ODA.OATL.CD,ML,2005,None
DT.ODA.OATL.CD,ML,2004,None
DT.ODA.OATL.CD,ML,2003,None
DT.ODA.OATL.CD,ML,2002,None
DT.ODA.OATL.CD,ML,2001,None
DT.ODA.OATL.CD,ML,2000,None
DT.ODA.OATL.CD,ML,1999,None
DT.ODA.OATL.CD,ML,1998,None
DT.ODA.OATL.CD,ML,1997,None
DT.ODA.OATL.CD,ML,1996,None
DT.ODA.OATL.CD,ML,1995,None
DT.ODA.OATL.CD,MM,2019,None
DT.ODA.OATL.CD,MM,2018,None
DT.ODA.OATL.CD,MM,2017,None
DT.ODA.OATL.CD,MM,2016,None
DT.ODA.OATL.CD,MM,2015,None
DT.ODA.OATL.CD,MM,2014,None
DT.ODA.OATL.CD,MM,2013,None
DT.ODA.OATL.CD,MM,2012,None
DT.ODA.OATL.CD,MM,2011,None
DT.ODA.OATL.CD,MM,2010,None
DT.ODA.OATL.CD,MM,2009,None
DT.ODA.OATL.CD,MM,2008,None
DT.ODA.OATL.CD,MM,2007,None
DT.ODA.OATL.CD,MM,2006,None
DT.ODA.OATL.CD,MM,2005,None
DT.ODA.OATL.CD,MM,2004,None
DT.ODA.OATL.CD,MM,2003,None
DT.ODA.OATL.CD,MM,2002,None
DT.ODA.OATL.CD,MM,2001,None
DT.ODA.OATL.CD,MM,2000,None
DT.ODA.OATL.CD,MM,1999,None
DT.ODA.OATL.CD,MM,1998,None
DT.ODA.OATL.CD,MM,1997,None
DT.ODA.OATL.CD,MM,1996,None
DT.ODA.OATL.CD,MM,1995,None
DT.ODA.OATL.CD,MZ,2019,None
DT.ODA.OATL.CD,MZ,2018,None
DT.ODA.OATL.CD,MZ,2017,None
DT.ODA.OATL.CD,MZ,2016,None
DT.ODA.OATL.CD,MZ,2015,None
DT.ODA.OATL.CD,MZ,2014,None
DT.ODA.OATL.CD,MZ,2013,None
DT.ODA.OATL.CD,MZ,2012,None
DT.ODA.OATL.CD,MZ,2011,None
DT.ODA.OATL.CD,MZ,2010,None
DT.ODA.OATL.CD,MZ,2009,None
DT.ODA.OATL.CD,MZ,2008,None
DT.ODA.OATL.CD,MZ,2007,None
DT.ODA.OATL.CD,MZ,2006,None
DT.ODA.OATL.CD,MZ,2005,None
DT.ODA.OATL.CD,MZ,2004,None
DT.ODA.OATL.CD,MZ,2003,None
DT.ODA.OATL.CD,MZ,2002,None
DT.ODA.OATL.CD,MZ,2001,None
DT.ODA.OATL.CD,MZ,2000,None
DT.ODA.OATL.CD,MZ,1999,None
DT.ODA.OATL.CD,MZ,1998,None
DT.ODA.OATL.CD,MZ,1997,None
DT.ODA.OATL.CD,MZ,1996,None
DT.ODA.OATL.CD,MZ,1995,None
DT.ODA.OATL.CD,MR,2019,None
DT.ODA.OATL.CD,MR,2018,None
DT.ODA.OATL.CD,MR,2017,None
DT.ODA.OATL.CD,MR,2016,None
DT.ODA.OATL.CD,MR,2015,None
DT.ODA.OATL.CD,MR,2014,None
DT.ODA.OATL.CD,MR,2013,None
DT.ODA.OATL.CD,MR,2012,None
DT.ODA.OATL.CD,MR,2011,None
DT.ODA.OATL.CD,MR,2010,None
DT.ODA.OATL.CD,MR,2009,None
DT.ODA.OATL.CD,MR,2008,None
DT.ODA.OATL.CD,MR,2007,None
DT.ODA.OATL.CD,MR,2006,None
DT.ODA.OATL.CD,MR,2005,None
DT.ODA.OATL.CD,MR,2004,None
DT.ODA.OATL.CD,MR,2003,None
DT.ODA.OATL.CD,MR,2002,None
DT.ODA.OATL.CD,MR,2001,None
DT.ODA.OATL.CD,MR,2000,None
DT.ODA.OATL.CD,MR,1999,None
DT.ODA.OATL.CD,MR,1998,None
DT.ODA.OATL.CD,MR,1997,None
DT.ODA.OATL.CD,MR,1996,None
DT.ODA.OATL.CD,MR,1995,None
DT.ODA.OATL.CD,MW,2019,None
DT.ODA.OATL.CD,MW,2018,None
DT.ODA.OATL.CD,MW,2017,None
DT.ODA.OATL.CD,MW,2016,None
DT.ODA.OATL.CD,MW,2015,None
DT.ODA.OATL.CD,MW,2014,None
DT.ODA.OATL.CD,MW,2013,None
DT.ODA.OATL.CD,MW,2012,None
DT.ODA.OATL.CD,MW,2011,None
DT.ODA.OATL.CD,MW,2010,None
DT.ODA.OATL.CD,MW,2009,None
DT.ODA.OATL.CD,MW,2008,None
DT.ODA.OATL.CD,MW,2007,None
DT.ODA.OATL.CD,MW,2006,None
DT.ODA.OATL.CD,MW,2005,None
DT.ODA.OATL.CD,MW,2004,None
DT.ODA.OATL.CD,MW,2003,None
DT.ODA.OATL.CD,MW,2002,None
DT.ODA.OATL.CD,MW,2001,None
DT.ODA.OATL.CD,MW,2000,None
DT.ODA.OATL.CD,MW,1999,None
DT.ODA.OATL.CD,MW,1998,None
DT.ODA.OATL.CD,MW,1997,None
DT.ODA.OATL.CD,MW,1996,None
DT.ODA.OATL.CD,MW,1995,None
DT.ODA.OATL.CD,NE,2019,None
DT.ODA.OATL.CD,NE,2018,None
DT.ODA.OATL.CD,NE,2017,None
DT.ODA.OATL.CD,NE,2016,None
DT.ODA.OATL.CD,NE,2015,None
DT.ODA.OATL.CD,NE,2014,None
DT.ODA.OATL.CD,NE,2013,None
DT.ODA.OATL.CD,NE,2012,None
DT.ODA.OATL.CD,NE,2011,None
DT.ODA.OATL.CD,NE,2010,None
DT.ODA.OATL.CD,NE,2009,None
DT.ODA.OATL.CD,NE,2008,None
DT.ODA.OATL.CD,NE,2007,None
DT.ODA.OATL.CD,NE,2006,None
DT.ODA.OATL.CD,NE,2005,None
DT.ODA.OATL.CD,NE,2004,None
DT.ODA.OATL.CD,NE,2003,None
DT.ODA.OATL.CD,NE,2002,None
DT.ODA.OATL.CD,NE,2001,None
DT.ODA.OATL.CD,NE,2000,None
DT.ODA.OATL.CD,NE,1999,None
DT.ODA.OATL.CD,NE,1998,None
DT.ODA.OATL.CD,NE,1997,None
DT.ODA.OATL.CD,NE,1996,None
DT.ODA.OATL.CD,NE,1995,None
DT.ODA.OATL.CD,NG,2019,None
DT.ODA.OATL.CD,NG,2018,None
DT.ODA.OATL.CD,NG,2017,None
DT.ODA.OATL.CD,NG,2016,None
DT.ODA.OATL.CD,NG,2015,None
DT.ODA.OATL.CD,NG,2014,None
DT.ODA.OATL.CD,NG,2013,None
DT.ODA.OATL.CD,NG,2012,None
DT.ODA.OATL.CD,NG,2011,None
DT.ODA.OATL.CD,NG,2010,None
DT.ODA.OATL.CD,NG,2009,None
DT.ODA.OATL.CD,NG,2008,None
DT.ODA.OATL.CD,NG,2007,None
DT.ODA.OATL.CD,NG,2006,None
DT.ODA.OATL.CD,NG,2005,None
DT.ODA.OATL.CD,NG,2004,None
DT.ODA.OATL.CD,NG,2003,None
DT.ODA.OATL.CD,NG,2002,None
DT.ODA.OATL.CD,NG,2001,None
DT.ODA.OATL.CD,NG,2000,None
DT.ODA.OATL.CD,NG,1999,None
DT.ODA.OATL.CD,NG,1998,None
DT.ODA.OATL.CD,NG,1997,None
DT.ODA.OATL.CD,NG,1996,None
DT.ODA.OATL.CD,NG,1995,None
DT.ODA.OATL.CD,NI,2019,None
DT.ODA.OATL.CD,NI,2018,None
DT.ODA.OATL.CD,NI,2017,None
DT.ODA.OATL.CD,NI,2016,None
DT.ODA.OATL.CD,NI,2015,None
DT.ODA.OATL.CD,NI,2014,None
DT.ODA.OATL.CD,NI,2013,None
DT.ODA.OATL.CD,NI,2012,None
DT.ODA.OATL.CD,NI,2011,None
DT.ODA.OATL.CD,NI,2010,None
DT.ODA.OATL.CD,NI,2009,None
DT.ODA.OATL.CD,NI,2008,None
DT.ODA.OATL.CD,NI,2007,None
DT.ODA.OATL.CD,NI,2006,None
DT.ODA.OATL.CD,NI,2005,None
DT.ODA.OATL.CD,NI,2004,None
DT.ODA.OATL.CD,NI,2003,None
DT.ODA.OATL.CD,NI,2002,None
DT.ODA.OATL.CD,NI,2001,None
DT.ODA.OATL.CD,NI,2000,None
DT.ODA.OATL.CD,NI,1999,None
DT.ODA.OATL.CD,NI,1998,None
DT.ODA.OATL.CD,NI,1997,None
DT.ODA.OATL.CD,NI,1996,None
DT.ODA.OATL.CD,NI,1995,None
DT.ODA.OATL.CD,NP,2019,None
DT.ODA.OATL.CD,NP,2018,None
DT.ODA.OATL.CD,NP,2017,None
DT.ODA.OATL.CD,NP,2016,None
DT.ODA.OATL.CD,NP,2015,None
DT.ODA.OATL.CD,NP,2014,None
DT.ODA.OATL.CD,NP,2013,None
DT.ODA.OATL.CD,NP,2012,None
DT.ODA.OATL.CD,NP,2011,None
DT.ODA.OATL.CD,NP,2010,None
DT.ODA.OATL.CD,NP,2009,None
DT.ODA.OATL.CD,NP,2008,None
DT.ODA.OATL.CD,NP,2007,None
DT.ODA.OATL.CD,NP,2006,None
DT.ODA.OATL.CD,NP,2005,None
DT.ODA.OATL.CD,NP,2004,None
DT.ODA.OATL.CD,NP,2003,None
DT.ODA.OATL.CD,NP,2002,None
DT.ODA.OATL.CD,NP,2001,None
DT.ODA.OATL.CD,NP,2000,None
DT.ODA.OATL.CD,NP,1999,None
DT.ODA.OATL.CD,NP,1998,None
DT.ODA.OATL.CD,NP,1997,None
DT.ODA.OATL.CD,NP,1996,None
DT.ODA.OATL.CD,NP,1995,None
DT.ODA.OATL.CD,PK,2019,None
DT.ODA.OATL.CD,PK,2018,None
DT.ODA.OATL.CD,PK,2017,None
DT.ODA.OATL.CD,PK,2016,None
DT.ODA.OATL.CD,PK,2015,None
DT.ODA.OATL.CD,PK,2014,None
DT.ODA.OATL.CD,PK,2013,None
DT.ODA.OATL.CD,PK,2012,None
DT.ODA.OATL.CD,PK,2011,None
DT.ODA.OATL.CD,PK,2010,None
DT.ODA.OATL.CD,PK,2009,None
DT.ODA.OATL.CD,PK,2008,None
DT.ODA.OATL.CD,PK,2007,None
DT.ODA.OATL.CD,PK,2006,None
DT.ODA.OATL.CD,PK,2005,None
DT.ODA.OATL.CD,PK,2004,None
DT.ODA.OATL.CD,PK,2003,None
DT.ODA.OATL.CD,PK,2002,None
DT.ODA.OATL.CD,PK,2001,None
DT.ODA.OATL.CD,PK,2000,None
DT.ODA.OATL.CD,PK,1999,None
DT.ODA.OATL.CD,PK,1998,None
DT.ODA.OATL.CD,PK,1997,None
DT.ODA.OATL.CD,PK,1996,None
DT.ODA.OATL.CD,PK,1995,None
DT.ODA.OATL.CD,PH,2019,None
DT.ODA.OATL.CD,PH,2018,None
DT.ODA.OATL.CD,PH,2017,None
DT.ODA.OATL.CD,PH,2016,None
DT.ODA.OATL.CD,PH,2015,None
DT.ODA.OATL.CD,PH,2014,None
DT.ODA.OATL.CD,PH,2013,None
DT.ODA.OATL.CD,PH,2012,None
DT.ODA.OATL.CD,PH,2011,None
DT.ODA.OATL.CD,PH,2010,None
DT.ODA.OATL.CD,PH,2009,None
DT.ODA.OATL.CD,PH,2008,None
DT.ODA.OATL.CD,PH,2007,None
DT.ODA.OATL.CD,PH,2006,None
DT.ODA.OATL.CD,PH,2005,None
DT.ODA.OATL.CD,PH,2004,None
DT.ODA.OATL.CD,PH,2003,None
DT.ODA.OATL.CD,PH,2002,None
DT.ODA.OATL.CD,PH,2001,None
DT.ODA.OATL.CD,PH,2000,None
DT.ODA.OATL.CD,PH,1999,None
DT.ODA.OATL.CD,PH,1998,None
DT.ODA.OATL.CD,PH,1997,None
DT.ODA.OATL.CD,PH,1996,None
DT.ODA.OATL.CD,PH,1995,None
DT.ODA.OATL.CD,PG,2019,None
DT.ODA.OATL.CD,PG,2018,None
DT.ODA.OATL.CD,PG,2017,None
DT.ODA.OATL.CD,PG,2016,None
DT.ODA.OATL.CD,PG,2015,None
DT.ODA.OATL.CD,PG,2014,None
DT.ODA.OATL.CD,PG,2013,None
DT.ODA.OATL.CD,PG,2012,None
DT.ODA.OATL.CD,PG,2011,None
DT.ODA.OATL.CD,PG,2010,None
DT.ODA.OATL.CD,PG,2009,None
DT.ODA.OATL.CD,PG,2008,None
DT.ODA.OATL.CD,PG,2007,None
DT.ODA.OATL.CD,PG,2006,None
DT.ODA.OATL.CD,PG,2005,None
DT.ODA.OATL.CD,PG,2004,None
DT.ODA.OATL.CD,PG,2003,None
DT.ODA.OATL.CD,PG,2002,None
DT.ODA.OATL.CD,PG,2001,None
DT.ODA.OATL.CD,PG,2000,None
DT.ODA.OATL.CD,PG,1999,None
DT.ODA.OATL.CD,PG,1998,None
DT.ODA.OATL.CD,PG,1997,None
DT.ODA.OATL.CD,PG,1996,None
DT.ODA.OATL.CD,PG,1995,None
DT.ODA.OATL.CD,KP,2019,None
DT.ODA.OATL.CD,KP,2018,None
DT.ODA.OATL.CD,KP,2017,None
DT.ODA.OATL.CD,KP,2016,None
DT.ODA.OATL.CD,KP,2015,None
DT.ODA.OATL.CD,KP,2014,None
DT.ODA.OATL.CD,KP,2013,None
DT.ODA.OATL.CD,KP,2012,None
DT.ODA.OATL.CD,KP,2011,None
DT.ODA.OATL.CD,KP,2010,None
DT.ODA.OATL.CD,KP,2009,None
DT.ODA.OATL.CD,KP,2008,None
DT.ODA.OATL.CD,KP,2007,None
DT.ODA.OATL.CD,KP,2006,None
DT.ODA.OATL.CD,KP,2005,None
DT.ODA.OATL.CD,KP,2004,None
DT.ODA.OATL.CD,KP,2003,None
DT.ODA.OATL.CD,KP,2002,None
DT.ODA.OATL.CD,KP,2001,None
DT.ODA.OATL.CD,KP,2000,None
DT.ODA.OATL.CD,KP,1999,None
DT.ODA.OATL.CD,KP,1998,None
DT.ODA.OATL.CD,KP,1997,None
DT.ODA.OATL.CD,KP,1996,None
DT.ODA.OATL.CD,KP,1995,None
DT.ODA.OATL.CD,PS,2019,None
DT.ODA.OATL.CD,PS,2018,None
DT.ODA.OATL.CD,PS,2017,None
DT.ODA.OATL.CD,PS,2016,None
DT.ODA.OATL.CD,PS,2015,None
DT.ODA.OATL.CD,PS,2014,None
DT.ODA.OATL.CD,PS,2013,None
DT.ODA.OATL.CD,PS,2012,None
DT.ODA.OATL.CD,PS,2011,None
DT.ODA.OATL.CD,PS,2010,None
DT.ODA.OATL.CD,PS,2009,None
DT.ODA.OATL.CD,PS,2008,None
DT.ODA.OATL.CD,PS,2007,None
DT.ODA.OATL.CD,PS,2006,None
DT.ODA.OATL.CD,PS,2005,None
DT.ODA.OATL.CD,PS,2004,None
DT.ODA.OATL.CD,PS,2003,None
DT.ODA.OATL.CD,PS,2002,None
DT.ODA.OATL.CD,PS,2001,None
DT.ODA.OATL.CD,PS,2000,None
DT.ODA.OATL.CD,PS,1999,None
DT.ODA.OATL.CD,PS,1998,None
DT.ODA.OATL.CD,PS,1997,None
DT.ODA.OATL.CD,PS,1996,None
DT.ODA.OATL.CD,PS,1995,None
DT.ODA.OATL.CD,RW,2019,None
DT.ODA.OATL.CD,RW,2018,None
DT.ODA.OATL.CD,RW,2017,None
DT.ODA.OATL.CD,RW,2016,None
DT.ODA.OATL.CD,RW,2015,None
DT.ODA.OATL.CD,RW,2014,None
DT.ODA.OATL.CD,RW,2013,None
DT.ODA.OATL.CD,RW,2012,None
DT.ODA.OATL.CD,RW,2011,None
DT.ODA.OATL.CD,RW,2010,None
DT.ODA.OATL.CD,RW,2009,None
DT.ODA.OATL.CD,RW,2008,None
DT.ODA.OATL.CD,RW,2007,None
DT.ODA.OATL.CD,RW,2006,None
DT.ODA.OATL.CD,RW,2005,None
DT.ODA.OATL.CD,RW,2004,None
DT.ODA.OATL.CD,RW,2003,None
DT.ODA.OATL.CD,RW,2002,None
DT.ODA.OATL.CD,RW,2001,None
DT.ODA.OATL.CD,RW,2000,None
DT.ODA.OATL.CD,RW,1999,None
DT.ODA.OATL.CD,RW,1998,None
DT.ODA.OATL.CD,RW,1997,None
DT.ODA.OATL.CD,RW,1996,None
DT.ODA.OATL.CD,RW,1995,None
DT.ODA.OATL.CD,SD,2019,None
DT.ODA.OATL.CD,SD,2018,None
DT.ODA.OATL.CD,SD,2017,None
DT.ODA.OATL.CD,SD,2016,None
DT.ODA.OATL.CD,SD,2015,None
DT.ODA.OATL.CD,SD,2014,None
DT.ODA.OATL.CD,SD,2013,None
DT.ODA.OATL.CD,SD,2012,None
DT.ODA.OATL.CD,SD,2011,None
DT.ODA.OATL.CD,SD,2010,None
DT.ODA.OATL.CD,SD,2009,None
DT.ODA.OATL.CD,SD,2008,None
DT.ODA.OATL.CD,SD,2007,None
DT.ODA.OATL.CD,SD,2006,None
DT.ODA.OATL.CD,SD,2005,None
DT.ODA.OATL.CD,SD,2004,None
DT.ODA.OATL.CD,SD,2003,None
DT.ODA.OATL.CD,SD,2002,None
DT.ODA.OATL.CD,SD,2001,None
DT.ODA.OATL.CD,SD,2000,None
DT.ODA.OATL.CD,SD,1999,None
DT.ODA.OATL.CD,SD,1998,None
DT.ODA.OATL.CD,SD,1997,None
DT.ODA.OATL.CD,SD,1996,None
DT.ODA.OATL.CD,SD,1995,None
DT.ODA.OATL.CD,SN,2019,None
DT.ODA.OATL.CD,SN,2018,None
DT.ODA.OATL.CD,SN,2017,None
DT.ODA.OATL.CD,SN,2016,None
DT.ODA.OATL.CD,SN,2015,None
DT.ODA.OATL.CD,SN,2014,None
DT.ODA.OATL.CD,SN,2013,None
DT.ODA.OATL.CD,SN,2012,None
DT.ODA.OATL.CD,SN,2011,None
DT.ODA.OATL.CD,SN,2010,None
DT.ODA.OATL.CD,SN,2009,None
DT.ODA.OATL.CD,SN,2008,None
DT.ODA.OATL.CD,SN,2007,None
DT.ODA.OATL.CD,SN,2006,None
DT.ODA.OATL.CD,SN,2005,None
DT.ODA.OATL.CD,SN,2004,None
DT.ODA.OATL.CD,SN,2003,None
DT.ODA.OATL.CD,SN,2002,None
DT.ODA.OATL.CD,SN,2001,None
DT.ODA.OATL.CD,SN,2000,None
DT.ODA.OATL.CD,SN,1999,None
DT.ODA.OATL.CD,SN,1998,None
DT.ODA.OATL.CD,SN,1997,None
DT.ODA.OATL.CD,SN,1996,None
DT.ODA.OATL.CD,SN,1995,None
DT.ODA.OATL.CD,SB,2019,None
DT.ODA.OATL.CD,SB,2018,None
DT.ODA.OATL.CD,SB,2017,None
DT.ODA.OATL.CD,SB,2016,None
DT.ODA.OATL.CD,SB,2015,None
DT.ODA.OATL.CD,SB,2014,None
DT.ODA.OATL.CD,SB,2013,None
DT.ODA.OATL.CD,SB,2012,None
DT.ODA.OATL.CD,SB,2011,None
DT.ODA.OATL.CD,SB,2010,None
DT.ODA.OATL.CD,SB,2009,None
DT.ODA.OATL.CD,SB,2008,None
DT.ODA.OATL.CD,SB,2007,None
DT.ODA.OATL.CD,SB,2006,None
DT.ODA.OATL.CD,SB,2005,None
DT.ODA.OATL.CD,SB,2004,None
DT.ODA.OATL.CD,SB,2003,None
DT.ODA.OATL.CD,SB,2002,None
DT.ODA.OATL.CD,SB,2001,None
DT.ODA.OATL.CD,SB,2000,None
DT.ODA.OATL.CD,SB,1999,None
DT.ODA.OATL.CD,SB,1998,None
DT.ODA.OATL.CD,SB,1997,None
DT.ODA.OATL.CD,SB,1996,None
DT.ODA.OATL.CD,SB,1995,None
DT.ODA.OATL.CD,SL,2019,None
DT.ODA.OATL.CD,SL,2018,None
DT.ODA.OATL.CD,SL,2017,None
DT.ODA.OATL.CD,SL,2016,None
DT.ODA.OATL.CD,SL,2015,None
DT.ODA.OATL.CD,SL,2014,None
DT.ODA.OATL.CD,SL,2013,None
DT.ODA.OATL.CD,SL,2012,None
DT.ODA.OATL.CD,SL,2011,None
DT.ODA.OATL.CD,SL,2010,None
DT.ODA.OATL.CD,SL,2009,None
DT.ODA.OATL.CD,SL,2008,None
DT.ODA.OATL.CD,SL,2007,None
DT.ODA.OATL.CD,SL,2006,None
DT.ODA.OATL.CD,SL,2005,None
DT.ODA.OATL.CD,SL,2004,None
DT.ODA.OATL.CD,SL,2003,None
DT.ODA.OATL.CD,SL,2002,None
DT.ODA.OATL.CD,SL,2001,None
DT.ODA.OATL.CD,SL,2000,None
DT.ODA.OATL.CD,SL,1999,None
DT.ODA.OATL.CD,SL,1998,None
DT.ODA.OATL.CD,SL,1997,None
DT.ODA.OATL.CD,SL,1996,None
DT.ODA.OATL.CD,SL,1995,None
DT.ODA.OATL.CD,SO,2019,None
DT.ODA.OATL.CD,SO,2018,None
DT.ODA.OATL.CD,SO,2017,None
DT.ODA.OATL.CD,SO,2016,None
DT.ODA.OATL.CD,SO,2015,None
DT.ODA.OATL.CD,SO,2014,None
DT.ODA.OATL.CD,SO,2013,None
DT.ODA.OATL.CD,SO,2012,None
DT.ODA.OATL.CD,SO,2011,None
DT.ODA.OATL.CD,SO,2010,None
DT.ODA.OATL.CD,SO,2009,None
DT.ODA.OATL.CD,SO,2008,None
DT.ODA.OATL.CD,SO,2007,None
DT.ODA.OATL.CD,SO,2006,None
DT.ODA.OATL.CD,SO,2005,None
DT.ODA.OATL.CD,SO,2004,None
DT.ODA.OATL.CD,SO,2003,None
DT.ODA.OATL.CD,SO,2002,None
DT.ODA.OATL.CD,SO,2001,None
DT.ODA.OATL.CD,SO,2000,None
DT.ODA.OATL.CD,SO,1999,None
DT.ODA.OATL.CD,SO,1998,None
DT.ODA.OATL.CD,SO,1997,None
DT.ODA.OATL.CD,SO,1996,None
DT.ODA.OATL.CD,SO,1995,None
DT.ODA.OATL.CD,SS,2019,None
DT.ODA.OATL.CD,SS,2018,None
DT.ODA.OATL.CD,SS,2017,None
DT.ODA.OATL.CD,SS,2016,None
DT.ODA.OATL.CD,SS,2015,None
DT.ODA.OATL.CD,SS,2014,None
DT.ODA.OATL.CD,SS,2013,None
DT.ODA.OATL.CD,SS,2012,None
DT.ODA.OATL.CD,SS,2011,None
DT.ODA.OATL.CD,SS,2010,None
DT.ODA.OATL.CD,SS,2009,None
DT.ODA.OATL.CD,SS,2008,None
DT.ODA.OATL.CD,SS,2007,None
DT.ODA.OATL.CD,SS,2006,None
DT.ODA.OATL.CD,SS,2005,None
DT.ODA.OATL.CD,SS,2004,None
DT.ODA.OATL.CD,SS,2003,None
DT.ODA.OATL.CD,SS,2002,None
DT.ODA.OATL.CD,SS,2001,None
DT.ODA.OATL.CD,SS,2000,None
DT.ODA.OATL.CD,SS,1999,None
DT.ODA.OATL.CD,SS,1998,None
DT.ODA.OATL.CD,SS,1997,None
DT.ODA.OATL.CD,SS,1996,None
DT.ODA.OATL.CD,SS,1995,None
DT.ODA.OATL.CD,ST,2019,None
DT.ODA.OATL.CD,ST,2018,None
DT.ODA.OATL.CD,ST,2017,None
DT.ODA.OATL.CD,ST,2016,None
DT.ODA.OATL.CD,ST,2015,None
DT.ODA.OATL.CD,ST,2014,None
DT.ODA.OATL.CD,ST,2013,None
DT.ODA.OATL.CD,ST,2012,None
DT.ODA.OATL.CD,ST,2011,None
DT.ODA.OATL.CD,ST,2010,None
DT.ODA.OATL.CD,ST,2009,None
DT.ODA.OATL.CD,ST,2008,None
DT.ODA.OATL.CD,ST,2007,None
DT.ODA.OATL.CD,ST,2006,None
DT.ODA.OATL.CD,ST,2005,None
DT.ODA.OATL.CD,ST,2004,None
DT.ODA.OATL.CD,ST,2003,None
DT.ODA.OATL.CD,ST,2002,None
DT.ODA.OATL.CD,ST,2001,None
DT.ODA.OATL.CD,ST,2000,None
DT.ODA.OATL.CD,ST,1999,None
DT.ODA.OATL.CD,ST,1998,None
DT.ODA.OATL.CD,ST,1997,None
DT.ODA.OATL.CD,ST,1996,None
DT.ODA.OATL.CD,ST,1995,None
DT.ODA.OATL.CD,SZ,2019,None
DT.ODA.OATL.CD,SZ,2018,None
DT.ODA.OATL.CD,SZ,2017,None
DT.ODA.OATL.CD,SZ,2016,None
DT.ODA.OATL.CD,SZ,2015,None
DT.ODA.OATL.CD,SZ,2014,None
DT.ODA.OATL.CD,SZ,2013,None
DT.ODA.OATL.CD,SZ,2012,None
DT.ODA.OATL.CD,SZ,2011,None
DT.ODA.OATL.CD,SZ,2010,None
DT.ODA.OATL.CD,SZ,2009,None
DT.ODA.OATL.CD,SZ,2008,None
DT.ODA.OATL.CD,SZ,2007,None
DT.ODA.OATL.CD,SZ,2006,None
DT.ODA.OATL.CD,SZ,2005,None
DT.ODA.OATL.CD,SZ,2004,None
DT.ODA.OATL.CD,SZ,2003,None
DT.ODA.OATL.CD,SZ,2002,None
DT.ODA.OATL.CD,SZ,2001,None
DT.ODA.OATL.CD,SZ,2000,None
DT.ODA.OATL.CD,SZ,1999,None
DT.ODA.OATL.CD,SZ,1998,None
DT.ODA.OATL.CD,SZ,1997,None
DT.ODA.OATL.CD,SZ,1996,None
DT.ODA.OATL.CD,SZ,1995,None
DT.ODA.OATL.CD,SY,2019,None
DT.ODA.OATL.CD,SY,2018,None
DT.ODA.OATL.CD,SY,2017,None
DT.ODA.OATL.CD,SY,2016,None
DT.ODA.OATL.CD,SY,2015,None
DT.ODA.OATL.CD,SY,2014,None
DT.ODA.OATL.CD,SY,2013,None
DT.ODA.OATL.CD,SY,2012,None
DT.ODA.OATL.CD,SY,2011,None
DT.ODA.OATL.CD,SY,2010,None
DT.ODA.OATL.CD,SY,2009,None
DT.ODA.OATL.CD,SY,2008,None
DT.ODA.OATL.CD,SY,2007,None
DT.ODA.OATL.CD,SY,2006,None
DT.ODA.OATL.CD,SY,2005,None
DT.ODA.OATL.CD,SY,2004,None
DT.ODA.OATL.CD,SY,2003,None
DT.ODA.OATL.CD,SY,2002,None
DT.ODA.OATL.CD,SY,2001,None
DT.ODA.OATL.CD,SY,2000,None
DT.ODA.OATL.CD,SY,1999,None
DT.ODA.OATL.CD,SY,1998,None
DT.ODA.OATL.CD,SY,1997,None
DT.ODA.OATL.CD,SY,1996,None
DT.ODA.OATL.CD,SY,1995,None
DT.ODA.OATL.CD,TD,2019,None
DT.ODA.OATL.CD,TD,2018,None
DT.ODA.OATL.CD,TD,2017,None
DT.ODA.OATL.CD,TD,2016,None
DT.ODA.OATL.CD,TD,2015,None
DT.ODA.OATL.CD,TD,2014,None
DT.ODA.OATL.CD,TD,2013,None
DT.ODA.OATL.CD,TD,2012,None
DT.ODA.OATL.CD,TD,2011,None
DT.ODA.OATL.CD,TD,2010,None
DT.ODA.OATL.CD,TD,2009,None
DT.ODA.OATL.CD,TD,2008,None
DT.ODA.OATL.CD,TD,2007,None
DT.ODA.OATL.CD,TD,2006,None
DT.ODA.OATL.CD,TD,2005,None
DT.ODA.OATL.CD,TD,2004,None
DT.ODA.OATL.CD,TD,2003,None
DT.ODA.OATL.CD,TD,2002,None
DT.ODA.OATL.CD,TD,2001,None
DT.ODA.OATL.CD,TD,2000,None
DT.ODA.OATL.CD,TD,1999,None
DT.ODA.OATL.CD,TD,1998,None
DT.ODA.OATL.CD,TD,1997,None
DT.ODA.OATL.CD,TD,1996,None
DT.ODA.OATL.CD,TD,1995,None
DT.ODA.OATL.CD,TG,2019,None
DT.ODA.OATL.CD,TG,2018,None
DT.ODA.OATL.CD,TG,2017,None
DT.ODA.OATL.CD,TG,2016,None
DT.ODA.OATL.CD,TG,2015,None
DT.ODA.OATL.CD,TG,2014,None
DT.ODA.OATL.CD,TG,2013,None
DT.ODA.OATL.CD,TG,2012,None
DT.ODA.OATL.CD,TG,2011,None
DT.ODA.OATL.CD,TG,2010,None
DT.ODA.OATL.CD,TG,2009,None
DT.ODA.OATL.CD,TG,2008,None
DT.ODA.OATL.CD,TG,2007,None
DT.ODA.OATL.CD,TG,2006,None
DT.ODA.OATL.CD,TG,2005,None
DT.ODA.OATL.CD,TG,2004,None
DT.ODA.OATL.CD,TG,2003,None
DT.ODA.OATL.CD,TG,2002,None
DT.ODA.OATL.CD,TG,2001,None
DT.ODA.OATL.CD,TG,2000,None
DT.ODA.OATL.CD,TG,1999,None
DT.ODA.OATL.CD,TG,1998,None
DT.ODA.OATL.CD,TG,1997,None
DT.ODA.OATL.CD,TG,1996,None
DT.ODA.OATL.CD,TG,1995,None
DT.ODA.OATL.CD,TJ,2019,None
DT.ODA.OATL.CD,TJ,2018,None
DT.ODA.OATL.CD,TJ,2017,None
DT.ODA.OATL.CD,TJ,2016,None
DT.ODA.OATL.CD,TJ,2015,None
DT.ODA.OATL.CD,TJ,2014,None
DT.ODA.OATL.CD,TJ,2013,None
DT.ODA.OATL.CD,TJ,2012,None
DT.ODA.OATL.CD,TJ,2011,None
DT.ODA.OATL.CD,TJ,2010,None
DT.ODA.OATL.CD,TJ,2009,None
DT.ODA.OATL.CD,TJ,2008,None
DT.ODA.OATL.CD,TJ,2007,None
DT.ODA.OATL.CD,TJ,2006,None
DT.ODA.OATL.CD,TJ,2005,None
DT.ODA.OATL.CD,TJ,2004,None
DT.ODA.OATL.CD,TJ,2003,None
DT.ODA.OATL.CD,TJ,2002,None
DT.ODA.OATL.CD,TJ,2001,None
DT.ODA.OATL.CD,TJ,2000,None
DT.ODA.OATL.CD,TJ,1999,None
DT.ODA.OATL.CD,TJ,1998,None
DT.ODA.OATL.CD,TJ,1997,None
DT.ODA.OATL.CD,TJ,1996,None
DT.ODA.OATL.CD,TJ,1995,None
DT.ODA.OATL.CD,TL,2019,None
DT.ODA.OATL.CD,TL,2018,None
DT.ODA.OATL.CD,TL,2017,None
DT.ODA.OATL.CD,TL,2016,None
DT.ODA.OATL.CD,TL,2015,None
DT.ODA.OATL.CD,TL,2014,None
DT.ODA.OATL.CD,TL,2013,None
DT.ODA.OATL.CD,TL,2012,None
DT.ODA.OATL.CD,TL,2011,None
DT.ODA.OATL.CD,TL,2010,None
DT.ODA.OATL.CD,TL,2009,None
DT.ODA.OATL.CD,TL,2008,None
DT.ODA.OATL.CD,TL,2007,None
DT.ODA.OATL.CD,TL,2006,None
DT.ODA.OATL.CD,TL,2005,None
DT.ODA.OATL.CD,TL,2004,None
DT.ODA.OATL.CD,TL,2003,None
DT.ODA.OATL.CD,TL,2002,None
DT.ODA.OATL.CD,TL,2001,None
DT.ODA.OATL.CD,TL,2000,None
DT.ODA.OATL.CD,TL,1999,None
DT.ODA.OATL.CD,TL,1998,None
DT.ODA.OATL.CD,TL,1997,None
DT.ODA.OATL.CD,TL,1996,None
DT.ODA.OATL.CD,TL,1995,None
DT.ODA.OATL.CD,TN,2019,None
DT.ODA.OATL.CD,TN,2018,None
DT.ODA.OATL.CD,TN,2017,None
DT.ODA.OATL.CD,TN,2016,None
DT.ODA.OATL.CD,TN,2015,None
DT.ODA.OATL.CD,TN,2014,None
DT.ODA.OATL.CD,TN,2013,None
DT.ODA.OATL.CD,TN,2012,None
DT.ODA.OATL.CD,TN,2011,None
DT.ODA.OATL.CD,TN,2010,None
DT.ODA.OATL.CD,TN,2009,None
DT.ODA.OATL.CD,TN,2008,None
DT.ODA.OATL.CD,TN,2007,None
DT.ODA.OATL.CD,TN,2006,None
DT.ODA.OATL.CD,TN,2005,None
DT.ODA.OATL.CD,TN,2004,None
DT.ODA.OATL.CD,TN,2003,None
DT.ODA.OATL.CD,TN,2002,None
DT.ODA.OATL.CD,TN,2001,None
DT.ODA.OATL.CD,TN,2000,None
DT.ODA.OATL.CD,TN,1999,None
DT.ODA.OATL.CD,TN,1998,None
DT.ODA.OATL.CD,TN,1997,None
DT.ODA.OATL.CD,TN,1996,None
DT.ODA.OATL.CD,TN,1995,None
DT.ODA.OATL.CD,TZ,2019,None
DT.ODA.OATL.CD,TZ,2018,None
DT.ODA.OATL.CD,TZ,2017,None
DT.ODA.OATL.CD,TZ,2016,None
DT.ODA.OATL.CD,TZ,2015,None
DT.ODA.OATL.CD,TZ,2014,None
DT.ODA.OATL.CD,TZ,2013,None
DT.ODA.OATL.CD,TZ,2012,None
DT.ODA.OATL.CD,TZ,2011,None
DT.ODA.OATL.CD,TZ,2010,None
DT.ODA.OATL.CD,TZ,2009,None
DT.ODA.OATL.CD,TZ,2008,None
DT.ODA.OATL.CD,TZ,2007,None
DT.ODA.OATL.CD,TZ,2006,None
DT.ODA.OATL.CD,TZ,2005,None
DT.ODA.OATL.CD,TZ,2004,None
DT.ODA.OATL.CD,TZ,2003,None
DT.ODA.OATL.CD,TZ,2002,None
DT.ODA.OATL.CD,TZ,2001,None
DT.ODA.OATL.CD,TZ,2000,None
DT.ODA.OATL.CD,TZ,1999,None
DT.ODA.OATL.CD,TZ,1998,None
DT.ODA.OATL.CD,TZ,1997,None
DT.ODA.OATL.CD,TZ,1996,None
DT.ODA.OATL.CD,TZ,1995,None
DT.ODA.OATL.CD,UG,2019,None
DT.ODA.OATL.CD,UG,2018,None
DT.ODA.OATL.CD,UG,2017,None
DT.ODA.OATL.CD,UG,2016,None
DT.ODA.OATL.CD,UG,2015,None
DT.ODA.OATL.CD,UG,2014,None
DT.ODA.OATL.CD,UG,2013,None
DT.ODA.OATL.CD,UG,2012,None
DT.ODA.OATL.CD,UG,2011,None
DT.ODA.OATL.CD,UG,2010,None
DT.ODA.OATL.CD,UG,2009,None
DT.ODA.OATL.CD,UG,2008,None
DT.ODA.OATL.CD,UG,2007,None
DT.ODA.OATL.CD,UG,2006,None
DT.ODA.OATL.CD,UG,2005,None
DT.ODA.OATL.CD,UG,2004,None
DT.ODA.OATL.CD,UG,2003,None
DT.ODA.OATL.CD,UG,2002,None
DT.ODA.OATL.CD,UG,2001,None
DT.ODA.OATL.CD,UG,2000,None
DT.ODA.OATL.CD,UG,1999,None
DT.ODA.OATL.CD,UG,1998,None
DT.ODA.OATL.CD,UG,1997,None
DT.ODA.OATL.CD,UG,1996,None
DT.ODA.OATL.CD,UG,1995,None
DT.ODA.OATL.CD,UZ,2019,None
DT.ODA.OATL.CD,UZ,2018,None
DT.ODA.OATL.CD,UZ,2017,None
DT.ODA.OATL.CD,UZ,2016,None
DT.ODA.OATL.CD,UZ,2015,None
DT.ODA.OATL.CD,UZ,2014,None
DT.ODA.OATL.CD,UZ,2013,None
DT.ODA.OATL.CD,UZ,2012,None
DT.ODA.OATL.CD,UZ,2011,None
DT.ODA.OATL.CD,UZ,2010,None
DT.ODA.OATL.CD,UZ,2009,None
DT.ODA.OATL.CD,UZ,2008,None
DT.ODA.OATL.CD,UZ,2007,None
DT.ODA.OATL.CD,UZ,2006,None
DT.ODA.OATL.CD,UZ,2005,None
DT.ODA.OATL.CD,UZ,2004,None
DT.ODA.OATL.CD,UZ,2003,None
DT.ODA.OATL.CD,UZ,2002,None
DT.ODA.OATL.CD,UZ,2001,None
DT.ODA.OATL.CD,UZ,2000,None
DT.ODA.OATL.CD,UZ,1999,None
DT.ODA.OATL.CD,UZ,1998,None
DT.ODA.OATL.CD,UZ,1997,None
DT.ODA.OATL.CD,UZ,1996,None
DT.ODA.OATL.CD,UZ,1995,None
DT.ODA.OATL.CD,VN,2019,None
DT.ODA.OATL.CD,VN,2018,None
DT.ODA.OATL.CD,VN,2017,None
DT.ODA.OATL.CD,VN,2016,None
DT.ODA.OATL.CD,VN,2015,None
DT.ODA.OATL.CD,VN,2014,None
DT.ODA.OATL.CD,VN,2013,None
DT.ODA.OATL.CD,VN,2012,None
DT.ODA.OATL.CD,VN,2011,None
DT.ODA.OATL.CD,VN,2010,None
DT.ODA.OATL.CD,VN,2009,None
DT.ODA.OATL.CD,VN,2008,None
DT.ODA.OATL.CD,VN,2007,None
DT.ODA.OATL.CD,VN,2006,None
DT.ODA.OATL.CD,VN,2005,None
DT.ODA.OATL.CD,VN,2004,None
DT.ODA.OATL.CD,VN,2003,None
DT.ODA.OATL.CD,VN,2002,None
DT.ODA.OATL.CD,VN,2001,None
DT.ODA.OATL.CD,VN,2000,None
DT.ODA.OATL.CD,VN,1999,None
DT.ODA.OATL.CD,VN,1998,None
DT.ODA.OATL.CD,VN,1997,None
DT.ODA.OATL.CD,VN,1996,None
DT.ODA.OATL.CD,VN,1995,None
DT.ODA.OATL.CD,VU,2019,None
DT.ODA.OATL.CD,VU,2018,None
DT.ODA.OATL.CD,VU,2017,None
DT.ODA.OATL.CD,VU,2016,None
DT.ODA.OATL.CD,VU,2015,None
DT.ODA.OATL.CD,VU,2014,None
DT.ODA.OATL.CD,VU,2013,None
DT.ODA.OATL.CD,VU,2012,None
DT.ODA.OATL.CD,VU,2011,None
DT.ODA.OATL.CD,VU,2010,None
DT.ODA.OATL.CD,VU,2009,None
DT.ODA.OATL.CD,VU,2008,None
DT.ODA.OATL.CD,VU,2007,None
DT.ODA.OATL.CD,VU,2006,None
DT.ODA.OATL.CD,VU,2005,None
DT.ODA.OATL.CD,VU,2004,None
DT.ODA.OATL.CD,VU,2003,None
DT.ODA.OATL.CD,VU,2002,None
DT.ODA.OATL.CD,VU,2001,None
DT.ODA.OATL.CD,VU,2000,None
DT.ODA.OATL.CD,VU,1999,None
DT.ODA.OATL.CD,VU,1998,None
DT.ODA.OATL.CD,VU,1997,None
DT.ODA.OATL.CD,VU,1996,None
DT.ODA.OATL.CD,VU,1995,None
DT.ODA.OATL.CD,WS,2019,None
DT.ODA.OATL.CD,WS,2018,None
DT.ODA.OATL.CD,WS,2017,None
DT.ODA.OATL.CD,WS,2016,None
DT.ODA.OATL.CD,WS,2015,None
DT.ODA.OATL.CD,WS,2014,None
DT.ODA.OATL.CD,WS,2013,None
DT.ODA.OATL.CD,WS,2012,None
DT.ODA.OATL.CD,WS,2011,None
DT.ODA.OATL.CD,WS,2010,None
DT.ODA.OATL.CD,WS,2009,None
DT.ODA.OATL.CD,WS,2008,None
DT.ODA.OATL.CD,WS,2007,None
DT.ODA.OATL.CD,WS,2006,None
DT.ODA.OATL.CD,WS,2005,None
DT.ODA.OATL.CD,WS,2004,None
DT.ODA.OATL.CD,WS,2003,None
DT.ODA.OATL.CD,WS,2002,None
DT.ODA.OATL.CD,WS,2001,None
DT.ODA.OATL.CD,WS,2000,None
DT.ODA.OATL.CD,WS,1999,None
DT.ODA.OATL.CD,WS,1998,None
DT.ODA.OATL.CD,WS,1997,None
DT.ODA.OATL.CD,WS,1996,None
DT.ODA.OATL.CD,WS,1995,None
DT.ODA.OATL.CD,YE,2019,None
DT.ODA.OATL.CD,YE,2018,None
DT.ODA.OATL.CD,YE,2017,None
DT.ODA.OATL.CD,YE,2016,None
DT.ODA.OATL.CD,YE,2015,None
DT.ODA.OATL.CD,YE,2014,None
DT.ODA.OATL.CD,YE,2013,None
DT.ODA.OATL.CD,YE,2012,None
DT.ODA.OATL.CD,YE,2011,None
DT.ODA.OATL.CD,YE,2010,None
DT.ODA.OATL.CD,YE,2009,None
DT.ODA.OATL.CD,YE,2008,None
DT.ODA.OATL.CD,YE,2007,None
DT.ODA.OATL.CD,YE,2006,None
DT.ODA.OATL.CD,YE,2005,None
DT.ODA.OATL.CD,YE,2004,None
DT.ODA.OATL.CD,YE,2003,None
DT.ODA.OATL.CD,YE,2002,None
DT.ODA.OATL.CD,YE,2001,None
DT.ODA.OATL.CD,YE,2000,None
DT.ODA.OATL.CD,YE,1999,None
DT.ODA.OATL.CD,YE,1998,None
DT.ODA.OATL.CD,YE,1997,None
DT.ODA.OATL.CD,YE,1996,None
DT.ODA.OATL.CD,YE,1995,None
DT.ODA.OATL.CD,ZM,2019,None
DT.ODA.OATL.CD,ZM,2018,None
DT.ODA.OATL.CD,ZM,2017,None
DT.ODA.OATL.CD,ZM,2016,None
DT.ODA.OATL.CD,ZM,2015,None
DT.ODA.OATL.CD,ZM,2014,None
DT.ODA.OATL.CD,ZM,2013,None
DT.ODA.OATL.CD,ZM,2012,None
DT.ODA.OATL.CD,ZM,2011,None
DT.ODA.OATL.CD,ZM,2010,None
DT.ODA.OATL.CD,ZM,2009,None
DT.ODA.OATL.CD,ZM,2008,None
DT.ODA.OATL.CD,ZM,2007,None
DT.ODA.OATL.CD,ZM,2006,None
DT.ODA.OATL.CD,ZM,2005,None
DT.ODA.OATL.CD,ZM,2004,None
DT.ODA.OATL.CD,ZM,2003,None
DT.ODA.OATL.CD,ZM,2002,None
DT.ODA.OATL.CD,ZM,2001,None
DT.ODA.OATL.CD,ZM,2000,None
DT.ODA.OATL.CD,ZM,1999,None
DT.ODA.OATL.CD,ZM,1998,None
DT.ODA.OATL.CD,ZM,1997,None
DT.ODA.OATL.CD,ZM,1996,None
DT.ODA.OATL.CD,ZM,1995,None
